index_name,tradingsymbol,option_type,strike,expiry,instrument_token,lot_size,tick_size,segment,exchange,dte
NIFTY,NIFTY2610624000CE,CE,24000,2026-01-06,10323714,65,0.05,NFO-OPT,NFO,0
NIFTY,NIFTY2610624000PE,PE,24000,2026-01-06,10323970,65,0.05,NFO-OPT,NFO,0
NIFTY,NIFTY2610624050CE,CE,24050,2026-01-06,10324738,65,0.05,NFO-OPT,NFO,0
NIFTY,NIFTY2610624050PE,PE,24050,2026-01-06,10324994,65,0.05,NFO-OPT,NFO,0
NIFTY,NIFTY2610624100CE,CE,24100,2026-01-06,10326018,65,0.05,NFO-OPT,NFO,0
NIFTY,NIFTY2610624100PE,PE,24100,2026-01-06,10326274,65,0.05,NFO-OPT,NFO,0
NIFTY,NIFTY2610624150CE,CE,24150,2026-01-06,10328834,65,0.05,NFO-OPT,NFO,0
NIFTY,NIFTY2610624150PE,PE,24150,2026-01-06,10329090,65,0.05,NFO-OPT,NFO,0
NIFTY,NIFTY2610624200CE,CE,24200,2026-01-06,10329346,65,0.05,NFO-OPT,NFO,0
NIFTY,NIFTY2610624200PE,PE,24200,2026-01-06,10329602,65,0.05,NFO-OPT,NFO,0
NIFTY,NIFTY2610624250CE,CE,24250,2026-01-06,10329858,65,0.05,NFO-OPT,NFO,0
NIFTY,NIFTY2610624250PE,PE,24250,2026-01-06,10330114,65,0.05,NFO-OPT,NFO,0
NIFTY,NIFTY2610624300CE,CE,24300,2026-01-06,10330370,65,0.05,NFO-OPT,NFO,0
NIFTY,NIFTY2610624300PE,PE,24300,2026-01-06,10330626,65,0.05,NFO-OPT,NFO,0
NIFTY,NIFTY2610624350CE,CE,24350,2026-01-06,10330882,65,0.05,NFO-OPT,NFO,0
NIFTY,NIFTY2610624350PE,PE,24350,2026-01-06,10331650,65,0.05,NFO-OPT,NFO,0
NIFTY,NIFTY2610624400CE,CE,24400,2026-01-06,10331906,65,0.05,NFO-OPT,NFO,0
NIFTY,NIFTY2610624400PE,PE,24400,2026-01-06,10332162,65,0.05,NFO-OPT,NFO,0
NIFTY,NIFTY2610624450CE,CE,24450,2026-01-06,10332418,65,0.05,NFO-OPT,NFO,0
NIFTY,NIFTY2610624450PE,PE,24450,2026-01-06,10332674,65,0.05,NFO-OPT,NFO,0
NIFTY,NIFTY2610624500CE,CE,24500,2026-01-06,10332930,65,0.05,NFO-OPT,NFO,0
NIFTY,NIFTY2610624500PE,PE,24500,2026-01-06,10333186,65,0.05,NFO-OPT,NFO,0
NIFTY,NIFTY2610624550CE,CE,24550,2026-01-06,10334210,65,0.05,NFO-OPT,NFO,0
NIFTY,NIFTY2610624550PE,PE,24550,2026-01-06,10334466,65,0.05,NFO-OPT,NFO,0
NIFTY,NIFTY2610624600CE,CE,24600,2026-01-06,10334978,65,0.05,NFO-OPT,NFO,0
NIFTY,NIFTY2610624600PE,PE,24600,2026-01-06,10335234,65,0.05,NFO-OPT,NFO,0
NIFTY,NIFTY2610624650CE,CE,24650,2026-01-06,10335490,65,0.05,NFO-OPT,NFO,0
NIFTY,NIFTY2610624650PE,PE,24650,2026-01-06,10335746,65,0.05,NFO-OPT,NFO,0
NIFTY,NIFTY2610624700CE,CE,24700,2026-01-06,10336770,65,0.05,NFO-OPT,NFO,0
NIFTY,NIFTY2610624700PE,PE,24700,2026-01-06,10337026,65,0.05,NFO-OPT,NFO,0
NIFTY,NIFTY2610624750CE,CE,24750,2026-01-06,10337538,65,0.05,NFO-OPT,NFO,0
NIFTY,NIFTY2610624750PE,PE,24750,2026-01-06,10337794,65,0.05,NFO-OPT,NFO,0
NIFTY,NIFTY2610624800CE,CE,24800,2026-01-06,10338050,65,0.05,NFO-OPT,NFO,0
NIFTY,NIFTY2610624800PE,PE,24800,2026-01-06,10339330,65,0.05,NFO-OPT,NFO,0
NIFTY,NIFTY2610624850CE,CE,24850,2026-01-06,10339586,65,0.05,NFO-OPT,NFO,0
NIFTY,NIFTY2610624850PE,PE,24850,2026-01-06,10339842,65,0.05,NFO-OPT,NFO,0
NIFTY,NIFTY2610624900CE,CE,24900,2026-01-06,10340098,65,0.05,NFO-OPT,NFO,0
NIFTY,NIFTY2610624900PE,PE,24900,2026-01-06,10340354,65,0.05,NFO-OPT,NFO,0
NIFTY,NIFTY2610624950CE,CE,24950,2026-01-06,10340610,65,0.05,NFO-OPT,NFO,0
NIFTY,NIFTY2610624950PE,PE,24950,2026-01-06,10340866,65,0.05,NFO-OPT,NFO,0
NIFTY,NIFTY2610625000CE,CE,25000,2026-01-06,10341122,65,0.05,NFO-OPT,NFO,0
NIFTY,NIFTY2610625000PE,PE,25000,2026-01-06,10341378,65,0.05,NFO-OPT,NFO,0
NIFTY,NIFTY2610625050CE,CE,25050,2026-01-06,10341634,65,0.05,NFO-OPT,NFO,0
NIFTY,NIFTY2610625050PE,PE,25050,2026-01-06,10341890,65,0.05,NFO-OPT,NFO,0
NIFTY,NIFTY2610625100CE,CE,25100,2026-01-06,10342146,65,0.05,NFO-OPT,NFO,0
NIFTY,NIFTY2610625100PE,PE,25100,2026-01-06,10342402,65,0.05,NFO-OPT,NFO,0
NIFTY,NIFTY2610625150CE,CE,25150,2026-01-06,10344450,65,0.05,NFO-OPT,NFO,0
NIFTY,NIFTY2610625150PE,PE,25150,2026-01-06,10345730,65,0.05,NFO-OPT,NFO,0
NIFTY,NIFTY2610625200CE,CE,25200,2026-01-06,10346498,65,0.05,NFO-OPT,NFO,0
NIFTY,NIFTY2610625200PE,PE,25200,2026-01-06,10346754,65,0.05,NFO-OPT,NFO,0
NIFTY,NIFTY2610625250CE,CE,25250,2026-01-06,10347010,65,0.05,NFO-OPT,NFO,0
NIFTY,NIFTY2610625250PE,PE,25250,2026-01-06,10347266,65,0.05,NFO-OPT,NFO,0
NIFTY,NIFTY2610625300CE,CE,25300,2026-01-06,10350338,65,0.05,NFO-OPT,NFO,0
NIFTY,NIFTY2610625300PE,PE,25300,2026-01-06,10350594,65,0.05,NFO-OPT,NFO,0
NIFTY,NIFTY2610625350CE,CE,25350,2026-01-06,10350850,65,0.05,NFO-OPT,NFO,0
NIFTY,NIFTY2610625350PE,PE,25350,2026-01-06,10351106,65,0.05,NFO-OPT,NFO,0
NIFTY,NIFTY2610625400CE,CE,25400,2026-01-06,10351362,65,0.05,NFO-OPT,NFO,0
NIFTY,NIFTY2610625400PE,PE,25400,2026-01-06,10351618,65,0.05,NFO-OPT,NFO,0
NIFTY,NIFTY2610625450CE,CE,25450,2026-01-06,10352386,65,0.05,NFO-OPT,NFO,0
NIFTY,NIFTY2610625450PE,PE,25450,2026-01-06,10352642,65,0.05,NFO-OPT,NFO,0
NIFTY,NIFTY2610625500CE,CE,25500,2026-01-06,10353410,65,0.05,NFO-OPT,NFO,0
NIFTY,NIFTY2610625500PE,PE,25500,2026-01-06,10353666,65,0.05,NFO-OPT,NFO,0
NIFTY,NIFTY2610625550CE,CE,25550,2026-01-06,10353922,65,0.05,NFO-OPT,NFO,0
NIFTY,NIFTY2610625550PE,PE,25550,2026-01-06,10354178,65,0.05,NFO-OPT,NFO,0
NIFTY,NIFTY2610625600CE,CE,25600,2026-01-06,10354434,65,0.05,NFO-OPT,NFO,0
NIFTY,NIFTY2610625600PE,PE,25600,2026-01-06,10354690,65,0.05,NFO-OPT,NFO,0
NIFTY,NIFTY2610625650CE,CE,25650,2026-01-06,10354946,65,0.05,NFO-OPT,NFO,0
NIFTY,NIFTY2610625650PE,PE,25650,2026-01-06,10355202,65,0.05,NFO-OPT,NFO,0
NIFTY,NIFTY2610625700CE,CE,25700,2026-01-06,10355458,65,0.05,NFO-OPT,NFO,0
NIFTY,NIFTY2610625700PE,PE,25700,2026-01-06,10355714,65,0.05,NFO-OPT,NFO,0
NIFTY,NIFTY2610625750CE,CE,25750,2026-01-06,10355970,65,0.05,NFO-OPT,NFO,0
NIFTY,NIFTY2610625750PE,PE,25750,2026-01-06,10356226,65,0.05,NFO-OPT,NFO,0
NIFTY,NIFTY2610625800CE,CE,25800,2026-01-06,10356482,65,0.05,NFO-OPT,NFO,0
NIFTY,NIFTY2610625800PE,PE,25800,2026-01-06,10356738,65,0.05,NFO-OPT,NFO,0
NIFTY,NIFTY2610625850CE,CE,25850,2026-01-06,10356994,65,0.05,NFO-OPT,NFO,0
NIFTY,NIFTY2610625850PE,PE,25850,2026-01-06,10357250,65,0.05,NFO-OPT,NFO,0
NIFTY,NIFTY2610625900CE,CE,25900,2026-01-06,10357506,65,0.05,NFO-OPT,NFO,0
NIFTY,NIFTY2610625900PE,PE,25900,2026-01-06,10357762,65,0.05,NFO-OPT,NFO,0
NIFTY,NIFTY2610625950CE,CE,25950,2026-01-06,10358018,65,0.05,NFO-OPT,NFO,0
NIFTY,NIFTY2610625950PE,PE,25950,2026-01-06,10358274,65,0.05,NFO-OPT,NFO,0
NIFTY,NIFTY2610626000CE,CE,26000,2026-01-06,10359042,65,0.05,NFO-OPT,NFO,0
NIFTY,NIFTY2610626000PE,PE,26000,2026-01-06,10359298,65,0.05,NFO-OPT,NFO,0
NIFTY,NIFTY2610626050CE,CE,26050,2026-01-06,10360066,65,0.05,NFO-OPT,NFO,0
NIFTY,NIFTY2610626050PE,PE,26050,2026-01-06,10360322,65,0.05,NFO-OPT,NFO,0
NIFTY,NIFTY2610626100CE,CE,26100,2026-01-06,10360578,65,0.05,NFO-OPT,NFO,0
NIFTY,NIFTY2610626100PE,PE,26100,2026-01-06,10360834,65,0.05,NFO-OPT,NFO,0
NIFTY,NIFTY2610626150CE,CE,26150,2026-01-06,10361602,65,0.05,NFO-OPT,NFO,0
NIFTY,NIFTY2610626150PE,PE,26150,2026-01-06,10361858,65,0.05,NFO-OPT,NFO,0
NIFTY,NIFTY2610626200CE,CE,26200,2026-01-06,10362114,65,0.05,NFO-OPT,NFO,0
NIFTY,NIFTY2610626200PE,PE,26200,2026-01-06,10362370,65,0.05,NFO-OPT,NFO,0
NIFTY,NIFTY2610626250CE,CE,26250,2026-01-06,10362626,65,0.05,NFO-OPT,NFO,0
NIFTY,NIFTY2610626250PE,PE,26250,2026-01-06,10362882,65,0.05,NFO-OPT,NFO,0
NIFTY,NIFTY2610626300CE,CE,26300,2026-01-06,10364674,65,0.05,NFO-OPT,NFO,0
NIFTY,NIFTY2610626300PE,PE,26300,2026-01-06,10364930,65,0.05,NFO-OPT,NFO,0
NIFTY,NIFTY2610626350CE,CE,26350,2026-01-06,10365186,65,0.05,NFO-OPT,NFO,0
NIFTY,NIFTY2610626350PE,PE,26350,2026-01-06,10365442,65,0.05,NFO-OPT,NFO,0
NIFTY,NIFTY2610626400CE,CE,26400,2026-01-06,10365698,65,0.05,NFO-OPT,NFO,0
NIFTY,NIFTY2610626400PE,PE,26400,2026-01-06,10365954,65,0.05,NFO-OPT,NFO,0
NIFTY,NIFTY2610626450CE,CE,26450,2026-01-06,10366210,65,0.05,NFO-OPT,NFO,0
NIFTY,NIFTY2610626450PE,PE,26450,2026-01-06,10366466,65,0.05,NFO-OPT,NFO,0
NIFTY,NIFTY2610626500CE,CE,26500,2026-01-06,10366722,65,0.05,NFO-OPT,NFO,0
NIFTY,NIFTY2610626500PE,PE,26500,2026-01-06,10366978,65,0.05,NFO-OPT,NFO,0
NIFTY,NIFTY2610626550CE,CE,26550,2026-01-06,10367234,65,0.05,NFO-OPT,NFO,0
NIFTY,NIFTY2610626550PE,PE,26550,2026-01-06,10367490,65,0.05,NFO-OPT,NFO,0
NIFTY,NIFTY2610626600CE,CE,26600,2026-01-06,10367746,65,0.05,NFO-OPT,NFO,0
NIFTY,NIFTY2610626600PE,PE,26600,2026-01-06,10368002,65,0.05,NFO-OPT,NFO,0
NIFTY,NIFTY2610626650CE,CE,26650,2026-01-06,10368258,65,0.05,NFO-OPT,NFO,0
NIFTY,NIFTY2610626650PE,PE,26650,2026-01-06,10368514,65,0.05,NFO-OPT,NFO,0
NIFTY,NIFTY2610626700CE,CE,26700,2026-01-06,10368770,65,0.05,NFO-OPT,NFO,0
NIFTY,NIFTY2610626700PE,PE,26700,2026-01-06,10369026,65,0.05,NFO-OPT,NFO,0
NIFTY,NIFTY2610626750CE,CE,26750,2026-01-06,10370818,65,0.05,NFO-OPT,NFO,0
NIFTY,NIFTY2610626750PE,PE,26750,2026-01-06,10371842,65,0.05,NFO-OPT,NFO,0
NIFTY,NIFTY2610626800CE,CE,26800,2026-01-06,10372866,65,0.05,NFO-OPT,NFO,0
NIFTY,NIFTY2610626800PE,PE,26800,2026-01-06,10373122,65,0.05,NFO-OPT,NFO,0
NIFTY,NIFTY2610626850CE,CE,26850,2026-01-06,10374658,65,0.05,NFO-OPT,NFO,0
NIFTY,NIFTY2610626850PE,PE,26850,2026-01-06,10376706,65,0.05,NFO-OPT,NFO,0
NIFTY,NIFTY2610626900CE,CE,26900,2026-01-06,10376962,65,0.05,NFO-OPT,NFO,0
NIFTY,NIFTY2610626900PE,PE,26900,2026-01-06,10377218,65,0.05,NFO-OPT,NFO,0
NIFTY,NIFTY2610626950CE,CE,26950,2026-01-06,10377474,65,0.05,NFO-OPT,NFO,0
NIFTY,NIFTY2610626950PE,PE,26950,2026-01-06,10377730,65,0.05,NFO-OPT,NFO,0
NIFTY,NIFTY2610627000CE,CE,27000,2026-01-06,10377986,65,0.05,NFO-OPT,NFO,0
NIFTY,NIFTY2610627000PE,PE,27000,2026-01-06,10378242,65,0.05,NFO-OPT,NFO,0
NIFTY,NIFTY2610627050CE,CE,27050,2026-01-06,10378498,65,0.05,NFO-OPT,NFO,0
NIFTY,NIFTY2610627050PE,PE,27050,2026-01-06,10378754,65,0.05,NFO-OPT,NFO,0
NIFTY,NIFTY2610627100CE,CE,27100,2026-01-06,10379010,65,0.05,NFO-OPT,NFO,0
NIFTY,NIFTY2610627100PE,PE,27100,2026-01-06,10379266,65,0.05,NFO-OPT,NFO,0
NIFTY,NIFTY2610627150CE,CE,27150,2026-01-06,10379522,65,0.05,NFO-OPT,NFO,0
NIFTY,NIFTY2610627150PE,PE,27150,2026-01-06,10379778,65,0.05,NFO-OPT,NFO,0
NIFTY,NIFTY2610627200CE,CE,27200,2026-01-06,10380034,65,0.05,NFO-OPT,NFO,0
NIFTY,NIFTY2610627200PE,PE,27200,2026-01-06,10380546,65,0.05,NFO-OPT,NFO,0
NIFTY,NIFTY2610627250CE,CE,27250,2026-01-06,10380802,65,0.05,NFO-OPT,NFO,0
NIFTY,NIFTY2610627250PE,PE,27250,2026-01-06,10381826,65,0.05,NFO-OPT,NFO,0
NIFTY,NIFTY2610627300CE,CE,27300,2026-01-06,10382082,65,0.05,NFO-OPT,NFO,0
NIFTY,NIFTY2610627300PE,PE,27300,2026-01-06,10382338,65,0.05,NFO-OPT,NFO,0
NIFTY,NIFTY2610627350CE,CE,27350,2026-01-06,10382594,65,0.05,NFO-OPT,NFO,0
NIFTY,NIFTY2610627350PE,PE,27350,2026-01-06,10382850,65,0.05,NFO-OPT,NFO,0
NIFTY,NIFTY2610627400CE,CE,27400,2026-01-06,10383106,65,0.05,NFO-OPT,NFO,0
NIFTY,NIFTY2610627400PE,PE,27400,2026-01-06,10383362,65,0.05,NFO-OPT,NFO,0
NIFTY,NIFTY2610627450CE,CE,27450,2026-01-06,10383618,65,0.05,NFO-OPT,NFO,0
NIFTY,NIFTY2610627450PE,PE,27450,2026-01-06,10383874,65,0.05,NFO-OPT,NFO,0
NIFTY,NIFTY2610627500CE,CE,27500,2026-01-06,10384130,65,0.05,NFO-OPT,NFO,0
NIFTY,NIFTY2610627500PE,PE,27500,2026-01-06,10387970,65,0.05,NFO-OPT,NFO,0
NIFTY,NIFTY2610627550CE,CE,27550,2026-01-06,10388226,65,0.05,NFO-OPT,NFO,0
NIFTY,NIFTY2610627550PE,PE,27550,2026-01-06,10388738,65,0.05,NFO-OPT,NFO,0
NIFTY,NIFTY2610627600CE,CE,27600,2026-01-06,10388994,65,0.05,NFO-OPT,NFO,0
NIFTY,NIFTY2610627600PE,PE,27600,2026-01-06,10390018,65,0.05,NFO-OPT,NFO,0
NIFTY,NIFTY2610627650CE,CE,27650,2026-01-06,10390274,65,0.05,NFO-OPT,NFO,0
NIFTY,NIFTY2610627650PE,PE,27650,2026-01-06,10390530,65,0.05,NFO-OPT,NFO,0
NIFTY,NIFTY2610627700CE,CE,27700,2026-01-06,10390786,65,0.05,NFO-OPT,NFO,0
NIFTY,NIFTY2610627700PE,PE,27700,2026-01-06,10391554,65,0.05,NFO-OPT,NFO,0
NIFTY,NIFTY2610627750CE,CE,27750,2026-01-06,10391810,65,0.05,NFO-OPT,NFO,0
NIFTY,NIFTY2610627750PE,PE,27750,2026-01-06,10392066,65,0.05,NFO-OPT,NFO,0
NIFTY,NIFTY2610627800CE,CE,27800,2026-01-06,10392322,65,0.05,NFO-OPT,NFO,0
NIFTY,NIFTY2610627800PE,PE,27800,2026-01-06,10392578,65,0.05,NFO-OPT,NFO,0
NIFTY,NIFTY2610627850CE,CE,27850,2026-01-06,10392834,65,0.05,NFO-OPT,NFO,0
NIFTY,NIFTY2610627850PE,PE,27850,2026-01-06,10393346,65,0.05,NFO-OPT,NFO,0
NIFTY,NIFTY2610627900CE,CE,27900,2026-01-06,10394882,65,0.05,NFO-OPT,NFO,0
NIFTY,NIFTY2610627900PE,PE,27900,2026-01-06,10395138,65,0.05,NFO-OPT,NFO,0
NIFTY,NIFTY2610627950CE,CE,27950,2026-01-06,10395394,65,0.05,NFO-OPT,NFO,0
NIFTY,NIFTY2610627950PE,PE,27950,2026-01-06,10395650,65,0.05,NFO-OPT,NFO,0
NIFTY,NIFTY2610628000CE,CE,28000,2026-01-06,10395906,65,0.05,NFO-OPT,NFO,0
NIFTY,NIFTY2610628000PE,PE,28000,2026-01-06,10396162,65,0.05,NFO-OPT,NFO,0
NIFTY,NIFTY2610628050CE,CE,28050,2026-01-06,10396418,65,0.05,NFO-OPT,NFO,0
NIFTY,NIFTY2610628050PE,PE,28050,2026-01-06,10396674,65,0.05,NFO-OPT,NFO,0
NIFTY,NIFTY2610628100CE,CE,28100,2026-01-06,10396930,65,0.05,NFO-OPT,NFO,0
NIFTY,NIFTY2610628100PE,PE,28100,2026-01-06,10397186,65,0.05,NFO-OPT,NFO,0
NIFTY,NIFTY2611324000CE,CE,24000,2026-01-13,11790082,65,0.05,NFO-OPT,NFO,7
NIFTY,NIFTY2611324000PE,PE,24000,2026-01-13,11790338,65,0.05,NFO-OPT,NFO,7
NIFTY,NIFTY2611324050CE,CE,24050,2026-01-13,11790594,65,0.05,NFO-OPT,NFO,7
NIFTY,NIFTY2611324050PE,PE,24050,2026-01-13,11790850,65,0.05,NFO-OPT,NFO,7
NIFTY,NIFTY2611324100CE,CE,24100,2026-01-13,11791106,65,0.05,NFO-OPT,NFO,7
NIFTY,NIFTY2611324100PE,PE,24100,2026-01-13,11791362,65,0.05,NFO-OPT,NFO,7
NIFTY,NIFTY2611324150CE,CE,24150,2026-01-13,11791618,65,0.05,NFO-OPT,NFO,7
NIFTY,NIFTY2611324150PE,PE,24150,2026-01-13,11791874,65,0.05,NFO-OPT,NFO,7
NIFTY,NIFTY2611324200CE,CE,24200,2026-01-13,11792130,65,0.05,NFO-OPT,NFO,7
NIFTY,NIFTY2611324200PE,PE,24200,2026-01-13,11792386,65,0.05,NFO-OPT,NFO,7
NIFTY,NIFTY2611324250CE,CE,24250,2026-01-13,11792642,65,0.05,NFO-OPT,NFO,7
NIFTY,NIFTY2611324250PE,PE,24250,2026-01-13,11792898,65,0.05,NFO-OPT,NFO,7
NIFTY,NIFTY2611324300CE,CE,24300,2026-01-13,11793410,65,0.05,NFO-OPT,NFO,7
NIFTY,NIFTY2611324300PE,PE,24300,2026-01-13,11793666,65,0.05,NFO-OPT,NFO,7
NIFTY,NIFTY2611324350CE,CE,24350,2026-01-13,11793922,65,0.05,NFO-OPT,NFO,7
NIFTY,NIFTY2611324350PE,PE,24350,2026-01-13,11794178,65,0.05,NFO-OPT,NFO,7
NIFTY,NIFTY2611324400CE,CE,24400,2026-01-13,11794434,65,0.05,NFO-OPT,NFO,7
NIFTY,NIFTY2611324400PE,PE,24400,2026-01-13,11794690,65,0.05,NFO-OPT,NFO,7
NIFTY,NIFTY2611324450CE,CE,24450,2026-01-13,11795202,65,0.05,NFO-OPT,NFO,7
NIFTY,NIFTY2611324450PE,PE,24450,2026-01-13,11797250,65,0.05,NFO-OPT,NFO,7
NIFTY,NIFTY2611324500CE,CE,24500,2026-01-13,11797506,65,0.05,NFO-OPT,NFO,7
NIFTY,NIFTY2611324500PE,PE,24500,2026-01-13,11797762,65,0.05,NFO-OPT,NFO,7
NIFTY,NIFTY2611324550CE,CE,24550,2026-01-13,11798018,65,0.05,NFO-OPT,NFO,7
NIFTY,NIFTY2611324550PE,PE,24550,2026-01-13,11799042,65,0.05,NFO-OPT,NFO,7
NIFTY,NIFTY2611324600CE,CE,24600,2026-01-13,11799298,65,0.05,NFO-OPT,NFO,7
NIFTY,NIFTY2611324600PE,PE,24600,2026-01-13,11800066,65,0.05,NFO-OPT,NFO,7
NIFTY,NIFTY2611324650CE,CE,24650,2026-01-13,11800322,65,0.05,NFO-OPT,NFO,7
NIFTY,NIFTY2611324650PE,PE,24650,2026-01-13,11800578,65,0.05,NFO-OPT,NFO,7
NIFTY,NIFTY2611324700CE,CE,24700,2026-01-13,11800834,65,0.05,NFO-OPT,NFO,7
NIFTY,NIFTY2611324700PE,PE,24700,2026-01-13,11802114,65,0.05,NFO-OPT,NFO,7
NIFTY,NIFTY2611324750CE,CE,24750,2026-01-13,11802370,65,0.05,NFO-OPT,NFO,7
NIFTY,NIFTY2611324750PE,PE,24750,2026-01-13,11802626,65,0.05,NFO-OPT,NFO,7
NIFTY,NIFTY2611324800CE,CE,24800,2026-01-13,11802882,65,0.05,NFO-OPT,NFO,7
NIFTY,NIFTY2611324800PE,PE,24800,2026-01-13,11804162,65,0.05,NFO-OPT,NFO,7
NIFTY,NIFTY2611324850CE,CE,24850,2026-01-13,11804418,65,0.05,NFO-OPT,NFO,7
NIFTY,NIFTY2611324850PE,PE,24850,2026-01-13,11805186,65,0.05,NFO-OPT,NFO,7
NIFTY,NIFTY2611324900CE,CE,24900,2026-01-13,11805442,65,0.05,NFO-OPT,NFO,7
NIFTY,NIFTY2611324900PE,PE,24900,2026-01-13,11805698,65,0.05,NFO-OPT,NFO,7
NIFTY,NIFTY2611324950CE,CE,24950,2026-01-13,11806466,65,0.05,NFO-OPT,NFO,7
NIFTY,NIFTY2611324950PE,PE,24950,2026-01-13,11808258,65,0.05,NFO-OPT,NFO,7
NIFTY,NIFTY2611325000CE,CE,25000,2026-01-13,11808514,65,0.05,NFO-OPT,NFO,7
NIFTY,NIFTY2611325000PE,PE,25000,2026-01-13,11808770,65,0.05,NFO-OPT,NFO,7
NIFTY,NIFTY2611325050CE,CE,25050,2026-01-13,11809026,65,0.05,NFO-OPT,NFO,7
NIFTY,NIFTY2611325050PE,PE,25050,2026-01-13,11809282,65,0.05,NFO-OPT,NFO,7
NIFTY,NIFTY2611325100CE,CE,25100,2026-01-13,11809538,65,0.05,NFO-OPT,NFO,7
NIFTY,NIFTY2611325100PE,PE,25100,2026-01-13,11809794,65,0.05,NFO-OPT,NFO,7
NIFTY,NIFTY2611325150CE,CE,25150,2026-01-13,11810050,65,0.05,NFO-OPT,NFO,7
NIFTY,NIFTY2611325150PE,PE,25150,2026-01-13,11810306,65,0.05,NFO-OPT,NFO,7
NIFTY,NIFTY2611325200CE,CE,25200,2026-01-13,11810562,65,0.05,NFO-OPT,NFO,7
NIFTY,NIFTY2611325200PE,PE,25200,2026-01-13,11810818,65,0.05,NFO-OPT,NFO,7
NIFTY,NIFTY2611325250CE,CE,25250,2026-01-13,11811074,65,0.05,NFO-OPT,NFO,7
NIFTY,NIFTY2611325250PE,PE,25250,2026-01-13,11811330,65,0.05,NFO-OPT,NFO,7
NIFTY,NIFTY2611325300CE,CE,25300,2026-01-13,11811586,65,0.05,NFO-OPT,NFO,7
NIFTY,NIFTY2611325300PE,PE,25300,2026-01-13,11811842,65,0.05,NFO-OPT,NFO,7
NIFTY,NIFTY2611325350CE,CE,25350,2026-01-13,11812098,65,0.05,NFO-OPT,NFO,7
NIFTY,NIFTY2611325350PE,PE,25350,2026-01-13,11812354,65,0.05,NFO-OPT,NFO,7
NIFTY,NIFTY2611325400CE,CE,25400,2026-01-13,11812610,65,0.05,NFO-OPT,NFO,7
NIFTY,NIFTY2611325400PE,PE,25400,2026-01-13,11812866,65,0.05,NFO-OPT,NFO,7
NIFTY,NIFTY2611325450CE,CE,25450,2026-01-13,11813122,65,0.05,NFO-OPT,NFO,7
NIFTY,NIFTY2611325450PE,PE,25450,2026-01-13,11813378,65,0.05,NFO-OPT,NFO,7
NIFTY,NIFTY2611325500CE,CE,25500,2026-01-13,11813634,65,0.05,NFO-OPT,NFO,7
NIFTY,NIFTY2611325500PE,PE,25500,2026-01-13,11813890,65,0.05,NFO-OPT,NFO,7
NIFTY,NIFTY2611325550CE,CE,25550,2026-01-13,11814146,65,0.05,NFO-OPT,NFO,7
NIFTY,NIFTY2611325550PE,PE,25550,2026-01-13,11814402,65,0.05,NFO-OPT,NFO,7
NIFTY,NIFTY2611325600CE,CE,25600,2026-01-13,11814658,65,0.05,NFO-OPT,NFO,7
NIFTY,NIFTY2611325600PE,PE,25600,2026-01-13,11815426,65,0.05,NFO-OPT,NFO,7
NIFTY,NIFTY2611325650CE,CE,25650,2026-01-13,11815682,65,0.05,NFO-OPT,NFO,7
NIFTY,NIFTY2611325650PE,PE,25650,2026-01-13,11816962,65,0.05,NFO-OPT,NFO,7
NIFTY,NIFTY2611325700CE,CE,25700,2026-01-13,11817218,65,0.05,NFO-OPT,NFO,7
NIFTY,NIFTY2611325700PE,PE,25700,2026-01-13,11817474,65,0.05,NFO-OPT,NFO,7
NIFTY,NIFTY2611325750CE,CE,25750,2026-01-13,11817730,65,0.05,NFO-OPT,NFO,7
NIFTY,NIFTY2611325750PE,PE,25750,2026-01-13,11817986,65,0.05,NFO-OPT,NFO,7
NIFTY,NIFTY2611325800CE,CE,25800,2026-01-13,11818242,65,0.05,NFO-OPT,NFO,7
NIFTY,NIFTY2611325800PE,PE,25800,2026-01-13,11818498,65,0.05,NFO-OPT,NFO,7
NIFTY,NIFTY2611325850CE,CE,25850,2026-01-13,11819266,65,0.05,NFO-OPT,NFO,7
NIFTY,NIFTY2611325850PE,PE,25850,2026-01-13,11819522,65,0.05,NFO-OPT,NFO,7
NIFTY,NIFTY2611325900CE,CE,25900,2026-01-13,11819778,65,0.05,NFO-OPT,NFO,7
NIFTY,NIFTY2611325900PE,PE,25900,2026-01-13,11820034,65,0.05,NFO-OPT,NFO,7
NIFTY,NIFTY2611325950CE,CE,25950,2026-01-13,11820290,65,0.05,NFO-OPT,NFO,7
NIFTY,NIFTY2611325950PE,PE,25950,2026-01-13,11820546,65,0.05,NFO-OPT,NFO,7
NIFTY,NIFTY2611326000CE,CE,26000,2026-01-13,11820802,65,0.05,NFO-OPT,NFO,7
NIFTY,NIFTY2611326000PE,PE,26000,2026-01-13,11821570,65,0.05,NFO-OPT,NFO,7
NIFTY,NIFTY2611326050CE,CE,26050,2026-01-13,11821826,65,0.05,NFO-OPT,NFO,7
NIFTY,NIFTY2611326050PE,PE,26050,2026-01-13,11822082,65,0.05,NFO-OPT,NFO,7
NIFTY,NIFTY2611326100CE,CE,26100,2026-01-13,11822338,65,0.05,NFO-OPT,NFO,7
NIFTY,NIFTY2611326100PE,PE,26100,2026-01-13,11823106,65,0.05,NFO-OPT,NFO,7
NIFTY,NIFTY2611326150CE,CE,26150,2026-01-13,11823362,65,0.05,NFO-OPT,NFO,7
NIFTY,NIFTY2611326150PE,PE,26150,2026-01-13,11825154,65,0.05,NFO-OPT,NFO,7
NIFTY,NIFTY2611326200CE,CE,26200,2026-01-13,11825410,65,0.05,NFO-OPT,NFO,7
NIFTY,NIFTY2611326200PE,PE,26200,2026-01-13,11825666,65,0.05,NFO-OPT,NFO,7
NIFTY,NIFTY2611326250CE,CE,26250,2026-01-13,11826178,65,0.05,NFO-OPT,NFO,7
NIFTY,NIFTY2611326250PE,PE,26250,2026-01-13,11826434,65,0.05,NFO-OPT,NFO,7
NIFTY,NIFTY2611326300CE,CE,26300,2026-01-13,11826946,65,0.05,NFO-OPT,NFO,7
NIFTY,NIFTY2611326300PE,PE,26300,2026-01-13,11827202,65,0.05,NFO-OPT,NFO,7
NIFTY,NIFTY2611326350CE,CE,26350,2026-01-13,11827458,65,0.05,NFO-OPT,NFO,7
NIFTY,NIFTY2611326350PE,PE,26350,2026-01-13,11827714,65,0.05,NFO-OPT,NFO,7
NIFTY,NIFTY2611326400CE,CE,26400,2026-01-13,11827970,65,0.05,NFO-OPT,NFO,7
NIFTY,NIFTY2611326400PE,PE,26400,2026-01-13,11828226,65,0.05,NFO-OPT,NFO,7
NIFTY,NIFTY2611326450CE,CE,26450,2026-01-13,11828482,65,0.05,NFO-OPT,NFO,7
NIFTY,NIFTY2611326450PE,PE,26450,2026-01-13,11828738,65,0.05,NFO-OPT,NFO,7
NIFTY,NIFTY2611326500CE,CE,26500,2026-01-13,11828994,65,0.05,NFO-OPT,NFO,7
NIFTY,NIFTY2611326500PE,PE,26500,2026-01-13,11829250,65,0.05,NFO-OPT,NFO,7
NIFTY,NIFTY2611326550CE,CE,26550,2026-01-13,11829506,65,0.05,NFO-OPT,NFO,7
NIFTY,NIFTY2611326550PE,PE,26550,2026-01-13,11829762,65,0.05,NFO-OPT,NFO,7
NIFTY,NIFTY2611326600CE,CE,26600,2026-01-13,11830018,65,0.05,NFO-OPT,NFO,7
NIFTY,NIFTY2611326600PE,PE,26600,2026-01-13,11830274,65,0.05,NFO-OPT,NFO,7
NIFTY,NIFTY2611326650CE,CE,26650,2026-01-13,11830530,65,0.05,NFO-OPT,NFO,7
NIFTY,NIFTY2611326650PE,PE,26650,2026-01-13,11830786,65,0.05,NFO-OPT,NFO,7
NIFTY,NIFTY2611326700CE,CE,26700,2026-01-13,11831042,65,0.05,NFO-OPT,NFO,7
NIFTY,NIFTY2611326700PE,PE,26700,2026-01-13,11831298,65,0.05,NFO-OPT,NFO,7
NIFTY,NIFTY2611326750CE,CE,26750,2026-01-13,11831554,65,0.05,NFO-OPT,NFO,7
NIFTY,NIFTY2611326750PE,PE,26750,2026-01-13,11831810,65,0.05,NFO-OPT,NFO,7
NIFTY,NIFTY2611326800CE,CE,26800,2026-01-13,11832066,65,0.05,NFO-OPT,NFO,7
NIFTY,NIFTY2611326800PE,PE,26800,2026-01-13,11832322,65,0.05,NFO-OPT,NFO,7
NIFTY,NIFTY2611326850CE,CE,26850,2026-01-13,11832578,65,0.05,NFO-OPT,NFO,7
NIFTY,NIFTY2611326850PE,PE,26850,2026-01-13,11832834,65,0.05,NFO-OPT,NFO,7
NIFTY,NIFTY2611326900CE,CE,26900,2026-01-13,11833090,65,0.05,NFO-OPT,NFO,7
NIFTY,NIFTY2611326900PE,PE,26900,2026-01-13,11833346,65,0.05,NFO-OPT,NFO,7
NIFTY,NIFTY2611326950CE,CE,26950,2026-01-13,11833602,65,0.05,NFO-OPT,NFO,7
NIFTY,NIFTY2611326950PE,PE,26950,2026-01-13,11833858,65,0.05,NFO-OPT,NFO,7
NIFTY,NIFTY2611327000CE,CE,27000,2026-01-13,11834626,65,0.05,NFO-OPT,NFO,7
NIFTY,NIFTY2611327000PE,PE,27000,2026-01-13,11834882,65,0.05,NFO-OPT,NFO,7
NIFTY,NIFTY2611327050CE,CE,27050,2026-01-13,11835138,65,0.05,NFO-OPT,NFO,7
NIFTY,NIFTY2611327050PE,PE,27050,2026-01-13,11835394,65,0.05,NFO-OPT,NFO,7
NIFTY,NIFTY2611327100CE,CE,27100,2026-01-13,11835650,65,0.05,NFO-OPT,NFO,7
NIFTY,NIFTY2611327100PE,PE,27100,2026-01-13,11835906,65,0.05,NFO-OPT,NFO,7
NIFTY,NIFTY2611327150CE,CE,27150,2026-01-13,11836162,65,0.05,NFO-OPT,NFO,7
NIFTY,NIFTY2611327150PE,PE,27150,2026-01-13,11836418,65,0.05,NFO-OPT,NFO,7
NIFTY,NIFTY2611327200CE,CE,27200,2026-01-13,11836674,65,0.05,NFO-OPT,NFO,7
NIFTY,NIFTY2611327200PE,PE,27200,2026-01-13,11836930,65,0.05,NFO-OPT,NFO,7
NIFTY,NIFTY2611327250CE,CE,27250,2026-01-13,11837186,65,0.05,NFO-OPT,NFO,7
NIFTY,NIFTY2611327250PE,PE,27250,2026-01-13,11837442,65,0.05,NFO-OPT,NFO,7
NIFTY,NIFTY2611327300CE,CE,27300,2026-01-13,11838210,65,0.05,NFO-OPT,NFO,7
NIFTY,NIFTY2611327300PE,PE,27300,2026-01-13,11838466,65,0.05,NFO-OPT,NFO,7
NIFTY,NIFTY2611327350CE,CE,27350,2026-01-13,11838722,65,0.05,NFO-OPT,NFO,7
NIFTY,NIFTY2611327350PE,PE,27350,2026-01-13,11838978,65,0.05,NFO-OPT,NFO,7
NIFTY,NIFTY2611327400CE,CE,27400,2026-01-13,11839234,65,0.05,NFO-OPT,NFO,7
NIFTY,NIFTY2611327400PE,PE,27400,2026-01-13,11839490,65,0.05,NFO-OPT,NFO,7
NIFTY,NIFTY2611327450CE,CE,27450,2026-01-13,11839746,65,0.05,NFO-OPT,NFO,7
NIFTY,NIFTY2611327450PE,PE,27450,2026-01-13,11840002,65,0.05,NFO-OPT,NFO,7
NIFTY,NIFTY2611327500CE,CE,27500,2026-01-13,11840258,65,0.05,NFO-OPT,NFO,7
NIFTY,NIFTY2611327500PE,PE,27500,2026-01-13,11840514,65,0.05,NFO-OPT,NFO,7
NIFTY,NIFTY2611327550CE,CE,27550,2026-01-13,11840770,65,0.05,NFO-OPT,NFO,7
NIFTY,NIFTY2611327550PE,PE,27550,2026-01-13,11841026,65,0.05,NFO-OPT,NFO,7
NIFTY,NIFTY2611327600CE,CE,27600,2026-01-13,11841282,65,0.05,NFO-OPT,NFO,7
NIFTY,NIFTY2611327600PE,PE,27600,2026-01-13,11841538,65,0.05,NFO-OPT,NFO,7
NIFTY,NIFTY2611327650CE,CE,27650,2026-01-13,11841794,65,0.05,NFO-OPT,NFO,7
NIFTY,NIFTY2611327650PE,PE,27650,2026-01-13,11842050,65,0.05,NFO-OPT,NFO,7
NIFTY,NIFTY2611327700CE,CE,27700,2026-01-13,11842306,65,0.05,NFO-OPT,NFO,7
NIFTY,NIFTY2611327700PE,PE,27700,2026-01-13,11842562,65,0.05,NFO-OPT,NFO,7
NIFTY,NIFTY2611327750CE,CE,27750,2026-01-13,11842818,65,0.05,NFO-OPT,NFO,7
NIFTY,NIFTY2611327750PE,PE,27750,2026-01-13,11843074,65,0.05,NFO-OPT,NFO,7
NIFTY,NIFTY2611327800CE,CE,27800,2026-01-13,11843842,65,0.05,NFO-OPT,NFO,7
NIFTY,NIFTY2611327800PE,PE,27800,2026-01-13,11844098,65,0.05,NFO-OPT,NFO,7
NIFTY,NIFTY2611327850CE,CE,27850,2026-01-13,11844354,65,0.05,NFO-OPT,NFO,7
NIFTY,NIFTY2611327850PE,PE,27850,2026-01-13,11844610,65,0.05,NFO-OPT,NFO,7
NIFTY,NIFTY2611327900CE,CE,27900,2026-01-13,11844866,65,0.05,NFO-OPT,NFO,7
NIFTY,NIFTY2611327900PE,PE,27900,2026-01-13,11845122,65,0.05,NFO-OPT,NFO,7
NIFTY,NIFTY2611327950CE,CE,27950,2026-01-13,11845378,65,0.05,NFO-OPT,NFO,7
NIFTY,NIFTY2611327950PE,PE,27950,2026-01-13,11845634,65,0.05,NFO-OPT,NFO,7
NIFTY,NIFTY2611328000CE,CE,28000,2026-01-13,11845890,65,0.05,NFO-OPT,NFO,7
NIFTY,NIFTY2611328000PE,PE,28000,2026-01-13,11846146,65,0.05,NFO-OPT,NFO,7
NIFTY,NIFTY2611328050CE,CE,28050,2026-01-13,11846402,65,0.05,NFO-OPT,NFO,7
NIFTY,NIFTY2611328050PE,PE,28050,2026-01-13,11846658,65,0.05,NFO-OPT,NFO,7
NIFTY,NIFTY2611328100CE,CE,28100,2026-01-13,11846914,65,0.05,NFO-OPT,NFO,7
NIFTY,NIFTY2611328100PE,PE,28100,2026-01-13,11847170,65,0.05,NFO-OPT,NFO,7
NIFTY,NIFTY2612024050CE,CE,24050,2026-01-20,12166914,65,0.05,NFO-OPT,NFO,14
NIFTY,NIFTY2612024050PE,PE,24050,2026-01-20,12167170,65,0.05,NFO-OPT,NFO,14
NIFTY,NIFTY2612024100CE,CE,24100,2026-01-20,12167426,65,0.05,NFO-OPT,NFO,14
NIFTY,NIFTY2612024100PE,PE,24100,2026-01-20,12168194,65,0.05,NFO-OPT,NFO,14
NIFTY,NIFTY2612024150CE,CE,24150,2026-01-20,12168450,65,0.05,NFO-OPT,NFO,14
NIFTY,NIFTY2612024150PE,PE,24150,2026-01-20,12169218,65,0.05,NFO-OPT,NFO,14
NIFTY,NIFTY2612024200CE,CE,24200,2026-01-20,12169474,65,0.05,NFO-OPT,NFO,14
NIFTY,NIFTY2612024200PE,PE,24200,2026-01-20,12169730,65,0.05,NFO-OPT,NFO,14
NIFTY,NIFTY2612024250CE,CE,24250,2026-01-20,12169986,65,0.05,NFO-OPT,NFO,14
NIFTY,NIFTY2612024250PE,PE,24250,2026-01-20,12170242,65,0.05,NFO-OPT,NFO,14
NIFTY,NIFTY2612024300CE,CE,24300,2026-01-20,12170498,65,0.05,NFO-OPT,NFO,14
NIFTY,NIFTY2612024300PE,PE,24300,2026-01-20,12170754,65,0.05,NFO-OPT,NFO,14
NIFTY,NIFTY2612024350CE,CE,24350,2026-01-20,12171010,65,0.05,NFO-OPT,NFO,14
NIFTY,NIFTY2612024350PE,PE,24350,2026-01-20,12171778,65,0.05,NFO-OPT,NFO,14
NIFTY,NIFTY2612024400CE,CE,24400,2026-01-20,12172034,65,0.05,NFO-OPT,NFO,14
NIFTY,NIFTY2612024400PE,PE,24400,2026-01-20,12172290,65,0.05,NFO-OPT,NFO,14
NIFTY,NIFTY2612024450CE,CE,24450,2026-01-20,12172546,65,0.05,NFO-OPT,NFO,14
NIFTY,NIFTY2612024450PE,PE,24450,2026-01-20,12172802,65,0.05,NFO-OPT,NFO,14
NIFTY,NIFTY2612024500CE,CE,24500,2026-01-20,12173058,65,0.05,NFO-OPT,NFO,14
NIFTY,NIFTY2612024500PE,PE,24500,2026-01-20,12173314,65,0.05,NFO-OPT,NFO,14
NIFTY,NIFTY2612024550CE,CE,24550,2026-01-20,12173570,65,0.05,NFO-OPT,NFO,14
NIFTY,NIFTY2612024550PE,PE,24550,2026-01-20,12173826,65,0.05,NFO-OPT,NFO,14
NIFTY,NIFTY2612024600CE,CE,24600,2026-01-20,12174082,65,0.05,NFO-OPT,NFO,14
NIFTY,NIFTY2612024600PE,PE,24600,2026-01-20,12174338,65,0.05,NFO-OPT,NFO,14
NIFTY,NIFTY2612024650CE,CE,24650,2026-01-20,12174594,65,0.05,NFO-OPT,NFO,14
NIFTY,NIFTY2612024650PE,PE,24650,2026-01-20,12174850,65,0.05,NFO-OPT,NFO,14
NIFTY,NIFTY2612024700CE,CE,24700,2026-01-20,12175106,65,0.05,NFO-OPT,NFO,14
NIFTY,NIFTY2612024700PE,PE,24700,2026-01-20,12175362,65,0.05,NFO-OPT,NFO,14
NIFTY,NIFTY2612024750CE,CE,24750,2026-01-20,12175618,65,0.05,NFO-OPT,NFO,14
NIFTY,NIFTY2612024750PE,PE,24750,2026-01-20,12175874,65,0.05,NFO-OPT,NFO,14
NIFTY,NIFTY2612024800CE,CE,24800,2026-01-20,12176130,65,0.05,NFO-OPT,NFO,14
NIFTY,NIFTY2612024800PE,PE,24800,2026-01-20,12176386,65,0.05,NFO-OPT,NFO,14
NIFTY,NIFTY2612024850CE,CE,24850,2026-01-20,12176642,65,0.05,NFO-OPT,NFO,14
NIFTY,NIFTY2612024850PE,PE,24850,2026-01-20,12176898,65,0.05,NFO-OPT,NFO,14
NIFTY,NIFTY2612024900CE,CE,24900,2026-01-20,12177154,65,0.05,NFO-OPT,NFO,14
NIFTY,NIFTY2612024900PE,PE,24900,2026-01-20,12177410,65,0.05,NFO-OPT,NFO,14
NIFTY,NIFTY2612024950CE,CE,24950,2026-01-20,12177922,65,0.05,NFO-OPT,NFO,14
NIFTY,NIFTY2612024950PE,PE,24950,2026-01-20,12178178,65,0.05,NFO-OPT,NFO,14
NIFTY,NIFTY2612025000CE,CE,25000,2026-01-20,12178434,65,0.05,NFO-OPT,NFO,14
NIFTY,NIFTY2612025000PE,PE,25000,2026-01-20,12178690,65,0.05,NFO-OPT,NFO,14
NIFTY,NIFTY2612025050CE,CE,25050,2026-01-20,12178946,65,0.05,NFO-OPT,NFO,14
NIFTY,NIFTY2612025050PE,PE,25050,2026-01-20,12179714,65,0.05,NFO-OPT,NFO,14
NIFTY,NIFTY2612025100CE,CE,25100,2026-01-20,12180226,65,0.05,NFO-OPT,NFO,14
NIFTY,NIFTY2612025100PE,PE,25100,2026-01-20,12180994,65,0.05,NFO-OPT,NFO,14
NIFTY,NIFTY2612025150CE,CE,25150,2026-01-20,12181250,65,0.05,NFO-OPT,NFO,14
NIFTY,NIFTY2612025150PE,PE,25150,2026-01-20,12181506,65,0.05,NFO-OPT,NFO,14
NIFTY,NIFTY2612025200CE,CE,25200,2026-01-20,12181762,65,0.05,NFO-OPT,NFO,14
NIFTY,NIFTY2612025200PE,PE,25200,2026-01-20,12182530,65,0.05,NFO-OPT,NFO,14
NIFTY,NIFTY2612025250CE,CE,25250,2026-01-20,12182786,65,0.05,NFO-OPT,NFO,14
NIFTY,NIFTY2612025250PE,PE,25250,2026-01-20,12183042,65,0.05,NFO-OPT,NFO,14
NIFTY,NIFTY2612025300CE,CE,25300,2026-01-20,12183298,65,0.05,NFO-OPT,NFO,14
NIFTY,NIFTY2612025300PE,PE,25300,2026-01-20,12183554,65,0.05,NFO-OPT,NFO,14
NIFTY,NIFTY2612025350CE,CE,25350,2026-01-20,12183810,65,0.05,NFO-OPT,NFO,14
NIFTY,NIFTY2612025350PE,PE,25350,2026-01-20,12184066,65,0.05,NFO-OPT,NFO,14
NIFTY,NIFTY2612025400CE,CE,25400,2026-01-20,12184322,65,0.05,NFO-OPT,NFO,14
NIFTY,NIFTY2612025400PE,PE,25400,2026-01-20,12184578,65,0.05,NFO-OPT,NFO,14
NIFTY,NIFTY2612025450CE,CE,25450,2026-01-20,12184834,65,0.05,NFO-OPT,NFO,14
NIFTY,NIFTY2612025450PE,PE,25450,2026-01-20,12185090,65,0.05,NFO-OPT,NFO,14
NIFTY,NIFTY2612025500CE,CE,25500,2026-01-20,12185346,65,0.05,NFO-OPT,NFO,14
NIFTY,NIFTY2612025500PE,PE,25500,2026-01-20,12185602,65,0.05,NFO-OPT,NFO,14
NIFTY,NIFTY2612025550CE,CE,25550,2026-01-20,12185858,65,0.05,NFO-OPT,NFO,14
NIFTY,NIFTY2612025550PE,PE,25550,2026-01-20,12186114,65,0.05,NFO-OPT,NFO,14
NIFTY,NIFTY2612025600CE,CE,25600,2026-01-20,12186370,65,0.05,NFO-OPT,NFO,14
NIFTY,NIFTY2612025600PE,PE,25600,2026-01-20,12188162,65,0.05,NFO-OPT,NFO,14
NIFTY,NIFTY2612025650CE,CE,25650,2026-01-20,12188418,65,0.05,NFO-OPT,NFO,14
NIFTY,NIFTY2612025650PE,PE,25650,2026-01-20,12188674,65,0.05,NFO-OPT,NFO,14
NIFTY,NIFTY2612025700CE,CE,25700,2026-01-20,12188930,65,0.05,NFO-OPT,NFO,14
NIFTY,NIFTY2612025700PE,PE,25700,2026-01-20,12189186,65,0.05,NFO-OPT,NFO,14
NIFTY,NIFTY2612025750CE,CE,25750,2026-01-20,12189442,65,0.05,NFO-OPT,NFO,14
NIFTY,NIFTY2612025750PE,PE,25750,2026-01-20,12189698,65,0.05,NFO-OPT,NFO,14
NIFTY,NIFTY2612025800CE,CE,25800,2026-01-20,12189954,65,0.05,NFO-OPT,NFO,14
NIFTY,NIFTY2612025800PE,PE,25800,2026-01-20,12190210,65,0.05,NFO-OPT,NFO,14
NIFTY,NIFTY2612025850CE,CE,25850,2026-01-20,12190466,65,0.05,NFO-OPT,NFO,14
NIFTY,NIFTY2612025850PE,PE,25850,2026-01-20,12190722,65,0.05,NFO-OPT,NFO,14
NIFTY,NIFTY2612025900CE,CE,25900,2026-01-20,12190978,65,0.05,NFO-OPT,NFO,14
NIFTY,NIFTY2612025900PE,PE,25900,2026-01-20,12191234,65,0.05,NFO-OPT,NFO,14
NIFTY,NIFTY2612025950CE,CE,25950,2026-01-20,12191490,65,0.05,NFO-OPT,NFO,14
NIFTY,NIFTY2612025950PE,PE,25950,2026-01-20,12191746,65,0.05,NFO-OPT,NFO,14
NIFTY,NIFTY2612026000CE,CE,26000,2026-01-20,12192002,65,0.05,NFO-OPT,NFO,14
NIFTY,NIFTY2612026000PE,PE,26000,2026-01-20,12192258,65,0.05,NFO-OPT,NFO,14
NIFTY,NIFTY2612026050CE,CE,26050,2026-01-20,12192514,65,0.05,NFO-OPT,NFO,14
NIFTY,NIFTY2612026050PE,PE,26050,2026-01-20,12192770,65,0.05,NFO-OPT,NFO,14
NIFTY,NIFTY2612026100CE,CE,26100,2026-01-20,12193026,65,0.05,NFO-OPT,NFO,14
NIFTY,NIFTY2612026100PE,PE,26100,2026-01-20,12193282,65,0.05,NFO-OPT,NFO,14
NIFTY,NIFTY2612026150CE,CE,26150,2026-01-20,12193538,65,0.05,NFO-OPT,NFO,14
NIFTY,NIFTY2612026150PE,PE,26150,2026-01-20,12193794,65,0.05,NFO-OPT,NFO,14
NIFTY,NIFTY2612026200CE,CE,26200,2026-01-20,12194050,65,0.05,NFO-OPT,NFO,14
NIFTY,NIFTY2612026200PE,PE,26200,2026-01-20,12199938,65,0.05,NFO-OPT,NFO,14
NIFTY,NIFTY2612026250CE,CE,26250,2026-01-20,12200194,65,0.05,NFO-OPT,NFO,14
NIFTY,NIFTY2612026250PE,PE,26250,2026-01-20,12201986,65,0.05,NFO-OPT,NFO,14
NIFTY,NIFTY2612026300CE,CE,26300,2026-01-20,12202242,65,0.05,NFO-OPT,NFO,14
NIFTY,NIFTY2612026300PE,PE,26300,2026-01-20,12202498,65,0.05,NFO-OPT,NFO,14
NIFTY,NIFTY2612026350CE,CE,26350,2026-01-20,12202754,65,0.05,NFO-OPT,NFO,14
NIFTY,NIFTY2612026350PE,PE,26350,2026-01-20,12204034,65,0.05,NFO-OPT,NFO,14
NIFTY,NIFTY2612026400CE,CE,26400,2026-01-20,12204290,65,0.05,NFO-OPT,NFO,14
NIFTY,NIFTY2612026400PE,PE,26400,2026-01-20,12204546,65,0.05,NFO-OPT,NFO,14
NIFTY,NIFTY2612026450CE,CE,26450,2026-01-20,12204802,65,0.05,NFO-OPT,NFO,14
NIFTY,NIFTY2612026450PE,PE,26450,2026-01-20,12205058,65,0.05,NFO-OPT,NFO,14
NIFTY,NIFTY2612026500CE,CE,26500,2026-01-20,12205826,65,0.05,NFO-OPT,NFO,14
NIFTY,NIFTY2612026500PE,PE,26500,2026-01-20,12206082,65,0.05,NFO-OPT,NFO,14
NIFTY,NIFTY2612026550CE,CE,26550,2026-01-20,12206338,65,0.05,NFO-OPT,NFO,14
NIFTY,NIFTY2612026550PE,PE,26550,2026-01-20,12206594,65,0.05,NFO-OPT,NFO,14
NIFTY,NIFTY2612026600CE,CE,26600,2026-01-20,12206850,65,0.05,NFO-OPT,NFO,14
NIFTY,NIFTY2612026600PE,PE,26600,2026-01-20,12207618,65,0.05,NFO-OPT,NFO,14
NIFTY,NIFTY2612026650CE,CE,26650,2026-01-20,12207874,65,0.05,NFO-OPT,NFO,14
NIFTY,NIFTY2612026650PE,PE,26650,2026-01-20,12208130,65,0.05,NFO-OPT,NFO,14
NIFTY,NIFTY2612026700CE,CE,26700,2026-01-20,12208386,65,0.05,NFO-OPT,NFO,14
NIFTY,NIFTY2612026700PE,PE,26700,2026-01-20,12208642,65,0.05,NFO-OPT,NFO,14
NIFTY,NIFTY2612026750CE,CE,26750,2026-01-20,12208898,65,0.05,NFO-OPT,NFO,14
NIFTY,NIFTY2612026750PE,PE,26750,2026-01-20,12209154,65,0.05,NFO-OPT,NFO,14
NIFTY,NIFTY2612026800CE,CE,26800,2026-01-20,12209410,65,0.05,NFO-OPT,NFO,14
NIFTY,NIFTY2612026800PE,PE,26800,2026-01-20,12209666,65,0.05,NFO-OPT,NFO,14
NIFTY,NIFTY2612026850CE,CE,26850,2026-01-20,12209922,65,0.05,NFO-OPT,NFO,14
NIFTY,NIFTY2612026850PE,PE,26850,2026-01-20,12210178,65,0.05,NFO-OPT,NFO,14
NIFTY,NIFTY2612026900CE,CE,26900,2026-01-20,12210434,65,0.05,NFO-OPT,NFO,14
NIFTY,NIFTY2612026900PE,PE,26900,2026-01-20,12211714,65,0.05,NFO-OPT,NFO,14
NIFTY,NIFTY2612026950CE,CE,26950,2026-01-20,12211970,65,0.05,NFO-OPT,NFO,14
NIFTY,NIFTY2612026950PE,PE,26950,2026-01-20,12212226,65,0.05,NFO-OPT,NFO,14
NIFTY,NIFTY2612027000CE,CE,27000,2026-01-20,12212994,65,0.05,NFO-OPT,NFO,14
NIFTY,NIFTY2612027000PE,PE,27000,2026-01-20,12213250,65,0.05,NFO-OPT,NFO,14
NIFTY,NIFTY2612027050CE,CE,27050,2026-01-20,12213506,65,0.05,NFO-OPT,NFO,14
NIFTY,NIFTY2612027050PE,PE,27050,2026-01-20,12213762,65,0.05,NFO-OPT,NFO,14
NIFTY,NIFTY2612027100CE,CE,27100,2026-01-20,12214018,65,0.05,NFO-OPT,NFO,14
NIFTY,NIFTY2612027100PE,PE,27100,2026-01-20,12214274,65,0.05,NFO-OPT,NFO,14
NIFTY,NIFTY2612027150CE,CE,27150,2026-01-20,12214530,65,0.05,NFO-OPT,NFO,14
NIFTY,NIFTY2612027150PE,PE,27150,2026-01-20,12214786,65,0.05,NFO-OPT,NFO,14
NIFTY,NIFTY2612027200CE,CE,27200,2026-01-20,12215042,65,0.05,NFO-OPT,NFO,14
NIFTY,NIFTY2612027200PE,PE,27200,2026-01-20,12215298,65,0.05,NFO-OPT,NFO,14
NIFTY,NIFTY2612027250CE,CE,27250,2026-01-20,12215554,65,0.05,NFO-OPT,NFO,14
NIFTY,NIFTY2612027250PE,PE,27250,2026-01-20,12215810,65,0.05,NFO-OPT,NFO,14
NIFTY,NIFTY2612027300CE,CE,27300,2026-01-20,12216066,65,0.05,NFO-OPT,NFO,14
NIFTY,NIFTY2612027300PE,PE,27300,2026-01-20,12217346,65,0.05,NFO-OPT,NFO,14
NIFTY,NIFTY2612027350CE,CE,27350,2026-01-20,12218114,65,0.05,NFO-OPT,NFO,14
NIFTY,NIFTY2612027350PE,PE,27350,2026-01-20,12218370,65,0.05,NFO-OPT,NFO,14
NIFTY,NIFTY2612027400CE,CE,27400,2026-01-20,12218626,65,0.05,NFO-OPT,NFO,14
NIFTY,NIFTY2612027400PE,PE,27400,2026-01-20,12218882,65,0.05,NFO-OPT,NFO,14
NIFTY,NIFTY2612027450CE,CE,27450,2026-01-20,12219138,65,0.05,NFO-OPT,NFO,14
NIFTY,NIFTY2612027450PE,PE,27450,2026-01-20,12219394,65,0.05,NFO-OPT,NFO,14
NIFTY,NIFTY2612027500CE,CE,27500,2026-01-20,12219650,65,0.05,NFO-OPT,NFO,14
NIFTY,NIFTY2612027500PE,PE,27500,2026-01-20,12219906,65,0.05,NFO-OPT,NFO,14
NIFTY,NIFTY2612027550CE,CE,27550,2026-01-20,12220162,65,0.05,NFO-OPT,NFO,14
NIFTY,NIFTY2612027550PE,PE,27550,2026-01-20,12220418,65,0.05,NFO-OPT,NFO,14
NIFTY,NIFTY2612027600CE,CE,27600,2026-01-20,12220674,65,0.05,NFO-OPT,NFO,14
NIFTY,NIFTY2612027600PE,PE,27600,2026-01-20,12220930,65,0.05,NFO-OPT,NFO,14
NIFTY,NIFTY2612027650CE,CE,27650,2026-01-20,12221186,65,0.05,NFO-OPT,NFO,14
NIFTY,NIFTY2612027650PE,PE,27650,2026-01-20,12221442,65,0.05,NFO-OPT,NFO,14
NIFTY,NIFTY2612027700CE,CE,27700,2026-01-20,12221698,65,0.05,NFO-OPT,NFO,14
NIFTY,NIFTY2612027700PE,PE,27700,2026-01-20,12221954,65,0.05,NFO-OPT,NFO,14
NIFTY,NIFTY2612027750CE,CE,27750,2026-01-20,12222722,65,0.05,NFO-OPT,NFO,14
NIFTY,NIFTY2612027750PE,PE,27750,2026-01-20,12222978,65,0.05,NFO-OPT,NFO,14
NIFTY,NIFTY2612027800CE,CE,27800,2026-01-20,12224258,65,0.05,NFO-OPT,NFO,14
NIFTY,NIFTY2612027800PE,PE,27800,2026-01-20,12224514,65,0.05,NFO-OPT,NFO,14
NIFTY,NIFTY2612027850CE,CE,27850,2026-01-20,12224770,65,0.05,NFO-OPT,NFO,14
NIFTY,NIFTY2612027850PE,PE,27850,2026-01-20,12225026,65,0.05,NFO-OPT,NFO,14
NIFTY,NIFTY2612027900CE,CE,27900,2026-01-20,12225282,65,0.05,NFO-OPT,NFO,14
NIFTY,NIFTY2612027900PE,PE,27900,2026-01-20,12225538,65,0.05,NFO-OPT,NFO,14
NIFTY,NIFTY2612027950CE,CE,27950,2026-01-20,12225794,65,0.05,NFO-OPT,NFO,14
NIFTY,NIFTY2612027950PE,PE,27950,2026-01-20,12227586,65,0.05,NFO-OPT,NFO,14
NIFTY,NIFTY2612028000CE,CE,28000,2026-01-20,12227842,65,0.05,NFO-OPT,NFO,14
NIFTY,NIFTY2612028000PE,PE,28000,2026-01-20,12228098,65,0.05,NFO-OPT,NFO,14
NIFTY,NIFTY2612028050CE,CE,28050,2026-01-20,12228354,65,0.05,NFO-OPT,NFO,14
NIFTY,NIFTY2612028050PE,PE,28050,2026-01-20,12228610,65,0.05,NFO-OPT,NFO,14
NIFTY,NIFTY2612028100CE,CE,28100,2026-01-20,12228866,65,0.05,NFO-OPT,NFO,14
NIFTY,NIFTY2612028100PE,PE,28100,2026-01-20,12229122,65,0.05,NFO-OPT,NFO,14
NIFTY,NIFTY26JAN23750CE,CE,23750,2026-01-27,14992642,65,0.05,NFO-OPT,NFO,21
NIFTY,NIFTY26JAN23750PE,PE,23750,2026-01-27,14992898,65,0.05,NFO-OPT,NFO,21
NIFTY,NIFTY26JAN23800CE,CE,23800,2026-01-27,14993154,65,0.05,NFO-OPT,NFO,21
NIFTY,NIFTY26JAN23800PE,PE,23800,2026-01-27,14993410,65,0.05,NFO-OPT,NFO,21
NIFTY,NIFTY26JAN23850CE,CE,23850,2026-01-27,14993666,65,0.05,NFO-OPT,NFO,21
NIFTY,NIFTY26JAN23850PE,PE,23850,2026-01-27,14993922,65,0.05,NFO-OPT,NFO,21
NIFTY,NIFTY26JAN23900CE,CE,23900,2026-01-27,14994178,65,0.05,NFO-OPT,NFO,21
NIFTY,NIFTY26JAN23900PE,PE,23900,2026-01-27,14994434,65,0.05,NFO-OPT,NFO,21
NIFTY,NIFTY26JAN23950CE,CE,23950,2026-01-27,14994690,65,0.05,NFO-OPT,NFO,21
NIFTY,NIFTY26JAN23950PE,PE,23950,2026-01-27,14994946,65,0.05,NFO-OPT,NFO,21
NIFTY,NIFTY26JAN24000CE,CE,24000,2026-01-27,14995202,65,0.05,NFO-OPT,NFO,21
NIFTY,NIFTY26JAN24000PE,PE,24000,2026-01-27,14995458,65,0.05,NFO-OPT,NFO,21
NIFTY,NIFTY26JAN24050CE,CE,24050,2026-01-27,14995714,65,0.05,NFO-OPT,NFO,21
NIFTY,NIFTY26JAN24050PE,PE,24050,2026-01-27,14995970,65,0.05,NFO-OPT,NFO,21
NIFTY,NIFTY26JAN24100CE,CE,24100,2026-01-27,14996226,65,0.05,NFO-OPT,NFO,21
NIFTY,NIFTY26JAN24100PE,PE,24100,2026-01-27,14996482,65,0.05,NFO-OPT,NFO,21
NIFTY,NIFTY26JAN24150CE,CE,24150,2026-01-27,14996738,65,0.05,NFO-OPT,NFO,21
NIFTY,NIFTY26JAN24150PE,PE,24150,2026-01-27,14996994,65,0.05,NFO-OPT,NFO,21
NIFTY,NIFTY26JAN24200CE,CE,24200,2026-01-27,14997250,65,0.05,NFO-OPT,NFO,21
NIFTY,NIFTY26JAN24200PE,PE,24200,2026-01-27,14997506,65,0.05,NFO-OPT,NFO,21
NIFTY,NIFTY26JAN24250CE,CE,24250,2026-01-27,14997762,65,0.05,NFO-OPT,NFO,21
NIFTY,NIFTY26JAN24250PE,PE,24250,2026-01-27,14998018,65,0.05,NFO-OPT,NFO,21
NIFTY,NIFTY26JAN24300CE,CE,24300,2026-01-27,14998274,65,0.05,NFO-OPT,NFO,21
NIFTY,NIFTY26JAN24300PE,PE,24300,2026-01-27,14998530,65,0.05,NFO-OPT,NFO,21
NIFTY,NIFTY26JAN24350CE,CE,24350,2026-01-27,14998786,65,0.05,NFO-OPT,NFO,21
NIFTY,NIFTY26JAN24350PE,PE,24350,2026-01-27,14999042,65,0.05,NFO-OPT,NFO,21
NIFTY,NIFTY26JAN24400CE,CE,24400,2026-01-27,14999298,65,0.05,NFO-OPT,NFO,21
NIFTY,NIFTY26JAN24400PE,PE,24400,2026-01-27,14999554,65,0.05,NFO-OPT,NFO,21
NIFTY,NIFTY26JAN24450CE,CE,24450,2026-01-27,14999810,65,0.05,NFO-OPT,NFO,21
NIFTY,NIFTY26JAN24450PE,PE,24450,2026-01-27,15000066,65,0.05,NFO-OPT,NFO,21
NIFTY,NIFTY26JAN24500CE,CE,24500,2026-01-27,15000322,65,0.05,NFO-OPT,NFO,21
NIFTY,NIFTY26JAN24500PE,PE,24500,2026-01-27,15000578,65,0.05,NFO-OPT,NFO,21
NIFTY,NIFTY26JAN24550CE,CE,24550,2026-01-27,15000834,65,0.05,NFO-OPT,NFO,21
NIFTY,NIFTY26JAN24550PE,PE,24550,2026-01-27,15001090,65,0.05,NFO-OPT,NFO,21
NIFTY,NIFTY26JAN24600CE,CE,24600,2026-01-27,15001346,65,0.05,NFO-OPT,NFO,21
NIFTY,NIFTY26JAN24600PE,PE,24600,2026-01-27,15001602,65,0.05,NFO-OPT,NFO,21
NIFTY,NIFTY26JAN24650CE,CE,24650,2026-01-27,15001858,65,0.05,NFO-OPT,NFO,21
NIFTY,NIFTY26JAN24650PE,PE,24650,2026-01-27,15002370,65,0.05,NFO-OPT,NFO,21
NIFTY,NIFTY26JAN24700CE,CE,24700,2026-01-27,15002626,65,0.05,NFO-OPT,NFO,21
NIFTY,NIFTY26JAN24700PE,PE,24700,2026-01-27,15002882,65,0.05,NFO-OPT,NFO,21
NIFTY,NIFTY26JAN24750CE,CE,24750,2026-01-27,15003138,65,0.05,NFO-OPT,NFO,21
NIFTY,NIFTY26JAN24750PE,PE,24750,2026-01-27,15003394,65,0.05,NFO-OPT,NFO,21
NIFTY,NIFTY26JAN24800CE,CE,24800,2026-01-27,15004418,65,0.05,NFO-OPT,NFO,21
NIFTY,NIFTY26JAN24800PE,PE,24800,2026-01-27,15004674,65,0.05,NFO-OPT,NFO,21
NIFTY,NIFTY26JAN24850CE,CE,24850,2026-01-27,15004930,65,0.05,NFO-OPT,NFO,21
NIFTY,NIFTY26JAN24850PE,PE,24850,2026-01-27,15005186,65,0.05,NFO-OPT,NFO,21
NIFTY,NIFTY26JAN24900CE,CE,24900,2026-01-27,15005442,65,0.05,NFO-OPT,NFO,21
NIFTY,NIFTY26JAN24900PE,PE,24900,2026-01-27,15014402,65,0.05,NFO-OPT,NFO,21
NIFTY,NIFTY26JAN24950CE,CE,24950,2026-01-27,15014658,65,0.05,NFO-OPT,NFO,21
NIFTY,NIFTY26JAN24950PE,PE,24950,2026-01-27,15014914,65,0.05,NFO-OPT,NFO,21
NIFTY,NIFTY26JAN25000CE,CE,25000,2026-01-27,15017218,65,0.05,NFO-OPT,NFO,21
NIFTY,NIFTY26JAN25000PE,PE,25000,2026-01-27,15017474,65,0.05,NFO-OPT,NFO,21
NIFTY,NIFTY26JAN25050CE,CE,25050,2026-01-27,15017730,65,0.05,NFO-OPT,NFO,21
NIFTY,NIFTY26JAN25050PE,PE,25050,2026-01-27,15017986,65,0.05,NFO-OPT,NFO,21
NIFTY,NIFTY26JAN25100CE,CE,25100,2026-01-27,15018242,65,0.05,NFO-OPT,NFO,21
NIFTY,NIFTY26JAN25100PE,PE,25100,2026-01-27,15018498,65,0.05,NFO-OPT,NFO,21
NIFTY,NIFTY26JAN25150CE,CE,25150,2026-01-27,15018754,65,0.05,NFO-OPT,NFO,21
NIFTY,NIFTY26JAN25150PE,PE,25150,2026-01-27,15020802,65,0.05,NFO-OPT,NFO,21
NIFTY,NIFTY26JAN25200CE,CE,25200,2026-01-27,15024386,65,0.05,NFO-OPT,NFO,21
NIFTY,NIFTY26JAN25200PE,PE,25200,2026-01-27,15024642,65,0.05,NFO-OPT,NFO,21
NIFTY,NIFTY26JAN25250CE,CE,25250,2026-01-27,15025410,65,0.05,NFO-OPT,NFO,21
NIFTY,NIFTY26JAN25250PE,PE,25250,2026-01-27,15025666,65,0.05,NFO-OPT,NFO,21
NIFTY,NIFTY26JAN25300CE,CE,25300,2026-01-27,15025922,65,0.05,NFO-OPT,NFO,21
NIFTY,NIFTY26JAN25300PE,PE,25300,2026-01-27,15027714,65,0.05,NFO-OPT,NFO,21
NIFTY,NIFTY26JAN25350CE,CE,25350,2026-01-27,15027970,65,0.05,NFO-OPT,NFO,21
NIFTY,NIFTY26JAN25350PE,PE,25350,2026-01-27,15028226,65,0.05,NFO-OPT,NFO,21
NIFTY,NIFTY26JAN25400CE,CE,25400,2026-01-27,15028482,65,0.05,NFO-OPT,NFO,21
NIFTY,NIFTY26JAN25400PE,PE,25400,2026-01-27,15028738,65,0.05,NFO-OPT,NFO,21
NIFTY,NIFTY26JAN25450CE,CE,25450,2026-01-27,15028994,65,0.05,NFO-OPT,NFO,21
NIFTY,NIFTY26JAN25450PE,PE,25450,2026-01-27,15029762,65,0.05,NFO-OPT,NFO,21
NIFTY,NIFTY26JAN25500CE,CE,25500,2026-01-27,15030018,65,0.05,NFO-OPT,NFO,21
NIFTY,NIFTY26JAN25500PE,PE,25500,2026-01-27,15031298,65,0.05,NFO-OPT,NFO,21
NIFTY,NIFTY26JAN25550CE,CE,25550,2026-01-27,15032322,65,0.05,NFO-OPT,NFO,21
NIFTY,NIFTY26JAN25550PE,PE,25550,2026-01-27,15032578,65,0.05,NFO-OPT,NFO,21
NIFTY,NIFTY26JAN25600CE,CE,25600,2026-01-27,15033602,65,0.05,NFO-OPT,NFO,21
NIFTY,NIFTY26JAN25600PE,PE,25600,2026-01-27,15034370,65,0.05,NFO-OPT,NFO,21
NIFTY,NIFTY26JAN25650CE,CE,25650,2026-01-27,15034626,65,0.05,NFO-OPT,NFO,21
NIFTY,NIFTY26JAN25650PE,PE,25650,2026-01-27,15034882,65,0.05,NFO-OPT,NFO,21
NIFTY,NIFTY26JAN25700CE,CE,25700,2026-01-27,15040258,65,0.05,NFO-OPT,NFO,21
NIFTY,NIFTY26JAN25700PE,PE,25700,2026-01-27,15040514,65,0.05,NFO-OPT,NFO,21
NIFTY,NIFTY26JAN25750CE,CE,25750,2026-01-27,15049730,65,0.05,NFO-OPT,NFO,21
NIFTY,NIFTY26JAN25750PE,PE,25750,2026-01-27,15049986,65,0.05,NFO-OPT,NFO,21
NIFTY,NIFTY26JAN25800CE,CE,25800,2026-01-27,15050242,65,0.05,NFO-OPT,NFO,21
NIFTY,NIFTY26JAN25800PE,PE,25800,2026-01-27,15050498,65,0.05,NFO-OPT,NFO,21
NIFTY,NIFTY26JAN25850CE,CE,25850,2026-01-27,15051522,65,0.05,NFO-OPT,NFO,21
NIFTY,NIFTY26JAN25850PE,PE,25850,2026-01-27,15051778,65,0.05,NFO-OPT,NFO,21
NIFTY,NIFTY26JAN25900CE,CE,25900,2026-01-27,15052034,65,0.05,NFO-OPT,NFO,21
NIFTY,NIFTY26JAN25900PE,PE,25900,2026-01-27,15052290,65,0.05,NFO-OPT,NFO,21
NIFTY,NIFTY26JAN25950CE,CE,25950,2026-01-27,15052546,65,0.05,NFO-OPT,NFO,21
NIFTY,NIFTY26JAN25950PE,PE,25950,2026-01-27,15052802,65,0.05,NFO-OPT,NFO,21
NIFTY,NIFTY26JAN26000CE,CE,26000,2026-01-27,15053058,65,0.05,NFO-OPT,NFO,21
NIFTY,NIFTY26JAN26000PE,PE,26000,2026-01-27,15053314,65,0.05,NFO-OPT,NFO,21
NIFTY,NIFTY26JAN26050CE,CE,26050,2026-01-27,15053570,65,0.05,NFO-OPT,NFO,21
NIFTY,NIFTY26JAN26050PE,PE,26050,2026-01-27,15053826,65,0.05,NFO-OPT,NFO,21
NIFTY,NIFTY26JAN26100CE,CE,26100,2026-01-27,15054082,65,0.05,NFO-OPT,NFO,21
NIFTY,NIFTY26JAN26100PE,PE,26100,2026-01-27,15054338,65,0.05,NFO-OPT,NFO,21
NIFTY,NIFTY26JAN26150CE,CE,26150,2026-01-27,15054594,65,0.05,NFO-OPT,NFO,21
NIFTY,NIFTY26JAN26150PE,PE,26150,2026-01-27,15054850,65,0.05,NFO-OPT,NFO,21
NIFTY,NIFTY26JAN26200CE,CE,26200,2026-01-27,15055106,65,0.05,NFO-OPT,NFO,21
NIFTY,NIFTY26JAN26200PE,PE,26200,2026-01-27,15055362,65,0.05,NFO-OPT,NFO,21
NIFTY,NIFTY26JAN26250CE,CE,26250,2026-01-27,15055618,65,0.05,NFO-OPT,NFO,21
NIFTY,NIFTY26JAN26250PE,PE,26250,2026-01-27,15055874,65,0.05,NFO-OPT,NFO,21
NIFTY,NIFTY26JAN26300CE,CE,26300,2026-01-27,15056130,65,0.05,NFO-OPT,NFO,21
NIFTY,NIFTY26JAN26300PE,PE,26300,2026-01-27,15056386,65,0.05,NFO-OPT,NFO,21
NIFTY,NIFTY26JAN26350CE,CE,26350,2026-01-27,15056642,65,0.05,NFO-OPT,NFO,21
NIFTY,NIFTY26JAN26350PE,PE,26350,2026-01-27,15056898,65,0.05,NFO-OPT,NFO,21
NIFTY,NIFTY26JAN26400CE,CE,26400,2026-01-27,15057154,65,0.05,NFO-OPT,NFO,21
NIFTY,NIFTY26JAN26400PE,PE,26400,2026-01-27,15057410,65,0.05,NFO-OPT,NFO,21
NIFTY,NIFTY26JAN26450CE,CE,26450,2026-01-27,15057666,65,0.05,NFO-OPT,NFO,21
NIFTY,NIFTY26JAN26450PE,PE,26450,2026-01-27,15057922,65,0.05,NFO-OPT,NFO,21
NIFTY,NIFTY26JAN26500CE,CE,26500,2026-01-27,15058690,65,0.05,NFO-OPT,NFO,21
NIFTY,NIFTY26JAN26500PE,PE,26500,2026-01-27,15058946,65,0.05,NFO-OPT,NFO,21
NIFTY,NIFTY26JAN26550CE,CE,26550,2026-01-27,15059202,65,0.05,NFO-OPT,NFO,21
NIFTY,NIFTY26JAN26550PE,PE,26550,2026-01-27,15059458,65,0.05,NFO-OPT,NFO,21
NIFTY,NIFTY26JAN26600CE,CE,26600,2026-01-27,15059714,65,0.05,NFO-OPT,NFO,21
NIFTY,NIFTY26JAN26600PE,PE,26600,2026-01-27,15059970,65,0.05,NFO-OPT,NFO,21
NIFTY,NIFTY26JAN26650CE,CE,26650,2026-01-27,15060226,65,0.05,NFO-OPT,NFO,21
NIFTY,NIFTY26JAN26650PE,PE,26650,2026-01-27,15060482,65,0.05,NFO-OPT,NFO,21
NIFTY,NIFTY26JAN26700CE,CE,26700,2026-01-27,15060738,65,0.05,NFO-OPT,NFO,21
NIFTY,NIFTY26JAN26700PE,PE,26700,2026-01-27,15060994,65,0.05,NFO-OPT,NFO,21
NIFTY,NIFTY26JAN26750CE,CE,26750,2026-01-27,15061250,65,0.05,NFO-OPT,NFO,21
NIFTY,NIFTY26JAN26750PE,PE,26750,2026-01-27,15061506,65,0.05,NFO-OPT,NFO,21
NIFTY,NIFTY26JAN26800CE,CE,26800,2026-01-27,15061762,65,0.05,NFO-OPT,NFO,21
NIFTY,NIFTY26JAN26800PE,PE,26800,2026-01-27,15062018,65,0.05,NFO-OPT,NFO,21
NIFTY,NIFTY26JAN26850CE,CE,26850,2026-01-27,15062274,65,0.05,NFO-OPT,NFO,21
NIFTY,NIFTY26JAN26850PE,PE,26850,2026-01-27,15062530,65,0.05,NFO-OPT,NFO,21
NIFTY,NIFTY26JAN26900CE,CE,26900,2026-01-27,15062786,65,0.05,NFO-OPT,NFO,21
NIFTY,NIFTY26JAN26900PE,PE,26900,2026-01-27,15063042,65,0.05,NFO-OPT,NFO,21
NIFTY,NIFTY26JAN26950CE,CE,26950,2026-01-27,15063298,65,0.05,NFO-OPT,NFO,21
NIFTY,NIFTY26JAN26950PE,PE,26950,2026-01-27,15063554,65,0.05,NFO-OPT,NFO,21
NIFTY,NIFTY26JAN27000CE,CE,27000,2026-01-27,15063810,65,0.05,NFO-OPT,NFO,21
NIFTY,NIFTY26JAN27000PE,PE,27000,2026-01-27,15064066,65,0.05,NFO-OPT,NFO,21
NIFTY,NIFTY26JAN27050CE,CE,27050,2026-01-27,15064322,65,0.05,NFO-OPT,NFO,21
NIFTY,NIFTY26JAN27050PE,PE,27050,2026-01-27,15064578,65,0.05,NFO-OPT,NFO,21
NIFTY,NIFTY26JAN27100CE,CE,27100,2026-01-27,15064834,65,0.05,NFO-OPT,NFO,21
NIFTY,NIFTY26JAN27100PE,PE,27100,2026-01-27,15065090,65,0.05,NFO-OPT,NFO,21
NIFTY,NIFTY26JAN27150CE,CE,27150,2026-01-27,15065346,65,0.05,NFO-OPT,NFO,21
NIFTY,NIFTY26JAN27150PE,PE,27150,2026-01-27,15065602,65,0.05,NFO-OPT,NFO,21
NIFTY,NIFTY26JAN27200CE,CE,27200,2026-01-27,15065858,65,0.05,NFO-OPT,NFO,21
NIFTY,NIFTY26JAN27200PE,PE,27200,2026-01-27,15066114,65,0.05,NFO-OPT,NFO,21
NIFTY,NIFTY26JAN27250CE,CE,27250,2026-01-27,15066370,65,0.05,NFO-OPT,NFO,21
NIFTY,NIFTY26JAN27250PE,PE,27250,2026-01-27,15066626,65,0.05,NFO-OPT,NFO,21
NIFTY,NIFTY26JAN27300CE,CE,27300,2026-01-27,15066882,65,0.05,NFO-OPT,NFO,21
NIFTY,NIFTY26JAN27300PE,PE,27300,2026-01-27,15067138,65,0.05,NFO-OPT,NFO,21
NIFTY,NIFTY26JAN27350CE,CE,27350,2026-01-27,15067394,65,0.05,NFO-OPT,NFO,21
NIFTY,NIFTY26JAN27350PE,PE,27350,2026-01-27,15067650,65,0.05,NFO-OPT,NFO,21
NIFTY,NIFTY26JAN27400CE,CE,27400,2026-01-27,15067906,65,0.05,NFO-OPT,NFO,21
NIFTY,NIFTY26JAN27400PE,PE,27400,2026-01-27,15068418,65,0.05,NFO-OPT,NFO,21
NIFTY,NIFTY26JAN27450CE,CE,27450,2026-01-27,15068674,65,0.05,NFO-OPT,NFO,21
NIFTY,NIFTY26JAN27450PE,PE,27450,2026-01-27,15068930,65,0.05,NFO-OPT,NFO,21
NIFTY,NIFTY26JAN27500CE,CE,27500,2026-01-27,15069186,65,0.05,NFO-OPT,NFO,21
NIFTY,NIFTY26JAN27500PE,PE,27500,2026-01-27,15069442,65,0.05,NFO-OPT,NFO,21
NIFTY,NIFTY26JAN27550CE,CE,27550,2026-01-27,15070466,65,0.05,NFO-OPT,NFO,21
NIFTY,NIFTY26JAN27550PE,PE,27550,2026-01-27,15070722,65,0.05,NFO-OPT,NFO,21
NIFTY,NIFTY26JAN27600CE,CE,27600,2026-01-27,15070978,65,0.05,NFO-OPT,NFO,21
NIFTY,NIFTY26JAN27600PE,PE,27600,2026-01-27,15071234,65,0.05,NFO-OPT,NFO,21
NIFTY,NIFTY26JAN27650CE,CE,27650,2026-01-27,15071490,65,0.05,NFO-OPT,NFO,21
NIFTY,NIFTY26JAN27650PE,PE,27650,2026-01-27,15071746,65,0.05,NFO-OPT,NFO,21
NIFTY,NIFTY26JAN27700CE,CE,27700,2026-01-27,15072002,65,0.05,NFO-OPT,NFO,21
NIFTY,NIFTY26JAN27700PE,PE,27700,2026-01-27,15072258,65,0.05,NFO-OPT,NFO,21
NIFTY,NIFTY26JAN27750CE,CE,27750,2026-01-27,15072514,65,0.05,NFO-OPT,NFO,21
NIFTY,NIFTY26JAN27750PE,PE,27750,2026-01-27,15072770,65,0.05,NFO-OPT,NFO,21
NIFTY,NIFTY26JAN27800CE,CE,27800,2026-01-27,15073026,65,0.05,NFO-OPT,NFO,21
NIFTY,NIFTY26JAN27800PE,PE,27800,2026-01-27,15073282,65,0.05,NFO-OPT,NFO,21
NIFTY,NIFTY26JAN27850CE,CE,27850,2026-01-27,15073538,65,0.05,NFO-OPT,NFO,21
NIFTY,NIFTY26JAN27850PE,PE,27850,2026-01-27,15073794,65,0.05,NFO-OPT,NFO,21
NIFTY,NIFTY26JAN27900CE,CE,27900,2026-01-27,15075074,65,0.05,NFO-OPT,NFO,21
NIFTY,NIFTY26JAN27900PE,PE,27900,2026-01-27,15075330,65,0.05,NFO-OPT,NFO,21
NIFTY,NIFTY26JAN27950CE,CE,27950,2026-01-27,15075586,65,0.05,NFO-OPT,NFO,21
NIFTY,NIFTY26JAN27950PE,PE,27950,2026-01-27,15075842,65,0.05,NFO-OPT,NFO,21
NIFTY,NIFTY26JAN28000CE,CE,28000,2026-01-27,15076098,65,0.05,NFO-OPT,NFO,21
NIFTY,NIFTY26JAN28000PE,PE,28000,2026-01-27,15076354,65,0.05,NFO-OPT,NFO,21
NIFTY,NIFTY26JAN28050CE,CE,28050,2026-01-27,15076610,65,0.05,NFO-OPT,NFO,21
NIFTY,NIFTY26JAN28050PE,PE,28050,2026-01-27,15079170,65,0.05,NFO-OPT,NFO,21
NIFTY,NIFTY26JAN28100CE,CE,28100,2026-01-27,15079426,65,0.05,NFO-OPT,NFO,21
NIFTY,NIFTY26JAN28100PE,PE,28100,2026-01-27,15079682,65,0.05,NFO-OPT,NFO,21
NIFTY,NIFTY2620324200CE,CE,24200,2026-02-03,12734978,65,0.05,NFO-OPT,NFO,28
NIFTY,NIFTY2620324200PE,PE,24200,2026-02-03,12735234,65,0.05,NFO-OPT,NFO,28
NIFTY,NIFTY2620324250CE,CE,24250,2026-02-03,12735490,65,0.05,NFO-OPT,NFO,28
NIFTY,NIFTY2620324250PE,PE,24250,2026-02-03,12735746,65,0.05,NFO-OPT,NFO,28
NIFTY,NIFTY2620324300CE,CE,24300,2026-02-03,12736258,65,0.05,NFO-OPT,NFO,28
NIFTY,NIFTY2620324300PE,PE,24300,2026-02-03,12736514,65,0.05,NFO-OPT,NFO,28
NIFTY,NIFTY2620324350CE,CE,24350,2026-02-03,12736770,65,0.05,NFO-OPT,NFO,28
NIFTY,NIFTY2620324350PE,PE,24350,2026-02-03,12737026,65,0.05,NFO-OPT,NFO,28
NIFTY,NIFTY2620324400CE,CE,24400,2026-02-03,12737282,65,0.05,NFO-OPT,NFO,28
NIFTY,NIFTY2620324400PE,PE,24400,2026-02-03,12737538,65,0.05,NFO-OPT,NFO,28
NIFTY,NIFTY2620324450CE,CE,24450,2026-02-03,12737794,65,0.05,NFO-OPT,NFO,28
NIFTY,NIFTY2620324450PE,PE,24450,2026-02-03,12738050,65,0.05,NFO-OPT,NFO,28
NIFTY,NIFTY2620324500CE,CE,24500,2026-02-03,12738818,65,0.05,NFO-OPT,NFO,28
NIFTY,NIFTY2620324500PE,PE,24500,2026-02-03,12739074,65,0.05,NFO-OPT,NFO,28
NIFTY,NIFTY2620324550CE,CE,24550,2026-02-03,12739330,65,0.05,NFO-OPT,NFO,28
NIFTY,NIFTY2620324550PE,PE,24550,2026-02-03,12739586,65,0.05,NFO-OPT,NFO,28
NIFTY,NIFTY2620324600CE,CE,24600,2026-02-03,12739842,65,0.05,NFO-OPT,NFO,28
NIFTY,NIFTY2620324600PE,PE,24600,2026-02-03,12740098,65,0.05,NFO-OPT,NFO,28
NIFTY,NIFTY2620324650CE,CE,24650,2026-02-03,12740354,65,0.05,NFO-OPT,NFO,28
NIFTY,NIFTY2620324650PE,PE,24650,2026-02-03,12740610,65,0.05,NFO-OPT,NFO,28
NIFTY,NIFTY2620324700CE,CE,24700,2026-02-03,12740866,65,0.05,NFO-OPT,NFO,28
NIFTY,NIFTY2620324700PE,PE,24700,2026-02-03,12741122,65,0.05,NFO-OPT,NFO,28
NIFTY,NIFTY2620324750CE,CE,24750,2026-02-03,12741378,65,0.05,NFO-OPT,NFO,28
NIFTY,NIFTY2620324750PE,PE,24750,2026-02-03,12741634,65,0.05,NFO-OPT,NFO,28
NIFTY,NIFTY2620324800CE,CE,24800,2026-02-03,12742146,65,0.05,NFO-OPT,NFO,28
NIFTY,NIFTY2620324800PE,PE,24800,2026-02-03,12742402,65,0.05,NFO-OPT,NFO,28
NIFTY,NIFTY2620324850CE,CE,24850,2026-02-03,12742914,65,0.05,NFO-OPT,NFO,28
NIFTY,NIFTY2620324850PE,PE,24850,2026-02-03,12743170,65,0.05,NFO-OPT,NFO,28
NIFTY,NIFTY2620324900CE,CE,24900,2026-02-03,12743426,65,0.05,NFO-OPT,NFO,28
NIFTY,NIFTY2620324900PE,PE,24900,2026-02-03,12743682,65,0.05,NFO-OPT,NFO,28
NIFTY,NIFTY2620324950CE,CE,24950,2026-02-03,12743938,65,0.05,NFO-OPT,NFO,28
NIFTY,NIFTY2620324950PE,PE,24950,2026-02-03,12744194,65,0.05,NFO-OPT,NFO,28
NIFTY,NIFTY2620325000CE,CE,25000,2026-02-03,12744450,65,0.05,NFO-OPT,NFO,28
NIFTY,NIFTY2620325000PE,PE,25000,2026-02-03,12744706,65,0.05,NFO-OPT,NFO,28
NIFTY,NIFTY2620325050CE,CE,25050,2026-02-03,12744962,65,0.05,NFO-OPT,NFO,28
NIFTY,NIFTY2620325050PE,PE,25050,2026-02-03,12745218,65,0.05,NFO-OPT,NFO,28
NIFTY,NIFTY2620325100CE,CE,25100,2026-02-03,12745474,65,0.05,NFO-OPT,NFO,28
NIFTY,NIFTY2620325100PE,PE,25100,2026-02-03,12745730,65,0.05,NFO-OPT,NFO,28
NIFTY,NIFTY2620325150CE,CE,25150,2026-02-03,12745986,65,0.05,NFO-OPT,NFO,28
NIFTY,NIFTY2620325150PE,PE,25150,2026-02-03,12746242,65,0.05,NFO-OPT,NFO,28
NIFTY,NIFTY2620325200CE,CE,25200,2026-02-03,12746498,65,0.05,NFO-OPT,NFO,28
NIFTY,NIFTY2620325200PE,PE,25200,2026-02-03,12746754,65,0.05,NFO-OPT,NFO,28
NIFTY,NIFTY2620325250CE,CE,25250,2026-02-03,12747010,65,0.05,NFO-OPT,NFO,28
NIFTY,NIFTY2620325250PE,PE,25250,2026-02-03,12747266,65,0.05,NFO-OPT,NFO,28
NIFTY,NIFTY2620325300CE,CE,25300,2026-02-03,12747522,65,0.05,NFO-OPT,NFO,28
NIFTY,NIFTY2620325300PE,PE,25300,2026-02-03,12747778,65,0.05,NFO-OPT,NFO,28
NIFTY,NIFTY2620325350CE,CE,25350,2026-02-03,12748546,65,0.05,NFO-OPT,NFO,28
NIFTY,NIFTY2620325350PE,PE,25350,2026-02-03,12748802,65,0.05,NFO-OPT,NFO,28
NIFTY,NIFTY2620325400CE,CE,25400,2026-02-03,12749058,65,0.05,NFO-OPT,NFO,28
NIFTY,NIFTY2620325400PE,PE,25400,2026-02-03,12749314,65,0.05,NFO-OPT,NFO,28
NIFTY,NIFTY2620325450CE,CE,25450,2026-02-03,12750338,65,0.05,NFO-OPT,NFO,28
NIFTY,NIFTY2620325450PE,PE,25450,2026-02-03,12750594,65,0.05,NFO-OPT,NFO,28
NIFTY,NIFTY2620325500CE,CE,25500,2026-02-03,12750850,65,0.05,NFO-OPT,NFO,28
NIFTY,NIFTY2620325500PE,PE,25500,2026-02-03,12752898,65,0.05,NFO-OPT,NFO,28
NIFTY,NIFTY2620325550CE,CE,25550,2026-02-03,12753410,65,0.05,NFO-OPT,NFO,28
NIFTY,NIFTY2620325550PE,PE,25550,2026-02-03,12753666,65,0.05,NFO-OPT,NFO,28
NIFTY,NIFTY2620325600CE,CE,25600,2026-02-03,12753922,65,0.05,NFO-OPT,NFO,28
NIFTY,NIFTY2620325600PE,PE,25600,2026-02-03,12754178,65,0.05,NFO-OPT,NFO,28
NIFTY,NIFTY2620325650CE,CE,25650,2026-02-03,12754690,65,0.05,NFO-OPT,NFO,28
NIFTY,NIFTY2620325650PE,PE,25650,2026-02-03,12754946,65,0.05,NFO-OPT,NFO,28
NIFTY,NIFTY2620325700CE,CE,25700,2026-02-03,12757250,65,0.05,NFO-OPT,NFO,28
NIFTY,NIFTY2620325700PE,PE,25700,2026-02-03,12757506,65,0.05,NFO-OPT,NFO,28
NIFTY,NIFTY2620325750CE,CE,25750,2026-02-03,12757762,65,0.05,NFO-OPT,NFO,28
NIFTY,NIFTY2620325750PE,PE,25750,2026-02-03,12758018,65,0.05,NFO-OPT,NFO,28
NIFTY,NIFTY2620325800CE,CE,25800,2026-02-03,12758530,65,0.05,NFO-OPT,NFO,28
NIFTY,NIFTY2620325800PE,PE,25800,2026-02-03,12758786,65,0.05,NFO-OPT,NFO,28
NIFTY,NIFTY2620325850CE,CE,25850,2026-02-03,12759298,65,0.05,NFO-OPT,NFO,28
NIFTY,NIFTY2620325850PE,PE,25850,2026-02-03,12759554,65,0.05,NFO-OPT,NFO,28
NIFTY,NIFTY2620325900CE,CE,25900,2026-02-03,12759810,65,0.05,NFO-OPT,NFO,28
NIFTY,NIFTY2620325900PE,PE,25900,2026-02-03,12760066,65,0.05,NFO-OPT,NFO,28
NIFTY,NIFTY2620325950CE,CE,25950,2026-02-03,12760322,65,0.05,NFO-OPT,NFO,28
NIFTY,NIFTY2620325950PE,PE,25950,2026-02-03,12760578,65,0.05,NFO-OPT,NFO,28
NIFTY,NIFTY2620326000CE,CE,26000,2026-02-03,12760834,65,0.05,NFO-OPT,NFO,28
NIFTY,NIFTY2620326000PE,PE,26000,2026-02-03,12761090,65,0.05,NFO-OPT,NFO,28
NIFTY,NIFTY2620326050CE,CE,26050,2026-02-03,12762626,65,0.05,NFO-OPT,NFO,28
NIFTY,NIFTY2620326050PE,PE,26050,2026-02-03,12762882,65,0.05,NFO-OPT,NFO,28
NIFTY,NIFTY2620326100CE,CE,26100,2026-02-03,12763138,65,0.05,NFO-OPT,NFO,28
NIFTY,NIFTY2620326100PE,PE,26100,2026-02-03,12763394,65,0.05,NFO-OPT,NFO,28
NIFTY,NIFTY2620326150CE,CE,26150,2026-02-03,12765186,65,0.05,NFO-OPT,NFO,28
NIFTY,NIFTY2620326150PE,PE,26150,2026-02-03,12765442,65,0.05,NFO-OPT,NFO,28
NIFTY,NIFTY2620326200CE,CE,26200,2026-02-03,12766210,65,0.05,NFO-OPT,NFO,28
NIFTY,NIFTY2620326200PE,PE,26200,2026-02-03,12766466,65,0.05,NFO-OPT,NFO,28
NIFTY,NIFTY2620326250CE,CE,26250,2026-02-03,12767490,65,0.05,NFO-OPT,NFO,28
NIFTY,NIFTY2620326250PE,PE,26250,2026-02-03,12767746,65,0.05,NFO-OPT,NFO,28
NIFTY,NIFTY2620326300CE,CE,26300,2026-02-03,12768002,65,0.05,NFO-OPT,NFO,28
NIFTY,NIFTY2620326300PE,PE,26300,2026-02-03,12768258,65,0.05,NFO-OPT,NFO,28
NIFTY,NIFTY2620326350CE,CE,26350,2026-02-03,12768514,65,0.05,NFO-OPT,NFO,28
NIFTY,NIFTY2620326350PE,PE,26350,2026-02-03,12768770,65,0.05,NFO-OPT,NFO,28
NIFTY,NIFTY2620326400CE,CE,26400,2026-02-03,12769026,65,0.05,NFO-OPT,NFO,28
NIFTY,NIFTY2620326400PE,PE,26400,2026-02-03,12769282,65,0.05,NFO-OPT,NFO,28
NIFTY,NIFTY2620326450CE,CE,26450,2026-02-03,12769538,65,0.05,NFO-OPT,NFO,28
NIFTY,NIFTY2620326450PE,PE,26450,2026-02-03,12769794,65,0.05,NFO-OPT,NFO,28
NIFTY,NIFTY2620326500CE,CE,26500,2026-02-03,12770050,65,0.05,NFO-OPT,NFO,28
NIFTY,NIFTY2620326500PE,PE,26500,2026-02-03,12770306,65,0.05,NFO-OPT,NFO,28
NIFTY,NIFTY2620326550CE,CE,26550,2026-02-03,12770562,65,0.05,NFO-OPT,NFO,28
NIFTY,NIFTY2620326550PE,PE,26550,2026-02-03,12770818,65,0.05,NFO-OPT,NFO,28
NIFTY,NIFTY2620326600CE,CE,26600,2026-02-03,12771074,65,0.05,NFO-OPT,NFO,28
NIFTY,NIFTY2620326600PE,PE,26600,2026-02-03,12771330,65,0.05,NFO-OPT,NFO,28
NIFTY,NIFTY2620326650CE,CE,26650,2026-02-03,12771586,65,0.05,NFO-OPT,NFO,28
NIFTY,NIFTY2620326650PE,PE,26650,2026-02-03,12771842,65,0.05,NFO-OPT,NFO,28
NIFTY,NIFTY2620326700CE,CE,26700,2026-02-03,12772098,65,0.05,NFO-OPT,NFO,28
NIFTY,NIFTY2620326700PE,PE,26700,2026-02-03,12772354,65,0.05,NFO-OPT,NFO,28
NIFTY,NIFTY2620326750CE,CE,26750,2026-02-03,12772610,65,0.05,NFO-OPT,NFO,28
NIFTY,NIFTY2620326750PE,PE,26750,2026-02-03,12772866,65,0.05,NFO-OPT,NFO,28
NIFTY,NIFTY2620326800CE,CE,26800,2026-02-03,12773122,65,0.05,NFO-OPT,NFO,28
NIFTY,NIFTY2620326800PE,PE,26800,2026-02-03,12773378,65,0.05,NFO-OPT,NFO,28
NIFTY,NIFTY2620326850CE,CE,26850,2026-02-03,12773634,65,0.05,NFO-OPT,NFO,28
NIFTY,NIFTY2620326850PE,PE,26850,2026-02-03,12773890,65,0.05,NFO-OPT,NFO,28
NIFTY,NIFTY2620326900CE,CE,26900,2026-02-03,12774146,65,0.05,NFO-OPT,NFO,28
NIFTY,NIFTY2620326900PE,PE,26900,2026-02-03,12774402,65,0.05,NFO-OPT,NFO,28
NIFTY,NIFTY2620326950CE,CE,26950,2026-02-03,12774658,65,0.05,NFO-OPT,NFO,28
NIFTY,NIFTY2620326950PE,PE,26950,2026-02-03,12774914,65,0.05,NFO-OPT,NFO,28
NIFTY,NIFTY2620327000CE,CE,27000,2026-02-03,12775170,65,0.05,NFO-OPT,NFO,28
NIFTY,NIFTY2620327000PE,PE,27000,2026-02-03,12775426,65,0.05,NFO-OPT,NFO,28
NIFTY,NIFTY2620327050CE,CE,27050,2026-02-03,12775682,65,0.05,NFO-OPT,NFO,28
NIFTY,NIFTY2620327050PE,PE,27050,2026-02-03,12775938,65,0.05,NFO-OPT,NFO,28
NIFTY,NIFTY2620327100CE,CE,27100,2026-02-03,12776194,65,0.05,NFO-OPT,NFO,28
NIFTY,NIFTY2620327100PE,PE,27100,2026-02-03,12776450,65,0.05,NFO-OPT,NFO,28
NIFTY,NIFTY2620327150CE,CE,27150,2026-02-03,12776706,65,0.05,NFO-OPT,NFO,28
NIFTY,NIFTY2620327150PE,PE,27150,2026-02-03,12778754,65,0.05,NFO-OPT,NFO,28
NIFTY,NIFTY2620327200CE,CE,27200,2026-02-03,12779010,65,0.05,NFO-OPT,NFO,28
NIFTY,NIFTY2620327200PE,PE,27200,2026-02-03,12780802,65,0.05,NFO-OPT,NFO,28
NIFTY,NIFTY2620327250CE,CE,27250,2026-02-03,12781058,65,0.05,NFO-OPT,NFO,28
NIFTY,NIFTY2620327250PE,PE,27250,2026-02-03,12783106,65,0.05,NFO-OPT,NFO,28
NIFTY,NIFTY2620327300CE,CE,27300,2026-02-03,12783362,65,0.05,NFO-OPT,NFO,28
NIFTY,NIFTY2620327300PE,PE,27300,2026-02-03,12784386,65,0.05,NFO-OPT,NFO,28
NIFTY,NIFTY2620327350CE,CE,27350,2026-02-03,12784642,65,0.05,NFO-OPT,NFO,28
NIFTY,NIFTY2620327350PE,PE,27350,2026-02-03,12786434,65,0.05,NFO-OPT,NFO,28
NIFTY,NIFTY2620327400CE,CE,27400,2026-02-03,12787714,65,0.05,NFO-OPT,NFO,28
NIFTY,NIFTY2620327400PE,PE,27400,2026-02-03,12788994,65,0.05,NFO-OPT,NFO,28
NIFTY,NIFTY2620327450CE,CE,27450,2026-02-03,12789250,65,0.05,NFO-OPT,NFO,28
NIFTY,NIFTY2620327450PE,PE,27450,2026-02-03,12791810,65,0.05,NFO-OPT,NFO,28
NIFTY,NIFTY2620327500CE,CE,27500,2026-02-03,12792066,65,0.05,NFO-OPT,NFO,28
NIFTY,NIFTY2620327500PE,PE,27500,2026-02-03,12793346,65,0.05,NFO-OPT,NFO,28
NIFTY,NIFTY2620327550CE,CE,27550,2026-02-03,12793602,65,0.05,NFO-OPT,NFO,28
NIFTY,NIFTY2620327550PE,PE,27550,2026-02-03,12799490,65,0.05,NFO-OPT,NFO,28
NIFTY,NIFTY2620327600CE,CE,27600,2026-02-03,12799746,65,0.05,NFO-OPT,NFO,28
NIFTY,NIFTY2620327600PE,PE,27600,2026-02-03,12800514,65,0.05,NFO-OPT,NFO,28
NIFTY,NIFTY2620327650CE,CE,27650,2026-02-03,12800770,65,0.05,NFO-OPT,NFO,28
NIFTY,NIFTY2620327650PE,PE,27650,2026-02-03,12801794,65,0.05,NFO-OPT,NFO,28
NIFTY,NIFTY2620327700CE,CE,27700,2026-02-03,12802306,65,0.05,NFO-OPT,NFO,28
NIFTY,NIFTY2620327700PE,PE,27700,2026-02-03,12802562,65,0.05,NFO-OPT,NFO,28
NIFTY,NIFTY2620327750CE,CE,27750,2026-02-03,12803074,65,0.05,NFO-OPT,NFO,28
NIFTY,NIFTY2620327750PE,PE,27750,2026-02-03,12804610,65,0.05,NFO-OPT,NFO,28
NIFTY,NIFTY2620327800CE,CE,27800,2026-02-03,12804866,65,0.05,NFO-OPT,NFO,28
NIFTY,NIFTY2620327800PE,PE,27800,2026-02-03,12805122,65,0.05,NFO-OPT,NFO,28
NIFTY,NIFTY2620327850CE,CE,27850,2026-02-03,12805378,65,0.05,NFO-OPT,NFO,28
NIFTY,NIFTY2620327850PE,PE,27850,2026-02-03,12805634,65,0.05,NFO-OPT,NFO,28
NIFTY,NIFTY2620327900CE,CE,27900,2026-02-03,12805890,65,0.05,NFO-OPT,NFO,28
NIFTY,NIFTY2620327900PE,PE,27900,2026-02-03,12806146,65,0.05,NFO-OPT,NFO,28
NIFTY,NIFTY2620327950CE,CE,27950,2026-02-03,12806402,65,0.05,NFO-OPT,NFO,28
NIFTY,NIFTY2620327950PE,PE,27950,2026-02-03,12806658,65,0.05,NFO-OPT,NFO,28
NIFTY,NIFTY2620328000CE,CE,28000,2026-02-03,12806914,65,0.05,NFO-OPT,NFO,28
NIFTY,NIFTY2620328000PE,PE,28000,2026-02-03,12807170,65,0.05,NFO-OPT,NFO,28
NIFTY,NIFTY2620328050CE,CE,28050,2026-02-03,12807426,65,0.05,NFO-OPT,NFO,28
NIFTY,NIFTY2620328050PE,PE,28050,2026-02-03,12808706,65,0.05,NFO-OPT,NFO,28
NIFTY,NIFTY2620328100CE,CE,28100,2026-02-03,12808962,65,0.05,NFO-OPT,NFO,28
NIFTY,NIFTY2620328100PE,PE,28100,2026-02-03,12809218,65,0.05,NFO-OPT,NFO,28
NIFTY,NIFTY26FEB24000CE,CE,24000,2026-02-24,16584706,65,0.05,NFO-OPT,NFO,49
NIFTY,NIFTY26FEB24000PE,PE,24000,2026-02-24,16584962,65,0.05,NFO-OPT,NFO,49
NIFTY,NIFTY26FEB24050CE,CE,24050,2026-02-24,16586242,65,0.05,NFO-OPT,NFO,49
NIFTY,NIFTY26FEB24050PE,PE,24050,2026-02-24,16586498,65,0.05,NFO-OPT,NFO,49
NIFTY,NIFTY26FEB24100CE,CE,24100,2026-02-24,16586754,65,0.05,NFO-OPT,NFO,49
NIFTY,NIFTY26FEB24100PE,PE,24100,2026-02-24,16587010,65,0.05,NFO-OPT,NFO,49
NIFTY,NIFTY26FEB24150CE,CE,24150,2026-02-24,16587266,65,0.05,NFO-OPT,NFO,49
NIFTY,NIFTY26FEB24150PE,PE,24150,2026-02-24,16587522,65,0.05,NFO-OPT,NFO,49
NIFTY,NIFTY26FEB24200CE,CE,24200,2026-02-24,16587778,65,0.05,NFO-OPT,NFO,49
NIFTY,NIFTY26FEB24200PE,PE,24200,2026-02-24,16588034,65,0.05,NFO-OPT,NFO,49
NIFTY,NIFTY26FEB24250CE,CE,24250,2026-02-24,16588290,65,0.05,NFO-OPT,NFO,49
NIFTY,NIFTY26FEB24250PE,PE,24250,2026-02-24,16588546,65,0.05,NFO-OPT,NFO,49
NIFTY,NIFTY26FEB24300CE,CE,24300,2026-02-24,16588802,65,0.05,NFO-OPT,NFO,49
NIFTY,NIFTY26FEB24300PE,PE,24300,2026-02-24,16589058,65,0.05,NFO-OPT,NFO,49
NIFTY,NIFTY26FEB24350CE,CE,24350,2026-02-24,16589314,65,0.05,NFO-OPT,NFO,49
NIFTY,NIFTY26FEB24350PE,PE,24350,2026-02-24,16589570,65,0.05,NFO-OPT,NFO,49
NIFTY,NIFTY26FEB24400CE,CE,24400,2026-02-24,16589826,65,0.05,NFO-OPT,NFO,49
NIFTY,NIFTY26FEB24400PE,PE,24400,2026-02-24,16590082,65,0.05,NFO-OPT,NFO,49
NIFTY,NIFTY26FEB24450CE,CE,24450,2026-02-24,16590338,65,0.05,NFO-OPT,NFO,49
NIFTY,NIFTY26FEB24450PE,PE,24450,2026-02-24,16590594,65,0.05,NFO-OPT,NFO,49
NIFTY,NIFTY26FEB24500CE,CE,24500,2026-02-24,16590850,65,0.05,NFO-OPT,NFO,49
NIFTY,NIFTY26FEB24500PE,PE,24500,2026-02-24,16591106,65,0.05,NFO-OPT,NFO,49
NIFTY,NIFTY26FEB24550CE,CE,24550,2026-02-24,16591362,65,0.05,NFO-OPT,NFO,49
NIFTY,NIFTY26FEB24550PE,PE,24550,2026-02-24,16591618,65,0.05,NFO-OPT,NFO,49
NIFTY,NIFTY26FEB24600CE,CE,24600,2026-02-24,16591874,65,0.05,NFO-OPT,NFO,49
NIFTY,NIFTY26FEB24600PE,PE,24600,2026-02-24,16592130,65,0.05,NFO-OPT,NFO,49
NIFTY,NIFTY26FEB24650CE,CE,24650,2026-02-24,16592386,65,0.05,NFO-OPT,NFO,49
NIFTY,NIFTY26FEB24650PE,PE,24650,2026-02-24,16592642,65,0.05,NFO-OPT,NFO,49
NIFTY,NIFTY26FEB24700CE,CE,24700,2026-02-24,16592898,65,0.05,NFO-OPT,NFO,49
NIFTY,NIFTY26FEB24700PE,PE,24700,2026-02-24,16593154,65,0.05,NFO-OPT,NFO,49
NIFTY,NIFTY26FEB24750CE,CE,24750,2026-02-24,16593410,65,0.05,NFO-OPT,NFO,49
NIFTY,NIFTY26FEB24750PE,PE,24750,2026-02-24,16593666,65,0.05,NFO-OPT,NFO,49
NIFTY,NIFTY26FEB24800CE,CE,24800,2026-02-24,16594178,65,0.05,NFO-OPT,NFO,49
NIFTY,NIFTY26FEB24800PE,PE,24800,2026-02-24,16594434,65,0.05,NFO-OPT,NFO,49
NIFTY,NIFTY26FEB24850CE,CE,24850,2026-02-24,16594690,65,0.05,NFO-OPT,NFO,49
NIFTY,NIFTY26FEB24850PE,PE,24850,2026-02-24,16594946,65,0.05,NFO-OPT,NFO,49
NIFTY,NIFTY26FEB24900CE,CE,24900,2026-02-24,16595202,65,0.05,NFO-OPT,NFO,49
NIFTY,NIFTY26FEB24900PE,PE,24900,2026-02-24,16595458,65,0.05,NFO-OPT,NFO,49
NIFTY,NIFTY26FEB24950CE,CE,24950,2026-02-24,16595714,65,0.05,NFO-OPT,NFO,49
NIFTY,NIFTY26FEB24950PE,PE,24950,2026-02-24,16595970,65,0.05,NFO-OPT,NFO,49
NIFTY,NIFTY26FEB25000CE,CE,25000,2026-02-24,16596226,65,0.05,NFO-OPT,NFO,49
NIFTY,NIFTY26FEB25000PE,PE,25000,2026-02-24,16596482,65,0.05,NFO-OPT,NFO,49
NIFTY,NIFTY26FEB25050CE,CE,25050,2026-02-24,16596738,65,0.05,NFO-OPT,NFO,49
NIFTY,NIFTY26FEB25050PE,PE,25050,2026-02-24,16596994,65,0.05,NFO-OPT,NFO,49
NIFTY,NIFTY26FEB25100CE,CE,25100,2026-02-24,16597250,65,0.05,NFO-OPT,NFO,49
NIFTY,NIFTY26FEB25100PE,PE,25100,2026-02-24,16597506,65,0.05,NFO-OPT,NFO,49
NIFTY,NIFTY26FEB25150CE,CE,25150,2026-02-24,16597762,65,0.05,NFO-OPT,NFO,49
NIFTY,NIFTY26FEB25150PE,PE,25150,2026-02-24,16598018,65,0.05,NFO-OPT,NFO,49
NIFTY,NIFTY26FEB25200CE,CE,25200,2026-02-24,16598274,65,0.05,NFO-OPT,NFO,49
NIFTY,NIFTY26FEB25200PE,PE,25200,2026-02-24,16598530,65,0.05,NFO-OPT,NFO,49
NIFTY,NIFTY26FEB25250CE,CE,25250,2026-02-24,16598786,65,0.05,NFO-OPT,NFO,49
NIFTY,NIFTY26FEB25250PE,PE,25250,2026-02-24,16599042,65,0.05,NFO-OPT,NFO,49
NIFTY,NIFTY26FEB25300CE,CE,25300,2026-02-24,16599298,65,0.05,NFO-OPT,NFO,49
NIFTY,NIFTY26FEB25300PE,PE,25300,2026-02-24,16599554,65,0.05,NFO-OPT,NFO,49
NIFTY,NIFTY26FEB25350CE,CE,25350,2026-02-24,16599810,65,0.05,NFO-OPT,NFO,49
NIFTY,NIFTY26FEB25350PE,PE,25350,2026-02-24,16600066,65,0.05,NFO-OPT,NFO,49
NIFTY,NIFTY26FEB25400CE,CE,25400,2026-02-24,16600322,65,0.05,NFO-OPT,NFO,49
NIFTY,NIFTY26FEB25400PE,PE,25400,2026-02-24,16601346,65,0.05,NFO-OPT,NFO,49
NIFTY,NIFTY26FEB25450CE,CE,25450,2026-02-24,16601602,65,0.05,NFO-OPT,NFO,49
NIFTY,NIFTY26FEB25450PE,PE,25450,2026-02-24,16601858,65,0.05,NFO-OPT,NFO,49
NIFTY,NIFTY26FEB25500CE,CE,25500,2026-02-24,16602114,65,0.05,NFO-OPT,NFO,49
NIFTY,NIFTY26FEB25500PE,PE,25500,2026-02-24,16602370,65,0.05,NFO-OPT,NFO,49
NIFTY,NIFTY26FEB25550CE,CE,25550,2026-02-24,16602626,65,0.05,NFO-OPT,NFO,49
NIFTY,NIFTY26FEB25550PE,PE,25550,2026-02-24,16602882,65,0.05,NFO-OPT,NFO,49
NIFTY,NIFTY26FEB25600CE,CE,25600,2026-02-24,16603138,65,0.05,NFO-OPT,NFO,49
NIFTY,NIFTY26FEB25600PE,PE,25600,2026-02-24,16603394,65,0.05,NFO-OPT,NFO,49
NIFTY,NIFTY26FEB25650CE,CE,25650,2026-02-24,16603650,65,0.05,NFO-OPT,NFO,49
NIFTY,NIFTY26FEB25650PE,PE,25650,2026-02-24,16603906,65,0.05,NFO-OPT,NFO,49
NIFTY,NIFTY26FEB25700CE,CE,25700,2026-02-24,16604162,65,0.05,NFO-OPT,NFO,49
NIFTY,NIFTY26FEB25700PE,PE,25700,2026-02-24,16604418,65,0.05,NFO-OPT,NFO,49
NIFTY,NIFTY26FEB25750CE,CE,25750,2026-02-24,16604674,65,0.05,NFO-OPT,NFO,49
NIFTY,NIFTY26FEB25750PE,PE,25750,2026-02-24,16604930,65,0.05,NFO-OPT,NFO,49
NIFTY,NIFTY26FEB25800CE,CE,25800,2026-02-24,16605186,65,0.05,NFO-OPT,NFO,49
NIFTY,NIFTY26FEB25800PE,PE,25800,2026-02-24,16605442,65,0.05,NFO-OPT,NFO,49
NIFTY,NIFTY26FEB25850CE,CE,25850,2026-02-24,16605698,65,0.05,NFO-OPT,NFO,49
NIFTY,NIFTY26FEB25850PE,PE,25850,2026-02-24,16605954,65,0.05,NFO-OPT,NFO,49
NIFTY,NIFTY26FEB25900CE,CE,25900,2026-02-24,16606210,65,0.05,NFO-OPT,NFO,49
NIFTY,NIFTY26FEB25900PE,PE,25900,2026-02-24,16606466,65,0.05,NFO-OPT,NFO,49
NIFTY,NIFTY26FEB25950CE,CE,25950,2026-02-24,16606722,65,0.05,NFO-OPT,NFO,49
NIFTY,NIFTY26FEB25950PE,PE,25950,2026-02-24,16606978,65,0.05,NFO-OPT,NFO,49
NIFTY,NIFTY26FEB26000CE,CE,26000,2026-02-24,16607234,65,0.05,NFO-OPT,NFO,49
NIFTY,NIFTY26FEB26000PE,PE,26000,2026-02-24,16607490,65,0.05,NFO-OPT,NFO,49
NIFTY,NIFTY26FEB26050CE,CE,26050,2026-02-24,16607746,65,0.05,NFO-OPT,NFO,49
NIFTY,NIFTY26FEB26050PE,PE,26050,2026-02-24,16608002,65,0.05,NFO-OPT,NFO,49
NIFTY,NIFTY26FEB26100CE,CE,26100,2026-02-24,16608258,65,0.05,NFO-OPT,NFO,49
NIFTY,NIFTY26FEB26100PE,PE,26100,2026-02-24,16608514,65,0.05,NFO-OPT,NFO,49
NIFTY,NIFTY26FEB26150CE,CE,26150,2026-02-24,16608770,65,0.05,NFO-OPT,NFO,49
NIFTY,NIFTY26FEB26150PE,PE,26150,2026-02-24,16609026,65,0.05,NFO-OPT,NFO,49
NIFTY,NIFTY26FEB26200CE,CE,26200,2026-02-24,16609282,65,0.05,NFO-OPT,NFO,49
NIFTY,NIFTY26FEB26200PE,PE,26200,2026-02-24,16609538,65,0.05,NFO-OPT,NFO,49
NIFTY,NIFTY26FEB26250CE,CE,26250,2026-02-24,16609794,65,0.05,NFO-OPT,NFO,49
NIFTY,NIFTY26FEB26250PE,PE,26250,2026-02-24,16614658,65,0.05,NFO-OPT,NFO,49
NIFTY,NIFTY26FEB26300CE,CE,26300,2026-02-24,16616194,65,0.05,NFO-OPT,NFO,49
NIFTY,NIFTY26FEB26300PE,PE,26300,2026-02-24,16620802,65,0.05,NFO-OPT,NFO,49
NIFTY,NIFTY26FEB26350CE,CE,26350,2026-02-24,16621058,65,0.05,NFO-OPT,NFO,49
NIFTY,NIFTY26FEB26350PE,PE,26350,2026-02-24,16621570,65,0.05,NFO-OPT,NFO,49
NIFTY,NIFTY26FEB26400CE,CE,26400,2026-02-24,16622338,65,0.05,NFO-OPT,NFO,49
NIFTY,NIFTY26FEB26400PE,PE,26400,2026-02-24,16623106,65,0.05,NFO-OPT,NFO,49
NIFTY,NIFTY26FEB26450CE,CE,26450,2026-02-24,16623362,65,0.05,NFO-OPT,NFO,49
NIFTY,NIFTY26FEB26450PE,PE,26450,2026-02-24,16623618,65,0.05,NFO-OPT,NFO,49
NIFTY,NIFTY26FEB26500CE,CE,26500,2026-02-24,16623874,65,0.05,NFO-OPT,NFO,49
NIFTY,NIFTY26FEB26500PE,PE,26500,2026-02-24,16628482,65,0.05,NFO-OPT,NFO,49
NIFTY,NIFTY26FEB26550CE,CE,26550,2026-02-24,16628738,65,0.05,NFO-OPT,NFO,49
NIFTY,NIFTY26FEB26550PE,PE,26550,2026-02-24,16628994,65,0.05,NFO-OPT,NFO,49
NIFTY,NIFTY26FEB26600CE,CE,26600,2026-02-24,16629250,65,0.05,NFO-OPT,NFO,49
NIFTY,NIFTY26FEB26600PE,PE,26600,2026-02-24,16629762,65,0.05,NFO-OPT,NFO,49
NIFTY,NIFTY26FEB26650CE,CE,26650,2026-02-24,16630018,65,0.05,NFO-OPT,NFO,49
NIFTY,NIFTY26FEB26650PE,PE,26650,2026-02-24,16631298,65,0.05,NFO-OPT,NFO,49
NIFTY,NIFTY26FEB26700CE,CE,26700,2026-02-24,16631554,65,0.05,NFO-OPT,NFO,49
NIFTY,NIFTY26FEB26700PE,PE,26700,2026-02-24,16636930,65,0.05,NFO-OPT,NFO,49
NIFTY,NIFTY26FEB26750CE,CE,26750,2026-02-24,16639234,65,0.05,NFO-OPT,NFO,49
NIFTY,NIFTY26FEB26750PE,PE,26750,2026-02-24,16654082,65,0.05,NFO-OPT,NFO,49
NIFTY,NIFTY26FEB26800CE,CE,26800,2026-02-24,16654338,65,0.05,NFO-OPT,NFO,49
NIFTY,NIFTY26FEB26800PE,PE,26800,2026-02-24,16657410,65,0.05,NFO-OPT,NFO,49
NIFTY,NIFTY26FEB26850CE,CE,26850,2026-02-24,16657666,65,0.05,NFO-OPT,NFO,49
NIFTY,NIFTY26FEB26850PE,PE,26850,2026-02-24,16657922,65,0.05,NFO-OPT,NFO,49
NIFTY,NIFTY26FEB26900CE,CE,26900,2026-02-24,16658178,65,0.05,NFO-OPT,NFO,49
NIFTY,NIFTY26FEB26900PE,PE,26900,2026-02-24,16658434,65,0.05,NFO-OPT,NFO,49
NIFTY,NIFTY26FEB26950CE,CE,26950,2026-02-24,16658690,65,0.05,NFO-OPT,NFO,49
NIFTY,NIFTY26FEB26950PE,PE,26950,2026-02-24,16658946,65,0.05,NFO-OPT,NFO,49
NIFTY,NIFTY26FEB27000CE,CE,27000,2026-02-24,16659202,65,0.05,NFO-OPT,NFO,49
NIFTY,NIFTY26FEB27000PE,PE,27000,2026-02-24,16659458,65,0.05,NFO-OPT,NFO,49
NIFTY,NIFTY26FEB27050CE,CE,27050,2026-02-24,16659714,65,0.05,NFO-OPT,NFO,49
NIFTY,NIFTY26FEB27050PE,PE,27050,2026-02-24,16659970,65,0.05,NFO-OPT,NFO,49
NIFTY,NIFTY26FEB27100CE,CE,27100,2026-02-24,16660226,65,0.05,NFO-OPT,NFO,49
NIFTY,NIFTY26FEB27100PE,PE,27100,2026-02-24,16660482,65,0.05,NFO-OPT,NFO,49
NIFTY,NIFTY26FEB27150CE,CE,27150,2026-02-24,16660738,65,0.05,NFO-OPT,NFO,49
NIFTY,NIFTY26FEB27150PE,PE,27150,2026-02-24,16660994,65,0.05,NFO-OPT,NFO,49
NIFTY,NIFTY26FEB27200CE,CE,27200,2026-02-24,16661250,65,0.05,NFO-OPT,NFO,49
NIFTY,NIFTY26FEB27200PE,PE,27200,2026-02-24,16661506,65,0.05,NFO-OPT,NFO,49
NIFTY,NIFTY26FEB27250CE,CE,27250,2026-02-24,16661762,65,0.05,NFO-OPT,NFO,49
NIFTY,NIFTY26FEB27250PE,PE,27250,2026-02-24,16662018,65,0.05,NFO-OPT,NFO,49
NIFTY,NIFTY26FEB27300CE,CE,27300,2026-02-24,16662786,65,0.05,NFO-OPT,NFO,49
NIFTY,NIFTY26FEB27300PE,PE,27300,2026-02-24,16663042,65,0.05,NFO-OPT,NFO,49
NIFTY,NIFTY26FEB27350CE,CE,27350,2026-02-24,16663298,65,0.05,NFO-OPT,NFO,49
NIFTY,NIFTY26FEB27350PE,PE,27350,2026-02-24,16663554,65,0.05,NFO-OPT,NFO,49
NIFTY,NIFTY26FEB27400CE,CE,27400,2026-02-24,16663810,65,0.05,NFO-OPT,NFO,49
NIFTY,NIFTY26FEB27400PE,PE,27400,2026-02-24,16664066,65,0.05,NFO-OPT,NFO,49
NIFTY,NIFTY26FEB27450CE,CE,27450,2026-02-24,16664322,65,0.05,NFO-OPT,NFO,49
NIFTY,NIFTY26FEB27450PE,PE,27450,2026-02-24,16664578,65,0.05,NFO-OPT,NFO,49
NIFTY,NIFTY26FEB27500CE,CE,27500,2026-02-24,16664834,65,0.05,NFO-OPT,NFO,49
NIFTY,NIFTY26FEB27500PE,PE,27500,2026-02-24,16665090,65,0.05,NFO-OPT,NFO,49
NIFTY,NIFTY26FEB27550CE,CE,27550,2026-02-24,16665858,65,0.05,NFO-OPT,NFO,49
NIFTY,NIFTY26FEB27550PE,PE,27550,2026-02-24,16666114,65,0.05,NFO-OPT,NFO,49
NIFTY,NIFTY26FEB27600CE,CE,27600,2026-02-24,16666370,65,0.05,NFO-OPT,NFO,49
NIFTY,NIFTY26FEB27600PE,PE,27600,2026-02-24,16666626,65,0.05,NFO-OPT,NFO,49
NIFTY,NIFTY26FEB27650CE,CE,27650,2026-02-24,16666882,65,0.05,NFO-OPT,NFO,49
NIFTY,NIFTY26FEB27650PE,PE,27650,2026-02-24,16667138,65,0.05,NFO-OPT,NFO,49
NIFTY,NIFTY26FEB27700CE,CE,27700,2026-02-24,16667394,65,0.05,NFO-OPT,NFO,49
NIFTY,NIFTY26FEB27700PE,PE,27700,2026-02-24,16667650,65,0.05,NFO-OPT,NFO,49
NIFTY,NIFTY26FEB27750CE,CE,27750,2026-02-24,16667906,65,0.05,NFO-OPT,NFO,49
NIFTY,NIFTY26FEB27750PE,PE,27750,2026-02-24,16668162,65,0.05,NFO-OPT,NFO,49
NIFTY,NIFTY26FEB27800CE,CE,27800,2026-02-24,16668418,65,0.05,NFO-OPT,NFO,49
NIFTY,NIFTY26FEB27800PE,PE,27800,2026-02-24,16668674,65,0.05,NFO-OPT,NFO,49
NIFTY,NIFTY26FEB27850CE,CE,27850,2026-02-24,16668930,65,0.05,NFO-OPT,NFO,49
NIFTY,NIFTY26FEB27850PE,PE,27850,2026-02-24,16669186,65,0.05,NFO-OPT,NFO,49
NIFTY,NIFTY26FEB27900CE,CE,27900,2026-02-24,16669442,65,0.05,NFO-OPT,NFO,49
NIFTY,NIFTY26FEB27900PE,PE,27900,2026-02-24,16669698,65,0.05,NFO-OPT,NFO,49
NIFTY,NIFTY26FEB27950CE,CE,27950,2026-02-24,16669954,65,0.05,NFO-OPT,NFO,49
NIFTY,NIFTY26FEB27950PE,PE,27950,2026-02-24,16670210,65,0.05,NFO-OPT,NFO,49
NIFTY,NIFTY26FEB28000CE,CE,28000,2026-02-24,16670466,65,0.05,NFO-OPT,NFO,49
NIFTY,NIFTY26FEB28000PE,PE,28000,2026-02-24,16670722,65,0.05,NFO-OPT,NFO,49
NIFTY,NIFTY26FEB28050CE,CE,28050,2026-02-24,16670978,65,0.05,NFO-OPT,NFO,49
NIFTY,NIFTY26FEB28050PE,PE,28050,2026-02-24,16671234,65,0.05,NFO-OPT,NFO,49
NIFTY,NIFTY26FEB28100CE,CE,28100,2026-02-24,16671490,65,0.05,NFO-OPT,NFO,49
NIFTY,NIFTY26FEB28100PE,PE,28100,2026-02-24,16672258,65,0.05,NFO-OPT,NFO,49
NIFTY,NIFTY26MAR19000CE,CE,19000,2026-03-30,16105986,65,0.05,NFO-OPT,NFO,83
NIFTY,NIFTY26MAR19000PE,PE,19000,2026-03-30,16106242,65,0.05,NFO-OPT,NFO,83
NIFTY,NIFTY26MAR20000CE,CE,20000,2026-03-30,16106498,65,0.05,NFO-OPT,NFO,83
NIFTY,NIFTY26MAR20000PE,PE,20000,2026-03-30,16106754,65,0.05,NFO-OPT,NFO,83
NIFTY,NIFTY26MAR21000CE,CE,21000,2026-03-30,16107010,65,0.05,NFO-OPT,NFO,83
NIFTY,NIFTY26MAR21000PE,PE,21000,2026-03-30,16107266,65,0.05,NFO-OPT,NFO,83
NIFTY,NIFTY26MAR22000CE,CE,22000,2026-03-30,16107522,65,0.05,NFO-OPT,NFO,83
NIFTY,NIFTY26MAR22000PE,PE,22000,2026-03-30,16107778,65,0.05,NFO-OPT,NFO,83
NIFTY,NIFTY26MAR23000CE,CE,23000,2026-03-30,16108034,65,0.05,NFO-OPT,NFO,83
NIFTY,NIFTY26MAR23000PE,PE,23000,2026-03-30,16108290,65,0.05,NFO-OPT,NFO,83
NIFTY,NIFTY26MAR24000CE,CE,24000,2026-03-30,16108546,65,0.05,NFO-OPT,NFO,83
NIFTY,NIFTY26MAR24000PE,PE,24000,2026-03-30,16108802,65,0.05,NFO-OPT,NFO,83
NIFTY,NIFTY26MAR24200CE,CE,24200,2026-03-30,13963266,65,0.05,NFO-OPT,NFO,83
NIFTY,NIFTY26MAR24200PE,PE,24200,2026-03-30,13963522,65,0.05,NFO-OPT,NFO,83
NIFTY,NIFTY26MAR24250CE,CE,24250,2026-03-30,13963778,65,0.05,NFO-OPT,NFO,83
NIFTY,NIFTY26MAR24250PE,PE,24250,2026-03-30,13964034,65,0.05,NFO-OPT,NFO,83
NIFTY,NIFTY26MAR24300CE,CE,24300,2026-03-30,13964290,65,0.05,NFO-OPT,NFO,83
NIFTY,NIFTY26MAR24300PE,PE,24300,2026-03-30,13964546,65,0.05,NFO-OPT,NFO,83
NIFTY,NIFTY26MAR24350CE,CE,24350,2026-03-30,13964802,65,0.05,NFO-OPT,NFO,83
NIFTY,NIFTY26MAR24350PE,PE,24350,2026-03-30,13965058,65,0.05,NFO-OPT,NFO,83
NIFTY,NIFTY26MAR24400CE,CE,24400,2026-03-30,13965314,65,0.05,NFO-OPT,NFO,83
NIFTY,NIFTY26MAR24400PE,PE,24400,2026-03-30,13965570,65,0.05,NFO-OPT,NFO,83
NIFTY,NIFTY26MAR24450CE,CE,24450,2026-03-30,13965826,65,0.05,NFO-OPT,NFO,83
NIFTY,NIFTY26MAR24450PE,PE,24450,2026-03-30,13966082,65,0.05,NFO-OPT,NFO,83
NIFTY,NIFTY26MAR24500CE,CE,24500,2026-03-30,13966338,65,0.05,NFO-OPT,NFO,83
NIFTY,NIFTY26MAR24500PE,PE,24500,2026-03-30,13966594,65,0.05,NFO-OPT,NFO,83
NIFTY,NIFTY26MAR24550CE,CE,24550,2026-03-30,13966850,65,0.05,NFO-OPT,NFO,83
NIFTY,NIFTY26MAR24550PE,PE,24550,2026-03-30,13967106,65,0.05,NFO-OPT,NFO,83
NIFTY,NIFTY26MAR24600CE,CE,24600,2026-03-30,13967362,65,0.05,NFO-OPT,NFO,83
NIFTY,NIFTY26MAR24600PE,PE,24600,2026-03-30,13967618,65,0.05,NFO-OPT,NFO,83
NIFTY,NIFTY26MAR24650CE,CE,24650,2026-03-30,13967874,65,0.05,NFO-OPT,NFO,83
NIFTY,NIFTY26MAR24650PE,PE,24650,2026-03-30,13968130,65,0.05,NFO-OPT,NFO,83
NIFTY,NIFTY26MAR24700CE,CE,24700,2026-03-30,13968386,65,0.05,NFO-OPT,NFO,83
NIFTY,NIFTY26MAR24700PE,PE,24700,2026-03-30,13968642,65,0.05,NFO-OPT,NFO,83
NIFTY,NIFTY26MAR24750CE,CE,24750,2026-03-30,13968898,65,0.05,NFO-OPT,NFO,83
NIFTY,NIFTY26MAR24750PE,PE,24750,2026-03-30,13969154,65,0.05,NFO-OPT,NFO,83
NIFTY,NIFTY26MAR24800CE,CE,24800,2026-03-30,13969410,65,0.05,NFO-OPT,NFO,83
NIFTY,NIFTY26MAR24800PE,PE,24800,2026-03-30,13969666,65,0.05,NFO-OPT,NFO,83
NIFTY,NIFTY26MAR24850CE,CE,24850,2026-03-30,13969922,65,0.05,NFO-OPT,NFO,83
NIFTY,NIFTY26MAR24850PE,PE,24850,2026-03-30,13970178,65,0.05,NFO-OPT,NFO,83
NIFTY,NIFTY26MAR24900CE,CE,24900,2026-03-30,13970434,65,0.05,NFO-OPT,NFO,83
NIFTY,NIFTY26MAR24900PE,PE,24900,2026-03-30,13970690,65,0.05,NFO-OPT,NFO,83
NIFTY,NIFTY26MAR24950CE,CE,24950,2026-03-30,13970946,65,0.05,NFO-OPT,NFO,83
NIFTY,NIFTY26MAR24950PE,PE,24950,2026-03-30,13971202,65,0.05,NFO-OPT,NFO,83
NIFTY,NIFTY26MAR25000CE,CE,25000,2026-03-30,16109058,65,0.05,NFO-OPT,NFO,83
NIFTY,NIFTY26MAR25000PE,PE,25000,2026-03-30,16109314,65,0.05,NFO-OPT,NFO,83
NIFTY,NIFTY26MAR25050CE,CE,25050,2026-03-30,13971458,65,0.05,NFO-OPT,NFO,83
NIFTY,NIFTY26MAR25050PE,PE,25050,2026-03-30,13971714,65,0.05,NFO-OPT,NFO,83
NIFTY,NIFTY26MAR25100CE,CE,25100,2026-03-30,13971970,65,0.05,NFO-OPT,NFO,83
NIFTY,NIFTY26MAR25100PE,PE,25100,2026-03-30,13972226,65,0.05,NFO-OPT,NFO,83
NIFTY,NIFTY26MAR25150CE,CE,25150,2026-03-30,13972482,65,0.05,NFO-OPT,NFO,83
NIFTY,NIFTY26MAR25150PE,PE,25150,2026-03-30,13972738,65,0.05,NFO-OPT,NFO,83
NIFTY,NIFTY26MAR25200CE,CE,25200,2026-03-30,13972994,65,0.05,NFO-OPT,NFO,83
NIFTY,NIFTY26MAR25200PE,PE,25200,2026-03-30,13973250,65,0.05,NFO-OPT,NFO,83
NIFTY,NIFTY26MAR25250CE,CE,25250,2026-03-30,13973506,65,0.05,NFO-OPT,NFO,83
NIFTY,NIFTY26MAR25250PE,PE,25250,2026-03-30,13973762,65,0.05,NFO-OPT,NFO,83
NIFTY,NIFTY26MAR25300CE,CE,25300,2026-03-30,13974018,65,0.05,NFO-OPT,NFO,83
NIFTY,NIFTY26MAR25300PE,PE,25300,2026-03-30,13974274,65,0.05,NFO-OPT,NFO,83
NIFTY,NIFTY26MAR25350CE,CE,25350,2026-03-30,13974530,65,0.05,NFO-OPT,NFO,83
NIFTY,NIFTY26MAR25350PE,PE,25350,2026-03-30,13974786,65,0.05,NFO-OPT,NFO,83
NIFTY,NIFTY26MAR25400CE,CE,25400,2026-03-30,13975042,65,0.05,NFO-OPT,NFO,83
NIFTY,NIFTY26MAR25400PE,PE,25400,2026-03-30,13975298,65,0.05,NFO-OPT,NFO,83
NIFTY,NIFTY26MAR25450CE,CE,25450,2026-03-30,13975554,65,0.05,NFO-OPT,NFO,83
NIFTY,NIFTY26MAR25450PE,PE,25450,2026-03-30,13975810,65,0.05,NFO-OPT,NFO,83
NIFTY,NIFTY26MAR25500CE,CE,25500,2026-03-30,13976066,65,0.05,NFO-OPT,NFO,83
NIFTY,NIFTY26MAR25500PE,PE,25500,2026-03-30,13976322,65,0.05,NFO-OPT,NFO,83
NIFTY,NIFTY26MAR25550CE,CE,25550,2026-03-30,13976578,65,0.05,NFO-OPT,NFO,83
NIFTY,NIFTY26MAR25550PE,PE,25550,2026-03-30,13976834,65,0.05,NFO-OPT,NFO,83
NIFTY,NIFTY26MAR25600CE,CE,25600,2026-03-30,13977090,65,0.05,NFO-OPT,NFO,83
NIFTY,NIFTY26MAR25600PE,PE,25600,2026-03-30,13977346,65,0.05,NFO-OPT,NFO,83
NIFTY,NIFTY26MAR25650CE,CE,25650,2026-03-30,13977602,65,0.05,NFO-OPT,NFO,83
NIFTY,NIFTY26MAR25650PE,PE,25650,2026-03-30,13980418,65,0.05,NFO-OPT,NFO,83
NIFTY,NIFTY26MAR25700CE,CE,25700,2026-03-30,13980674,65,0.05,NFO-OPT,NFO,83
NIFTY,NIFTY26MAR25700PE,PE,25700,2026-03-30,13980930,65,0.05,NFO-OPT,NFO,83
NIFTY,NIFTY26MAR25750CE,CE,25750,2026-03-30,13981186,65,0.05,NFO-OPT,NFO,83
NIFTY,NIFTY26MAR25750PE,PE,25750,2026-03-30,13981442,65,0.05,NFO-OPT,NFO,83
NIFTY,NIFTY26MAR25800CE,CE,25800,2026-03-30,13981698,65,0.05,NFO-OPT,NFO,83
NIFTY,NIFTY26MAR25800PE,PE,25800,2026-03-30,13981954,65,0.05,NFO-OPT,NFO,83
NIFTY,NIFTY26MAR25850CE,CE,25850,2026-03-30,13982210,65,0.05,NFO-OPT,NFO,83
NIFTY,NIFTY26MAR25850PE,PE,25850,2026-03-30,13982466,65,0.05,NFO-OPT,NFO,83
NIFTY,NIFTY26MAR25900CE,CE,25900,2026-03-30,13982722,65,0.05,NFO-OPT,NFO,83
NIFTY,NIFTY26MAR25900PE,PE,25900,2026-03-30,13982978,65,0.05,NFO-OPT,NFO,83
NIFTY,NIFTY26MAR25950CE,CE,25950,2026-03-30,13983234,65,0.05,NFO-OPT,NFO,83
NIFTY,NIFTY26MAR25950PE,PE,25950,2026-03-30,13983490,65,0.05,NFO-OPT,NFO,83
NIFTY,NIFTY26MAR26000CE,CE,26000,2026-03-30,16109570,65,0.05,NFO-OPT,NFO,83
NIFTY,NIFTY26MAR26000PE,PE,26000,2026-03-30,16109826,65,0.05,NFO-OPT,NFO,83
NIFTY,NIFTY26MAR26050CE,CE,26050,2026-03-30,13983746,65,0.05,NFO-OPT,NFO,83
NIFTY,NIFTY26MAR26050PE,PE,26050,2026-03-30,13984002,65,0.05,NFO-OPT,NFO,83
NIFTY,NIFTY26MAR26100CE,CE,26100,2026-03-30,13984258,65,0.05,NFO-OPT,NFO,83
NIFTY,NIFTY26MAR26100PE,PE,26100,2026-03-30,13987586,65,0.05,NFO-OPT,NFO,83
NIFTY,NIFTY26MAR26150CE,CE,26150,2026-03-30,13987842,65,0.05,NFO-OPT,NFO,83
NIFTY,NIFTY26MAR26150PE,PE,26150,2026-03-30,13988098,65,0.05,NFO-OPT,NFO,83
NIFTY,NIFTY26MAR26200CE,CE,26200,2026-03-30,13988354,65,0.05,NFO-OPT,NFO,83
NIFTY,NIFTY26MAR26200PE,PE,26200,2026-03-30,13988610,65,0.05,NFO-OPT,NFO,83
NIFTY,NIFTY26MAR26250CE,CE,26250,2026-03-30,13988866,65,0.05,NFO-OPT,NFO,83
NIFTY,NIFTY26MAR26250PE,PE,26250,2026-03-30,13989122,65,0.05,NFO-OPT,NFO,83
NIFTY,NIFTY26MAR26300CE,CE,26300,2026-03-30,13989378,65,0.05,NFO-OPT,NFO,83
NIFTY,NIFTY26MAR26300PE,PE,26300,2026-03-30,13993986,65,0.05,NFO-OPT,NFO,83
NIFTY,NIFTY26MAR26350CE,CE,26350,2026-03-30,13994242,65,0.05,NFO-OPT,NFO,83
NIFTY,NIFTY26MAR26350PE,PE,26350,2026-03-30,13994498,65,0.05,NFO-OPT,NFO,83
NIFTY,NIFTY26MAR26400CE,CE,26400,2026-03-30,13994754,65,0.05,NFO-OPT,NFO,83
NIFTY,NIFTY26MAR26400PE,PE,26400,2026-03-30,13995010,65,0.05,NFO-OPT,NFO,83
NIFTY,NIFTY26MAR26450CE,CE,26450,2026-03-30,13995266,65,0.05,NFO-OPT,NFO,83
NIFTY,NIFTY26MAR26450PE,PE,26450,2026-03-30,13995778,65,0.05,NFO-OPT,NFO,83
NIFTY,NIFTY26MAR26500CE,CE,26500,2026-03-30,13996034,65,0.05,NFO-OPT,NFO,83
NIFTY,NIFTY26MAR26500PE,PE,26500,2026-03-30,13996290,65,0.05,NFO-OPT,NFO,83
NIFTY,NIFTY26MAR26550CE,CE,26550,2026-03-30,14006274,65,0.05,NFO-OPT,NFO,83
NIFTY,NIFTY26MAR26550PE,PE,26550,2026-03-30,14006530,65,0.05,NFO-OPT,NFO,83
NIFTY,NIFTY26MAR26600CE,CE,26600,2026-03-30,14006786,65,0.05,NFO-OPT,NFO,83
NIFTY,NIFTY26MAR26600PE,PE,26600,2026-03-30,14007042,65,0.05,NFO-OPT,NFO,83
NIFTY,NIFTY26MAR26650CE,CE,26650,2026-03-30,14007298,65,0.05,NFO-OPT,NFO,83
NIFTY,NIFTY26MAR26650PE,PE,26650,2026-03-30,14007554,65,0.05,NFO-OPT,NFO,83
NIFTY,NIFTY26MAR26700CE,CE,26700,2026-03-30,14007810,65,0.05,NFO-OPT,NFO,83
NIFTY,NIFTY26MAR26700PE,PE,26700,2026-03-30,14008066,65,0.05,NFO-OPT,NFO,83
NIFTY,NIFTY26MAR26750CE,CE,26750,2026-03-30,14008322,65,0.05,NFO-OPT,NFO,83
NIFTY,NIFTY26MAR26750PE,PE,26750,2026-03-30,14008578,65,0.05,NFO-OPT,NFO,83
NIFTY,NIFTY26MAR26800CE,CE,26800,2026-03-30,14008834,65,0.05,NFO-OPT,NFO,83
NIFTY,NIFTY26MAR26800PE,PE,26800,2026-03-30,14009090,65,0.05,NFO-OPT,NFO,83
NIFTY,NIFTY26MAR26850CE,CE,26850,2026-03-30,14009346,65,0.05,NFO-OPT,NFO,83
NIFTY,NIFTY26MAR26850PE,PE,26850,2026-03-30,14009602,65,0.05,NFO-OPT,NFO,83
NIFTY,NIFTY26MAR26900CE,CE,26900,2026-03-30,14009858,65,0.05,NFO-OPT,NFO,83
NIFTY,NIFTY26MAR26900PE,PE,26900,2026-03-30,14010114,65,0.05,NFO-OPT,NFO,83
NIFTY,NIFTY26MAR26950CE,CE,26950,2026-03-30,14010370,65,0.05,NFO-OPT,NFO,83
NIFTY,NIFTY26MAR26950PE,PE,26950,2026-03-30,14010626,65,0.05,NFO-OPT,NFO,83
NIFTY,NIFTY26MAR27000CE,CE,27000,2026-03-30,16110082,65,0.05,NFO-OPT,NFO,83
NIFTY,NIFTY26MAR27000PE,PE,27000,2026-03-30,16110338,65,0.05,NFO-OPT,NFO,83
NIFTY,NIFTY26MAR27050CE,CE,27050,2026-03-30,14010882,65,0.05,NFO-OPT,NFO,83
NIFTY,NIFTY26MAR27050PE,PE,27050,2026-03-30,14011138,65,0.05,NFO-OPT,NFO,83
NIFTY,NIFTY26MAR27100CE,CE,27100,2026-03-30,14011394,65,0.05,NFO-OPT,NFO,83
NIFTY,NIFTY26MAR27100PE,PE,27100,2026-03-30,14011650,65,0.05,NFO-OPT,NFO,83
NIFTY,NIFTY26MAR27150CE,CE,27150,2026-03-30,14011906,65,0.05,NFO-OPT,NFO,83
NIFTY,NIFTY26MAR27150PE,PE,27150,2026-03-30,14012162,65,0.05,NFO-OPT,NFO,83
NIFTY,NIFTY26MAR27200CE,CE,27200,2026-03-30,14012418,65,0.05,NFO-OPT,NFO,83
NIFTY,NIFTY26MAR27200PE,PE,27200,2026-03-30,14012674,65,0.05,NFO-OPT,NFO,83
NIFTY,NIFTY26MAR27250CE,CE,27250,2026-03-30,14012930,65,0.05,NFO-OPT,NFO,83
NIFTY,NIFTY26MAR27250PE,PE,27250,2026-03-30,14013186,65,0.05,NFO-OPT,NFO,83
NIFTY,NIFTY26MAR27300CE,CE,27300,2026-03-30,14013442,65,0.05,NFO-OPT,NFO,83
NIFTY,NIFTY26MAR27300PE,PE,27300,2026-03-30,14013698,65,0.05,NFO-OPT,NFO,83
NIFTY,NIFTY26MAR27350CE,CE,27350,2026-03-30,14013954,65,0.05,NFO-OPT,NFO,83
NIFTY,NIFTY26MAR27350PE,PE,27350,2026-03-30,14014210,65,0.05,NFO-OPT,NFO,83
NIFTY,NIFTY26MAR27400CE,CE,27400,2026-03-30,14014466,65,0.05,NFO-OPT,NFO,83
NIFTY,NIFTY26MAR27400PE,PE,27400,2026-03-30,14014722,65,0.05,NFO-OPT,NFO,83
NIFTY,NIFTY26MAR27450CE,CE,27450,2026-03-30,14014978,65,0.05,NFO-OPT,NFO,83
NIFTY,NIFTY26MAR27450PE,PE,27450,2026-03-30,14015234,65,0.05,NFO-OPT,NFO,83
NIFTY,NIFTY26MAR27500CE,CE,27500,2026-03-30,14015490,65,0.05,NFO-OPT,NFO,83
NIFTY,NIFTY26MAR27500PE,PE,27500,2026-03-30,14015746,65,0.05,NFO-OPT,NFO,83
NIFTY,NIFTY26MAR27550CE,CE,27550,2026-03-30,14016002,65,0.05,NFO-OPT,NFO,83
NIFTY,NIFTY26MAR27550PE,PE,27550,2026-03-30,14016258,65,0.05,NFO-OPT,NFO,83
NIFTY,NIFTY26MAR27600CE,CE,27600,2026-03-30,14016514,65,0.05,NFO-OPT,NFO,83
NIFTY,NIFTY26MAR27600PE,PE,27600,2026-03-30,14016770,65,0.05,NFO-OPT,NFO,83
NIFTY,NIFTY26MAR27650CE,CE,27650,2026-03-30,14034434,65,0.05,NFO-OPT,NFO,83
NIFTY,NIFTY26MAR27650PE,PE,27650,2026-03-30,14034690,65,0.05,NFO-OPT,NFO,83
NIFTY,NIFTY26MAR27700CE,CE,27700,2026-03-30,14034946,65,0.05,NFO-OPT,NFO,83
NIFTY,NIFTY26MAR27700PE,PE,27700,2026-03-30,14035202,65,0.05,NFO-OPT,NFO,83
NIFTY,NIFTY26MAR27750CE,CE,27750,2026-03-30,14035458,65,0.05,NFO-OPT,NFO,83
NIFTY,NIFTY26MAR27750PE,PE,27750,2026-03-30,14035714,65,0.05,NFO-OPT,NFO,83
NIFTY,NIFTY26MAR27800CE,CE,27800,2026-03-30,14035970,65,0.05,NFO-OPT,NFO,83
NIFTY,NIFTY26MAR27800PE,PE,27800,2026-03-30,14036226,65,0.05,NFO-OPT,NFO,83
NIFTY,NIFTY26MAR27850CE,CE,27850,2026-03-30,14036482,65,0.05,NFO-OPT,NFO,83
NIFTY,NIFTY26MAR27850PE,PE,27850,2026-03-30,14036738,65,0.05,NFO-OPT,NFO,83
NIFTY,NIFTY26MAR27900CE,CE,27900,2026-03-30,14038018,65,0.05,NFO-OPT,NFO,83
NIFTY,NIFTY26MAR27900PE,PE,27900,2026-03-30,14038274,65,0.05,NFO-OPT,NFO,83
NIFTY,NIFTY26MAR27950CE,CE,27950,2026-03-30,14038530,65,0.05,NFO-OPT,NFO,83
NIFTY,NIFTY26MAR27950PE,PE,27950,2026-03-30,14038786,65,0.05,NFO-OPT,NFO,83
NIFTY,NIFTY26MAR28000CE,CE,28000,2026-03-30,16110594,65,0.05,NFO-OPT,NFO,83
NIFTY,NIFTY26MAR28000PE,PE,28000,2026-03-30,16110850,65,0.05,NFO-OPT,NFO,83
NIFTY,NIFTY26MAR28050CE,CE,28050,2026-03-30,14039042,65,0.05,NFO-OPT,NFO,83
NIFTY,NIFTY26MAR28050PE,PE,28050,2026-03-30,14039298,65,0.05,NFO-OPT,NFO,83
NIFTY,NIFTY26MAR28100CE,CE,28100,2026-03-30,14039554,65,0.05,NFO-OPT,NFO,83
NIFTY,NIFTY26MAR28100PE,PE,28100,2026-03-30,14039810,65,0.05,NFO-OPT,NFO,83
NIFTY,NIFTY26MAR29000CE,CE,29000,2026-03-30,16111362,65,0.05,NFO-OPT,NFO,83
NIFTY,NIFTY26MAR29000PE,PE,29000,2026-03-30,16111618,65,0.05,NFO-OPT,NFO,83
NIFTY,NIFTY26MAR30000CE,CE,30000,2026-03-30,16111874,65,0.05,NFO-OPT,NFO,83
NIFTY,NIFTY26MAR30000PE,PE,30000,2026-03-30,16116482,65,0.05,NFO-OPT,NFO,83
NIFTY,NIFTY26MAR31000CE,CE,31000,2026-03-30,16116738,65,0.05,NFO-OPT,NFO,83
NIFTY,NIFTY26MAR31000PE,PE,31000,2026-03-30,16118786,65,0.05,NFO-OPT,NFO,83
NIFTY,NIFTY26JUN12000CE,CE,12000,2026-06-30,15007746,65,0.05,NFO-OPT,NFO,175
NIFTY,NIFTY26JUN12000PE,PE,12000,2026-06-30,15008002,65,0.05,NFO-OPT,NFO,175
NIFTY,NIFTY26JUN13000PE,PE,13000,2026-06-30,9677314,65,0.05,NFO-OPT,NFO,175
NIFTY,NIFTY26JUN14000PE,PE,14000,2026-06-30,12913666,65,0.05,NFO-OPT,NFO,175
NIFTY,NIFTY26JUN15000PE,PE,15000,2026-06-30,12914690,65,0.05,NFO-OPT,NFO,175
NIFTY,NIFTY26JUN16000PE,PE,16000,2026-06-30,12918274,65,0.05,NFO-OPT,NFO,175
NIFTY,NIFTY26JUN18000CE,CE,18000,2026-06-30,12942338,65,0.05,NFO-OPT,NFO,175
NIFTY,NIFTY26JUN18000PE,PE,18000,2026-06-30,12942594,65,0.05,NFO-OPT,NFO,175
NIFTY,NIFTY26JUN19000CE,CE,19000,2026-06-30,10237186,65,0.05,NFO-OPT,NFO,175
NIFTY,NIFTY26JUN19000PE,PE,19000,2026-06-30,10237442,65,0.05,NFO-OPT,NFO,175
NIFTY,NIFTY26JUN19500CE,CE,19500,2026-06-30,14126850,65,0.05,NFO-OPT,NFO,175
NIFTY,NIFTY26JUN19500PE,PE,19500,2026-06-30,14127106,65,0.05,NFO-OPT,NFO,175
NIFTY,NIFTY26JUN20000PE,PE,20000,2026-06-30,9825282,65,0.05,NFO-OPT,NFO,175
NIFTY,NIFTY26JUN21000CE,CE,21000,2026-06-30,13171970,65,0.05,NFO-OPT,NFO,175
NIFTY,NIFTY26JUN21000PE,PE,21000,2026-06-30,13172482,65,0.05,NFO-OPT,NFO,175
NIFTY,NIFTY26JUN22000PE,PE,22000,2026-06-30,15008514,65,0.05,NFO-OPT,NFO,175
NIFTY,NIFTY26JUN22500CE,CE,22500,2026-06-30,14127362,65,0.05,NFO-OPT,NFO,175
NIFTY,NIFTY26JUN22500PE,PE,22500,2026-06-30,14127618,65,0.05,NFO-OPT,NFO,175
NIFTY,NIFTY26JUN23000CE,CE,23000,2026-06-30,9676546,65,0.05,NFO-OPT,NFO,175
NIFTY,NIFTY26JUN23000PE,PE,23000,2026-06-30,9678082,65,0.05,NFO-OPT,NFO,175
NIFTY,NIFTY26JUN24000CE,CE,24000,2026-06-30,18296834,65,0.05,NFO-OPT,NFO,175
NIFTY,NIFTY26JUN24000PE,PE,24000,2026-06-30,18297090,65,0.05,NFO-OPT,NFO,175
NIFTY,NIFTY26JUN25000CE,CE,25000,2026-06-30,18297346,65,0.05,NFO-OPT,NFO,175
NIFTY,NIFTY26JUN25000PE,PE,25000,2026-06-30,18297602,65,0.05,NFO-OPT,NFO,175
NIFTY,NIFTY26JUN25500CE,CE,25500,2026-06-30,14128130,65,0.05,NFO-OPT,NFO,175
NIFTY,NIFTY26JUN25500PE,PE,25500,2026-06-30,14128386,65,0.05,NFO-OPT,NFO,175
NIFTY,NIFTY26JUN26000CE,CE,26000,2026-06-30,18297858,65,0.05,NFO-OPT,NFO,175
NIFTY,NIFTY26JUN26000PE,PE,26000,2026-06-30,18298114,65,0.05,NFO-OPT,NFO,175
NIFTY,NIFTY26JUN27000CE,CE,27000,2026-06-30,13049090,65,0.05,NFO-OPT,NFO,175
NIFTY,NIFTY26JUN27000PE,PE,27000,2026-06-30,13049858,65,0.05,NFO-OPT,NFO,175
NIFTY,NIFTY26JUN28000CE,CE,28000,2026-06-30,12939522,65,0.05,NFO-OPT,NFO,175
NIFTY,NIFTY26JUN28000PE,PE,28000,2026-06-30,12939778,65,0.05,NFO-OPT,NFO,175
NIFTY,NIFTY26JUN28500CE,CE,28500,2026-06-30,14128642,65,0.05,NFO-OPT,NFO,175
NIFTY,NIFTY26JUN28500PE,PE,28500,2026-06-30,14128898,65,0.05,NFO-OPT,NFO,175
NIFTY,NIFTY26JUN29000CE,CE,29000,2026-06-30,9767426,65,0.05,NFO-OPT,NFO,175
NIFTY,NIFTY26JUN29000PE,PE,29000,2026-06-30,9768194,65,0.05,NFO-OPT,NFO,175
NIFTY,NIFTY26JUN30000CE,CE,30000,2026-06-30,9018626,65,0.05,NFO-OPT,NFO,175
NIFTY,NIFTY26JUN30000PE,PE,30000,2026-06-30,9019138,65,0.05,NFO-OPT,NFO,175
NIFTY,NIFTY26JUN31000CE,CE,31000,2026-06-30,10786050,65,0.05,NFO-OPT,NFO,175
NIFTY,NIFTY26JUN31500CE,CE,31500,2026-06-30,14136322,65,0.05,NFO-OPT,NFO,175
NIFTY,NIFTY26JUN31500PE,PE,31500,2026-06-30,14136578,65,0.05,NFO-OPT,NFO,175
NIFTY,NIFTY26JUN33000CE,CE,33000,2026-06-30,12080130,65,0.05,NFO-OPT,NFO,175
NIFTY,NIFTY26JUN33000PE,PE,33000,2026-06-30,12080386,65,0.05,NFO-OPT,NFO,175
NIFTY,NIFTY26JUN34500CE,CE,34500,2026-06-30,14137346,65,0.05,NFO-OPT,NFO,175
NIFTY,NIFTY26JUN34500PE,PE,34500,2026-06-30,14137602,65,0.05,NFO-OPT,NFO,175
NIFTY,NIFTY26SEP18000CE,CE,18000,2026-09-29,16867074,65,0.05,NFO-OPT,NFO,266
NIFTY,NIFTY26SEP18000PE,PE,18000,2026-09-29,16867330,65,0.05,NFO-OPT,NFO,266
NIFTY,NIFTY26SEP19500CE,CE,19500,2026-09-29,14152194,65,0.05,NFO-OPT,NFO,266
NIFTY,NIFTY26SEP19500PE,PE,19500,2026-09-29,14152450,65,0.05,NFO-OPT,NFO,266
NIFTY,NIFTY26SEP21000CE,CE,21000,2026-09-29,16868610,65,0.05,NFO-OPT,NFO,266
NIFTY,NIFTY26SEP21000PE,PE,21000,2026-09-29,16868866,65,0.05,NFO-OPT,NFO,266
NIFTY,NIFTY26SEP22500CE,CE,22500,2026-09-29,14152706,65,0.05,NFO-OPT,NFO,266
NIFTY,NIFTY26SEP22500PE,PE,22500,2026-09-29,14152962,65,0.05,NFO-OPT,NFO,266
NIFTY,NIFTY26SEP23000PE,PE,23000,2026-09-29,16870146,65,0.05,NFO-OPT,NFO,266
NIFTY,NIFTY26SEP24000CE,CE,24000,2026-09-29,16870402,65,0.05,NFO-OPT,NFO,266
NIFTY,NIFTY26SEP24000PE,PE,24000,2026-09-29,16870658,65,0.05,NFO-OPT,NFO,266
NIFTY,NIFTY26SEP25000PE,PE,25000,2026-09-29,16871170,65,0.05,NFO-OPT,NFO,266
NIFTY,NIFTY26SEP25500CE,CE,25500,2026-09-29,14153218,65,0.05,NFO-OPT,NFO,266
NIFTY,NIFTY26SEP25500PE,PE,25500,2026-09-29,14153474,65,0.05,NFO-OPT,NFO,266
NIFTY,NIFTY26SEP26000CE,CE,26000,2026-09-29,16871426,65,0.05,NFO-OPT,NFO,266
NIFTY,NIFTY26SEP26000PE,PE,26000,2026-09-29,16871682,65,0.05,NFO-OPT,NFO,266
NIFTY,NIFTY26SEP27000CE,CE,27000,2026-09-29,16871938,65,0.05,NFO-OPT,NFO,266
NIFTY,NIFTY26SEP27000PE,PE,27000,2026-09-29,16872194,65,0.05,NFO-OPT,NFO,266
NIFTY,NIFTY26SEP28500CE,CE,28500,2026-09-29,14153730,65,0.05,NFO-OPT,NFO,266
NIFTY,NIFTY26SEP28500PE,PE,28500,2026-09-29,14153986,65,0.05,NFO-OPT,NFO,266
NIFTY,NIFTY26SEP30000CE,CE,30000,2026-09-29,16876290,65,0.05,NFO-OPT,NFO,266
NIFTY,NIFTY26SEP30000PE,PE,30000,2026-09-29,16876546,65,0.05,NFO-OPT,NFO,266
NIFTY,NIFTY26SEP31500CE,CE,31500,2026-09-29,14154242,65,0.05,NFO-OPT,NFO,266
NIFTY,NIFTY26SEP31500PE,PE,31500,2026-09-29,14154498,65,0.05,NFO-OPT,NFO,266
NIFTY,NIFTY26SEP33000CE,CE,33000,2026-09-29,16877826,65,0.05,NFO-OPT,NFO,266
NIFTY,NIFTY26SEP33000PE,PE,33000,2026-09-29,16878082,65,0.05,NFO-OPT,NFO,266
NIFTY,NIFTY26SEP34500CE,CE,34500,2026-09-29,14154754,65,0.05,NFO-OPT,NFO,266
NIFTY,NIFTY26SEP34500PE,PE,34500,2026-09-29,14155010,65,0.05,NFO-OPT,NFO,266
NIFTY,NIFTY26DEC12000PE,PE,12000,2026-12-29,15009026,65,0.05,NFO-OPT,NFO,357
NIFTY,NIFTY26DEC13000PE,PE,13000,2026-12-29,15009538,65,0.05,NFO-OPT,NFO,357
NIFTY,NIFTY26DEC14000PE,PE,14000,2026-12-29,15010050,65,0.05,NFO-OPT,NFO,357
NIFTY,NIFTY26DEC15000PE,PE,15000,2026-12-29,15010562,65,0.05,NFO-OPT,NFO,357
NIFTY,NIFTY26DEC16000CE,CE,16000,2026-12-29,15010818,65,0.05,NFO-OPT,NFO,357
NIFTY,NIFTY26DEC16000PE,PE,16000,2026-12-29,15011074,65,0.05,NFO-OPT,NFO,357
NIFTY,NIFTY26DEC17000PE,PE,17000,2026-12-29,15011586,65,0.05,NFO-OPT,NFO,357
NIFTY,NIFTY26DEC18000CE,CE,18000,2026-12-29,15011842,65,0.05,NFO-OPT,NFO,357
NIFTY,NIFTY26DEC18000PE,PE,18000,2026-12-29,15012098,65,0.05,NFO-OPT,NFO,357
NIFTY,NIFTY26DEC19000CE,CE,19000,2026-12-29,15012354,65,0.05,NFO-OPT,NFO,357
NIFTY,NIFTY26DEC19000PE,PE,19000,2026-12-29,15012610,65,0.05,NFO-OPT,NFO,357
NIFTY,NIFTY26DEC19500CE,CE,19500,2026-12-29,14162946,65,0.05,NFO-OPT,NFO,357
NIFTY,NIFTY26DEC19500PE,PE,19500,2026-12-29,14163202,65,0.05,NFO-OPT,NFO,357
NIFTY,NIFTY26DEC20000CE,CE,20000,2026-12-29,15012866,65,0.05,NFO-OPT,NFO,357
NIFTY,NIFTY26DEC20000PE,PE,20000,2026-12-29,15013122,65,0.05,NFO-OPT,NFO,357
NIFTY,NIFTY26DEC21000CE,CE,21000,2026-12-29,15013378,65,0.05,NFO-OPT,NFO,357
NIFTY,NIFTY26DEC21000PE,PE,21000,2026-12-29,15013634,65,0.05,NFO-OPT,NFO,357
NIFTY,NIFTY26DEC22000CE,CE,22000,2026-12-29,15013890,65,0.05,NFO-OPT,NFO,357
NIFTY,NIFTY26DEC22000PE,PE,22000,2026-12-29,15014146,65,0.05,NFO-OPT,NFO,357
NIFTY,NIFTY26DEC22500CE,CE,22500,2026-12-29,14163458,65,0.05,NFO-OPT,NFO,357
NIFTY,NIFTY26DEC22500PE,PE,22500,2026-12-29,14163714,65,0.05,NFO-OPT,NFO,357
NIFTY,NIFTY26DEC23000CE,CE,23000,2026-12-29,9678338,65,0.05,NFO-OPT,NFO,357
NIFTY,NIFTY26DEC23000PE,PE,23000,2026-12-29,9679362,65,0.05,NFO-OPT,NFO,357
NIFTY,NIFTY26DEC24000CE,CE,24000,2026-12-29,18304258,65,0.05,NFO-OPT,NFO,357
NIFTY,NIFTY26DEC24000PE,PE,24000,2026-12-29,18304514,65,0.05,NFO-OPT,NFO,357
NIFTY,NIFTY26DEC25000CE,CE,25000,2026-12-29,18304770,65,0.05,NFO-OPT,NFO,357
NIFTY,NIFTY26DEC25000PE,PE,25000,2026-12-29,18305026,65,0.05,NFO-OPT,NFO,357
NIFTY,NIFTY26DEC25500CE,CE,25500,2026-12-29,14163970,65,0.05,NFO-OPT,NFO,357
NIFTY,NIFTY26DEC25500PE,PE,25500,2026-12-29,14164226,65,0.05,NFO-OPT,NFO,357
NIFTY,NIFTY26DEC26000CE,CE,26000,2026-12-29,18305282,65,0.05,NFO-OPT,NFO,357
NIFTY,NIFTY26DEC26000PE,PE,26000,2026-12-29,18305538,65,0.05,NFO-OPT,NFO,357
NIFTY,NIFTY26DEC27000CE,CE,27000,2026-12-29,13050370,65,0.05,NFO-OPT,NFO,357
NIFTY,NIFTY26DEC27000PE,PE,27000,2026-12-29,13050626,65,0.05,NFO-OPT,NFO,357
NIFTY,NIFTY26DEC28000CE,CE,28000,2026-12-29,12940034,65,0.05,NFO-OPT,NFO,357
NIFTY,NIFTY26DEC28000PE,PE,28000,2026-12-29,12940290,65,0.05,NFO-OPT,NFO,357
NIFTY,NIFTY26DEC28500CE,CE,28500,2026-12-29,14164482,65,0.05,NFO-OPT,NFO,357
NIFTY,NIFTY26DEC28500PE,PE,28500,2026-12-29,14164738,65,0.05,NFO-OPT,NFO,357
NIFTY,NIFTY26DEC29000CE,CE,29000,2026-12-29,9768450,65,0.05,NFO-OPT,NFO,357
NIFTY,NIFTY26DEC29000PE,PE,29000,2026-12-29,9768706,65,0.05,NFO-OPT,NFO,357
NIFTY,NIFTY26DEC30000CE,CE,30000,2026-12-29,9020162,65,0.05,NFO-OPT,NFO,357
NIFTY,NIFTY26DEC30000PE,PE,30000,2026-12-29,9020674,65,0.05,NFO-OPT,NFO,357
NIFTY,NIFTY26DEC31000CE,CE,31000,2026-12-29,10786818,65,0.05,NFO-OPT,NFO,357
NIFTY,NIFTY26DEC31500CE,CE,31500,2026-12-29,14164994,65,0.05,NFO-OPT,NFO,357
NIFTY,NIFTY26DEC31500PE,PE,31500,2026-12-29,14165250,65,0.05,NFO-OPT,NFO,357
NIFTY,NIFTY26DEC33000CE,CE,33000,2026-12-29,12080642,65,0.05,NFO-OPT,NFO,357
NIFTY,NIFTY26DEC33000PE,PE,33000,2026-12-29,12080898,65,0.05,NFO-OPT,NFO,357
NIFTY,NIFTY26DEC34500CE,CE,34500,2026-12-29,14166018,65,0.05,NFO-OPT,NFO,357
NIFTY,NIFTY26DEC34500PE,PE,34500,2026-12-29,14166274,65,0.05,NFO-OPT,NFO,357
NIFTY,NIFTY27JUN18000CE,CE,18000,2027-06-29,18316034,65,0.05,NFO-OPT,NFO,539
NIFTY,NIFTY27JUN18000PE,PE,18000,2027-06-29,18316290,65,0.05,NFO-OPT,NFO,539
NIFTY,NIFTY27JUN19000CE,CE,19000,2027-06-29,18316546,65,0.05,NFO-OPT,NFO,539
NIFTY,NIFTY27JUN19000PE,PE,19000,2027-06-29,18316802,65,0.05,NFO-OPT,NFO,539
NIFTY,NIFTY27JUN19500CE,CE,19500,2027-06-29,14175234,65,0.05,NFO-OPT,NFO,539
NIFTY,NIFTY27JUN19500PE,PE,19500,2027-06-29,14175490,65,0.05,NFO-OPT,NFO,539
NIFTY,NIFTY27JUN21000CE,CE,21000,2027-06-29,18317570,65,0.05,NFO-OPT,NFO,539
NIFTY,NIFTY27JUN21000PE,PE,21000,2027-06-29,18317826,65,0.05,NFO-OPT,NFO,539
NIFTY,NIFTY27JUN22500CE,CE,22500,2027-06-29,14175746,65,0.05,NFO-OPT,NFO,539
NIFTY,NIFTY27JUN22500PE,PE,22500,2027-06-29,14176002,65,0.05,NFO-OPT,NFO,539
NIFTY,NIFTY27JUN24000CE,CE,24000,2027-06-29,18319362,65,0.05,NFO-OPT,NFO,539
NIFTY,NIFTY27JUN24000PE,PE,24000,2027-06-29,18319618,65,0.05,NFO-OPT,NFO,539
NIFTY,NIFTY27JUN25500CE,CE,25500,2027-06-29,14176258,65,0.05,NFO-OPT,NFO,539
NIFTY,NIFTY27JUN25500PE,PE,25500,2027-06-29,14176514,65,0.05,NFO-OPT,NFO,539
NIFTY,NIFTY27JUN27000CE,CE,27000,2027-06-29,13051138,65,0.05,NFO-OPT,NFO,539
NIFTY,NIFTY27JUN27000PE,PE,27000,2027-06-29,13051906,65,0.05,NFO-OPT,NFO,539
NIFTY,NIFTY27JUN28500CE,CE,28500,2027-06-29,14176770,65,0.05,NFO-OPT,NFO,539
NIFTY,NIFTY27JUN28500PE,PE,28500,2027-06-29,14177026,65,0.05,NFO-OPT,NFO,539
NIFTY,NIFTY27JUN30000CE,CE,30000,2027-06-29,9027074,65,0.05,NFO-OPT,NFO,539
NIFTY,NIFTY27JUN30000PE,PE,30000,2027-06-29,9027330,65,0.05,NFO-OPT,NFO,539
NIFTY,NIFTY27JUN31500CE,CE,31500,2027-06-29,14177282,65,0.05,NFO-OPT,NFO,539
NIFTY,NIFTY27JUN31500PE,PE,31500,2027-06-29,14177538,65,0.05,NFO-OPT,NFO,539
NIFTY,NIFTY27JUN33000CE,CE,33000,2027-06-29,12081154,65,0.05,NFO-OPT,NFO,539
NIFTY,NIFTY27JUN33000PE,PE,33000,2027-06-29,12081410,65,0.05,NFO-OPT,NFO,539
NIFTY,NIFTY27JUN34500CE,CE,34500,2027-06-29,14178306,65,0.05,NFO-OPT,NFO,539
NIFTY,NIFTY27JUN34500PE,PE,34500,2027-06-29,14178562,65,0.05,NFO-OPT,NFO,539
NIFTY,NIFTY27DEC15000PE,PE,15000,2027-12-28,13720322,65,0.05,NFO-OPT,NFO,721
NIFTY,NIFTY27DEC17000PE,PE,17000,2027-12-28,13722114,65,0.05,NFO-OPT,NFO,721
NIFTY,NIFTY27DEC18000CE,CE,18000,2027-12-28,13722370,65,0.05,NFO-OPT,NFO,721
NIFTY,NIFTY27DEC18000PE,PE,18000,2027-12-28,13722626,65,0.05,NFO-OPT,NFO,721
NIFTY,NIFTY27DEC19000PE,PE,19000,2027-12-28,13723138,65,0.05,NFO-OPT,NFO,721
NIFTY,NIFTY27DEC19500CE,CE,19500,2027-12-28,14188034,65,0.05,NFO-OPT,NFO,721
NIFTY,NIFTY27DEC19500PE,PE,19500,2027-12-28,14188290,65,0.05,NFO-OPT,NFO,721
NIFTY,NIFTY27DEC20000PE,PE,20000,2027-12-28,13724418,65,0.05,NFO-OPT,NFO,721
NIFTY,NIFTY27DEC21000CE,CE,21000,2027-12-28,13724930,65,0.05,NFO-OPT,NFO,721
NIFTY,NIFTY27DEC21000PE,PE,21000,2027-12-28,13725442,65,0.05,NFO-OPT,NFO,721
NIFTY,NIFTY27DEC22000PE,PE,22000,2027-12-28,13725954,65,0.05,NFO-OPT,NFO,721
NIFTY,NIFTY27DEC22500CE,CE,22500,2027-12-28,14188546,65,0.05,NFO-OPT,NFO,721
NIFTY,NIFTY27DEC22500PE,PE,22500,2027-12-28,14188802,65,0.05,NFO-OPT,NFO,721
NIFTY,NIFTY27DEC23000PE,PE,23000,2027-12-28,13726466,65,0.05,NFO-OPT,NFO,721
NIFTY,NIFTY27DEC24000CE,CE,24000,2027-12-28,13727746,65,0.05,NFO-OPT,NFO,721
NIFTY,NIFTY27DEC24000PE,PE,24000,2027-12-28,13728002,65,0.05,NFO-OPT,NFO,721
NIFTY,NIFTY27DEC25000CE,CE,25000,2027-12-28,13728258,65,0.05,NFO-OPT,NFO,721
NIFTY,NIFTY27DEC25000PE,PE,25000,2027-12-28,13728514,65,0.05,NFO-OPT,NFO,721
NIFTY,NIFTY27DEC25500CE,CE,25500,2027-12-28,14189058,65,0.05,NFO-OPT,NFO,721
NIFTY,NIFTY27DEC25500PE,PE,25500,2027-12-28,14189314,65,0.05,NFO-OPT,NFO,721
NIFTY,NIFTY27DEC26000CE,CE,26000,2027-12-28,13728770,65,0.05,NFO-OPT,NFO,721
NIFTY,NIFTY27DEC26000PE,PE,26000,2027-12-28,13729282,65,0.05,NFO-OPT,NFO,721
NIFTY,NIFTY27DEC27000CE,CE,27000,2027-12-28,13729538,65,0.05,NFO-OPT,NFO,721
NIFTY,NIFTY27DEC27000PE,PE,27000,2027-12-28,13729794,65,0.05,NFO-OPT,NFO,721
NIFTY,NIFTY27DEC28500CE,CE,28500,2027-12-28,14189570,65,0.05,NFO-OPT,NFO,721
NIFTY,NIFTY27DEC28500PE,PE,28500,2027-12-28,14189826,65,0.05,NFO-OPT,NFO,721
NIFTY,NIFTY27DEC30000CE,CE,30000,2027-12-28,9048578,65,0.05,NFO-OPT,NFO,721
NIFTY,NIFTY27DEC30000PE,PE,30000,2027-12-28,9048834,65,0.05,NFO-OPT,NFO,721
NIFTY,NIFTY27DEC31500CE,CE,31500,2027-12-28,14190082,65,0.05,NFO-OPT,NFO,721
NIFTY,NIFTY27DEC31500PE,PE,31500,2027-12-28,14190338,65,0.05,NFO-OPT,NFO,721
NIFTY,NIFTY27DEC33000CE,CE,33000,2027-12-28,12081666,65,0.05,NFO-OPT,NFO,721
NIFTY,NIFTY27DEC33000PE,PE,33000,2027-12-28,12081922,65,0.05,NFO-OPT,NFO,721
NIFTY,NIFTY27DEC34500CE,CE,34500,2027-12-28,14192130,65,0.05,NFO-OPT,NFO,721
NIFTY,NIFTY27DEC34500PE,PE,34500,2027-12-28,14192386,65,0.05,NFO-OPT,NFO,721
NIFTY,NIFTY28JUN18000CE,CE,18000,2028-06-27,22051586,65,0.05,NFO-OPT,NFO,903
NIFTY,NIFTY28JUN18000PE,PE,18000,2028-06-27,22051842,65,0.05,NFO-OPT,NFO,903
NIFTY,NIFTY28JUN19500CE,CE,19500,2028-06-27,14200322,65,0.05,NFO-OPT,NFO,903
NIFTY,NIFTY28JUN19500PE,PE,19500,2028-06-27,14200578,65,0.05,NFO-OPT,NFO,903
NIFTY,NIFTY28JUN21000CE,CE,21000,2028-06-27,22053122,65,0.05,NFO-OPT,NFO,903
NIFTY,NIFTY28JUN21000PE,PE,21000,2028-06-27,22053378,65,0.05,NFO-OPT,NFO,903
NIFTY,NIFTY28JUN22000PE,PE,22000,2028-06-27,22053890,65,0.05,NFO-OPT,NFO,903
NIFTY,NIFTY28JUN22500CE,CE,22500,2028-06-27,14200834,65,0.05,NFO-OPT,NFO,903
NIFTY,NIFTY28JUN22500PE,PE,22500,2028-06-27,14201602,65,0.05,NFO-OPT,NFO,903
NIFTY,NIFTY28JUN24000CE,CE,24000,2028-06-27,22054658,65,0.05,NFO-OPT,NFO,903
NIFTY,NIFTY28JUN24000PE,PE,24000,2028-06-27,22054914,65,0.05,NFO-OPT,NFO,903
NIFTY,NIFTY28JUN25500CE,CE,25500,2028-06-27,14201858,65,0.05,NFO-OPT,NFO,903
NIFTY,NIFTY28JUN25500PE,PE,25500,2028-06-27,14202114,65,0.05,NFO-OPT,NFO,903
NIFTY,NIFTY28JUN27000CE,CE,27000,2028-06-27,22057730,65,0.05,NFO-OPT,NFO,903
NIFTY,NIFTY28JUN27000PE,PE,27000,2028-06-27,22057986,65,0.05,NFO-OPT,NFO,903
NIFTY,NIFTY28JUN28500CE,CE,28500,2028-06-27,14202370,65,0.05,NFO-OPT,NFO,903
NIFTY,NIFTY28JUN28500PE,PE,28500,2028-06-27,14202626,65,0.05,NFO-OPT,NFO,903
NIFTY,NIFTY28JUN30000CE,CE,30000,2028-06-27,9050114,65,0.05,NFO-OPT,NFO,903
NIFTY,NIFTY28JUN30000PE,PE,30000,2028-06-27,9050370,65,0.05,NFO-OPT,NFO,903
NIFTY,NIFTY28JUN31500CE,CE,31500,2028-06-27,14202882,65,0.05,NFO-OPT,NFO,903
NIFTY,NIFTY28JUN31500PE,PE,31500,2028-06-27,14203138,65,0.05,NFO-OPT,NFO,903
NIFTY,NIFTY28JUN33000CE,CE,33000,2028-06-27,12082178,65,0.05,NFO-OPT,NFO,903
NIFTY,NIFTY28JUN33000PE,PE,33000,2028-06-27,12082434,65,0.05,NFO-OPT,NFO,903
NIFTY,NIFTY28JUN34500CE,CE,34500,2028-06-27,14203394,65,0.05,NFO-OPT,NFO,903
NIFTY,NIFTY28JUN34500PE,PE,34500,2028-06-27,14203650,65,0.05,NFO-OPT,NFO,903
NIFTY,NIFTY28DEC18000CE,CE,18000,2028-12-26,17349122,65,0.05,NFO-OPT,NFO,1085
NIFTY,NIFTY28DEC18000PE,PE,18000,2028-12-26,17349378,65,0.05,NFO-OPT,NFO,1085
NIFTY,NIFTY28DEC19500CE,CE,19500,2028-12-26,14212610,65,0.05,NFO-OPT,NFO,1085
NIFTY,NIFTY28DEC19500PE,PE,19500,2028-12-26,14212866,65,0.05,NFO-OPT,NFO,1085
NIFTY,NIFTY28DEC20000PE,PE,20000,2028-12-26,17350402,65,0.05,NFO-OPT,NFO,1085
NIFTY,NIFTY28DEC21000CE,CE,21000,2028-12-26,17350658,65,0.05,NFO-OPT,NFO,1085
NIFTY,NIFTY28DEC21000PE,PE,21000,2028-12-26,17350914,65,0.05,NFO-OPT,NFO,1085
NIFTY,NIFTY28DEC22000PE,PE,22000,2028-12-26,17351426,65,0.05,NFO-OPT,NFO,1085
NIFTY,NIFTY28DEC22500CE,CE,22500,2028-12-26,14213122,65,0.05,NFO-OPT,NFO,1085
NIFTY,NIFTY28DEC22500PE,PE,22500,2028-12-26,14213378,65,0.05,NFO-OPT,NFO,1085
NIFTY,NIFTY28DEC23000PE,PE,23000,2028-12-26,17351938,65,0.05,NFO-OPT,NFO,1085
NIFTY,NIFTY28DEC24000CE,CE,24000,2028-12-26,17352194,65,0.05,NFO-OPT,NFO,1085
NIFTY,NIFTY28DEC24000PE,PE,24000,2028-12-26,17352450,65,0.05,NFO-OPT,NFO,1085
NIFTY,NIFTY28DEC25000PE,PE,25000,2028-12-26,17352962,65,0.05,NFO-OPT,NFO,1085
NIFTY,NIFTY28DEC25500CE,CE,25500,2028-12-26,14213634,65,0.05,NFO-OPT,NFO,1085
NIFTY,NIFTY28DEC25500PE,PE,25500,2028-12-26,14213890,65,0.05,NFO-OPT,NFO,1085
NIFTY,NIFTY28DEC26000PE,PE,26000,2028-12-26,17353474,65,0.05,NFO-OPT,NFO,1085
NIFTY,NIFTY28DEC27000CE,CE,27000,2028-12-26,17353730,65,0.05,NFO-OPT,NFO,1085
NIFTY,NIFTY28DEC27000PE,PE,27000,2028-12-26,17353986,65,0.05,NFO-OPT,NFO,1085
NIFTY,NIFTY28DEC28000CE,CE,28000,2028-12-26,17354242,65,0.05,NFO-OPT,NFO,1085
NIFTY,NIFTY28DEC28500CE,CE,28500,2028-12-26,14214146,65,0.05,NFO-OPT,NFO,1085
NIFTY,NIFTY28DEC28500PE,PE,28500,2028-12-26,14214402,65,0.05,NFO-OPT,NFO,1085
NIFTY,NIFTY28DEC30000CE,CE,30000,2028-12-26,17355266,65,0.05,NFO-OPT,NFO,1085
NIFTY,NIFTY28DEC30000PE,PE,30000,2028-12-26,17355522,65,0.05,NFO-OPT,NFO,1085
NIFTY,NIFTY28DEC31500CE,CE,31500,2028-12-26,14214658,65,0.05,NFO-OPT,NFO,1085
NIFTY,NIFTY28DEC31500PE,PE,31500,2028-12-26,14214914,65,0.05,NFO-OPT,NFO,1085
NIFTY,NIFTY28DEC33000CE,CE,33000,2028-12-26,12082690,65,0.05,NFO-OPT,NFO,1085
NIFTY,NIFTY28DEC33000PE,PE,33000,2028-12-26,12082946,65,0.05,NFO-OPT,NFO,1085
NIFTY,NIFTY28DEC34500CE,CE,34500,2028-12-26,14215170,65,0.05,NFO-OPT,NFO,1085
NIFTY,NIFTY28DEC34500PE,PE,34500,2028-12-26,14215426,65,0.05,NFO-OPT,NFO,1085
NIFTY,NIFTY29JUN18000CE,CE,18000,2029-06-26,22940674,65,0.05,NFO-OPT,NFO,1267
NIFTY,NIFTY29JUN18000PE,PE,18000,2029-06-26,22940930,65,0.05,NFO-OPT,NFO,1267
NIFTY,NIFTY29JUN19500CE,CE,19500,2029-06-26,14222850,65,0.05,NFO-OPT,NFO,1267
NIFTY,NIFTY29JUN19500PE,PE,19500,2029-06-26,14223106,65,0.05,NFO-OPT,NFO,1267
NIFTY,NIFTY29JUN21000CE,CE,21000,2029-06-26,22943746,65,0.05,NFO-OPT,NFO,1267
NIFTY,NIFTY29JUN21000PE,PE,21000,2029-06-26,22944002,65,0.05,NFO-OPT,NFO,1267
NIFTY,NIFTY29JUN22500CE,CE,22500,2029-06-26,14223362,65,0.05,NFO-OPT,NFO,1267
NIFTY,NIFTY29JUN22500PE,PE,22500,2029-06-26,14223618,65,0.05,NFO-OPT,NFO,1267
NIFTY,NIFTY29JUN24000CE,CE,24000,2029-06-26,22945282,65,0.05,NFO-OPT,NFO,1267
NIFTY,NIFTY29JUN24000PE,PE,24000,2029-06-26,22945538,65,0.05,NFO-OPT,NFO,1267
NIFTY,NIFTY29JUN25500CE,CE,25500,2029-06-26,14223874,65,0.05,NFO-OPT,NFO,1267
NIFTY,NIFTY29JUN25500PE,PE,25500,2029-06-26,14224130,65,0.05,NFO-OPT,NFO,1267
NIFTY,NIFTY29JUN26000PE,PE,26000,2029-06-26,22946562,65,0.05,NFO-OPT,NFO,1267
NIFTY,NIFTY29JUN27000CE,CE,27000,2029-06-26,22946818,65,0.05,NFO-OPT,NFO,1267
NIFTY,NIFTY29JUN27000PE,PE,27000,2029-06-26,22947074,65,0.05,NFO-OPT,NFO,1267
NIFTY,NIFTY29JUN28500CE,CE,28500,2029-06-26,14224386,65,0.05,NFO-OPT,NFO,1267
NIFTY,NIFTY29JUN28500PE,PE,28500,2029-06-26,14224642,65,0.05,NFO-OPT,NFO,1267
NIFTY,NIFTY29JUN30000CE,CE,30000,2029-06-26,22948354,65,0.05,NFO-OPT,NFO,1267
NIFTY,NIFTY29JUN30000PE,PE,30000,2029-06-26,22948610,65,0.05,NFO-OPT,NFO,1267
NIFTY,NIFTY29JUN31500CE,CE,31500,2029-06-26,14224898,65,0.05,NFO-OPT,NFO,1267
NIFTY,NIFTY29JUN31500PE,PE,31500,2029-06-26,14225154,65,0.05,NFO-OPT,NFO,1267
NIFTY,NIFTY29JUN33000CE,CE,33000,2029-06-26,22949890,65,0.05,NFO-OPT,NFO,1267
NIFTY,NIFTY29JUN33000PE,PE,33000,2029-06-26,22950146,65,0.05,NFO-OPT,NFO,1267
NIFTY,NIFTY29JUN34500CE,CE,34500,2029-06-26,14225410,65,0.05,NFO-OPT,NFO,1267
NIFTY,NIFTY29JUN34500PE,PE,34500,2029-06-26,14225666,65,0.05,NFO-OPT,NFO,1267
NIFTY,NIFTY29DEC18000CE,CE,18000,2029-12-24,15715842,65,0.05,NFO-OPT,NFO,1448
NIFTY,NIFTY29DEC18000PE,PE,18000,2029-12-24,15716098,65,0.05,NFO-OPT,NFO,1448
NIFTY,NIFTY29DEC19500CE,CE,19500,2029-12-24,14233602,65,0.05,NFO-OPT,NFO,1448
NIFTY,NIFTY29DEC19500PE,PE,19500,2029-12-24,14233858,65,0.05,NFO-OPT,NFO,1448
NIFTY,NIFTY29DEC21000CE,CE,21000,2029-12-24,15784706,65,0.05,NFO-OPT,NFO,1448
NIFTY,NIFTY29DEC21000PE,PE,21000,2029-12-24,15784962,65,0.05,NFO-OPT,NFO,1448
NIFTY,NIFTY29DEC22500CE,CE,22500,2029-12-24,14234114,65,0.05,NFO-OPT,NFO,1448
NIFTY,NIFTY29DEC22500PE,PE,22500,2029-12-24,14234370,65,0.05,NFO-OPT,NFO,1448
NIFTY,NIFTY29DEC23000PE,PE,23000,2029-12-24,15807234,65,0.05,NFO-OPT,NFO,1448
NIFTY,NIFTY29DEC24000CE,CE,24000,2029-12-24,15807490,65,0.05,NFO-OPT,NFO,1448
NIFTY,NIFTY29DEC24000PE,PE,24000,2029-12-24,15807746,65,0.05,NFO-OPT,NFO,1448
NIFTY,NIFTY29DEC25000PE,PE,25000,2029-12-24,15813890,65,0.05,NFO-OPT,NFO,1448
NIFTY,NIFTY29DEC25500CE,CE,25500,2029-12-24,14234626,65,0.05,NFO-OPT,NFO,1448
NIFTY,NIFTY29DEC25500PE,PE,25500,2029-12-24,14234882,65,0.05,NFO-OPT,NFO,1448
NIFTY,NIFTY29DEC26000PE,PE,26000,2029-12-24,15815426,65,0.05,NFO-OPT,NFO,1448
NIFTY,NIFTY29DEC27000CE,CE,27000,2029-12-24,15819266,65,0.05,NFO-OPT,NFO,1448
NIFTY,NIFTY29DEC27000PE,PE,27000,2029-12-24,15819522,65,0.05,NFO-OPT,NFO,1448
NIFTY,NIFTY29DEC28500CE,CE,28500,2029-12-24,14235138,65,0.05,NFO-OPT,NFO,1448
NIFTY,NIFTY29DEC28500PE,PE,28500,2029-12-24,14235394,65,0.05,NFO-OPT,NFO,1448
NIFTY,NIFTY29DEC30000CE,CE,30000,2029-12-24,15854594,65,0.05,NFO-OPT,NFO,1448
NIFTY,NIFTY29DEC30000PE,PE,30000,2029-12-24,15854850,65,0.05,NFO-OPT,NFO,1448
NIFTY,NIFTY29DEC31500CE,CE,31500,2029-12-24,14235650,65,0.05,NFO-OPT,NFO,1448
NIFTY,NIFTY29DEC31500PE,PE,31500,2029-12-24,14235906,65,0.05,NFO-OPT,NFO,1448
NIFTY,NIFTY29DEC33000CE,CE,33000,2029-12-24,15873538,65,0.05,NFO-OPT,NFO,1448
NIFTY,NIFTY29DEC33000PE,PE,33000,2029-12-24,15873794,65,0.05,NFO-OPT,NFO,1448
NIFTY,NIFTY29DEC34500CE,CE,34500,2029-12-24,14236162,65,0.05,NFO-OPT,NFO,1448
NIFTY,NIFTY29DEC34500PE,PE,34500,2029-12-24,14236418,65,0.05,NFO-OPT,NFO,1448
NIFTY,NIFTY30JUN18000CE,CE,18000,2030-06-25,15588354,65,0.05,NFO-OPT,NFO,1631
NIFTY,NIFTY30JUN18000PE,PE,18000,2030-06-25,15588610,65,0.05,NFO-OPT,NFO,1631
NIFTY,NIFTY30JUN19500CE,CE,19500,2030-06-25,14244354,65,0.05,NFO-OPT,NFO,1631
NIFTY,NIFTY30JUN19500PE,PE,19500,2030-06-25,14244610,65,0.05,NFO-OPT,NFO,1631
NIFTY,NIFTY30JUN21000CE,CE,21000,2030-06-25,15589890,65,0.05,NFO-OPT,NFO,1631
NIFTY,NIFTY30JUN21000PE,PE,21000,2030-06-25,15590146,65,0.05,NFO-OPT,NFO,1631
NIFTY,NIFTY30JUN22500CE,CE,22500,2030-06-25,14244866,65,0.05,NFO-OPT,NFO,1631
NIFTY,NIFTY30JUN22500PE,PE,22500,2030-06-25,14245122,65,0.05,NFO-OPT,NFO,1631
NIFTY,NIFTY30JUN24000CE,CE,24000,2030-06-25,15591426,65,0.05,NFO-OPT,NFO,1631
NIFTY,NIFTY30JUN24000PE,PE,24000,2030-06-25,15591682,65,0.05,NFO-OPT,NFO,1631
NIFTY,NIFTY30JUN25500CE,CE,25500,2030-06-25,14245378,65,0.05,NFO-OPT,NFO,1631
NIFTY,NIFTY30JUN25500PE,PE,25500,2030-06-25,14245634,65,0.05,NFO-OPT,NFO,1631
NIFTY,NIFTY30JUN27000CE,CE,27000,2030-06-25,15592962,65,0.05,NFO-OPT,NFO,1631
NIFTY,NIFTY30JUN27000PE,PE,27000,2030-06-25,15593218,65,0.05,NFO-OPT,NFO,1631
NIFTY,NIFTY30JUN28500CE,CE,28500,2030-06-25,14245890,65,0.05,NFO-OPT,NFO,1631
NIFTY,NIFTY30JUN28500PE,PE,28500,2030-06-25,14246146,65,0.05,NFO-OPT,NFO,1631
NIFTY,NIFTY30JUN30000CE,CE,30000,2030-06-25,15599618,65,0.05,NFO-OPT,NFO,1631
NIFTY,NIFTY30JUN30000PE,PE,30000,2030-06-25,15600386,65,0.05,NFO-OPT,NFO,1631
NIFTY,NIFTY30JUN31500CE,CE,31500,2030-06-25,14246402,65,0.05,NFO-OPT,NFO,1631
NIFTY,NIFTY30JUN31500PE,PE,31500,2030-06-25,14246658,65,0.05,NFO-OPT,NFO,1631
NIFTY,NIFTY30JUN33000CE,CE,33000,2030-06-25,15601666,65,0.05,NFO-OPT,NFO,1631
NIFTY,NIFTY30JUN33000PE,PE,33000,2030-06-25,15601922,65,0.05,NFO-OPT,NFO,1631
NIFTY,NIFTY30JUN34500CE,CE,34500,2030-06-25,14246914,65,0.05,NFO-OPT,NFO,1631
NIFTY,NIFTY30JUN34500PE,PE,34500,2030-06-25,14247170,65,0.05,NFO-OPT,NFO,1631
NIFTY,NIFTY30DEC18000CE,CE,18000,2030-12-31,14258690,65,0.05,NFO-OPT,NFO,1820
NIFTY,NIFTY30DEC18000PE,PE,18000,2030-12-31,14258946,65,0.05,NFO-OPT,NFO,1820
NIFTY,NIFTY30DEC19500CE,CE,19500,2030-12-31,14259202,65,0.05,NFO-OPT,NFO,1820
NIFTY,NIFTY30DEC19500PE,PE,19500,2030-12-31,14259458,65,0.05,NFO-OPT,NFO,1820
NIFTY,NIFTY30DEC21000CE,CE,21000,2030-12-31,14259714,65,0.05,NFO-OPT,NFO,1820
NIFTY,NIFTY30DEC21000PE,PE,21000,2030-12-31,14259970,65,0.05,NFO-OPT,NFO,1820
NIFTY,NIFTY30DEC22500CE,CE,22500,2030-12-31,14260226,65,0.05,NFO-OPT,NFO,1820
NIFTY,NIFTY30DEC22500PE,PE,22500,2030-12-31,14260482,65,0.05,NFO-OPT,NFO,1820
NIFTY,NIFTY30DEC24000CE,CE,24000,2030-12-31,14273026,65,0.05,NFO-OPT,NFO,1820
NIFTY,NIFTY30DEC24000PE,PE,24000,2030-12-31,14273282,65,0.05,NFO-OPT,NFO,1820
NIFTY,NIFTY30DEC25500CE,CE,25500,2030-12-31,14273538,65,0.05,NFO-OPT,NFO,1820
NIFTY,NIFTY30DEC25500PE,PE,25500,2030-12-31,14273794,65,0.05,NFO-OPT,NFO,1820
NIFTY,NIFTY30DEC27000CE,CE,27000,2030-12-31,14274050,65,0.05,NFO-OPT,NFO,1820
NIFTY,NIFTY30DEC27000PE,PE,27000,2030-12-31,14274306,65,0.05,NFO-OPT,NFO,1820
NIFTY,NIFTY30DEC28500CE,CE,28500,2030-12-31,14274562,65,0.05,NFO-OPT,NFO,1820
NIFTY,NIFTY30DEC28500PE,PE,28500,2030-12-31,14274818,65,0.05,NFO-OPT,NFO,1820
NIFTY,NIFTY30DEC30000CE,CE,30000,2030-12-31,14275074,65,0.05,NFO-OPT,NFO,1820
NIFTY,NIFTY30DEC30000PE,PE,30000,2030-12-31,14275330,65,0.05,NFO-OPT,NFO,1820
NIFTY,NIFTY30DEC31500CE,CE,31500,2030-12-31,14275586,65,0.05,NFO-OPT,NFO,1820
NIFTY,NIFTY30DEC31500PE,PE,31500,2030-12-31,14275842,65,0.05,NFO-OPT,NFO,1820
NIFTY,NIFTY30DEC33000CE,CE,33000,2030-12-31,14276098,65,0.05,NFO-OPT,NFO,1820
NIFTY,NIFTY30DEC33000PE,PE,33000,2030-12-31,14276354,65,0.05,NFO-OPT,NFO,1820
NIFTY,NIFTY30DEC34500CE,CE,34500,2030-12-31,14277122,65,0.05,NFO-OPT,NFO,1820
NIFTY,NIFTY30DEC34500PE,PE,34500,2030-12-31,14277378,65,0.05,NFO-OPT,NFO,1820
SENSEX,SENSEX2610876900CE,CE,76900,2026-01-08,210096389,20,0.05,BFO-OPT,BFO,2
SENSEX,SENSEX2610876900PE,PE,76900,2026-01-08,209945605,20,0.05,BFO-OPT,BFO,2
SENSEX,SENSEX2610877000CE,CE,77000,2026-01-08,210142725,20,0.05,BFO-OPT,BFO,2
SENSEX,SENSEX2610877000PE,PE,77000,2026-01-08,209990405,20,0.05,BFO-OPT,BFO,2
SENSEX,SENSEX2610877100CE,CE,77100,2026-01-08,297251589,20,0.05,BFO-OPT,BFO,2
SENSEX,SENSEX2610877100PE,PE,77100,2026-01-08,297260805,20,0.05,BFO-OPT,BFO,2
SENSEX,SENSEX2610877200CE,CE,77200,2026-01-08,297264389,20,0.05,BFO-OPT,BFO,2
SENSEX,SENSEX2610877200PE,PE,77200,2026-01-08,297249541,20,0.05,BFO-OPT,BFO,2
SENSEX,SENSEX2610877300CE,CE,77300,2026-01-08,297253637,20,0.05,BFO-OPT,BFO,2
SENSEX,SENSEX2610877300PE,PE,77300,2026-01-08,297263109,20,0.05,BFO-OPT,BFO,2
SENSEX,SENSEX2610877400CE,CE,77400,2026-01-08,297193989,20,0.05,BFO-OPT,BFO,2
SENSEX,SENSEX2610877400PE,PE,77400,2026-01-08,297142789,20,0.05,BFO-OPT,BFO,2
SENSEX,SENSEX2610877500CE,CE,77500,2026-01-08,297151493,20,0.05,BFO-OPT,BFO,2
SENSEX,SENSEX2610877500PE,PE,77500,2026-01-08,297166853,20,0.05,BFO-OPT,BFO,2
SENSEX,SENSEX2610877600CE,CE,77600,2026-01-08,297128965,20,0.05,BFO-OPT,BFO,2
SENSEX,SENSEX2610877600PE,PE,77600,2026-01-08,297148421,20,0.05,BFO-OPT,BFO,2
SENSEX,SENSEX2610877700CE,CE,77700,2026-01-08,297093125,20,0.05,BFO-OPT,BFO,2
SENSEX,SENSEX2610877700PE,PE,77700,2026-01-08,297102853,20,0.05,BFO-OPT,BFO,2
SENSEX,SENSEX2610877800CE,CE,77800,2026-01-08,297081349,20,0.05,BFO-OPT,BFO,2
SENSEX,SENSEX2610877800PE,PE,77800,2026-01-08,297092357,20,0.05,BFO-OPT,BFO,2
SENSEX,SENSEX2610877900CE,CE,77900,2026-01-08,297096197,20,0.05,BFO-OPT,BFO,2
SENSEX,SENSEX2610877900PE,PE,77900,2026-01-08,297079301,20,0.05,BFO-OPT,BFO,2
SENSEX,SENSEX2610878000CE,CE,78000,2026-01-08,297075461,20,0.05,BFO-OPT,BFO,2
SENSEX,SENSEX2610878000PE,PE,78000,2026-01-08,297108229,20,0.05,BFO-OPT,BFO,2
SENSEX,SENSEX2610878100CE,CE,78100,2026-01-08,297036293,20,0.05,BFO-OPT,BFO,2
SENSEX,SENSEX2610878100PE,PE,78100,2026-01-08,297066501,20,0.05,BFO-OPT,BFO,2
SENSEX,SENSEX2610878200CE,CE,78200,2026-01-08,297001733,20,0.05,BFO-OPT,BFO,2
SENSEX,SENSEX2610878200PE,PE,78200,2026-01-08,297031941,20,0.05,BFO-OPT,BFO,2
SENSEX,SENSEX2610878300CE,CE,78300,2026-01-08,297044485,20,0.05,BFO-OPT,BFO,2
SENSEX,SENSEX2610878300PE,PE,78300,2026-01-08,296933381,20,0.05,BFO-OPT,BFO,2
SENSEX,SENSEX2610878400CE,CE,78400,2026-01-08,297010181,20,0.05,BFO-OPT,BFO,2
SENSEX,SENSEX2610878400PE,PE,78400,2026-01-08,297040389,20,0.05,BFO-OPT,BFO,2
SENSEX,SENSEX2610878500CE,CE,78500,2026-01-08,297054981,20,0.05,BFO-OPT,BFO,2
SENSEX,SENSEX2610878500PE,PE,78500,2026-01-08,296943621,20,0.05,BFO-OPT,BFO,2
SENSEX,SENSEX2610878600CE,CE,78600,2026-01-08,297019909,20,0.05,BFO-OPT,BFO,2
SENSEX,SENSEX2610878600PE,PE,78600,2026-01-08,297050373,20,0.05,BFO-OPT,BFO,2
SENSEX,SENSEX2610878700CE,CE,78700,2026-01-08,297063941,20,0.05,BFO-OPT,BFO,2
SENSEX,SENSEX2610878700PE,PE,78700,2026-01-08,297015301,20,0.05,BFO-OPT,BFO,2
SENSEX,SENSEX2610878800CE,CE,78800,2026-01-08,297028613,20,0.05,BFO-OPT,BFO,2
SENSEX,SENSEX2610878800PE,PE,78800,2026-01-08,297059333,20,0.05,BFO-OPT,BFO,2
SENSEX,SENSEX2610878900CE,CE,78900,2026-01-08,296995077,20,0.05,BFO-OPT,BFO,2
SENSEX,SENSEX2610878900PE,PE,78900,2026-01-08,297024517,20,0.05,BFO-OPT,BFO,2
SENSEX,SENSEX2610879000CE,CE,79000,2026-01-08,296934405,20,0.05,BFO-OPT,BFO,2
SENSEX,SENSEX2610879000PE,PE,79000,2026-01-08,296966917,20,0.05,BFO-OPT,BFO,2
SENSEX,SENSEX2610879100CE,CE,79100,2026-01-08,296980229,20,0.05,BFO-OPT,BFO,2
SENSEX,SENSEX2610879100PE,PE,79100,2026-01-08,297007877,20,0.05,BFO-OPT,BFO,2
SENSEX,SENSEX2610879200CE,CE,79200,2026-01-08,296944645,20,0.05,BFO-OPT,BFO,2
SENSEX,SENSEX2610879200PE,PE,79200,2026-01-08,296975621,20,0.05,BFO-OPT,BFO,2
SENSEX,SENSEX2610879300CE,CE,79300,2026-01-08,296988421,20,0.05,BFO-OPT,BFO,2
SENSEX,SENSEX2610879300PE,PE,79300,2026-01-08,296940293,20,0.05,BFO-OPT,BFO,2
SENSEX,SENSEX2610879400CE,CE,79400,2026-01-08,296952325,20,0.05,BFO-OPT,BFO,2
SENSEX,SENSEX2610879400PE,PE,79400,2026-01-08,296984581,20,0.05,BFO-OPT,BFO,2
SENSEX,SENSEX2610879500CE,CE,79500,2026-01-08,296997381,20,0.05,BFO-OPT,BFO,2
SENSEX,SENSEX2610879500PE,PE,79500,2026-01-08,296948741,20,0.05,BFO-OPT,BFO,2
SENSEX,SENSEX2610879600CE,CE,79600,2026-01-08,296962565,20,0.05,BFO-OPT,BFO,2
SENSEX,SENSEX2610879600PE,PE,79600,2026-01-08,296992517,20,0.05,BFO-OPT,BFO,2
SENSEX,SENSEX2610879700CE,CE,79700,2026-01-08,297069317,20,0.05,BFO-OPT,BFO,2
SENSEX,SENSEX2610879700PE,PE,79700,2026-01-08,296956933,20,0.05,BFO-OPT,BFO,2
SENSEX,SENSEX2610879800CE,CE,79800,2026-01-08,296972037,20,0.05,BFO-OPT,BFO,2
SENSEX,SENSEX2610879800PE,PE,79800,2026-01-08,297000965,20,0.05,BFO-OPT,BFO,2
SENSEX,SENSEX2610879900CE,CE,79900,2026-01-08,296935173,20,0.05,BFO-OPT,BFO,2
SENSEX,SENSEX2610879900PE,PE,79900,2026-01-08,296967941,20,0.05,BFO-OPT,BFO,2
SENSEX,SENSEX2610880000CE,CE,80000,2026-01-08,297047045,20,0.05,BFO-OPT,BFO,2
SENSEX,SENSEX2610880000PE,PE,80000,2026-01-08,296935429,20,0.05,BFO-OPT,BFO,2
SENSEX,SENSEX2610880100CE,CE,80100,2026-01-08,296950277,20,0.05,BFO-OPT,BFO,2
SENSEX,SENSEX2610880100PE,PE,80100,2026-01-08,296981253,20,0.05,BFO-OPT,BFO,2
SENSEX,SENSEX2610880200CE,CE,80200,2026-01-08,297056261,20,0.05,BFO-OPT,BFO,2
SENSEX,SENSEX2610880200PE,PE,80200,2026-01-08,296945669,20,0.05,BFO-OPT,BFO,2
SENSEX,SENSEX2610880300CE,CE,80300,2026-01-08,296958981,20,0.05,BFO-OPT,BFO,2
SENSEX,SENSEX2610880300PE,PE,80300,2026-01-08,297052677,20,0.05,BFO-OPT,BFO,2
SENSEX,SENSEX2610880400CE,CE,80400,2026-01-08,297065733,20,0.05,BFO-OPT,BFO,2
SENSEX,SENSEX2610880400PE,PE,80400,2026-01-08,296953861,20,0.05,BFO-OPT,BFO,2
SENSEX,SENSEX2610880500CE,CE,80500,2026-01-08,297030917,20,0.05,BFO-OPT,BFO,2
SENSEX,SENSEX2610880500PE,PE,80500,2026-01-08,297061381,20,0.05,BFO-OPT,BFO,2
SENSEX,SENSEX2610880600CE,CE,80600,2026-01-08,296932357,20,0.05,BFO-OPT,BFO,2
SENSEX,SENSEX2610880600PE,PE,80600,2026-01-08,296963589,20,0.05,BFO-OPT,BFO,2
SENSEX,SENSEX2610880700CE,CE,80700,2026-01-08,297038853,20,0.05,BFO-OPT,BFO,2
SENSEX,SENSEX2610880700PE,PE,80700,2026-01-08,297070341,20,0.05,BFO-OPT,BFO,2
SENSEX,SENSEX2610880800CE,CE,80800,2026-01-08,296942341,20,0.05,BFO-OPT,BFO,2
SENSEX,SENSEX2610880800PE,PE,80800,2026-01-08,297034501,20,0.05,BFO-OPT,BFO,2
SENSEX,SENSEX2610880900CE,CE,80900,2026-01-08,297049349,20,0.05,BFO-OPT,BFO,2
SENSEX,SENSEX2610880900PE,PE,80900,2026-01-08,296937477,20,0.05,BFO-OPT,BFO,2
SENSEX,SENSEX2610881000CE,CE,81000,2026-01-08,296989957,20,0.05,BFO-OPT,BFO,2
SENSEX,SENSEX2610881000PE,PE,81000,2026-01-08,297020165,20,0.05,BFO-OPT,BFO,2
SENSEX,SENSEX2610881100CE,CE,81100,2026-01-08,297033477,20,0.05,BFO-OPT,BFO,2
SENSEX,SENSEX2610881100PE,PE,81100,2026-01-08,296985861,20,0.05,BFO-OPT,BFO,2
SENSEX,SENSEX2610881200CE,CE,81200,2026-01-08,296999429,20,0.05,BFO-OPT,BFO,2
SENSEX,SENSEX2610881200PE,PE,81200,2026-01-08,297028869,20,0.05,BFO-OPT,BFO,2
SENSEX,SENSEX2610881300CE,CE,81300,2026-01-08,296965125,20,0.05,BFO-OPT,BFO,2
SENSEX,SENSEX2610881300PE,PE,81300,2026-01-08,296995333,20,0.05,BFO-OPT,BFO,2
SENSEX,SENSEX2610881400CE,CE,81400,2026-01-08,297006597,20,0.05,BFO-OPT,BFO,2
SENSEX,SENSEX2610881400PE,PE,81400,2026-01-08,297037061,20,0.05,BFO-OPT,BFO,2
SENSEX,SENSEX2610881500CE,CE,81500,2026-01-08,296974085,20,0.05,BFO-OPT,BFO,2
SENSEX,SENSEX2610881500PE,PE,81500,2026-01-08,297003525,20,0.05,BFO-OPT,BFO,2
SENSEX,SENSEX2610881600CE,CE,81600,2026-01-08,297016837,20,0.05,BFO-OPT,BFO,2
SENSEX,SENSEX2610881600PE,PE,81600,2026-01-08,296970245,20,0.05,BFO-OPT,BFO,2
SENSEX,SENSEX2610881700CE,CE,81700,2026-01-08,296983301,20,0.05,BFO-OPT,BFO,2
SENSEX,SENSEX2610881700PE,PE,81700,2026-01-08,297011461,20,0.05,BFO-OPT,BFO,2
SENSEX,SENSEX2610881800CE,CE,81800,2026-01-08,296948229,20,0.05,BFO-OPT,BFO,2
SENSEX,SENSEX2610881800PE,PE,81800,2026-01-08,296978949,20,0.05,BFO-OPT,BFO,2
SENSEX,SENSEX2610881900CE,CE,81900,2026-01-08,296991493,20,0.05,BFO-OPT,BFO,2
SENSEX,SENSEX2610881900PE,PE,81900,2026-01-08,297021701,20,0.05,BFO-OPT,BFO,2
SENSEX,SENSEX2610882000CE,CE,82000,2026-01-08,296931077,20,0.05,BFO-OPT,BFO,2
SENSEX,SENSEX2610882000PE,PE,82000,2026-01-08,296962821,20,0.05,BFO-OPT,BFO,2
SENSEX,SENSEX2610882100CE,CE,82100,2026-01-08,297037573,20,0.05,BFO-OPT,BFO,2
SENSEX,SENSEX2610882100PE,PE,82100,2026-01-08,297069573,20,0.05,BFO-OPT,BFO,2
SENSEX,SENSEX2610882200CE,CE,82200,2026-01-08,296941317,20,0.05,BFO-OPT,BFO,2
SENSEX,SENSEX2610882200PE,PE,82200,2026-01-08,296972293,20,0.05,BFO-OPT,BFO,2
SENSEX,SENSEX2610882300CE,CE,82300,2026-01-08,297047301,20,0.05,BFO-OPT,BFO,2
SENSEX,SENSEX2610882300PE,PE,82300,2026-01-08,296935685,20,0.05,BFO-OPT,BFO,2
SENSEX,SENSEX2610882400CE,CE,82400,2026-01-08,296950533,20,0.05,BFO-OPT,BFO,2
SENSEX,SENSEX2610882400PE,PE,82400,2026-01-08,297043205,20,0.05,BFO-OPT,BFO,2
SENSEX,SENSEX2610882500CE,CE,82500,2026-01-08,297056517,20,0.05,BFO-OPT,BFO,2
SENSEX,SENSEX2610882500PE,PE,82500,2026-01-08,296945925,20,0.05,BFO-OPT,BFO,2
SENSEX,SENSEX2610882600CE,CE,82600,2026-01-08,297022725,20,0.05,BFO-OPT,BFO,2
SENSEX,SENSEX2610882600PE,PE,82600,2026-01-08,297052933,20,0.05,BFO-OPT,BFO,2
SENSEX,SENSEX2610882700CE,CE,82700,2026-01-08,297065989,20,0.05,BFO-OPT,BFO,2
SENSEX,SENSEX2610882700PE,PE,82700,2026-01-08,296954117,20,0.05,BFO-OPT,BFO,2
SENSEX,SENSEX2610882800CE,CE,82800,2026-01-08,297031429,20,0.05,BFO-OPT,BFO,2
SENSEX,SENSEX2610882800PE,PE,82800,2026-01-08,297061637,20,0.05,BFO-OPT,BFO,2
SENSEX,SENSEX2610882900CE,CE,82900,2026-01-08,296932613,20,0.05,BFO-OPT,BFO,2
SENSEX,SENSEX2610882900PE,PE,82900,2026-01-08,297026821,20,0.05,BFO-OPT,BFO,2
SENSEX,SENSEX2610883000CE,CE,83000,2026-01-08,297015813,20,0.05,BFO-OPT,BFO,2
SENSEX,SENSEX2610883000PE,PE,83000,2026-01-08,297044741,20,0.05,BFO-OPT,BFO,2
SENSEX,SENSEX2610883100CE,CE,83100,2026-01-08,296982021,20,0.05,BFO-OPT,BFO,2
SENSEX,SENSEX2610883100PE,PE,83100,2026-01-08,297010437,20,0.05,BFO-OPT,BFO,2
SENSEX,SENSEX2610883200CE,CE,83200,2026-01-08,297025029,20,0.05,BFO-OPT,BFO,2
SENSEX,SENSEX2610883200PE,PE,83200,2026-01-08,296977669,20,0.05,BFO-OPT,BFO,2
SENSEX,SENSEX2610883300CE,CE,83300,2026-01-08,296990213,20,0.05,BFO-OPT,BFO,2
SENSEX,SENSEX2610883300PE,PE,83300,2026-01-08,297020421,20,0.05,BFO-OPT,BFO,2
SENSEX,SENSEX2610883400CE,CE,83400,2026-01-08,296955397,20,0.05,BFO-OPT,BFO,2
SENSEX,SENSEX2610883400PE,PE,83400,2026-01-08,296986117,20,0.05,BFO-OPT,BFO,2
SENSEX,SENSEX2610883500CE,CE,83500,2026-01-08,296999685,20,0.05,BFO-OPT,BFO,2
SENSEX,SENSEX2610883500PE,PE,83500,2026-01-08,297029125,20,0.05,BFO-OPT,BFO,2
SENSEX,SENSEX2610883600CE,CE,83600,2026-01-08,296965381,20,0.05,BFO-OPT,BFO,2
SENSEX,SENSEX2610883600PE,PE,83600,2026-01-08,296995589,20,0.05,BFO-OPT,BFO,2
SENSEX,SENSEX2610883700CE,CE,83700,2026-01-08,297006853,20,0.05,BFO-OPT,BFO,2
SENSEX,SENSEX2610883700PE,PE,83700,2026-01-08,296959237,20,0.05,BFO-OPT,BFO,2
SENSEX,SENSEX2610883800CE,CE,83800,2026-01-08,296974597,20,0.05,BFO-OPT,BFO,2
SENSEX,SENSEX2610883800PE,PE,83800,2026-01-08,297004037,20,0.05,BFO-OPT,BFO,2
SENSEX,SENSEX2610883900CE,CE,83900,2026-01-08,296939269,20,0.05,BFO-OPT,BFO,2
SENSEX,SENSEX2610883900PE,PE,83900,2026-01-08,296970501,20,0.05,BFO-OPT,BFO,2
SENSEX,SENSEX2610884000CE,CE,84000,2026-01-08,296957701,20,0.05,BFO-OPT,BFO,2
SENSEX,SENSEX2610884000PE,PE,84000,2026-01-08,297051909,20,0.05,BFO-OPT,BFO,2
SENSEX,SENSEX2610884100CE,CE,84100,2026-01-08,297064453,20,0.05,BFO-OPT,BFO,2
SENSEX,SENSEX2610884100PE,PE,84100,2026-01-08,296952837,20,0.05,BFO-OPT,BFO,2
SENSEX,SENSEX2610884200CE,CE,84200,2026-01-08,297029381,20,0.05,BFO-OPT,BFO,2
SENSEX,SENSEX2610884200PE,PE,84200,2026-01-08,297059845,20,0.05,BFO-OPT,BFO,2
SENSEX,SENSEX2610884300CE,CE,84300,2026-01-08,296931333,20,0.05,BFO-OPT,BFO,2
SENSEX,SENSEX2610884300PE,PE,84300,2026-01-08,296963077,20,0.05,BFO-OPT,BFO,2
SENSEX,SENSEX2610884400CE,CE,84400,2026-01-08,297037829,20,0.05,BFO-OPT,BFO,2
SENSEX,SENSEX2610884400PE,PE,84400,2026-01-08,297069829,20,0.05,BFO-OPT,BFO,2
SENSEX,SENSEX2610884500CE,CE,84500,2026-01-08,296941573,20,0.05,BFO-OPT,BFO,2
SENSEX,SENSEX2610884500PE,PE,84500,2026-01-08,297033733,20,0.05,BFO-OPT,BFO,2
SENSEX,SENSEX2610884600CE,CE,84600,2026-01-08,297047557,20,0.05,BFO-OPT,BFO,2
SENSEX,SENSEX2610884600PE,PE,84600,2026-01-08,296935941,20,0.05,BFO-OPT,BFO,2
SENSEX,SENSEX2610884700CE,CE,84700,2026-01-08,297013509,20,0.05,BFO-OPT,BFO,2
SENSEX,SENSEX2610884700PE,PE,84700,2026-01-08,297043461,20,0.05,BFO-OPT,BFO,2
SENSEX,SENSEX2610884800CE,CE,84800,2026-01-08,297056773,20,0.05,BFO-OPT,BFO,2
SENSEX,SENSEX2610884800PE,PE,84800,2026-01-08,296946181,20,0.05,BFO-OPT,BFO,2
SENSEX,SENSEX2610884900CE,CE,84900,2026-01-08,297022981,20,0.05,BFO-OPT,BFO,2
SENSEX,SENSEX2610884900PE,PE,84900,2026-01-08,297053189,20,0.05,BFO-OPT,BFO,2
SENSEX,SENSEX2610885000CE,CE,85000,2026-01-08,296963845,20,0.05,BFO-OPT,BFO,2
SENSEX,SENSEX2610885000PE,PE,85000,2026-01-08,296993541,20,0.05,BFO-OPT,BFO,2
SENSEX,SENSEX2610885100CE,CE,85100,2026-01-08,297005829,20,0.05,BFO-OPT,BFO,2
SENSEX,SENSEX2610885100PE,PE,85100,2026-01-08,297036549,20,0.05,BFO-OPT,BFO,2
SENSEX,SENSEX2610885200CE,CE,85200,2026-01-08,296972805,20,0.05,BFO-OPT,BFO,2
SENSEX,SENSEX2610885200PE,PE,85200,2026-01-08,297001989,20,0.05,BFO-OPT,BFO,2
SENSEX,SENSEX2610885300CE,CE,85300,2026-01-08,297016069,20,0.05,BFO-OPT,BFO,2
SENSEX,SENSEX2610885300PE,PE,85300,2026-01-08,296968709,20,0.05,BFO-OPT,BFO,2
SENSEX,SENSEX2610885400CE,CE,85400,2026-01-08,296982277,20,0.05,BFO-OPT,BFO,2
SENSEX,SENSEX2610885400PE,PE,85400,2026-01-08,297010693,20,0.05,BFO-OPT,BFO,2
SENSEX,SENSEX2610885500CE,CE,85500,2026-01-08,296946693,20,0.05,BFO-OPT,BFO,2
SENSEX,SENSEX2610885500PE,PE,85500,2026-01-08,296977925,20,0.05,BFO-OPT,BFO,2
SENSEX,SENSEX2610885600CE,CE,85600,2026-01-08,296990469,20,0.05,BFO-OPT,BFO,2
SENSEX,SENSEX2610885600PE,PE,85600,2026-01-08,297020677,20,0.05,BFO-OPT,BFO,2
SENSEX,SENSEX2610885700CE,CE,85700,2026-01-08,296955653,20,0.05,BFO-OPT,BFO,2
SENSEX,SENSEX2610885700PE,PE,85700,2026-01-08,296986373,20,0.05,BFO-OPT,BFO,2
SENSEX,SENSEX2610885800CE,CE,85800,2026-01-08,296999941,20,0.05,BFO-OPT,BFO,2
SENSEX,SENSEX2610885800PE,PE,85800,2026-01-08,296950789,20,0.05,BFO-OPT,BFO,2
SENSEX,SENSEX2610885900CE,CE,85900,2026-01-08,296965637,20,0.05,BFO-OPT,BFO,2
SENSEX,SENSEX2610885900PE,PE,85900,2026-01-08,296995845,20,0.05,BFO-OPT,BFO,2
SENSEX,SENSEX2610886000CE,CE,86000,2026-01-08,297046021,20,0.05,BFO-OPT,BFO,2
SENSEX,SENSEX2610886000PE,PE,86000,2026-01-08,296934661,20,0.05,BFO-OPT,BFO,2
SENSEX,SENSEX2610886100CE,CE,86100,2026-01-08,296949253,20,0.05,BFO-OPT,BFO,2
SENSEX,SENSEX2610886100PE,PE,86100,2026-01-08,297041413,20,0.05,BFO-OPT,BFO,2
SENSEX,SENSEX2610886200CE,CE,86200,2026-01-08,297055493,20,0.05,BFO-OPT,BFO,2
SENSEX,SENSEX2610886200PE,PE,86200,2026-01-08,296945157,20,0.05,BFO-OPT,BFO,2
SENSEX,SENSEX2610886300CE,CE,86300,2026-01-08,297021957,20,0.05,BFO-OPT,BFO,2
SENSEX,SENSEX2610886300PE,PE,86300,2026-01-08,297052165,20,0.05,BFO-OPT,BFO,2
SENSEX,SENSEX2610886400CE,CE,86400,2026-01-08,297064709,20,0.05,BFO-OPT,BFO,2
SENSEX,SENSEX2610886400PE,PE,86400,2026-01-08,296953093,20,0.05,BFO-OPT,BFO,2
SENSEX,SENSEX2610886500CE,CE,86500,2026-01-08,297029637,20,0.05,BFO-OPT,BFO,2
SENSEX,SENSEX2610886500PE,PE,86500,2026-01-08,297060101,20,0.05,BFO-OPT,BFO,2
SENSEX,SENSEX2610886600CE,CE,86600,2026-01-08,296931589,20,0.05,BFO-OPT,BFO,2
SENSEX,SENSEX2610886600PE,PE,86600,2026-01-08,297025541,20,0.05,BFO-OPT,BFO,2
SENSEX,SENSEX2610886700CE,CE,86700,2026-01-08,297038085,20,0.05,BFO-OPT,BFO,2
SENSEX,SENSEX2610886700PE,PE,86700,2026-01-08,297070085,20,0.05,BFO-OPT,BFO,2
SENSEX,SENSEX2610886800CE,CE,86800,2026-01-08,297004293,20,0.05,BFO-OPT,BFO,2
SENSEX,SENSEX2610886800PE,PE,86800,2026-01-08,297033989,20,0.05,BFO-OPT,BFO,2
SENSEX,SENSEX2610886900CE,CE,86900,2026-01-08,297048069,20,0.05,BFO-OPT,BFO,2
SENSEX,SENSEX2610886900PE,PE,86900,2026-01-08,296936197,20,0.05,BFO-OPT,BFO,2
SENSEX,SENSEX2610887000CE,CE,87000,2026-01-08,296988933,20,0.05,BFO-OPT,BFO,2
SENSEX,SENSEX2610887000PE,PE,87000,2026-01-08,297018885,20,0.05,BFO-OPT,BFO,2
SENSEX,SENSEX2610887100CE,CE,87100,2026-01-08,296954629,20,0.05,BFO-OPT,BFO,2
SENSEX,SENSEX2610887100PE,PE,87100,2026-01-08,296985093,20,0.05,BFO-OPT,BFO,2
SENSEX,SENSEX2610887200CE,CE,87200,2026-01-08,296998661,20,0.05,BFO-OPT,BFO,2
SENSEX,SENSEX2610887200PE,PE,87200,2026-01-08,297027845,20,0.05,BFO-OPT,BFO,2
SENSEX,SENSEX2610887300CE,CE,87300,2026-01-08,296964101,20,0.05,BFO-OPT,BFO,2
SENSEX,SENSEX2610887300PE,PE,87300,2026-01-08,296994053,20,0.05,BFO-OPT,BFO,2
SENSEX,SENSEX2610887400CE,CE,87400,2026-01-08,297006085,20,0.05,BFO-OPT,BFO,2
SENSEX,SENSEX2610887400PE,PE,87400,2026-01-08,296958469,20,0.05,BFO-OPT,BFO,2
SENSEX,SENSEX2610887500CE,CE,87500,2026-01-08,296973061,20,0.05,BFO-OPT,BFO,2
SENSEX,SENSEX2610887500PE,PE,87500,2026-01-08,297002245,20,0.05,BFO-OPT,BFO,2
SENSEX,SENSEX2610887600CE,CE,87600,2026-01-08,296937733,20,0.05,BFO-OPT,BFO,2
SENSEX,SENSEX2610887600PE,PE,87600,2026-01-08,296969221,20,0.05,BFO-OPT,BFO,2
SENSEX,SENSEX2610887700CE,CE,87700,2026-01-08,296982533,20,0.05,BFO-OPT,BFO,2
SENSEX,SENSEX2610887700PE,PE,87700,2026-01-08,297010949,20,0.05,BFO-OPT,BFO,2
SENSEX,SENSEX2610887800CE,CE,87800,2026-01-08,296946949,20,0.05,BFO-OPT,BFO,2
SENSEX,SENSEX2610887800PE,PE,87800,2026-01-08,296978181,20,0.05,BFO-OPT,BFO,2
SENSEX,SENSEX2610887900CE,CE,87900,2026-01-08,296990725,20,0.05,BFO-OPT,BFO,2
SENSEX,SENSEX2610887900PE,PE,87900,2026-01-08,297020933,20,0.05,BFO-OPT,BFO,2
SENSEX,SENSEX2610888000CE,CE,88000,2026-01-08,296930821,20,0.05,BFO-OPT,BFO,2
SENSEX,SENSEX2610888000PE,PE,88000,2026-01-08,296961541,20,0.05,BFO-OPT,BFO,2
SENSEX,SENSEX2610888100CE,CE,88100,2026-01-08,297037317,20,0.05,BFO-OPT,BFO,2
SENSEX,SENSEX2610888100PE,PE,88100,2026-01-08,297068293,20,0.05,BFO-OPT,BFO,2
SENSEX,SENSEX2610888200CE,CE,88200,2026-01-08,296940805,20,0.05,BFO-OPT,BFO,2
SENSEX,SENSEX2610888200PE,PE,88200,2026-01-08,297033221,20,0.05,BFO-OPT,BFO,2
SENSEX,SENSEX2610888300CE,CE,88300,2026-01-08,297046277,20,0.05,BFO-OPT,BFO,2
SENSEX,SENSEX2610888300PE,PE,88300,2026-01-08,296934917,20,0.05,BFO-OPT,BFO,2
SENSEX,SENSEX2610888400CE,CE,88400,2026-01-08,297011717,20,0.05,BFO-OPT,BFO,2
SENSEX,SENSEX2610888400PE,PE,88400,2026-01-08,297041925,20,0.05,BFO-OPT,BFO,2
SENSEX,SENSEX2610888500CE,CE,88500,2026-01-08,297055749,20,0.05,BFO-OPT,BFO,2
SENSEX,SENSEX2610888500PE,PE,88500,2026-01-08,296945413,20,0.05,BFO-OPT,BFO,2
SENSEX,SENSEX2610888600CE,CE,88600,2026-01-08,297022213,20,0.05,BFO-OPT,BFO,2
SENSEX,SENSEX2610888600PE,PE,88600,2026-01-08,297052421,20,0.05,BFO-OPT,BFO,2
SENSEX,SENSEX2610888700CE,CE,88700,2026-01-08,297064965,20,0.05,BFO-OPT,BFO,2
SENSEX,SENSEX2610888700PE,PE,88700,2026-01-08,297016581,20,0.05,BFO-OPT,BFO,2
SENSEX,SENSEX2610888800CE,CE,88800,2026-01-08,297029893,20,0.05,BFO-OPT,BFO,2
SENSEX,SENSEX2610888800PE,PE,88800,2026-01-08,297060357,20,0.05,BFO-OPT,BFO,2
SENSEX,SENSEX2610888900CE,CE,88900,2026-01-08,296931845,20,0.05,BFO-OPT,BFO,2
SENSEX,SENSEX2610888900PE,PE,88900,2026-01-08,297026053,20,0.05,BFO-OPT,BFO,2
SENSEX,SENSEX2610889000CE,CE,89000,2026-01-08,297015557,20,0.05,BFO-OPT,BFO,2
SENSEX,SENSEX2610889000PE,PE,89000,2026-01-08,296968197,20,0.05,BFO-OPT,BFO,2
SENSEX,SENSEX2610889100CE,CE,89100,2026-01-08,296981509,20,0.05,BFO-OPT,BFO,2
SENSEX,SENSEX2610889100PE,PE,89100,2026-01-08,297009669,20,0.05,BFO-OPT,BFO,2
SENSEX,SENSEX2610889200CE,CE,89200,2026-01-08,296946437,20,0.05,BFO-OPT,BFO,2
SENSEX,SENSEX2610889200PE,PE,89200,2026-01-08,296976901,20,0.05,BFO-OPT,BFO,2
SENSEX,SENSEX2610889300CE,CE,89300,2026-01-08,296989189,20,0.05,BFO-OPT,BFO,2
SENSEX,SENSEX2610889300PE,PE,89300,2026-01-08,297019141,20,0.05,BFO-OPT,BFO,2
SENSEX,SENSEX2610889400CE,CE,89400,2026-01-08,296954885,20,0.05,BFO-OPT,BFO,2
SENSEX,SENSEX2610889400PE,PE,89400,2026-01-08,296985349,20,0.05,BFO-OPT,BFO,2
SENSEX,SENSEX2610889500CE,CE,89500,2026-01-08,296998917,20,0.05,BFO-OPT,BFO,2
SENSEX,SENSEX2610889500PE,PE,89500,2026-01-08,296949765,20,0.05,BFO-OPT,BFO,2
SENSEX,SENSEX2610889600CE,CE,89600,2026-01-08,296964357,20,0.05,BFO-OPT,BFO,2
SENSEX,SENSEX2610889600PE,PE,89600,2026-01-08,296994309,20,0.05,BFO-OPT,BFO,2
SENSEX,SENSEX2610889700CE,CE,89700,2026-01-08,297070597,20,0.05,BFO-OPT,BFO,2
SENSEX,SENSEX2610889700PE,PE,89700,2026-01-08,296958725,20,0.05,BFO-OPT,BFO,2
SENSEX,SENSEX2610889800CE,CE,89800,2026-01-08,296973317,20,0.05,BFO-OPT,BFO,2
SENSEX,SENSEX2610889800PE,PE,89800,2026-01-08,297002501,20,0.05,BFO-OPT,BFO,2
SENSEX,SENSEX2610889900CE,CE,89900,2026-01-08,296937989,20,0.05,BFO-OPT,BFO,2
SENSEX,SENSEX2610889900PE,PE,89900,2026-01-08,296969477,20,0.05,BFO-OPT,BFO,2
SENSEX,SENSEX2610890000CE,CE,90000,2026-01-08,297049861,20,0.05,BFO-OPT,BFO,2
SENSEX,SENSEX2610890000PE,PE,90000,2026-01-08,296938501,20,0.05,BFO-OPT,BFO,2
SENSEX,SENSEX2610890100CE,CE,90100,2026-01-08,296951301,20,0.05,BFO-OPT,BFO,2
SENSEX,SENSEX2610890100PE,PE,90100,2026-01-08,296982789,20,0.05,BFO-OPT,BFO,2
SENSEX,SENSEX2610890200CE,CE,90200,2026-01-08,297058309,20,0.05,BFO-OPT,BFO,2
SENSEX,SENSEX2610890200PE,PE,90200,2026-01-08,296947461,20,0.05,BFO-OPT,BFO,2
SENSEX,SENSEX2610890300CE,CE,90300,2026-01-08,296960517,20,0.05,BFO-OPT,BFO,2
SENSEX,SENSEX2610890300PE,PE,90300,2026-01-08,297053957,20,0.05,BFO-OPT,BFO,2
SENSEX,SENSEX2610890400CE,CE,90400,2026-01-08,297066757,20,0.05,BFO-OPT,BFO,2
SENSEX,SENSEX2610890400PE,PE,90400,2026-01-08,296955909,20,0.05,BFO-OPT,BFO,2
SENSEX,SENSEX2610890500CE,CE,90500,2026-01-08,296970757,20,0.05,BFO-OPT,BFO,2
SENSEX,SENSEX2610890500PE,PE,90500,2026-01-08,297062917,20,0.05,BFO-OPT,BFO,2
SENSEX,SENSEX2610890600CE,CE,90600,2026-01-08,296933637,20,0.05,BFO-OPT,BFO,2
SENSEX,SENSEX2610890600PE,PE,90600,2026-01-08,296965893,20,0.05,BFO-OPT,BFO,2
SENSEX,SENSEX2610890700CE,CE,90700,2026-01-08,297040645,20,0.05,BFO-OPT,BFO,2
SENSEX,SENSEX2610890700PE,PE,90700,2026-01-08,296929285,20,0.05,BFO-OPT,BFO,2
SENSEX,SENSEX2610890800CE,CE,90800,2026-01-08,296943877,20,0.05,BFO-OPT,BFO,2
SENSEX,SENSEX2610890800PE,PE,90800,2026-01-08,296975109,20,0.05,BFO-OPT,BFO,2
SENSEX,SENSEX2610890900CE,CE,90900,2026-01-08,297050629,20,0.05,BFO-OPT,BFO,2
SENSEX,SENSEX2610890900PE,PE,90900,2026-01-08,296940037,20,0.05,BFO-OPT,BFO,2
SENSEX,SENSEX2610891000CE,CE,91000,2026-01-08,296992005,20,0.05,BFO-OPT,BFO,2
SENSEX,SENSEX2610891000PE,PE,91000,2026-01-08,297022469,20,0.05,BFO-OPT,BFO,2
SENSEX,SENSEX2610891100CE,CE,91100,2026-01-08,297034757,20,0.05,BFO-OPT,BFO,2
SENSEX,SENSEX2610891100PE,PE,91100,2026-01-08,296987141,20,0.05,BFO-OPT,BFO,2
SENSEX,SENSEX2610891200CE,CE,91200,2026-01-08,297000197,20,0.05,BFO-OPT,BFO,2
SENSEX,SENSEX2610891200PE,PE,91200,2026-01-08,297030661,20,0.05,BFO-OPT,BFO,2
SENSEX,SENSEX2610891300CE,CE,91300,2026-01-08,297044229,20,0.05,BFO-OPT,BFO,2
SENSEX,SENSEX2610891300PE,PE,91300,2026-01-08,296996613,20,0.05,BFO-OPT,BFO,2
SENSEX,SENSEX2610891400CE,CE,91400,2026-01-08,297008389,20,0.05,BFO-OPT,BFO,2
SENSEX,SENSEX2610891400PE,PE,91400,2026-01-08,297038597,20,0.05,BFO-OPT,BFO,2
SENSEX,SENSEX2610891500CE,CE,91500,2026-01-08,296975877,20,0.05,BFO-OPT,BFO,2
SENSEX,SENSEX2610891500PE,PE,91500,2026-01-08,297004549,20,0.05,BFO-OPT,BFO,2
SENSEX,SENSEX2610891600CE,CE,91600,2026-01-08,297018373,20,0.05,BFO-OPT,BFO,2
SENSEX,SENSEX2610891600PE,PE,91600,2026-01-08,297048325,20,0.05,BFO-OPT,BFO,2
SENSEX,SENSEX2610891700CE,CE,91700,2026-01-08,296984837,20,0.05,BFO-OPT,BFO,2
SENSEX,SENSEX2610891700PE,PE,91700,2026-01-08,297013765,20,0.05,BFO-OPT,BFO,2
SENSEX,SENSEX2610891800CE,CE,91800,2026-01-08,297027077,20,0.05,BFO-OPT,BFO,2
SENSEX,SENSEX2610891800PE,PE,91800,2026-01-08,296979717,20,0.05,BFO-OPT,BFO,2
SENSEX,SENSEX2610891900CE,CE,91900,2026-01-08,296992773,20,0.05,BFO-OPT,BFO,2
SENSEX,SENSEX2610891900PE,PE,91900,2026-01-08,297023237,20,0.05,BFO-OPT,BFO,2
SENSEX,SENSEX2610892000CE,CE,92000,2026-01-08,296932869,20,0.05,BFO-OPT,BFO,2
SENSEX,SENSEX2610892000PE,PE,92000,2026-01-08,296964613,20,0.05,BFO-OPT,BFO,2
SENSEX,SENSEX2610892100CE,CE,92100,2026-01-08,297039365,20,0.05,BFO-OPT,BFO,2
SENSEX,SENSEX2610892100PE,PE,92100,2026-01-08,297071109,20,0.05,BFO-OPT,BFO,2
SENSEX,SENSEX2610892200CE,CE,92200,2026-01-08,296942597,20,0.05,BFO-OPT,BFO,2
SENSEX,SENSEX2610892200PE,PE,92200,2026-01-08,296973573,20,0.05,BFO-OPT,BFO,2
SENSEX,SENSEX2610892300CE,CE,92300,2026-01-08,297050117,20,0.05,BFO-OPT,BFO,2
SENSEX,SENSEX2610892300PE,PE,92300,2026-01-08,296938757,20,0.05,BFO-OPT,BFO,2
SENSEX,SENSEX2610892400CE,CE,92400,2026-01-08,296951557,20,0.05,BFO-OPT,BFO,2
SENSEX,SENSEX2610892400PE,PE,92400,2026-01-08,296983045,20,0.05,BFO-OPT,BFO,2
SENSEX,SENSEX2610892500CE,CE,92500,2026-01-08,297058565,20,0.05,BFO-OPT,BFO,2
SENSEX,SENSEX2610892500PE,PE,92500,2026-01-08,296947717,20,0.05,BFO-OPT,BFO,2
SENSEX,SENSEX2610892600CE,CE,92600,2026-01-08,296960773,20,0.05,BFO-OPT,BFO,2
SENSEX,SENSEX2610892600PE,PE,92600,2026-01-08,297054213,20,0.05,BFO-OPT,BFO,2
SENSEX,SENSEX2610892700CE,CE,92700,2026-01-08,297067013,20,0.05,BFO-OPT,BFO,2
SENSEX,SENSEX2610892700PE,PE,92700,2026-01-08,296956165,20,0.05,BFO-OPT,BFO,2
SENSEX,SENSEX2610892800CE,CE,92800,2026-01-08,297032197,20,0.05,BFO-OPT,BFO,2
SENSEX,SENSEX2610892800PE,PE,92800,2026-01-08,297063173,20,0.05,BFO-OPT,BFO,2
SENSEX,SENSEX2610892900CE,CE,92900,2026-01-08,296933893,20,0.05,BFO-OPT,BFO,2
SENSEX,SENSEX2610892900PE,PE,92900,2026-01-08,296966149,20,0.05,BFO-OPT,BFO,2
SENSEX,SENSEX2610893000CE,CE,93000,2026-01-08,297017349,20,0.05,BFO-OPT,BFO,2
SENSEX,SENSEX2610893000PE,PE,93000,2026-01-08,297046533,20,0.05,BFO-OPT,BFO,2
SENSEX,SENSEX2610893100CE,CE,93100,2026-01-08,296983813,20,0.05,BFO-OPT,BFO,2
SENSEX,SENSEX2610893100PE,PE,93100,2026-01-08,297012229,20,0.05,BFO-OPT,BFO,2
SENSEX,SENSEX2610893200CE,CE,93200,2026-01-08,298712837,20,0.05,BFO-OPT,BFO,2
SENSEX,SENSEX2610893200PE,PE,93200,2026-01-08,299104517,20,0.05,BFO-OPT,BFO,2
SENSEX,SENSEX2610893300CE,CE,93300,2026-01-08,210110981,20,0.05,BFO-OPT,BFO,2
SENSEX,SENSEX2610893300PE,PE,93300,2026-01-08,209958149,20,0.05,BFO-OPT,BFO,2
SENSEX,SENSEX2611576900CE,CE,76900,2026-01-15,210231813,20,0.05,BFO-OPT,BFO,9
SENSEX,SENSEX2611576900PE,PE,76900,2026-01-15,210218501,20,0.05,BFO-OPT,BFO,9
SENSEX,SENSEX2611577000CE,CE,77000,2026-01-15,209958405,20,0.05,BFO-OPT,BFO,9
SENSEX,SENSEX2611577000PE,PE,77000,2026-01-15,209942789,20,0.05,BFO-OPT,BFO,9
SENSEX,SENSEX2611577100CE,CE,77100,2026-01-15,210061317,20,0.05,BFO-OPT,BFO,9
SENSEX,SENSEX2611577100PE,PE,77100,2026-01-15,210220805,20,0.05,BFO-OPT,BFO,9
SENSEX,SENSEX2611577200CE,CE,77200,2026-01-15,210024965,20,0.05,BFO-OPT,BFO,9
SENSEX,SENSEX2611577200PE,PE,77200,2026-01-15,210012677,20,0.05,BFO-OPT,BFO,9
SENSEX,SENSEX2611577300CE,CE,77300,2026-01-15,210121989,20,0.05,BFO-OPT,BFO,9
SENSEX,SENSEX2611577300PE,PE,77300,2026-01-15,209973509,20,0.05,BFO-OPT,BFO,9
SENSEX,SENSEX2611577400CE,CE,77400,2026-01-15,210226181,20,0.05,BFO-OPT,BFO,9
SENSEX,SENSEX2611577400PE,PE,77400,2026-01-15,210071813,20,0.05,BFO-OPT,BFO,9
SENSEX,SENSEX2611577500CE,CE,77500,2026-01-15,210186245,20,0.05,BFO-OPT,BFO,9
SENSEX,SENSEX2611577500PE,PE,77500,2026-01-15,210035461,20,0.05,BFO-OPT,BFO,9
SENSEX,SENSEX2611577600CE,CE,77600,2026-01-15,299649541,20,0.05,BFO-OPT,BFO,9
SENSEX,SENSEX2611577600PE,PE,77600,2026-01-15,299698437,20,0.05,BFO-OPT,BFO,9
SENSEX,SENSEX2611577700CE,CE,77700,2026-01-15,299638789,20,0.05,BFO-OPT,BFO,9
SENSEX,SENSEX2611577700PE,PE,77700,2026-01-15,299634949,20,0.05,BFO-OPT,BFO,9
SENSEX,SENSEX2611577800CE,CE,77800,2026-01-15,299671301,20,0.05,BFO-OPT,BFO,9
SENSEX,SENSEX2611577800PE,PE,77800,2026-01-15,299720197,20,0.05,BFO-OPT,BFO,9
SENSEX,SENSEX2611577900CE,CE,77900,2026-01-15,299699461,20,0.05,BFO-OPT,BFO,9
SENSEX,SENSEX2611577900PE,PE,77900,2026-01-15,299653381,20,0.05,BFO-OPT,BFO,9
SENSEX,SENSEX2611578000CE,CE,78000,2026-01-15,299712773,20,0.05,BFO-OPT,BFO,9
SENSEX,SENSEX2611578000PE,PE,78000,2026-01-15,299669253,20,0.05,BFO-OPT,BFO,9
SENSEX,SENSEX2611578100CE,CE,78100,2026-01-15,299607045,20,0.05,BFO-OPT,BFO,9
SENSEX,SENSEX2611578100PE,PE,78100,2026-01-15,299555589,20,0.05,BFO-OPT,BFO,9
SENSEX,SENSEX2611578200CE,CE,78200,2026-01-15,297761797,20,0.05,BFO-OPT,BFO,9
SENSEX,SENSEX2611578200PE,PE,78200,2026-01-15,298173445,20,0.05,BFO-OPT,BFO,9
SENSEX,SENSEX2611578300CE,CE,78300,2026-01-15,298375429,20,0.05,BFO-OPT,BFO,9
SENSEX,SENSEX2611578300PE,PE,78300,2026-01-15,298774277,20,0.05,BFO-OPT,BFO,9
SENSEX,SENSEX2611578400CE,CE,78400,2026-01-15,297888261,20,0.05,BFO-OPT,BFO,9
SENSEX,SENSEX2611578400PE,PE,78400,2026-01-15,298302981,20,0.05,BFO-OPT,BFO,9
SENSEX,SENSEX2611578500CE,CE,78500,2026-01-15,298489093,20,0.05,BFO-OPT,BFO,9
SENSEX,SENSEX2611578500PE,PE,78500,2026-01-15,297828101,20,0.05,BFO-OPT,BFO,9
SENSEX,SENSEX2611578600CE,CE,78600,2026-01-15,298016773,20,0.05,BFO-OPT,BFO,9
SENSEX,SENSEX2611578600PE,PE,78600,2026-01-15,298432517,20,0.05,BFO-OPT,BFO,9
SENSEX,SENSEX2611578700CE,CE,78700,2026-01-15,297526021,20,0.05,BFO-OPT,BFO,9
SENSEX,SENSEX2611578700PE,PE,78700,2026-01-15,297949189,20,0.05,BFO-OPT,BFO,9
SENSEX,SENSEX2611578800CE,CE,78800,2026-01-15,298132485,20,0.05,BFO-OPT,BFO,9
SENSEX,SENSEX2611578800PE,PE,78800,2026-01-15,298543877,20,0.05,BFO-OPT,BFO,9
SENSEX,SENSEX2611578900CE,CE,78900,2026-01-15,297652741,20,0.05,BFO-OPT,BFO,9
SENSEX,SENSEX2611578900PE,PE,78900,2026-01-15,298074117,20,0.05,BFO-OPT,BFO,9
SENSEX,SENSEX2611579000CE,CE,79000,2026-01-15,298788613,20,0.05,BFO-OPT,BFO,9
SENSEX,SENSEX2611579000PE,PE,79000,2026-01-15,299176709,20,0.05,BFO-OPT,BFO,9
SENSEX,SENSEX2611579100CE,CE,79100,2026-01-15,297447173,20,0.05,BFO-OPT,BFO,9
SENSEX,SENSEX2611579100PE,PE,79100,2026-01-15,297866245,20,0.05,BFO-OPT,BFO,9
SENSEX,SENSEX2611579200CE,CE,79200,2026-01-15,298906629,20,0.05,BFO-OPT,BFO,9
SENSEX,SENSEX2611579200PE,PE,79200,2026-01-15,297388293,20,0.05,BFO-OPT,BFO,9
SENSEX,SENSEX2611579300CE,CE,79300,2026-01-15,297568261,20,0.05,BFO-OPT,BFO,9
SENSEX,SENSEX2611579300PE,PE,79300,2026-01-15,298852357,20,0.05,BFO-OPT,BFO,9
SENSEX,SENSEX2611579400CE,CE,79400,2026-01-15,299015685,20,0.05,BFO-OPT,BFO,9
SENSEX,SENSEX2611579400PE,PE,79400,2026-01-15,297499653,20,0.05,BFO-OPT,BFO,9
SENSEX,SENSEX2611579500CE,CE,79500,2026-01-15,298555909,20,0.05,BFO-OPT,BFO,9
SENSEX,SENSEX2611579500PE,PE,79500,2026-01-15,298957061,20,0.05,BFO-OPT,BFO,9
SENSEX,SENSEX2611579600CE,CE,79600,2026-01-15,299132421,20,0.05,BFO-OPT,BFO,9
SENSEX,SENSEX2611579600PE,PE,79600,2026-01-15,297627653,20,0.05,BFO-OPT,BFO,9
SENSEX,SENSEX2611579700CE,CE,79700,2026-01-15,298674437,20,0.05,BFO-OPT,BFO,9
SENSEX,SENSEX2611579700PE,PE,79700,2026-01-15,299065605,20,0.05,BFO-OPT,BFO,9
SENSEX,SENSEX2611579800CE,CE,79800,2026-01-15,299255813,20,0.05,BFO-OPT,BFO,9
SENSEX,SENSEX2611579800PE,PE,79800,2026-01-15,298608901,20,0.05,BFO-OPT,BFO,9
SENSEX,SENSEX2611579900CE,CE,79900,2026-01-15,298802949,20,0.05,BFO-OPT,BFO,9
SENSEX,SENSEX2611579900PE,PE,79900,2026-01-15,299188997,20,0.05,BFO-OPT,BFO,9
SENSEX,SENSEX2611580000CE,CE,80000,2026-01-15,298400773,20,0.05,BFO-OPT,BFO,9
SENSEX,SENSEX2611580000PE,PE,80000,2026-01-15,298803973,20,0.05,BFO-OPT,BFO,9
SENSEX,SENSEX2611580100CE,CE,80100,2026-01-15,298976517,20,0.05,BFO-OPT,BFO,9
SENSEX,SENSEX2611580100PE,PE,80100,2026-01-15,298331653,20,0.05,BFO-OPT,BFO,9
SENSEX,SENSEX2611580200CE,CE,80200,2026-01-15,298514437,20,0.05,BFO-OPT,BFO,9
SENSEX,SENSEX2611580200PE,PE,80200,2026-01-15,298914565,20,0.05,BFO-OPT,BFO,9
SENSEX,SENSEX2611580300CE,CE,80300,2026-01-15,298045445,20,0.05,BFO-OPT,BFO,9
SENSEX,SENSEX2611580300PE,PE,80300,2026-01-15,298456837,20,0.05,BFO-OPT,BFO,9
SENSEX,SENSEX2611580400CE,CE,80400,2026-01-15,298631429,20,0.05,BFO-OPT,BFO,9
SENSEX,SENSEX2611580400PE,PE,80400,2026-01-15,299026693,20,0.05,BFO-OPT,BFO,9
SENSEX,SENSEX2611580500CE,CE,80500,2026-01-15,298158085,20,0.05,BFO-OPT,BFO,9
SENSEX,SENSEX2611580500PE,PE,80500,2026-01-15,298568709,20,0.05,BFO-OPT,BFO,9
SENSEX,SENSEX2611580600CE,CE,80600,2026-01-15,298757637,20,0.05,BFO-OPT,BFO,9
SENSEX,SENSEX2611580600PE,PE,80600,2026-01-15,298098949,20,0.05,BFO-OPT,BFO,9
SENSEX,SENSEX2611580700CE,CE,80700,2026-01-15,298286341,20,0.05,BFO-OPT,BFO,9
SENSEX,SENSEX2611580700PE,PE,80700,2026-01-15,298689029,20,0.05,BFO-OPT,BFO,9
SENSEX,SENSEX2611580800CE,CE,80800,2026-01-15,297807365,20,0.05,BFO-OPT,BFO,9
SENSEX,SENSEX2611580800PE,PE,80800,2026-01-15,298214405,20,0.05,BFO-OPT,BFO,9
SENSEX,SENSEX2611580900CE,CE,80900,2026-01-15,298417413,20,0.05,BFO-OPT,BFO,9
SENSEX,SENSEX2611580900PE,PE,80900,2026-01-15,298819333,20,0.05,BFO-OPT,BFO,9
SENSEX,SENSEX2611581000CE,CE,81000,2026-01-15,297596421,20,0.05,BFO-OPT,BFO,9
SENSEX,SENSEX2611581000PE,PE,81000,2026-01-15,298017797,20,0.05,BFO-OPT,BFO,9
SENSEX,SENSEX2611581100CE,CE,81100,2026-01-15,299036933,20,0.05,BFO-OPT,BFO,9
SENSEX,SENSEX2611581100PE,PE,81100,2026-01-15,297527813,20,0.05,BFO-OPT,BFO,9
SENSEX,SENSEX2611581200CE,CE,81200,2026-01-15,297718533,20,0.05,BFO-OPT,BFO,9
SENSEX,SENSEX2611581200PE,PE,81200,2026-01-15,298133765,20,0.05,BFO-OPT,BFO,9
SENSEX,SENSEX2611581300CE,CE,81300,2026-01-15,299158789,20,0.05,BFO-OPT,BFO,9
SENSEX,SENSEX2611581300PE,PE,81300,2026-01-15,297654021,20,0.05,BFO-OPT,BFO,9
SENSEX,SENSEX2611581400CE,CE,81400,2026-01-15,297850117,20,0.05,BFO-OPT,BFO,9
SENSEX,SENSEX2611581400PE,PE,81400,2026-01-15,299092485,20,0.05,BFO-OPT,BFO,9
SENSEX,SENSEX2611581500CE,CE,81500,2026-01-15,299280645,20,0.05,BFO-OPT,BFO,9
SENSEX,SENSEX2611581500PE,PE,81500,2026-01-15,297780485,20,0.05,BFO-OPT,BFO,9
SENSEX,SENSEX2611581600CE,CE,81600,2026-01-15,298835205,20,0.05,BFO-OPT,BFO,9
SENSEX,SENSEX2611581600PE,PE,81600,2026-01-15,299213573,20,0.05,BFO-OPT,BFO,9
SENSEX,SENSEX2611581700CE,CE,81700,2026-01-15,297483013,20,0.05,BFO-OPT,BFO,9
SENSEX,SENSEX2611581700PE,PE,81700,2026-01-15,297906693,20,0.05,BFO-OPT,BFO,9
SENSEX,SENSEX2611581800CE,CE,81800,2026-01-15,298941445,20,0.05,BFO-OPT,BFO,9
SENSEX,SENSEX2611581800PE,PE,81800,2026-01-15,297421573,20,0.05,BFO-OPT,BFO,9
SENSEX,SENSEX2611581900CE,CE,81900,2026-01-15,297607941,20,0.05,BFO-OPT,BFO,9
SENSEX,SENSEX2611581900PE,PE,81900,2026-01-15,298884357,20,0.05,BFO-OPT,BFO,9
SENSEX,SENSEX2611582000CE,CE,82000,2026-01-15,298742277,20,0.05,BFO-OPT,BFO,9
SENSEX,SENSEX2611582000PE,PE,82000,2026-01-15,299134981,20,0.05,BFO-OPT,BFO,9
SENSEX,SENSEX2611582100CE,CE,82100,2026-01-15,298272005,20,0.05,BFO-OPT,BFO,9
SENSEX,SENSEX2611582100PE,PE,82100,2026-01-15,298676485,20,0.05,BFO-OPT,BFO,9
SENSEX,SENSEX2611582200CE,CE,82200,2026-01-15,298869765,20,0.05,BFO-OPT,BFO,9
SENSEX,SENSEX2611582200PE,PE,82200,2026-01-15,298200069,20,0.05,BFO-OPT,BFO,9
SENSEX,SENSEX2611582300CE,CE,82300,2026-01-15,298402053,20,0.05,BFO-OPT,BFO,9
SENSEX,SENSEX2611582300PE,PE,82300,2026-01-15,298805509,20,0.05,BFO-OPT,BFO,9
SENSEX,SENSEX2611582400CE,CE,82400,2026-01-15,297920261,20,0.05,BFO-OPT,BFO,9
SENSEX,SENSEX2611582400PE,PE,82400,2026-01-15,298332165,20,0.05,BFO-OPT,BFO,9
SENSEX,SENSEX2611582500CE,CE,82500,2026-01-15,298515205,20,0.05,BFO-OPT,BFO,9
SENSEX,SENSEX2611582500PE,PE,82500,2026-01-15,298915333,20,0.05,BFO-OPT,BFO,9
SENSEX,SENSEX2611582600CE,CE,82600,2026-01-15,298046725,20,0.05,BFO-OPT,BFO,9
SENSEX,SENSEX2611582600PE,PE,82600,2026-01-15,298458373,20,0.05,BFO-OPT,BFO,9
SENSEX,SENSEX2611582700CE,CE,82700,2026-01-15,298632197,20,0.05,BFO-OPT,BFO,9
SENSEX,SENSEX2611582700PE,PE,82700,2026-01-15,297977093,20,0.05,BFO-OPT,BFO,9
SENSEX,SENSEX2611582800CE,CE,82800,2026-01-15,298158853,20,0.05,BFO-OPT,BFO,9
SENSEX,SENSEX2611582800PE,PE,82800,2026-01-15,298570245,20,0.05,BFO-OPT,BFO,9
SENSEX,SENSEX2611582900CE,CE,82900,2026-01-15,297682437,20,0.05,BFO-OPT,BFO,9
SENSEX,SENSEX2611582900PE,PE,82900,2026-01-15,298100741,20,0.05,BFO-OPT,BFO,9
SENSEX,SENSEX2611583000CE,CE,83000,2026-01-15,297960197,20,0.05,BFO-OPT,BFO,9
SENSEX,SENSEX2611583000PE,PE,83000,2026-01-15,299201541,20,0.05,BFO-OPT,BFO,9
SENSEX,SENSEX2611583100CE,CE,83100,2026-01-15,297471237,20,0.05,BFO-OPT,BFO,9
SENSEX,SENSEX2611583100PE,PE,83100,2026-01-15,297893125,20,0.05,BFO-OPT,BFO,9
SENSEX,SENSEX2611583200CE,CE,83200,2026-01-15,298928389,20,0.05,BFO-OPT,BFO,9
SENSEX,SENSEX2611583200PE,PE,83200,2026-01-15,297411589,20,0.05,BFO-OPT,BFO,9
SENSEX,SENSEX2611583300CE,CE,83300,2026-01-15,297597957,20,0.05,BFO-OPT,BFO,9
SENSEX,SENSEX2611583300PE,PE,83300,2026-01-15,298020101,20,0.05,BFO-OPT,BFO,9
SENSEX,SENSEX2611583400CE,CE,83400,2026-01-15,299039237,20,0.05,BFO-OPT,BFO,9
SENSEX,SENSEX2611583400PE,PE,83400,2026-01-15,297528837,20,0.05,BFO-OPT,BFO,9
SENSEX,SENSEX2611583500CE,CE,83500,2026-01-15,297719813,20,0.05,BFO-OPT,BFO,9
SENSEX,SENSEX2611583500PE,PE,83500,2026-01-15,298981381,20,0.05,BFO-OPT,BFO,9
SENSEX,SENSEX2611583600CE,CE,83600,2026-01-15,299159813,20,0.05,BFO-OPT,BFO,9
SENSEX,SENSEX2611583600PE,PE,83600,2026-01-15,297655045,20,0.05,BFO-OPT,BFO,9
SENSEX,SENSEX2611583700CE,CE,83700,2026-01-15,298702853,20,0.05,BFO-OPT,BFO,9
SENSEX,SENSEX2611583700PE,PE,83700,2026-01-15,299093509,20,0.05,BFO-OPT,BFO,9
SENSEX,SENSEX2611583800CE,CE,83800,2026-01-15,299282437,20,0.05,BFO-OPT,BFO,9
SENSEX,SENSEX2611583800PE,PE,83800,2026-01-15,297782021,20,0.05,BFO-OPT,BFO,9
SENSEX,SENSEX2611583900CE,CE,83900,2026-01-15,298836229,20,0.05,BFO-OPT,BFO,9
SENSEX,SENSEX2611583900PE,PE,83900,2026-01-15,299215109,20,0.05,BFO-OPT,BFO,9
SENSEX,SENSEX2611584000CE,CE,84000,2026-01-15,298032389,20,0.05,BFO-OPT,BFO,9
SENSEX,SENSEX2611584000PE,PE,84000,2026-01-15,298447109,20,0.05,BFO-OPT,BFO,9
SENSEX,SENSEX2611584100CE,CE,84100,2026-01-15,298618117,20,0.05,BFO-OPT,BFO,9
SENSEX,SENSEX2611584100PE,PE,84100,2026-01-15,299019269,20,0.05,BFO-OPT,BFO,9
SENSEX,SENSEX2611584200CE,CE,84200,2026-01-15,298145029,20,0.05,BFO-OPT,BFO,9
SENSEX,SENSEX2611584200PE,PE,84200,2026-01-15,298559749,20,0.05,BFO-OPT,BFO,9
SENSEX,SENSEX2611584300CE,CE,84300,2026-01-15,298743301,20,0.05,BFO-OPT,BFO,9
SENSEX,SENSEX2611584300PE,PE,84300,2026-01-15,298088709,20,0.05,BFO-OPT,BFO,9
SENSEX,SENSEX2611584400CE,CE,84400,2026-01-15,298273541,20,0.05,BFO-OPT,BFO,9
SENSEX,SENSEX2611584400PE,PE,84400,2026-01-15,298677765,20,0.05,BFO-OPT,BFO,9
SENSEX,SENSEX2611584500CE,CE,84500,2026-01-15,297795589,20,0.05,BFO-OPT,BFO,9
SENSEX,SENSEX2611584500PE,PE,84500,2026-01-15,298201861,20,0.05,BFO-OPT,BFO,9
SENSEX,SENSEX2611584600CE,CE,84600,2026-01-15,298403333,20,0.05,BFO-OPT,BFO,9
SENSEX,SENSEX2611584600PE,PE,84600,2026-01-15,298807045,20,0.05,BFO-OPT,BFO,9
SENSEX,SENSEX2611584700CE,CE,84700,2026-01-15,297921541,20,0.05,BFO-OPT,BFO,9
SENSEX,SENSEX2611584700PE,PE,84700,2026-01-15,298333189,20,0.05,BFO-OPT,BFO,9
SENSEX,SENSEX2611584800CE,CE,84800,2026-01-15,298516485,20,0.05,BFO-OPT,BFO,9
SENSEX,SENSEX2611584800PE,PE,84800,2026-01-15,298916613,20,0.05,BFO-OPT,BFO,9
SENSEX,SENSEX2611584900CE,CE,84900,2026-01-15,298048517,20,0.05,BFO-OPT,BFO,9
SENSEX,SENSEX2611584900PE,PE,84900,2026-01-15,298459653,20,0.05,BFO-OPT,BFO,9
SENSEX,SENSEX2611585000CE,CE,85000,2026-01-15,299147269,20,0.05,BFO-OPT,BFO,9
SENSEX,SENSEX2611585000PE,PE,85000,2026-01-15,297643013,20,0.05,BFO-OPT,BFO,9
SENSEX,SENSEX2611585100CE,CE,85100,2026-01-15,297838085,20,0.05,BFO-OPT,BFO,9
SENSEX,SENSEX2611585100PE,PE,85100,2026-01-15,299080453,20,0.05,BFO-OPT,BFO,9
SENSEX,SENSEX2611585200CE,CE,85200,2026-01-15,299266309,20,0.05,BFO-OPT,BFO,9
SENSEX,SENSEX2611585200PE,PE,85200,2026-01-15,297766917,20,0.05,BFO-OPT,BFO,9
SENSEX,SENSEX2611585300CE,CE,85300,2026-01-15,298820357,20,0.05,BFO-OPT,BFO,9
SENSEX,SENSEX2611585300PE,PE,85300,2026-01-15,299202821,20,0.05,BFO-OPT,BFO,9
SENSEX,SENSEX2611585400CE,CE,85400,2026-01-15,297472005,20,0.05,BFO-OPT,BFO,9
SENSEX,SENSEX2611585400PE,PE,85400,2026-01-15,297895173,20,0.05,BFO-OPT,BFO,9
SENSEX,SENSEX2611585500CE,CE,85500,2026-01-15,298929157,20,0.05,BFO-OPT,BFO,9
SENSEX,SENSEX2611585500PE,PE,85500,2026-01-15,297412869,20,0.05,BFO-OPT,BFO,9
SENSEX,SENSEX2611585600CE,CE,85600,2026-01-15,297598469,20,0.05,BFO-OPT,BFO,9
SENSEX,SENSEX2611585600PE,PE,85600,2026-01-15,298020613,20,0.05,BFO-OPT,BFO,9
SENSEX,SENSEX2611585700CE,CE,85700,2026-01-15,299040517,20,0.05,BFO-OPT,BFO,9
SENSEX,SENSEX2611585700PE,PE,85700,2026-01-15,297530117,20,0.05,BFO-OPT,BFO,9
SENSEX,SENSEX2611585800CE,CE,85800,2026-01-15,297721093,20,0.05,BFO-OPT,BFO,9
SENSEX,SENSEX2611585800PE,PE,85800,2026-01-15,298982917,20,0.05,BFO-OPT,BFO,9
SENSEX,SENSEX2611585900CE,CE,85900,2026-01-15,299161093,20,0.05,BFO-OPT,BFO,9
SENSEX,SENSEX2611585900PE,PE,85900,2026-01-15,297656069,20,0.05,BFO-OPT,BFO,9
SENSEX,SENSEX2611586000CE,CE,86000,2026-01-15,298391813,20,0.05,BFO-OPT,BFO,9
SENSEX,SENSEX2611586000PE,PE,86000,2026-01-15,298791429,20,0.05,BFO-OPT,BFO,9
SENSEX,SENSEX2611586100CE,CE,86100,2026-01-15,297908229,20,0.05,BFO-OPT,BFO,9
SENSEX,SENSEX2611586100PE,PE,86100,2026-01-15,298321413,20,0.05,BFO-OPT,BFO,9
SENSEX,SENSEX2611586200CE,CE,86200,2026-01-15,298506501,20,0.05,BFO-OPT,BFO,9
SENSEX,SENSEX2611586200PE,PE,86200,2026-01-15,298908933,20,0.05,BFO-OPT,BFO,9
SENSEX,SENSEX2611586300CE,CE,86300,2026-01-15,298033925,20,0.05,BFO-OPT,BFO,9
SENSEX,SENSEX2611586300PE,PE,86300,2026-01-15,298448389,20,0.05,BFO-OPT,BFO,9
SENSEX,SENSEX2611586400CE,CE,86400,2026-01-15,298619909,20,0.05,BFO-OPT,BFO,9
SENSEX,SENSEX2611586400PE,PE,86400,2026-01-15,297964805,20,0.05,BFO-OPT,BFO,9
SENSEX,SENSEX2611586500CE,CE,86500,2026-01-15,298146309,20,0.05,BFO-OPT,BFO,9
SENSEX,SENSEX2611586500PE,PE,86500,2026-01-15,298560261,20,0.05,BFO-OPT,BFO,9
SENSEX,SENSEX2611586600CE,CE,86600,2026-01-15,298744325,20,0.05,BFO-OPT,BFO,9
SENSEX,SENSEX2611586600PE,PE,86600,2026-01-15,298089221,20,0.05,BFO-OPT,BFO,9
SENSEX,SENSEX2611586700CE,CE,86700,2026-01-15,298275333,20,0.05,BFO-OPT,BFO,9
SENSEX,SENSEX2611586700PE,PE,86700,2026-01-15,298679557,20,0.05,BFO-OPT,BFO,9
SENSEX,SENSEX2611586800CE,CE,86800,2026-01-15,297797125,20,0.05,BFO-OPT,BFO,9
SENSEX,SENSEX2611586800PE,PE,86800,2026-01-15,298203397,20,0.05,BFO-OPT,BFO,9
SENSEX,SENSEX2611586900CE,CE,86900,2026-01-15,298405381,20,0.05,BFO-OPT,BFO,9
SENSEX,SENSEX2611586900PE,PE,86900,2026-01-15,298808325,20,0.05,BFO-OPT,BFO,9
SENSEX,SENSEX2611587000CE,CE,87000,2026-01-15,297583877,20,0.05,BFO-OPT,BFO,9
SENSEX,SENSEX2611587000PE,PE,87000,2026-01-15,298008837,20,0.05,BFO-OPT,BFO,9
SENSEX,SENSEX2611587100CE,CE,87100,2026-01-15,299029509,20,0.05,BFO-OPT,BFO,9
SENSEX,SENSEX2611587100PE,PE,87100,2026-01-15,297515781,20,0.05,BFO-OPT,BFO,9
SENSEX,SENSEX2611587200CE,CE,87200,2026-01-15,297705989,20,0.05,BFO-OPT,BFO,9
SENSEX,SENSEX2611587200PE,PE,87200,2026-01-15,298971653,20,0.05,BFO-OPT,BFO,9
SENSEX,SENSEX2611587300CE,CE,87300,2026-01-15,299148805,20,0.05,BFO-OPT,BFO,9
SENSEX,SENSEX2611587300PE,PE,87300,2026-01-15,297644293,20,0.05,BFO-OPT,BFO,9
SENSEX,SENSEX2611587400CE,CE,87400,2026-01-15,298691077,20,0.05,BFO-OPT,BFO,9
SENSEX,SENSEX2611587400PE,PE,87400,2026-01-15,299081733,20,0.05,BFO-OPT,BFO,9
SENSEX,SENSEX2611587500CE,CE,87500,2026-01-15,299267589,20,0.05,BFO-OPT,BFO,9
SENSEX,SENSEX2611587500PE,PE,87500,2026-01-15,297768453,20,0.05,BFO-OPT,BFO,9
SENSEX,SENSEX2611587600CE,CE,87600,2026-01-15,298821125,20,0.05,BFO-OPT,BFO,9
SENSEX,SENSEX2611587600PE,PE,87600,2026-01-15,299203845,20,0.05,BFO-OPT,BFO,9
SENSEX,SENSEX2611587700CE,CE,87700,2026-01-15,297473285,20,0.05,BFO-OPT,BFO,9
SENSEX,SENSEX2611587700PE,PE,87700,2026-01-15,297895685,20,0.05,BFO-OPT,BFO,9
SENSEX,SENSEX2611587800CE,CE,87800,2026-01-15,298930437,20,0.05,BFO-OPT,BFO,9
SENSEX,SENSEX2611587800PE,PE,87800,2026-01-15,297414149,20,0.05,BFO-OPT,BFO,9
SENSEX,SENSEX2611587900CE,CE,87900,2026-01-15,297600005,20,0.05,BFO-OPT,BFO,9
SENSEX,SENSEX2611587900PE,PE,87900,2026-01-15,298876165,20,0.05,BFO-OPT,BFO,9
SENSEX,SENSEX2611588000CE,CE,88000,2026-01-15,298732805,20,0.05,BFO-OPT,BFO,9
SENSEX,SENSEX2611588000PE,PE,88000,2026-01-15,298077445,20,0.05,BFO-OPT,BFO,9
SENSEX,SENSEX2611588100CE,CE,88100,2026-01-15,298262021,20,0.05,BFO-OPT,BFO,9
SENSEX,SENSEX2611588100PE,PE,88100,2026-01-15,298665989,20,0.05,BFO-OPT,BFO,9
SENSEX,SENSEX2611588200CE,CE,88200,2026-01-15,297783301,20,0.05,BFO-OPT,BFO,9
SENSEX,SENSEX2611588200PE,PE,88200,2026-01-15,298189061,20,0.05,BFO-OPT,BFO,9
SENSEX,SENSEX2611588300CE,CE,88300,2026-01-15,298392581,20,0.05,BFO-OPT,BFO,9
SENSEX,SENSEX2611588300PE,PE,88300,2026-01-15,298792453,20,0.05,BFO-OPT,BFO,9
SENSEX,SENSEX2611588400CE,CE,88400,2026-01-15,297909509,20,0.05,BFO-OPT,BFO,9
SENSEX,SENSEX2611588400PE,PE,88400,2026-01-15,298322693,20,0.05,BFO-OPT,BFO,9
SENSEX,SENSEX2611588500CE,CE,88500,2026-01-15,298507269,20,0.05,BFO-OPT,BFO,9
SENSEX,SENSEX2611588500PE,PE,88500,2026-01-15,298909189,20,0.05,BFO-OPT,BFO,9
SENSEX,SENSEX2611588600CE,CE,88600,2026-01-15,298035205,20,0.05,BFO-OPT,BFO,9
SENSEX,SENSEX2611588600PE,PE,88600,2026-01-15,298449413,20,0.05,BFO-OPT,BFO,9
SENSEX,SENSEX2611588700CE,CE,88700,2026-01-15,298621445,20,0.05,BFO-OPT,BFO,9
SENSEX,SENSEX2611588700PE,PE,88700,2026-01-15,297965573,20,0.05,BFO-OPT,BFO,9
SENSEX,SENSEX2611588800CE,CE,88800,2026-01-15,298147589,20,0.05,BFO-OPT,BFO,9
SENSEX,SENSEX2611588800PE,PE,88800,2026-01-15,298561541,20,0.05,BFO-OPT,BFO,9
SENSEX,SENSEX2611588900CE,CE,88900,2026-01-15,297669893,20,0.05,BFO-OPT,BFO,9
SENSEX,SENSEX2611588900PE,PE,88900,2026-01-15,298089733,20,0.05,BFO-OPT,BFO,9
SENSEX,SENSEX2611589000CE,CE,89000,2026-01-15,298808581,20,0.05,BFO-OPT,BFO,9
SENSEX,SENSEX2611589000PE,PE,89000,2026-01-15,299192581,20,0.05,BFO-OPT,BFO,9
SENSEX,SENSEX2611589100CE,CE,89100,2026-01-15,297463301,20,0.05,BFO-OPT,BFO,9
SENSEX,SENSEX2611589100PE,PE,89100,2026-01-15,297882885,20,0.05,BFO-OPT,BFO,9
SENSEX,SENSEX2611589200CE,CE,89200,2026-01-15,298918149,20,0.05,BFO-OPT,BFO,9
SENSEX,SENSEX2611589200PE,PE,89200,2026-01-15,297402885,20,0.05,BFO-OPT,BFO,9
SENSEX,SENSEX2611589300CE,CE,89300,2026-01-15,297585157,20,0.05,BFO-OPT,BFO,9
SENSEX,SENSEX2611589300PE,PE,89300,2026-01-15,298009605,20,0.05,BFO-OPT,BFO,9
SENSEX,SENSEX2611589400CE,CE,89400,2026-01-15,299030021,20,0.05,BFO-OPT,BFO,9
SENSEX,SENSEX2611589400PE,PE,89400,2026-01-15,297516805,20,0.05,BFO-OPT,BFO,9
SENSEX,SENSEX2611589500CE,CE,89500,2026-01-15,297707013,20,0.05,BFO-OPT,BFO,9
SENSEX,SENSEX2611589500PE,PE,89500,2026-01-15,298972677,20,0.05,BFO-OPT,BFO,9
SENSEX,SENSEX2611589600CE,CE,89600,2026-01-15,299150341,20,0.05,BFO-OPT,BFO,9
SENSEX,SENSEX2611589600PE,PE,89600,2026-01-15,297646085,20,0.05,BFO-OPT,BFO,9
SENSEX,SENSEX2611589700CE,CE,89700,2026-01-15,298692869,20,0.05,BFO-OPT,BFO,9
SENSEX,SENSEX2611589700PE,PE,89700,2026-01-15,299083013,20,0.05,BFO-OPT,BFO,9
SENSEX,SENSEX2611589800CE,CE,89800,2026-01-15,299269381,20,0.05,BFO-OPT,BFO,9
SENSEX,SENSEX2611589800PE,PE,89800,2026-01-15,297769733,20,0.05,BFO-OPT,BFO,9
SENSEX,SENSEX2611589900CE,CE,89900,2026-01-15,298823429,20,0.05,BFO-OPT,BFO,9
SENSEX,SENSEX2611589900PE,PE,89900,2026-01-15,299205125,20,0.05,BFO-OPT,BFO,9
SENSEX,SENSEX2611590000CE,CE,90000,2026-01-15,298421509,20,0.05,BFO-OPT,BFO,9
SENSEX,SENSEX2611590000PE,PE,90000,2026-01-15,298824709,20,0.05,BFO-OPT,BFO,9
SENSEX,SENSEX2611590100CE,CE,90100,2026-01-15,298992389,20,0.05,BFO-OPT,BFO,9
SENSEX,SENSEX2611590100PE,PE,90100,2026-01-15,297475845,20,0.05,BFO-OPT,BFO,9
SENSEX,SENSEX2611590200CE,CE,90200,2026-01-15,298529541,20,0.05,BFO-OPT,BFO,9
SENSEX,SENSEX2611590200PE,PE,90200,2026-01-15,298933509,20,0.05,BFO-OPT,BFO,9
SENSEX,SENSEX2611590300CE,CE,90300,2026-01-15,299107845,20,0.05,BFO-OPT,BFO,9
SENSEX,SENSEX2611590300PE,PE,90300,2026-01-15,298472453,20,0.05,BFO-OPT,BFO,9
SENSEX,SENSEX2611590400CE,CE,90400,2026-01-15,298647045,20,0.05,BFO-OPT,BFO,9
SENSEX,SENSEX2611590400PE,PE,90400,2026-01-15,299043333,20,0.05,BFO-OPT,BFO,9
SENSEX,SENSEX2611590500CE,CE,90500,2026-01-15,298173701,20,0.05,BFO-OPT,BFO,9
SENSEX,SENSEX2611590500PE,PE,90500,2026-01-15,298588165,20,0.05,BFO-OPT,BFO,9
SENSEX,SENSEX2611590600CE,CE,90600,2026-01-15,298775045,20,0.05,BFO-OPT,BFO,9
SENSEX,SENSEX2611590600PE,PE,90600,2026-01-15,299166213,20,0.05,BFO-OPT,BFO,9
SENSEX,SENSEX2611590700CE,CE,90700,2026-01-15,298304773,20,0.05,BFO-OPT,BFO,9
SENSEX,SENSEX2611590700PE,PE,90700,2026-01-15,298706949,20,0.05,BFO-OPT,BFO,9
SENSEX,SENSEX2611590800CE,CE,90800,2026-01-15,298894597,20,0.05,BFO-OPT,BFO,9
SENSEX,SENSEX2611590800PE,PE,90800,2026-01-15,298237445,20,0.05,BFO-OPT,BFO,9
SENSEX,SENSEX2611590900CE,CE,90900,2026-01-15,298433285,20,0.05,BFO-OPT,BFO,9
SENSEX,SENSEX2611590900PE,PE,90900,2026-01-15,298839813,20,0.05,BFO-OPT,BFO,9
SENSEX,SENSEX2611591000CE,CE,91000,2026-01-15,297613317,20,0.05,BFO-OPT,BFO,9
SENSEX,SENSEX2611591000PE,PE,91000,2026-01-15,298037765,20,0.05,BFO-OPT,BFO,9
SENSEX,SENSEX2611591100CE,CE,91100,2026-01-15,298214917,20,0.05,BFO-OPT,BFO,9
SENSEX,SENSEX2611591100PE,PE,91100,2026-01-15,297547781,20,0.05,BFO-OPT,BFO,9
SENSEX,SENSEX2611591200CE,CE,91200,2026-01-15,297735173,20,0.05,BFO-OPT,BFO,9
SENSEX,SENSEX2611591200PE,PE,91200,2026-01-15,298149637,20,0.05,BFO-OPT,BFO,9
SENSEX,SENSEX2611591300CE,CE,91300,2026-01-15,299177221,20,0.05,BFO-OPT,BFO,9
SENSEX,SENSEX2611591300PE,PE,91300,2026-01-15,297672965,20,0.05,BFO-OPT,BFO,9
SENSEX,SENSEX2611591400CE,CE,91400,2026-01-15,297867013,20,0.05,BFO-OPT,BFO,9
SENSEX,SENSEX2611591400PE,PE,91400,2026-01-15,298279173,20,0.05,BFO-OPT,BFO,9
SENSEX,SENSEX2611591500CE,CE,91500,2026-01-15,297388549,20,0.05,BFO-OPT,BFO,9
SENSEX,SENSEX2611591500PE,PE,91500,2026-01-15,297799941,20,0.05,BFO-OPT,BFO,9
SENSEX,SENSEX2611591600CE,CE,91600,2026-01-15,297992965,20,0.05,BFO-OPT,BFO,9
SENSEX,SENSEX2611591600PE,PE,91600,2026-01-15,299233285,20,0.05,BFO-OPT,BFO,9
SENSEX,SENSEX2611591700CE,CE,91700,2026-01-15,297500421,20,0.05,BFO-OPT,BFO,9
SENSEX,SENSEX2611591700PE,PE,91700,2026-01-15,297926661,20,0.05,BFO-OPT,BFO,9
SENSEX,SENSEX2611591800CE,CE,91800,2026-01-15,298958085,20,0.05,BFO-OPT,BFO,9
SENSEX,SENSEX2611591800PE,PE,91800,2026-01-15,297439237,20,0.05,BFO-OPT,BFO,9
SENSEX,SENSEX2611591900CE,CE,91900,2026-01-15,297628933,20,0.05,BFO-OPT,BFO,9
SENSEX,SENSEX2611591900PE,PE,91900,2026-01-15,298053637,20,0.05,BFO-OPT,BFO,9
SENSEX,SENSEX2611592000CE,CE,92000,2026-01-15,298761989,20,0.05,BFO-OPT,BFO,9
SENSEX,SENSEX2611592000PE,PE,92000,2026-01-15,299153925,20,0.05,BFO-OPT,BFO,9
SENSEX,SENSEX2611592100CE,CE,92100,2026-01-15,298291973,20,0.05,BFO-OPT,BFO,9
SENSEX,SENSEX2611592100PE,PE,92100,2026-01-15,298695685,20,0.05,BFO-OPT,BFO,9
SENSEX,SENSEX2611592200CE,CE,92200,2026-01-15,298884613,20,0.05,BFO-OPT,BFO,9
SENSEX,SENSEX2611592200PE,PE,92200,2026-01-15,299273477,20,0.05,BFO-OPT,BFO,9
SENSEX,SENSEX2611592300CE,CE,92300,2026-01-15,298422277,20,0.05,BFO-OPT,BFO,9
SENSEX,SENSEX2611592300PE,PE,92300,2026-01-15,298826245,20,0.05,BFO-OPT,BFO,9
SENSEX,SENSEX2611592400CE,CE,92400,2026-01-15,298993925,20,0.05,BFO-OPT,BFO,9
SENSEX,SENSEX2611592400PE,PE,92400,2026-01-15,298352645,20,0.05,BFO-OPT,BFO,9
SENSEX,SENSEX2611592500CE,CE,92500,2026-01-15,298530821,20,0.05,BFO-OPT,BFO,9
SENSEX,SENSEX2611592500PE,PE,92500,2026-01-15,298934789,20,0.05,BFO-OPT,BFO,9
SENSEX,SENSEX2611592600CE,CE,92600,2026-01-15,298065413,20,0.05,BFO-OPT,BFO,9
SENSEX,SENSEX2611592600PE,PE,92600,2026-01-15,298473221,20,0.05,BFO-OPT,BFO,9
SENSEX,SENSEX2611592700CE,CE,92700,2026-01-15,298647557,20,0.05,BFO-OPT,BFO,9
SENSEX,SENSEX2611592700PE,PE,92700,2026-01-15,299044357,20,0.05,BFO-OPT,BFO,9
SENSEX,SENSEX2611592800CE,CE,92800,2026-01-15,298174981,20,0.05,BFO-OPT,BFO,9
SENSEX,SENSEX2611592800PE,PE,92800,2026-01-15,298588421,20,0.05,BFO-OPT,BFO,9
SENSEX,SENSEX2611592900CE,CE,92900,2026-01-15,298775557,20,0.05,BFO-OPT,BFO,9
SENSEX,SENSEX2611592900PE,PE,92900,2026-01-15,298115589,20,0.05,BFO-OPT,BFO,9
SENSEX,SENSEX2611593000CE,CE,93000,2026-01-15,297977349,20,0.05,BFO-OPT,BFO,9
SENSEX,SENSEX2611593000PE,PE,93000,2026-01-15,298395653,20,0.05,BFO-OPT,BFO,9
SENSEX,SENSEX2611593100CE,CE,93100,2026-01-15,297489413,20,0.05,BFO-OPT,BFO,9
SENSEX,SENSEX2611593100PE,PE,93100,2026-01-15,297912325,20,0.05,BFO-OPT,BFO,9
SENSEX,SENSEX2611593200CE,CE,93200,2026-01-15,298101253,20,0.05,BFO-OPT,BFO,9
SENSEX,SENSEX2611593200PE,PE,93200,2026-01-15,297425925,20,0.05,BFO-OPT,BFO,9
SENSEX,SENSEX2611593300CE,CE,93300,2026-01-15,209931013,20,0.05,BFO-OPT,BFO,9
SENSEX,SENSEX2611593300PE,PE,93300,2026-01-15,210090245,20,0.05,BFO-OPT,BFO,9
SENSEX,SENSEX2612276900CE,CE,76900,2026-01-22,210187781,20,0.05,BFO-OPT,BFO,16
SENSEX,SENSEX2612276900PE,PE,76900,2026-01-22,210036741,20,0.05,BFO-OPT,BFO,16
SENSEX,SENSEX2612277000CE,CE,77000,2026-01-22,210090501,20,0.05,BFO-OPT,BFO,16
SENSEX,SENSEX2612277000PE,PE,77000,2026-01-22,210077445,20,0.05,BFO-OPT,BFO,16
SENSEX,SENSEX2612277100CE,CE,77100,2026-01-22,210190341,20,0.05,BFO-OPT,BFO,16
SENSEX,SENSEX2612277100PE,PE,77100,2026-01-22,210040325,20,0.05,BFO-OPT,BFO,16
SENSEX,SENSEX2612277200CE,CE,77200,2026-01-22,209983493,20,0.05,BFO-OPT,BFO,16
SENSEX,SENSEX2612277200PE,PE,77200,2026-01-22,210141701,20,0.05,BFO-OPT,BFO,16
SENSEX,SENSEX2612277300CE,CE,77300,2026-01-22,209941509,20,0.05,BFO-OPT,BFO,16
SENSEX,SENSEX2612277300PE,PE,77300,2026-01-22,210097925,20,0.05,BFO-OPT,BFO,16
SENSEX,SENSEX2612277400CE,CE,77400,2026-01-22,210044421,20,0.05,BFO-OPT,BFO,16
SENSEX,SENSEX2612277400PE,PE,77400,2026-01-22,210202885,20,0.05,BFO-OPT,BFO,16
SENSEX,SENSEX2612277500CE,CE,77500,2026-01-22,210010629,20,0.05,BFO-OPT,BFO,16
SENSEX,SENSEX2612277500PE,PE,77500,2026-01-22,209996293,20,0.05,BFO-OPT,BFO,16
SENSEX,SENSEX2612277600CE,CE,77600,2026-01-22,210103813,20,0.05,BFO-OPT,BFO,16
SENSEX,SENSEX2612277600PE,PE,77600,2026-01-22,209954821,20,0.05,BFO-OPT,BFO,16
SENSEX,SENSEX2612277700CE,CE,77700,2026-01-22,210209797,20,0.05,BFO-OPT,BFO,16
SENSEX,SENSEX2612277700PE,PE,77700,2026-01-22,210054661,20,0.05,BFO-OPT,BFO,16
SENSEX,SENSEX2612277800CE,CE,77800,2026-01-22,300051461,20,0.05,BFO-OPT,BFO,16
SENSEX,SENSEX2612277800PE,PE,77800,2026-01-22,299954181,20,0.05,BFO-OPT,BFO,16
SENSEX,SENSEX2612277900CE,CE,77900,2026-01-22,299919621,20,0.05,BFO-OPT,BFO,16
SENSEX,SENSEX2612277900PE,PE,77900,2026-01-22,300015365,20,0.05,BFO-OPT,BFO,16
SENSEX,SENSEX2612278000CE,CE,78000,2026-01-22,299942917,20,0.05,BFO-OPT,BFO,16
SENSEX,SENSEX2612278000PE,PE,78000,2026-01-22,300044805,20,0.05,BFO-OPT,BFO,16
SENSEX,SENSEX2612278100CE,CE,78100,2026-01-22,299922437,20,0.05,BFO-OPT,BFO,16
SENSEX,SENSEX2612278100PE,PE,78100,2026-01-22,300016901,20,0.05,BFO-OPT,BFO,16
SENSEX,SENSEX2612278200CE,CE,78200,2026-01-22,299981317,20,0.05,BFO-OPT,BFO,16
SENSEX,SENSEX2612278200PE,PE,78200,2026-01-22,300084485,20,0.05,BFO-OPT,BFO,16
SENSEX,SENSEX2612278300CE,CE,78300,2026-01-22,299959813,20,0.05,BFO-OPT,BFO,16
SENSEX,SENSEX2612278300PE,PE,78300,2026-01-22,299949829,20,0.05,BFO-OPT,BFO,16
SENSEX,SENSEX2612278400CE,CE,78400,2026-01-22,300022533,20,0.05,BFO-OPT,BFO,16
SENSEX,SENSEX2612278400PE,PE,78400,2026-01-22,299929349,20,0.05,BFO-OPT,BFO,16
SENSEX,SENSEX2612278500CE,CE,78500,2026-01-22,300087813,20,0.05,BFO-OPT,BFO,16
SENSEX,SENSEX2612278500PE,PE,78500,2026-01-22,299986693,20,0.05,BFO-OPT,BFO,16
SENSEX,SENSEX2612278600CE,CE,78600,2026-01-22,300063237,20,0.05,BFO-OPT,BFO,16
SENSEX,SENSEX2612278600PE,PE,78600,2026-01-22,299966725,20,0.05,BFO-OPT,BFO,16
SENSEX,SENSEX2612278700CE,CE,78700,2026-01-22,299932165,20,0.05,BFO-OPT,BFO,16
SENSEX,SENSEX2612278700PE,PE,78700,2026-01-22,300029957,20,0.05,BFO-OPT,BFO,16
SENSEX,SENSEX2612278800CE,CE,78800,2026-01-22,299907333,20,0.05,BFO-OPT,BFO,16
SENSEX,SENSEX2612278800PE,PE,78800,2026-01-22,299899653,20,0.05,BFO-OPT,BFO,16
SENSEX,SENSEX2612278900CE,CE,78900,2026-01-22,299970309,20,0.05,BFO-OPT,BFO,16
SENSEX,SENSEX2612278900PE,PE,78900,2026-01-22,300069637,20,0.05,BFO-OPT,BFO,16
SENSEX,SENSEX2612279000CE,CE,79000,2026-01-22,299992581,20,0.05,BFO-OPT,BFO,16
SENSEX,SENSEX2612279000PE,PE,79000,2026-01-22,299900933,20,0.05,BFO-OPT,BFO,16
SENSEX,SENSEX2612279100CE,CE,79100,2026-01-22,299971845,20,0.05,BFO-OPT,BFO,16
SENSEX,SENSEX2612279100PE,PE,79100,2026-01-22,299961861,20,0.05,BFO-OPT,BFO,16
SENSEX,SENSEX2612279200CE,CE,79200,2026-01-22,300037125,20,0.05,BFO-OPT,BFO,16
SENSEX,SENSEX2612279200PE,PE,79200,2026-01-22,299938821,20,0.05,BFO-OPT,BFO,16
SENSEX,SENSEX2612279300CE,CE,79300,2026-01-22,299905029,20,0.05,BFO-OPT,BFO,16
SENSEX,SENSEX2612279300PE,PE,79300,2026-01-22,300000261,20,0.05,BFO-OPT,BFO,16
SENSEX,SENSEX2612279400CE,CE,79400,2026-01-22,300075013,20,0.05,BFO-OPT,BFO,16
SENSEX,SENSEX2612279400PE,PE,79400,2026-01-22,299978245,20,0.05,BFO-OPT,BFO,16
SENSEX,SENSEX2612279500CE,CE,79500,2026-01-22,299942661,20,0.05,BFO-OPT,BFO,16
SENSEX,SENSEX2612279500PE,PE,79500,2026-01-22,300044549,20,0.05,BFO-OPT,BFO,16
SENSEX,SENSEX2612279600CE,CE,79600,2026-01-22,299921669,20,0.05,BFO-OPT,BFO,16
SENSEX,SENSEX2612279600PE,PE,79600,2026-01-22,299911941,20,0.05,BFO-OPT,BFO,16
SENSEX,SENSEX2612279700CE,CE,79700,2026-01-22,299980549,20,0.05,BFO-OPT,BFO,16
SENSEX,SENSEX2612279700PE,PE,79700,2026-01-22,300083717,20,0.05,BFO-OPT,BFO,16
SENSEX,SENSEX2612279800CE,CE,79800,2026-01-22,300047109,20,0.05,BFO-OPT,BFO,16
SENSEX,SENSEX2612279800PE,PE,79800,2026-01-22,299949317,20,0.05,BFO-OPT,BFO,16
SENSEX,SENSEX2612279900CE,CE,79900,2026-01-22,300022277,20,0.05,BFO-OPT,BFO,16
SENSEX,SENSEX2612279900PE,PE,79900,2026-01-22,299928837,20,0.05,BFO-OPT,BFO,16
SENSEX,SENSEX2612280000CE,CE,80000,2026-01-22,299930629,20,0.05,BFO-OPT,BFO,16
SENSEX,SENSEX2612280000PE,PE,80000,2026-01-22,300027141,20,0.05,BFO-OPT,BFO,16
SENSEX,SENSEX2612280100CE,CE,80100,2026-01-22,299988229,20,0.05,BFO-OPT,BFO,16
SENSEX,SENSEX2612280100PE,PE,80100,2026-01-22,299897093,20,0.05,BFO-OPT,BFO,16
SENSEX,SENSEX2612280200CE,CE,80200,2026-01-22,299968005,20,0.05,BFO-OPT,BFO,16
SENSEX,SENSEX2612280200PE,PE,80200,2026-01-22,300066821,20,0.05,BFO-OPT,BFO,16
SENSEX,SENSEX2612280300CE,CE,80300,2026-01-22,300031493,20,0.05,BFO-OPT,BFO,16
SENSEX,SENSEX2612280300PE,PE,80300,2026-01-22,299935237,20,0.05,BFO-OPT,BFO,16
SENSEX,SENSEX2612280400CE,CE,80400,2026-01-22,300004869,20,0.05,BFO-OPT,BFO,16
SENSEX,SENSEX2612280400PE,PE,80400,2026-01-22,299996165,20,0.05,BFO-OPT,BFO,16
SENSEX,SENSEX2612280500CE,CE,80500,2026-01-22,300071173,20,0.05,BFO-OPT,BFO,16
SENSEX,SENSEX2612280500PE,PE,80500,2026-01-22,299973381,20,0.05,BFO-OPT,BFO,16
SENSEX,SENSEX2612280600CE,CE,80600,2026-01-22,299938565,20,0.05,BFO-OPT,BFO,16
SENSEX,SENSEX2612280600PE,PE,80600,2026-01-22,300040197,20,0.05,BFO-OPT,BFO,16
SENSEX,SENSEX2612280700CE,CE,80700,2026-01-22,299915525,20,0.05,BFO-OPT,BFO,16
SENSEX,SENSEX2612280700PE,PE,80700,2026-01-22,300013061,20,0.05,BFO-OPT,BFO,16
SENSEX,SENSEX2612280800CE,CE,80800,2026-01-22,299977989,20,0.05,BFO-OPT,BFO,16
SENSEX,SENSEX2612280800PE,PE,80800,2026-01-22,300080389,20,0.05,BFO-OPT,BFO,16
SENSEX,SENSEX2612280900CE,CE,80900,2026-01-22,299954949,20,0.05,BFO-OPT,BFO,16
SENSEX,SENSEX2612280900PE,PE,80900,2026-01-22,300056069,20,0.05,BFO-OPT,BFO,16
SENSEX,SENSEX2612281000CE,CE,81000,2026-01-22,299979781,20,0.05,BFO-OPT,BFO,16
SENSEX,SENSEX2612281000PE,PE,81000,2026-01-22,300081157,20,0.05,BFO-OPT,BFO,16
SENSEX,SENSEX2612281100CE,CE,81100,2026-01-22,300045573,20,0.05,BFO-OPT,BFO,16
SENSEX,SENSEX2612281100PE,PE,81100,2026-01-22,299947013,20,0.05,BFO-OPT,BFO,16
SENSEX,SENSEX2612281200CE,CE,81200,2026-01-22,300018949,20,0.05,BFO-OPT,BFO,16
SENSEX,SENSEX2612281200PE,PE,81200,2026-01-22,300009733,20,0.05,BFO-OPT,BFO,16
SENSEX,SENSEX2612281300CE,CE,81300,2026-01-22,300085509,20,0.05,BFO-OPT,BFO,16
SENSEX,SENSEX2612281300PE,PE,81300,2026-01-22,299983877,20,0.05,BFO-OPT,BFO,16
SENSEX,SENSEX2612281400CE,CE,81400,2026-01-22,299950853,20,0.05,BFO-OPT,BFO,16
SENSEX,SENSEX2612281400PE,PE,81400,2026-01-22,300052229,20,0.05,BFO-OPT,BFO,16
SENSEX,SENSEX2612281500CE,CE,81500,2026-01-22,299930373,20,0.05,BFO-OPT,BFO,16
SENSEX,SENSEX2612281500PE,PE,81500,2026-01-22,300026885,20,0.05,BFO-OPT,BFO,16
SENSEX,SENSEX2612281600CE,CE,81600,2026-01-22,299987461,20,0.05,BFO-OPT,BFO,16
SENSEX,SENSEX2612281600PE,PE,81600,2026-01-22,299896837,20,0.05,BFO-OPT,BFO,16
SENSEX,SENSEX2612281700CE,CE,81700,2026-01-22,299967237,20,0.05,BFO-OPT,BFO,16
SENSEX,SENSEX2612281700PE,PE,81700,2026-01-22,300066565,20,0.05,BFO-OPT,BFO,16
SENSEX,SENSEX2612281800CE,CE,81800,2026-01-22,300030469,20,0.05,BFO-OPT,BFO,16
SENSEX,SENSEX2612281800PE,PE,81800,2026-01-22,299934981,20,0.05,BFO-OPT,BFO,16
SENSEX,SENSEX2612281900CE,CE,81900,2026-01-22,300004357,20,0.05,BFO-OPT,BFO,16
SENSEX,SENSEX2612281900PE,PE,81900,2026-01-22,299995909,20,0.05,BFO-OPT,BFO,16
SENSEX,SENSEX2612282000CE,CE,82000,2026-01-22,300033541,20,0.05,BFO-OPT,BFO,16
SENSEX,SENSEX2612282000PE,PE,82000,2026-01-22,300023045,20,0.05,BFO-OPT,BFO,16
SENSEX,SENSEX2612282100CE,CE,82100,2026-01-22,299901701,20,0.05,BFO-OPT,BFO,16
SENSEX,SENSEX2612282100PE,PE,82100,2026-01-22,299997701,20,0.05,BFO-OPT,BFO,16
SENSEX,SENSEX2612282200CE,CE,82200,2026-01-22,299962629,20,0.05,BFO-OPT,BFO,16
SENSEX,SENSEX2612282200PE,PE,82200,2026-01-22,300063749,20,0.05,BFO-OPT,BFO,16
SENSEX,SENSEX2612282300CE,CE,82300,2026-01-22,299940613,20,0.05,BFO-OPT,BFO,16
SENSEX,SENSEX2612282300PE,PE,82300,2026-01-22,300041733,20,0.05,BFO-OPT,BFO,16
SENSEX,SENSEX2612282400CE,CE,82400,2026-01-22,300001285,20,0.05,BFO-OPT,BFO,16
SENSEX,SENSEX2612282400PE,PE,82400,2026-01-22,299908101,20,0.05,BFO-OPT,BFO,16
SENSEX,SENSEX2612282500CE,CE,82500,2026-01-22,299978757,20,0.05,BFO-OPT,BFO,16
SENSEX,SENSEX2612282500PE,PE,82500,2026-01-22,300080901,20,0.05,BFO-OPT,BFO,16
SENSEX,SENSEX2612282600CE,CE,82600,2026-01-22,300045317,20,0.05,BFO-OPT,BFO,16
SENSEX,SENSEX2612282600PE,PE,82600,2026-01-22,299946245,20,0.05,BFO-OPT,BFO,16
SENSEX,SENSEX2612282700CE,CE,82700,2026-01-22,300018437,20,0.05,BFO-OPT,BFO,16
SENSEX,SENSEX2612282700PE,PE,82700,2026-01-22,300009477,20,0.05,BFO-OPT,BFO,16
SENSEX,SENSEX2612282800CE,CE,82800,2026-01-22,300084741,20,0.05,BFO-OPT,BFO,16
SENSEX,SENSEX2612282800PE,PE,82800,2026-01-22,299983621,20,0.05,BFO-OPT,BFO,16
SENSEX,SENSEX2612282900CE,CE,82900,2026-01-22,299950085,20,0.05,BFO-OPT,BFO,16
SENSEX,SENSEX2612282900PE,PE,82900,2026-01-22,300051717,20,0.05,BFO-OPT,BFO,16
SENSEX,SENSEX2612283000CE,CE,83000,2026-01-22,299973893,20,0.05,BFO-OPT,BFO,16
SENSEX,SENSEX2612283000PE,PE,83000,2026-01-22,300076037,20,0.05,BFO-OPT,BFO,16
SENSEX,SENSEX2612283100CE,CE,83100,2026-01-22,299952901,20,0.05,BFO-OPT,BFO,16
SENSEX,SENSEX2612283100PE,PE,83100,2026-01-22,300054021,20,0.05,BFO-OPT,BFO,16
SENSEX,SENSEX2612283200CE,CE,83200,2026-01-22,300013829,20,0.05,BFO-OPT,BFO,16
SENSEX,SENSEX2612283200PE,PE,83200,2026-01-22,299923461,20,0.05,BFO-OPT,BFO,16
SENSEX,SENSEX2612283300CE,CE,83300,2026-01-22,299989509,20,0.05,BFO-OPT,BFO,16
SENSEX,SENSEX2612283300PE,PE,83300,2026-01-22,299897605,20,0.05,BFO-OPT,BFO,16
SENSEX,SENSEX2612283400CE,CE,83400,2026-01-22,300057349,20,0.05,BFO-OPT,BFO,16
SENSEX,SENSEX2612283400PE,PE,83400,2026-01-22,299960069,20,0.05,BFO-OPT,BFO,16
SENSEX,SENSEX2612283500CE,CE,83500,2026-01-22,300032517,20,0.05,BFO-OPT,BFO,16
SENSEX,SENSEX2612283500PE,PE,83500,2026-01-22,300022789,20,0.05,BFO-OPT,BFO,16
SENSEX,SENSEX2612283600CE,CE,83600,2026-01-22,299901445,20,0.05,BFO-OPT,BFO,16
SENSEX,SENSEX2612283600PE,PE,83600,2026-01-22,299997445,20,0.05,BFO-OPT,BFO,16
SENSEX,SENSEX2612283700CE,CE,83700,2026-01-22,299962117,20,0.05,BFO-OPT,BFO,16
SENSEX,SENSEX2612283700PE,PE,83700,2026-01-22,300063493,20,0.05,BFO-OPT,BFO,16
SENSEX,SENSEX2612283800CE,CE,83800,2026-01-22,299939589,20,0.05,BFO-OPT,BFO,16
SENSEX,SENSEX2612283800PE,PE,83800,2026-01-22,300041477,20,0.05,BFO-OPT,BFO,16
SENSEX,SENSEX2612283900CE,CE,83900,2026-01-22,300000773,20,0.05,BFO-OPT,BFO,16
SENSEX,SENSEX2612283900PE,PE,83900,2026-01-22,299907845,20,0.05,BFO-OPT,BFO,16
SENSEX,SENSEX2612284000CE,CE,84000,2026-01-22,300028165,20,0.05,BFO-OPT,BFO,16
SENSEX,SENSEX2612284000PE,PE,84000,2026-01-22,299933445,20,0.05,BFO-OPT,BFO,16
SENSEX,SENSEX2612284100CE,CE,84100,2026-01-22,300003077,20,0.05,BFO-OPT,BFO,16
SENSEX,SENSEX2612284100PE,PE,84100,2026-01-22,299992837,20,0.05,BFO-OPT,BFO,16
SENSEX,SENSEX2612284200CE,CE,84200,2026-01-22,300067845,20,0.05,BFO-OPT,BFO,16
SENSEX,SENSEX2612284200PE,PE,84200,2026-01-22,299972101,20,0.05,BFO-OPT,BFO,16
SENSEX,SENSEX2612284300CE,CE,84300,2026-01-22,300046853,20,0.05,BFO-OPT,BFO,16
SENSEX,SENSEX2612284300PE,PE,84300,2026-01-22,300037381,20,0.05,BFO-OPT,BFO,16
SENSEX,SENSEX2612284400CE,CE,84400,2026-01-22,299912709,20,0.05,BFO-OPT,BFO,16
SENSEX,SENSEX2612284400PE,PE,84400,2026-01-22,300011013,20,0.05,BFO-OPT,BFO,16
SENSEX,SENSEX2612284500CE,CE,84500,2026-01-22,299973637,20,0.05,BFO-OPT,BFO,16
SENSEX,SENSEX2612284500PE,PE,84500,2026-01-22,300075781,20,0.05,BFO-OPT,BFO,16
SENSEX,SENSEX2612284600CE,CE,84600,2026-01-22,299951877,20,0.05,BFO-OPT,BFO,16
SENSEX,SENSEX2612284600PE,PE,84600,2026-01-22,300053765,20,0.05,BFO-OPT,BFO,16
SENSEX,SENSEX2612284700CE,CE,84700,2026-01-22,300013573,20,0.05,BFO-OPT,BFO,16
SENSEX,SENSEX2612284700PE,PE,84700,2026-01-22,299922181,20,0.05,BFO-OPT,BFO,16
SENSEX,SENSEX2612284800CE,CE,84800,2026-01-22,299988997,20,0.05,BFO-OPT,BFO,16
SENSEX,SENSEX2612284800PE,PE,84800,2026-01-22,299980805,20,0.05,BFO-OPT,BFO,16
SENSEX,SENSEX2612284900CE,CE,84900,2026-01-22,300056837,20,0.05,BFO-OPT,BFO,16
SENSEX,SENSEX2612284900PE,PE,84900,2026-01-22,299959301,20,0.05,BFO-OPT,BFO,16
SENSEX,SENSEX2612285000CE,CE,85000,2026-01-22,300082181,20,0.05,BFO-OPT,BFO,16
SENSEX,SENSEX2612285000PE,PE,85000,2026-01-22,299982085,20,0.05,BFO-OPT,BFO,16
SENSEX,SENSEX2612285100CE,CE,85100,2026-01-22,299947525,20,0.05,BFO-OPT,BFO,16
SENSEX,SENSEX2612285100PE,PE,85100,2026-01-22,300048389,20,0.05,BFO-OPT,BFO,16
SENSEX,SENSEX2612285200CE,CE,85200,2026-01-22,299927301,20,0.05,BFO-OPT,BFO,16
SENSEX,SENSEX2612285200PE,PE,85200,2026-01-22,300024069,20,0.05,BFO-OPT,BFO,16
SENSEX,SENSEX2612285300CE,CE,85300,2026-01-22,299984389,20,0.05,BFO-OPT,BFO,16
SENSEX,SENSEX2612285300PE,PE,85300,2026-01-22,300088581,20,0.05,BFO-OPT,BFO,16
SENSEX,SENSEX2612285400CE,CE,85400,2026-01-22,299964421,20,0.05,BFO-OPT,BFO,16
SENSEX,SENSEX2612285400PE,PE,85400,2026-01-22,300064517,20,0.05,BFO-OPT,BFO,16
SENSEX,SENSEX2612285500CE,CE,85500,2026-01-22,300027653,20,0.05,BFO-OPT,BFO,16
SENSEX,SENSEX2612285500PE,PE,85500,2026-01-22,299932933,20,0.05,BFO-OPT,BFO,16
SENSEX,SENSEX2612285600CE,CE,85600,2026-01-22,300002309,20,0.05,BFO-OPT,BFO,16
SENSEX,SENSEX2612285600PE,PE,85600,2026-01-22,299992325,20,0.05,BFO-OPT,BFO,16
SENSEX,SENSEX2612285700CE,CE,85700,2026-01-22,300067077,20,0.05,BFO-OPT,BFO,16
SENSEX,SENSEX2612285700PE,PE,85700,2026-01-22,299971333,20,0.05,BFO-OPT,BFO,16
SENSEX,SENSEX2612285800CE,CE,85800,2026-01-22,299935493,20,0.05,BFO-OPT,BFO,16
SENSEX,SENSEX2612285800PE,PE,85800,2026-01-22,300036357,20,0.05,BFO-OPT,BFO,16
SENSEX,SENSEX2612285900CE,CE,85900,2026-01-22,299912453,20,0.05,BFO-OPT,BFO,16
SENSEX,SENSEX2612285900PE,PE,85900,2026-01-22,300010245,20,0.05,BFO-OPT,BFO,16
SENSEX,SENSEX2612286000CE,CE,86000,2026-01-22,299936517,20,0.05,BFO-OPT,BFO,16
SENSEX,SENSEX2612286000PE,PE,86000,2026-01-22,300038917,20,0.05,BFO-OPT,BFO,16
SENSEX,SENSEX2612286100CE,CE,86100,2026-01-22,299998213,20,0.05,BFO-OPT,BFO,16
SENSEX,SENSEX2612286100PE,PE,86100,2026-01-22,299905797,20,0.05,BFO-OPT,BFO,16
SENSEX,SENSEX2612286200CE,CE,86200,2026-01-22,299975429,20,0.05,BFO-OPT,BFO,16
SENSEX,SENSEX2612286200PE,PE,86200,2026-01-22,300078853,20,0.05,BFO-OPT,BFO,16
SENSEX,SENSEX2612286300CE,CE,86300,2026-01-22,300042757,20,0.05,BFO-OPT,BFO,16
SENSEX,SENSEX2612286300PE,PE,86300,2026-01-22,299944709,20,0.05,BFO-OPT,BFO,16
SENSEX,SENSEX2612286400CE,CE,86400,2026-01-22,300014341,20,0.05,BFO-OPT,BFO,16
SENSEX,SENSEX2612286400PE,PE,86400,2026-01-22,300005125,20,0.05,BFO-OPT,BFO,16
SENSEX,SENSEX2612286500CE,CE,86500,2026-01-22,300081669,20,0.05,BFO-OPT,BFO,16
SENSEX,SENSEX2612286500PE,PE,86500,2026-01-22,299981829,20,0.05,BFO-OPT,BFO,16
SENSEX,SENSEX2612286600CE,CE,86600,2026-01-22,299947269,20,0.05,BFO-OPT,BFO,16
SENSEX,SENSEX2612286600PE,PE,86600,2026-01-22,300048133,20,0.05,BFO-OPT,BFO,16
SENSEX,SENSEX2612286700CE,CE,86700,2026-01-22,299926533,20,0.05,BFO-OPT,BFO,16
SENSEX,SENSEX2612286700PE,PE,86700,2026-01-22,300023557,20,0.05,BFO-OPT,BFO,16
SENSEX,SENSEX2612286800CE,CE,86800,2026-01-22,299984133,20,0.05,BFO-OPT,BFO,16
SENSEX,SENSEX2612286800PE,PE,86800,2026-01-22,300088069,20,0.05,BFO-OPT,BFO,16
SENSEX,SENSEX2612286900CE,CE,86900,2026-01-22,299963653,20,0.05,BFO-OPT,BFO,16
SENSEX,SENSEX2612286900PE,PE,86900,2026-01-22,299955205,20,0.05,BFO-OPT,BFO,16
SENSEX,SENSEX2612287000CE,CE,87000,2026-01-22,299985157,20,0.05,BFO-OPT,BFO,16
SENSEX,SENSEX2612287000PE,PE,87000,2026-01-22,300089605,20,0.05,BFO-OPT,BFO,16
SENSEX,SENSEX2612287100CE,CE,87100,2026-01-22,300054789,20,0.05,BFO-OPT,BFO,16
SENSEX,SENSEX2612287100PE,PE,87100,2026-01-22,299956229,20,0.05,BFO-OPT,BFO,16
SENSEX,SENSEX2612287200CE,CE,87200,2026-01-22,300029189,20,0.05,BFO-OPT,BFO,16
SENSEX,SENSEX2612287200PE,PE,87200,2026-01-22,300019717,20,0.05,BFO-OPT,BFO,16
SENSEX,SENSEX2612287300CE,CE,87300,2026-01-22,299899141,20,0.05,BFO-OPT,BFO,16
SENSEX,SENSEX2612287300PE,PE,87300,2026-01-22,299994117,20,0.05,BFO-OPT,BFO,16
SENSEX,SENSEX2612287400CE,CE,87400,2026-01-22,299961093,20,0.05,BFO-OPT,BFO,16
SENSEX,SENSEX2612287400PE,PE,87400,2026-01-22,300060421,20,0.05,BFO-OPT,BFO,16
SENSEX,SENSEX2612287500CE,CE,87500,2026-01-22,299936005,20,0.05,BFO-OPT,BFO,16
SENSEX,SENSEX2612287500PE,PE,87500,2026-01-22,300038405,20,0.05,BFO-OPT,BFO,16
SENSEX,SENSEX2612287600CE,CE,87600,2026-01-22,299997957,20,0.05,BFO-OPT,BFO,16
SENSEX,SENSEX2612287600PE,PE,87600,2026-01-22,299905541,20,0.05,BFO-OPT,BFO,16
SENSEX,SENSEX2612287700CE,CE,87700,2026-01-22,299974917,20,0.05,BFO-OPT,BFO,16
SENSEX,SENSEX2612287700PE,PE,87700,2026-01-22,299967749,20,0.05,BFO-OPT,BFO,16
SENSEX,SENSEX2612287800CE,CE,87800,2026-01-22,300041989,20,0.05,BFO-OPT,BFO,16
SENSEX,SENSEX2612287800PE,PE,87800,2026-01-22,299943685,20,0.05,BFO-OPT,BFO,16
SENSEX,SENSEX2612287900CE,CE,87900,2026-01-22,299908869,20,0.05,BFO-OPT,BFO,16
SENSEX,SENSEX2612287900PE,PE,87900,2026-01-22,300004613,20,0.05,BFO-OPT,BFO,16
SENSEX,SENSEX2612288000CE,CE,88000,2026-01-22,300043781,20,0.05,BFO-OPT,BFO,16
SENSEX,SENSEX2612288000PE,PE,88000,2026-01-22,300033797,20,0.05,BFO-OPT,BFO,16
SENSEX,SENSEX2612288100CE,CE,88100,2026-01-22,299910661,20,0.05,BFO-OPT,BFO,16
SENSEX,SENSEX2612288100PE,PE,88100,2026-01-22,300007941,20,0.05,BFO-OPT,BFO,16
SENSEX,SENSEX2612288200CE,CE,88200,2026-01-22,299972869,20,0.05,BFO-OPT,BFO,16
SENSEX,SENSEX2612288200PE,PE,88200,2026-01-22,300072197,20,0.05,BFO-OPT,BFO,16
SENSEX,SENSEX2612288300CE,CE,88300,2026-01-22,299948293,20,0.05,BFO-OPT,BFO,16
SENSEX,SENSEX2612288300PE,PE,88300,2026-01-22,300049669,20,0.05,BFO-OPT,BFO,16
SENSEX,SENSEX2612288400CE,CE,88400,2026-01-22,300011781,20,0.05,BFO-OPT,BFO,16
SENSEX,SENSEX2612288400PE,PE,88400,2026-01-22,299916549,20,0.05,BFO-OPT,BFO,16
SENSEX,SENSEX2612288500CE,CE,88500,2026-01-22,299984901,20,0.05,BFO-OPT,BFO,16
SENSEX,SENSEX2612288500PE,PE,88500,2026-01-22,299979269,20,0.05,BFO-OPT,BFO,16
SENSEX,SENSEX2612288600CE,CE,88600,2026-01-22,300054277,20,0.05,BFO-OPT,BFO,16
SENSEX,SENSEX2612288600PE,PE,88600,2026-01-22,299955973,20,0.05,BFO-OPT,BFO,16
SENSEX,SENSEX2612288700CE,CE,88700,2026-01-22,299923717,20,0.05,BFO-OPT,BFO,16
SENSEX,SENSEX2612288700PE,PE,88700,2026-01-22,300018693,20,0.05,BFO-OPT,BFO,16
SENSEX,SENSEX2612288800CE,CE,88800,2026-01-22,299898117,20,0.05,BFO-OPT,BFO,16
SENSEX,SENSEX2612288800PE,PE,88800,2026-01-22,299993605,20,0.05,BFO-OPT,BFO,16
SENSEX,SENSEX2612288900CE,CE,88900,2026-01-22,299960581,20,0.05,BFO-OPT,BFO,16
SENSEX,SENSEX2612288900PE,PE,88900,2026-01-22,300059909,20,0.05,BFO-OPT,BFO,16
SENSEX,SENSEX2612289000CE,CE,89000,2026-01-22,299982597,20,0.05,BFO-OPT,BFO,16
SENSEX,SENSEX2612289000PE,PE,89000,2026-01-22,300087045,20,0.05,BFO-OPT,BFO,16
SENSEX,SENSEX2612289100CE,CE,89100,2026-01-22,299961605,20,0.05,BFO-OPT,BFO,16
SENSEX,SENSEX2612289100PE,PE,89100,2026-01-22,300061701,20,0.05,BFO-OPT,BFO,16
SENSEX,SENSEX2612289200CE,CE,89200,2026-01-22,300024581,20,0.05,BFO-OPT,BFO,16
SENSEX,SENSEX2612289200PE,PE,89200,2026-01-22,299930885,20,0.05,BFO-OPT,BFO,16
SENSEX,SENSEX2612289300CE,CE,89300,2026-01-22,299999237,20,0.05,BFO-OPT,BFO,16
SENSEX,SENSEX2612289300PE,PE,89300,2026-01-22,299990277,20,0.05,BFO-OPT,BFO,16
SENSEX,SENSEX2612289400CE,CE,89400,2026-01-22,300065285,20,0.05,BFO-OPT,BFO,16
SENSEX,SENSEX2612289400PE,PE,89400,2026-01-22,299968773,20,0.05,BFO-OPT,BFO,16
SENSEX,SENSEX2612289500CE,CE,89500,2026-01-22,299933957,20,0.05,BFO-OPT,BFO,16
SENSEX,SENSEX2612289500PE,PE,89500,2026-01-22,300032773,20,0.05,BFO-OPT,BFO,16
SENSEX,SENSEX2612289600CE,CE,89600,2026-01-22,299909893,20,0.05,BFO-OPT,BFO,16
SENSEX,SENSEX2612289600PE,PE,89600,2026-01-22,300006917,20,0.05,BFO-OPT,BFO,16
SENSEX,SENSEX2612289700CE,CE,89700,2026-01-22,299972357,20,0.05,BFO-OPT,BFO,16
SENSEX,SENSEX2612289700PE,PE,89700,2026-01-22,300071429,20,0.05,BFO-OPT,BFO,16
SENSEX,SENSEX2612289800CE,CE,89800,2026-01-22,299948037,20,0.05,BFO-OPT,BFO,16
SENSEX,SENSEX2612289800PE,PE,89800,2026-01-22,299940357,20,0.05,BFO-OPT,BFO,16
SENSEX,SENSEX2612289900CE,CE,89900,2026-01-22,300011269,20,0.05,BFO-OPT,BFO,16
SENSEX,SENSEX2612289900PE,PE,89900,2026-01-22,299916293,20,0.05,BFO-OPT,BFO,16
SENSEX,SENSEX2612290000CE,CE,90000,2026-01-22,299918341,20,0.05,BFO-OPT,BFO,16
SENSEX,SENSEX2612290000PE,PE,90000,2026-01-22,300015109,20,0.05,BFO-OPT,BFO,16
SENSEX,SENSEX2612290100CE,CE,90100,2026-01-22,300091909,20,0.05,BFO-OPT,BFO,16
SENSEX,SENSEX2612290100PE,PE,90100,2026-01-22,300082949,20,0.05,BFO-OPT,BFO,16
SENSEX,SENSEX2612290200CE,CE,90200,2026-01-22,299957765,20,0.05,BFO-OPT,BFO,16
SENSEX,SENSEX2612290200PE,PE,90200,2026-01-22,300058373,20,0.05,BFO-OPT,BFO,16
SENSEX,SENSEX2612290300CE,CE,90300,2026-01-22,300020229,20,0.05,BFO-OPT,BFO,16
SENSEX,SENSEX2612290300PE,PE,90300,2026-01-22,299927557,20,0.05,BFO-OPT,BFO,16
SENSEX,SENSEX2612290400CE,CE,90400,2026-01-22,299995653,20,0.05,BFO-OPT,BFO,16
SENSEX,SENSEX2612290400PE,PE,90400,2026-01-22,299903749,20,0.05,BFO-OPT,BFO,16
SENSEX,SENSEX2612290500CE,CE,90500,2026-01-22,300060933,20,0.05,BFO-OPT,BFO,16
SENSEX,SENSEX2612290500PE,PE,90500,2026-01-22,299964677,20,0.05,BFO-OPT,BFO,16
SENSEX,SENSEX2612290600CE,CE,90600,2026-01-22,300039429,20,0.05,BFO-OPT,BFO,16
SENSEX,SENSEX2612290600PE,PE,90600,2026-01-22,300027909,20,0.05,BFO-OPT,BFO,16
SENSEX,SENSEX2612290700CE,CE,90700,2026-01-22,299906309,20,0.05,BFO-OPT,BFO,16
SENSEX,SENSEX2612290700PE,PE,90700,2026-01-22,300002821,20,0.05,BFO-OPT,BFO,16
SENSEX,SENSEX2612290800CE,CE,90800,2026-01-22,299968261,20,0.05,BFO-OPT,BFO,16
SENSEX,SENSEX2612290800PE,PE,90800,2026-01-22,300067589,20,0.05,BFO-OPT,BFO,16
SENSEX,SENSEX2612290900CE,CE,90900,2026-01-22,299944965,20,0.05,BFO-OPT,BFO,16
SENSEX,SENSEX2612290900PE,PE,90900,2026-01-22,300046341,20,0.05,BFO-OPT,BFO,16
SENSEX,SENSEX2612291000CE,CE,91000,2026-01-22,299970053,20,0.05,BFO-OPT,BFO,16
SENSEX,SENSEX2612291000PE,PE,91000,2026-01-22,300069125,20,0.05,BFO-OPT,BFO,16
SENSEX,SENSEX2612291100CE,CE,91100,2026-01-22,300034821,20,0.05,BFO-OPT,BFO,16
SENSEX,SENSEX2612291100PE,PE,91100,2026-01-22,299936773,20,0.05,BFO-OPT,BFO,16
SENSEX,SENSEX2612291200CE,CE,91200,2026-01-22,300008709,20,0.05,BFO-OPT,BFO,16
SENSEX,SENSEX2612291200PE,PE,91200,2026-01-22,299913989,20,0.05,BFO-OPT,BFO,16
SENSEX,SENSEX2612291300CE,CE,91300,2026-01-22,300073221,20,0.05,BFO-OPT,BFO,16
SENSEX,SENSEX2612291300PE,PE,91300,2026-01-22,299975685,20,0.05,BFO-OPT,BFO,16
SENSEX,SENSEX2612291400CE,CE,91400,2026-01-22,300050437,20,0.05,BFO-OPT,BFO,16
SENSEX,SENSEX2612291400PE,PE,91400,2026-01-22,300043013,20,0.05,BFO-OPT,BFO,16
SENSEX,SENSEX2612291500CE,CE,91500,2026-01-22,299918085,20,0.05,BFO-OPT,BFO,16
SENSEX,SENSEX2612291500PE,PE,91500,2026-01-22,300014597,20,0.05,BFO-OPT,BFO,16
SENSEX,SENSEX2612291600CE,CE,91600,2026-01-22,299980037,20,0.05,BFO-OPT,BFO,16
SENSEX,SENSEX2612291600PE,PE,91600,2026-01-22,300081925,20,0.05,BFO-OPT,BFO,16
SENSEX,SENSEX2612291700CE,CE,91700,2026-01-22,299956485,20,0.05,BFO-OPT,BFO,16
SENSEX,SENSEX2612291700PE,PE,91700,2026-01-22,300057861,20,0.05,BFO-OPT,BFO,16
SENSEX,SENSEX2612291800CE,CE,91800,2026-01-22,300019973,20,0.05,BFO-OPT,BFO,16
SENSEX,SENSEX2612291800PE,PE,91800,2026-01-22,299927045,20,0.05,BFO-OPT,BFO,16
SENSEX,SENSEX2612291900CE,CE,91900,2026-01-22,299995141,20,0.05,BFO-OPT,BFO,16
SENSEX,SENSEX2612291900PE,PE,91900,2026-01-22,299902213,20,0.05,BFO-OPT,BFO,16
SENSEX,SENSEX2612292000CE,CE,92000,2026-01-22,300021765,20,0.05,BFO-OPT,BFO,16
SENSEX,SENSEX2612292000PE,PE,92000,2026-01-22,299928325,20,0.05,BFO-OPT,BFO,16
SENSEX,SENSEX2612292100CE,CE,92100,2026-01-22,300087557,20,0.05,BFO-OPT,BFO,16
SENSEX,SENSEX2612292100PE,PE,92100,2026-01-22,299985669,20,0.05,BFO-OPT,BFO,16
SENSEX,SENSEX2612292200CE,CE,92200,2026-01-22,300062469,20,0.05,BFO-OPT,BFO,16
SENSEX,SENSEX2612292200PE,PE,92200,2026-01-22,300055045,20,0.05,BFO-OPT,BFO,16
SENSEX,SENSEX2612292300CE,CE,92300,2026-01-22,299931909,20,0.05,BFO-OPT,BFO,16
SENSEX,SENSEX2612292300PE,PE,92300,2026-01-22,300029701,20,0.05,BFO-OPT,BFO,16
SENSEX,SENSEX2612292400CE,CE,92400,2026-01-22,299990533,20,0.05,BFO-OPT,BFO,16
SENSEX,SENSEX2612292400PE,PE,92400,2026-01-22,299899397,20,0.05,BFO-OPT,BFO,16
SENSEX,SENSEX2612292500CE,CE,92500,2026-01-22,299969541,20,0.05,BFO-OPT,BFO,16
SENSEX,SENSEX2612292500PE,PE,92500,2026-01-22,300068613,20,0.05,BFO-OPT,BFO,16
SENSEX,SENSEX2612292600CE,CE,92600,2026-01-22,300034309,20,0.05,BFO-OPT,BFO,16
SENSEX,SENSEX2612292600PE,PE,92600,2026-01-22,299936261,20,0.05,BFO-OPT,BFO,16
SENSEX,SENSEX2612292700CE,CE,92700,2026-01-22,300008197,20,0.05,BFO-OPT,BFO,16
SENSEX,SENSEX2612292700PE,PE,92700,2026-01-22,299913733,20,0.05,BFO-OPT,BFO,16
SENSEX,SENSEX2612292800CE,CE,92800,2026-01-22,300072453,20,0.05,BFO-OPT,BFO,16
SENSEX,SENSEX2612292800PE,PE,92800,2026-01-22,299975173,20,0.05,BFO-OPT,BFO,16
SENSEX,SENSEX2612292900CE,CE,92900,2026-01-22,210170885,20,0.05,BFO-OPT,BFO,16
SENSEX,SENSEX2612292900PE,PE,92900,2026-01-22,210155781,20,0.05,BFO-OPT,BFO,16
SENSEX,SENSEX2612293000CE,CE,93000,2026-01-22,210210565,20,0.05,BFO-OPT,BFO,16
SENSEX,SENSEX2612293000PE,PE,93000,2026-01-22,210195205,20,0.05,BFO-OPT,BFO,16
SENSEX,SENSEX2612293100CE,CE,93100,2026-01-22,210003717,20,0.05,BFO-OPT,BFO,16
SENSEX,SENSEX2612293100PE,PE,93100,2026-01-22,210157829,20,0.05,BFO-OPT,BFO,16
SENSEX,SENSEX2612293200CE,CE,93200,2026-01-22,210096133,20,0.05,BFO-OPT,BFO,16
SENSEX,SENSEX2612293200PE,PE,93200,2026-01-22,209945349,20,0.05,BFO-OPT,BFO,16
SENSEX,SENSEX2612293300CE,CE,93300,2026-01-22,210063621,20,0.05,BFO-OPT,BFO,16
SENSEX,SENSEX2612293300PE,PE,93300,2026-01-22,210222085,20,0.05,BFO-OPT,BFO,16
SENSEX,SENSEX26JAN75700CE,CE,75700,2026-01-29,296026885,20,0.05,BFO-OPT,BFO,23
SENSEX,SENSEX26JAN75700PE,PE,75700,2026-01-29,296109573,20,0.05,BFO-OPT,BFO,23
SENSEX,SENSEX26JAN75800CE,CE,75800,2026-01-29,295996421,20,0.05,BFO-OPT,BFO,23
SENSEX,SENSEX26JAN75800PE,PE,75800,2026-01-29,295852037,20,0.05,BFO-OPT,BFO,23
SENSEX,SENSEX26JAN75900CE,CE,75900,2026-01-29,295948549,20,0.05,BFO-OPT,BFO,23
SENSEX,SENSEX26JAN75900PE,PE,75900,2026-01-29,295987973,20,0.05,BFO-OPT,BFO,23
SENSEX,SENSEX26JAN76000CE,CE,76000,2026-01-29,295769861,20,0.05,BFO-OPT,BFO,23
SENSEX,SENSEX26JAN76000PE,PE,76000,2026-01-29,295762949,20,0.05,BFO-OPT,BFO,23
SENSEX,SENSEX26JAN76100CE,CE,76100,2026-01-29,295686149,20,0.05,BFO-OPT,BFO,23
SENSEX,SENSEX26JAN76100PE,PE,76100,2026-01-29,295750405,20,0.05,BFO-OPT,BFO,23
SENSEX,SENSEX26JAN76200CE,CE,76200,2026-01-29,295727365,20,0.05,BFO-OPT,BFO,23
SENSEX,SENSEX26JAN76200PE,PE,76200,2026-01-29,295791877,20,0.05,BFO-OPT,BFO,23
SENSEX,SENSEX26JAN76300CE,CE,76300,2026-01-29,295709957,20,0.05,BFO-OPT,BFO,23
SENSEX,SENSEX26JAN76300PE,PE,76300,2026-01-29,295776261,20,0.05,BFO-OPT,BFO,23
SENSEX,SENSEX26JAN76400CE,CE,76400,2026-01-29,295307525,20,0.05,BFO-OPT,BFO,23
SENSEX,SENSEX26JAN76400PE,PE,76400,2026-01-29,295164933,20,0.05,BFO-OPT,BFO,23
SENSEX,SENSEX26JAN76500CE,CE,76500,2026-01-29,295272453,20,0.05,BFO-OPT,BFO,23
SENSEX,SENSEX26JAN76500PE,PE,76500,2026-01-29,295256837,20,0.05,BFO-OPT,BFO,23
SENSEX,SENSEX26JAN76600CE,CE,76600,2026-01-29,295354629,20,0.05,BFO-OPT,BFO,23
SENSEX,SENSEX26JAN76600PE,PE,76600,2026-01-29,295220741,20,0.05,BFO-OPT,BFO,23
SENSEX,SENSEX26JAN76700CE,CE,76700,2026-01-29,295169029,20,0.05,BFO-OPT,BFO,23
SENSEX,SENSEX26JAN76700PE,PE,76700,2026-01-29,295317253,20,0.05,BFO-OPT,BFO,23
SENSEX,SENSEX26JAN76800CE,CE,76800,2026-01-29,295428101,20,0.05,BFO-OPT,BFO,23
SENSEX,SENSEX26JAN76800PE,PE,76800,2026-01-29,295284997,20,0.05,BFO-OPT,BFO,23
SENSEX,SENSEX26JAN76900CE,CE,76900,2026-01-29,292516869,20,0.05,BFO-OPT,BFO,23
SENSEX,SENSEX26JAN76900PE,PE,76900,2026-01-29,293217797,20,0.05,BFO-OPT,BFO,23
SENSEX,SENSEX26JAN77000CE,CE,77000,2026-01-29,294569477,20,0.05,BFO-OPT,BFO,23
SENSEX,SENSEX26JAN77000PE,PE,77000,2026-01-29,291505669,20,0.05,BFO-OPT,BFO,23
SENSEX,SENSEX26JAN77100CE,CE,77100,2026-01-29,291932677,20,0.05,BFO-OPT,BFO,23
SENSEX,SENSEX26JAN77100PE,PE,77100,2026-01-29,292829957,20,0.05,BFO-OPT,BFO,23
SENSEX,SENSEX26JAN77200CE,CE,77200,2026-01-29,294804485,20,0.05,BFO-OPT,BFO,23
SENSEX,SENSEX26JAN77200PE,PE,77200,2026-01-29,291751685,20,0.05,BFO-OPT,BFO,23
SENSEX,SENSEX26JAN77300CE,CE,77300,2026-01-29,292323589,20,0.05,BFO-OPT,BFO,23
SENSEX,SENSEX26JAN77300PE,PE,77300,2026-01-29,294700037,20,0.05,BFO-OPT,BFO,23
SENSEX,SENSEX26JAN77400CE,CE,77400,2026-01-29,291221253,20,0.05,BFO-OPT,BFO,23
SENSEX,SENSEX26JAN77400PE,PE,77400,2026-01-29,292169221,20,0.05,BFO-OPT,BFO,23
SENSEX,SENSEX26JAN77500CE,CE,77500,2026-01-29,294099973,20,0.05,BFO-OPT,BFO,23
SENSEX,SENSEX26JAN77500PE,PE,77500,2026-01-29,294884613,20,0.05,BFO-OPT,BFO,23
SENSEX,SENSEX26JAN77600CE,CE,77600,2026-01-29,291433733,20,0.05,BFO-OPT,BFO,23
SENSEX,SENSEX26JAN77600PE,PE,77600,2026-01-29,292459781,20,0.05,BFO-OPT,BFO,23
SENSEX,SENSEX26JAN77700CE,CE,77700,2026-01-29,294355973,20,0.05,BFO-OPT,BFO,23
SENSEX,SENSEX26JAN77700PE,PE,77700,2026-01-29,291319813,20,0.05,BFO-OPT,BFO,23
SENSEX,SENSEX26JAN77800CE,CE,77800,2026-01-29,291645701,20,0.05,BFO-OPT,BFO,23
SENSEX,SENSEX26JAN77800PE,PE,77800,2026-01-29,292654085,20,0.05,BFO-OPT,BFO,23
SENSEX,SENSEX26JAN77900CE,CE,77900,2026-01-29,294597381,20,0.05,BFO-OPT,BFO,23
SENSEX,SENSEX26JAN77900PE,PE,77900,2026-01-29,291531525,20,0.05,BFO-OPT,BFO,23
SENSEX,SENSEX26JAN78000CE,CE,78000,2026-01-29,293070085,20,0.05,BFO-OPT,BFO,23
SENSEX,SENSEX26JAN78000PE,PE,78000,2026-01-29,293814277,20,0.05,BFO-OPT,BFO,23
SENSEX,SENSEX26JAN78100CE,CE,78100,2026-01-29,294189829,20,0.05,BFO-OPT,BFO,23
SENSEX,SENSEX26JAN78100PE,PE,78100,2026-01-29,292936709,20,0.05,BFO-OPT,BFO,23
SENSEX,SENSEX26JAN78200CE,CE,78200,2026-01-29,293328645,20,0.05,BFO-OPT,BFO,23
SENSEX,SENSEX26JAN78200PE,PE,78200,2026-01-29,294044677,20,0.05,BFO-OPT,BFO,23
SENSEX,SENSEX26JAN78300CE,CE,78300,2026-01-29,292487941,20,0.05,BFO-OPT,BFO,23
SENSEX,SENSEX26JAN78300PE,PE,78300,2026-01-29,293195013,20,0.05,BFO-OPT,BFO,23
SENSEX,SENSEX26JAN78400CE,CE,78400,2026-01-29,293557765,20,0.05,BFO-OPT,BFO,23
SENSEX,SENSEX26JAN78400PE,PE,78400,2026-01-29,294292997,20,0.05,BFO-OPT,BFO,23
SENSEX,SENSEX26JAN78500CE,CE,78500,2026-01-29,292669445,20,0.05,BFO-OPT,BFO,23
SENSEX,SENSEX26JAN78500PE,PE,78500,2026-01-29,293447941,20,0.05,BFO-OPT,BFO,23
SENSEX,SENSEX26JAN78600CE,CE,78600,2026-01-29,293751813,20,0.05,BFO-OPT,BFO,23
SENSEX,SENSEX26JAN78600PE,PE,78600,2026-01-29,294549765,20,0.05,BFO-OPT,BFO,23
SENSEX,SENSEX26JAN78700CE,CE,78700,2026-01-29,292867077,20,0.05,BFO-OPT,BFO,23
SENSEX,SENSEX26JAN78700PE,PE,78700,2026-01-29,293663749,20,0.05,BFO-OPT,BFO,23
SENSEX,SENSEX26JAN78800CE,CE,78800,2026-01-29,293947397,20,0.05,BFO-OPT,BFO,23
SENSEX,SENSEX26JAN78800PE,PE,78800,2026-01-29,292764421,20,0.05,BFO-OPT,BFO,23
SENSEX,SENSEX26JAN78900CE,CE,78900,2026-01-29,293102085,20,0.05,BFO-OPT,BFO,23
SENSEX,SENSEX26JAN78900PE,PE,78900,2026-01-29,293833733,20,0.05,BFO-OPT,BFO,23
SENSEX,SENSEX26JAN79000CE,CE,79000,2026-01-29,291409669,20,0.05,BFO-OPT,BFO,23
SENSEX,SENSEX26JAN79000PE,PE,79000,2026-01-29,292424709,20,0.05,BFO-OPT,BFO,23
SENSEX,SENSEX26JAN79100CE,CE,79100,2026-01-29,294319109,20,0.05,BFO-OPT,BFO,23
SENSEX,SENSEX26JAN79100PE,PE,79100,2026-01-29,291299845,20,0.05,BFO-OPT,BFO,23
SENSEX,SENSEX26JAN79200CE,CE,79200,2026-01-29,291621893,20,0.05,BFO-OPT,BFO,23
SENSEX,SENSEX26JAN79200PE,PE,79200,2026-01-29,292636933,20,0.05,BFO-OPT,BFO,23
SENSEX,SENSEX26JAN79300CE,CE,79300,2026-01-29,294571269,20,0.05,BFO-OPT,BFO,23
SENSEX,SENSEX26JAN79300PE,PE,79300,2026-01-29,291507717,20,0.05,BFO-OPT,BFO,23
SENSEX,SENSEX26JAN79400CE,CE,79400,2026-01-29,291937797,20,0.05,BFO-OPT,BFO,23
SENSEX,SENSEX26JAN79400PE,PE,79400,2026-01-29,294444805,20,0.05,BFO-OPT,BFO,23
SENSEX,SENSEX26JAN79500CE,CE,79500,2026-01-29,294806533,20,0.05,BFO-OPT,BFO,23
SENSEX,SENSEX26JAN79500PE,PE,79500,2026-01-29,291755525,20,0.05,BFO-OPT,BFO,23
SENSEX,SENSEX26JAN79600CE,CE,79600,2026-01-29,292326405,20,0.05,BFO-OPT,BFO,23
SENSEX,SENSEX26JAN79600PE,PE,79600,2026-01-29,294703877,20,0.05,BFO-OPT,BFO,23
SENSEX,SENSEX26JAN79700CE,CE,79700,2026-01-29,291223557,20,0.05,BFO-OPT,BFO,23
SENSEX,SENSEX26JAN79700PE,PE,79700,2026-01-29,292174341,20,0.05,BFO-OPT,BFO,23
SENSEX,SENSEX26JAN79800CE,CE,79800,2026-01-29,294103557,20,0.05,BFO-OPT,BFO,23
SENSEX,SENSEX26JAN79800PE,PE,79800,2026-01-29,294887429,20,0.05,BFO-OPT,BFO,23
SENSEX,SENSEX26JAN79900CE,CE,79900,2026-01-29,291437573,20,0.05,BFO-OPT,BFO,23
SENSEX,SENSEX26JAN79900PE,PE,79900,2026-01-29,292464645,20,0.05,BFO-OPT,BFO,23
SENSEX,SENSEX26JAN80000CE,CE,80000,2026-01-29,294491397,20,0.05,BFO-OPT,BFO,23
SENSEX,SENSEX26JAN80000PE,PE,80000,2026-01-29,291439621,20,0.05,BFO-OPT,BFO,23
SENSEX,SENSEX26JAN80100CE,CE,80100,2026-01-29,293615365,20,0.05,BFO-OPT,BFO,23
SENSEX,SENSEX26JAN80100PE,PE,80100,2026-01-29,294360069,20,0.05,BFO-OPT,BFO,23
SENSEX,SENSEX26JAN80200CE,CE,80200,2026-01-29,294741509,20,0.05,BFO-OPT,BFO,23
SENSEX,SENSEX26JAN80200PE,PE,80200,2026-01-29,291652101,20,0.05,BFO-OPT,BFO,23
SENSEX,SENSEX26JAN80300CE,CE,80300,2026-01-29,293792773,20,0.05,BFO-OPT,BFO,23
SENSEX,SENSEX26JAN80300PE,PE,80300,2026-01-29,294604549,20,0.05,BFO-OPT,BFO,23
SENSEX,SENSEX26JAN80400CE,CE,80400,2026-01-29,291134213,20,0.05,BFO-OPT,BFO,23
SENSEX,SENSEX26JAN80400PE,PE,80400,2026-01-29,293702661,20,0.05,BFO-OPT,BFO,23
SENSEX,SENSEX26JAN80500CE,CE,80500,2026-01-29,294009605,20,0.05,BFO-OPT,BFO,23
SENSEX,SENSEX26JAN80500PE,PE,80500,2026-01-29,294824965,20,0.05,BFO-OPT,BFO,23
SENSEX,SENSEX26JAN80600CE,CE,80600,2026-01-29,293161477,20,0.05,BFO-OPT,BFO,23
SENSEX,SENSEX26JAN80600PE,PE,80600,2026-01-29,293880837,20,0.05,BFO-OPT,BFO,23
SENSEX,SENSEX26JAN80700CE,CE,80700,2026-01-29,294264325,20,0.05,BFO-OPT,BFO,23
SENSEX,SENSEX26JAN80700PE,PE,80700,2026-01-29,291245829,20,0.05,BFO-OPT,BFO,23
SENSEX,SENSEX26JAN80800CE,CE,80800,2026-01-29,293422597,20,0.05,BFO-OPT,BFO,23
SENSEX,SENSEX26JAN80800PE,PE,80800,2026-01-29,294136581,20,0.05,BFO-OPT,BFO,23
SENSEX,SENSEX26JAN80900CE,CE,80900,2026-01-29,294513157,20,0.05,BFO-OPT,BFO,23
SENSEX,SENSEX26JAN80900PE,PE,80900,2026-01-29,293283589,20,0.05,BFO-OPT,BFO,23
SENSEX,SENSEX26JAN81000CE,CE,81000,2026-01-29,292982021,20,0.05,BFO-OPT,BFO,23
SENSEX,SENSEX26JAN81000PE,PE,81000,2026-01-29,293754373,20,0.05,BFO-OPT,BFO,23
SENSEX,SENSEX26JAN81100CE,CE,81100,2026-01-29,292050949,20,0.05,BFO-OPT,BFO,23
SENSEX,SENSEX26JAN81100PE,PE,81100,2026-01-29,292872453,20,0.05,BFO-OPT,BFO,23
SENSEX,SENSEX26JAN81200CE,CE,81200,2026-01-29,293245445,20,0.05,BFO-OPT,BFO,23
SENSEX,SENSEX26JAN81200PE,PE,81200,2026-01-29,291819013,20,0.05,BFO-OPT,BFO,23
SENSEX,SENSEX26JAN81300CE,CE,81300,2026-01-29,292392709,20,0.05,BFO-OPT,BFO,23
SENSEX,SENSEX26JAN81300PE,PE,81300,2026-01-29,293106181,20,0.05,BFO-OPT,BFO,23
SENSEX,SENSEX26JAN81400CE,CE,81400,2026-01-29,291266053,20,0.05,BFO-OPT,BFO,23
SENSEX,SENSEX26JAN81400PE,PE,81400,2026-01-29,292244997,20,0.05,BFO-OPT,BFO,23
SENSEX,SENSEX26JAN81500CE,CE,81500,2026-01-29,292613125,20,0.05,BFO-OPT,BFO,23
SENSEX,SENSEX26JAN81500PE,PE,81500,2026-01-29,293370885,20,0.05,BFO-OPT,BFO,23
SENSEX,SENSEX26JAN81600CE,CE,81600,2026-01-29,291485445,20,0.05,BFO-OPT,BFO,23
SENSEX,SENSEX26JAN81600PE,PE,81600,2026-01-29,292521477,20,0.05,BFO-OPT,BFO,23
SENSEX,SENSEX26JAN81700CE,CE,81700,2026-01-29,292807429,20,0.05,BFO-OPT,BFO,23
SENSEX,SENSEX26JAN81700PE,PE,81700,2026-01-29,291360773,20,0.05,BFO-OPT,BFO,23
SENSEX,SENSEX26JAN81800CE,CE,81800,2026-01-29,291724805,20,0.05,BFO-OPT,BFO,23
SENSEX,SENSEX26JAN81800PE,PE,81800,2026-01-29,292695557,20,0.05,BFO-OPT,BFO,23
SENSEX,SENSEX26JAN81900CE,CE,81900,2026-01-29,294665221,20,0.05,BFO-OPT,BFO,23
SENSEX,SENSEX26JAN81900PE,PE,81900,2026-01-29,291572997,20,0.05,BFO-OPT,BFO,23
SENSEX,SENSEX26JAN82000CE,CE,82000,2026-01-29,291334661,20,0.05,BFO-OPT,BFO,23
SENSEX,SENSEX26JAN82000PE,PE,82000,2026-01-29,293861637,20,0.05,BFO-OPT,BFO,23
SENSEX,SENSEX26JAN82100CE,CE,82100,2026-01-29,294244101,20,0.05,BFO-OPT,BFO,23
SENSEX,SENSEX26JAN82100PE,PE,82100,2026-01-29,291230981,20,0.05,BFO-OPT,BFO,23
SENSEX,SENSEX26JAN82200CE,CE,82200,2026-01-29,293392901,20,0.05,BFO-OPT,BFO,23
SENSEX,SENSEX26JAN82200PE,PE,82200,2026-01-29,294108933,20,0.05,BFO-OPT,BFO,23
SENSEX,SENSEX26JAN82300CE,CE,82300,2026-01-29,294493957,20,0.05,BFO-OPT,BFO,23
SENSEX,SENSEX26JAN82300PE,PE,82300,2026-01-29,291441669,20,0.05,BFO-OPT,BFO,23
SENSEX,SENSEX26JAN82400CE,CE,82400,2026-01-29,293617669,20,0.05,BFO-OPT,BFO,23
SENSEX,SENSEX26JAN82400PE,PE,82400,2026-01-29,294363653,20,0.05,BFO-OPT,BFO,23
SENSEX,SENSEX26JAN82500CE,CE,82500,2026-01-29,294744837,20,0.05,BFO-OPT,BFO,23
SENSEX,SENSEX26JAN82500PE,PE,82500,2026-01-29,293490949,20,0.05,BFO-OPT,BFO,23
SENSEX,SENSEX26JAN82600CE,CE,82600,2026-01-29,293795589,20,0.05,BFO-OPT,BFO,23
SENSEX,SENSEX26JAN82600PE,PE,82600,2026-01-29,294610693,20,0.05,BFO-OPT,BFO,23
SENSEX,SENSEX26JAN82700CE,CE,82700,2026-01-29,292911621,20,0.05,BFO-OPT,BFO,23
SENSEX,SENSEX26JAN82700PE,PE,82700,2026-01-29,293703685,20,0.05,BFO-OPT,BFO,23
SENSEX,SENSEX26JAN82800CE,CE,82800,2026-01-29,294011141,20,0.05,BFO-OPT,BFO,23
SENSEX,SENSEX26JAN82800PE,PE,82800,2026-01-29,294826245,20,0.05,BFO-OPT,BFO,23
SENSEX,SENSEX26JAN82900CE,CE,82900,2026-01-29,293162501,20,0.05,BFO-OPT,BFO,23
SENSEX,SENSEX26JAN82900PE,PE,82900,2026-01-29,293882117,20,0.05,BFO-OPT,BFO,23
SENSEX,SENSEX26JAN83000CE,CE,83000,2026-01-29,291465221,20,0.05,BFO-OPT,BFO,23
SENSEX,SENSEX26JAN83000PE,PE,83000,2026-01-29,292495621,20,0.05,BFO-OPT,BFO,23
SENSEX,SENSEX26JAN83100CE,CE,83100,2026-01-29,292782085,20,0.05,BFO-OPT,BFO,23
SENSEX,SENSEX26JAN83100PE,PE,83100,2026-01-29,293566213,20,0.05,BFO-OPT,BFO,23
SENSEX,SENSEX26JAN83200CE,CE,83200,2026-01-29,291686405,20,0.05,BFO-OPT,BFO,23
SENSEX,SENSEX26JAN83200PE,PE,83200,2026-01-29,292673797,20,0.05,BFO-OPT,BFO,23
SENSEX,SENSEX26JAN83300CE,CE,83300,2026-01-29,292984325,20,0.05,BFO-OPT,BFO,23
SENSEX,SENSEX26JAN83300PE,PE,83300,2026-01-29,291550981,20,0.05,BFO-OPT,BFO,23
SENSEX,SENSEX26JAN83400CE,CE,83400,2026-01-29,292056069,20,0.05,BFO-OPT,BFO,23
SENSEX,SENSEX26JAN83400PE,PE,83400,2026-01-29,292873221,20,0.05,BFO-OPT,BFO,23
SENSEX,SENSEX26JAN83500CE,CE,83500,2026-01-29,294845701,20,0.05,BFO-OPT,BFO,23
SENSEX,SENSEX26JAN83500PE,PE,83500,2026-01-29,291821317,20,0.05,BFO-OPT,BFO,23
SENSEX,SENSEX26JAN83600CE,CE,83600,2026-01-29,292396805,20,0.05,BFO-OPT,BFO,23
SENSEX,SENSEX26JAN83600PE,PE,83600,2026-01-29,293107717,20,0.05,BFO-OPT,BFO,23
SENSEX,SENSEX26JAN83700CE,CE,83700,2026-01-29,291269637,20,0.05,BFO-OPT,BFO,23
SENSEX,SENSEX26JAN83700PE,PE,83700,2026-01-29,292248581,20,0.05,BFO-OPT,BFO,23
SENSEX,SENSEX26JAN83800CE,CE,83800,2026-01-29,292615685,20,0.05,BFO-OPT,BFO,23
SENSEX,SENSEX26JAN83800PE,PE,83800,2026-01-29,291145989,20,0.05,BFO-OPT,BFO,23
SENSEX,SENSEX26JAN83900CE,CE,83900,2026-01-29,291486725,20,0.05,BFO-OPT,BFO,23
SENSEX,SENSEX26JAN83900PE,PE,83900,2026-01-29,292524549,20,0.05,BFO-OPT,BFO,23
SENSEX,SENSEX26JAN84000CE,CE,84000,2026-01-29,293775621,20,0.05,BFO-OPT,BFO,23
SENSEX,SENSEX26JAN84000PE,PE,84000,2026-01-29,294577157,20,0.05,BFO-OPT,BFO,23
SENSEX,SENSEX26JAN84100CE,CE,84100,2026-01-29,291107589,20,0.05,BFO-OPT,BFO,23
SENSEX,SENSEX26JAN84100PE,PE,84100,2026-01-29,293688581,20,0.05,BFO-OPT,BFO,23
SENSEX,SENSEX26JAN84200CE,CE,84200,2026-01-29,293983237,20,0.05,BFO-OPT,BFO,23
SENSEX,SENSEX26JAN84200PE,PE,84200,2026-01-29,294810885,20,0.05,BFO-OPT,BFO,23
SENSEX,SENSEX26JAN84300CE,CE,84300,2026-01-29,293134085,20,0.05,BFO-OPT,BFO,23
SENSEX,SENSEX26JAN84300PE,PE,84300,2026-01-29,293862917,20,0.05,BFO-OPT,BFO,23
SENSEX,SENSEX26JAN84400CE,CE,84400,2026-01-29,294247685,20,0.05,BFO-OPT,BFO,23
SENSEX,SENSEX26JAN84400PE,PE,84400,2026-01-29,291232261,20,0.05,BFO-OPT,BFO,23
SENSEX,SENSEX26JAN84500CE,CE,84500,2026-01-29,293394693,20,0.05,BFO-OPT,BFO,23
SENSEX,SENSEX26JAN84500PE,PE,84500,2026-01-29,294110981,20,0.05,BFO-OPT,BFO,23
SENSEX,SENSEX26JAN84600CE,CE,84600,2026-01-29,294494725,20,0.05,BFO-OPT,BFO,23
SENSEX,SENSEX26JAN84600PE,PE,84600,2026-01-29,293258245,20,0.05,BFO-OPT,BFO,23
SENSEX,SENSEX26JAN84700CE,CE,84700,2026-01-29,293618949,20,0.05,BFO-OPT,BFO,23
SENSEX,SENSEX26JAN84700PE,PE,84700,2026-01-29,294364165,20,0.05,BFO-OPT,BFO,23
SENSEX,SENSEX26JAN84800CE,CE,84800,2026-01-29,292717829,20,0.05,BFO-OPT,BFO,23
SENSEX,SENSEX26JAN84800PE,PE,84800,2026-01-29,293493765,20,0.05,BFO-OPT,BFO,23
SENSEX,SENSEX26JAN84900CE,CE,84900,2026-01-29,293796357,20,0.05,BFO-OPT,BFO,23
SENSEX,SENSEX26JAN84900PE,PE,84900,2026-01-29,294613765,20,0.05,BFO-OPT,BFO,23
SENSEX,SENSEX26JAN85000CE,CE,85000,2026-01-29,292361733,20,0.05,BFO-OPT,BFO,23
SENSEX,SENSEX26JAN85000PE,PE,85000,2026-01-29,293076485,20,0.05,BFO-OPT,BFO,23
SENSEX,SENSEX26JAN85100CE,CE,85100,2026-01-29,291247621,20,0.05,BFO-OPT,BFO,23
SENSEX,SENSEX26JAN85100PE,PE,85100,2026-01-29,292216581,20,0.05,BFO-OPT,BFO,23
SENSEX,SENSEX26JAN85200CE,CE,85200,2026-01-29,292598021,20,0.05,BFO-OPT,BFO,23
SENSEX,SENSEX26JAN85200PE,PE,85200,2026-01-29,293335301,20,0.05,BFO-OPT,BFO,23
SENSEX,SENSEX26JAN85300CE,CE,85300,2026-01-29,291467269,20,0.05,BFO-OPT,BFO,23
SENSEX,SENSEX26JAN85300PE,PE,85300,2026-01-29,292497413,20,0.05,BFO-OPT,BFO,23
SENSEX,SENSEX26JAN85400CE,CE,85400,2026-01-29,292787461,20,0.05,BFO-OPT,BFO,23
SENSEX,SENSEX26JAN85400PE,PE,85400,2026-01-29,291344389,20,0.05,BFO-OPT,BFO,23
SENSEX,SENSEX26JAN85500CE,CE,85500,2026-01-29,291688709,20,0.05,BFO-OPT,BFO,23
SENSEX,SENSEX26JAN85500PE,PE,85500,2026-01-29,292675845,20,0.05,BFO-OPT,BFO,23
SENSEX,SENSEX26JAN85600CE,CE,85600,2026-01-29,294641157,20,0.05,BFO-OPT,BFO,23
SENSEX,SENSEX26JAN85600PE,PE,85600,2026-01-29,291553029,20,0.05,BFO-OPT,BFO,23
SENSEX,SENSEX26JAN85700CE,CE,85700,2026-01-29,292064773,20,0.05,BFO-OPT,BFO,23
SENSEX,SENSEX26JAN85700PE,PE,85700,2026-01-29,292873477,20,0.05,BFO-OPT,BFO,23
SENSEX,SENSEX26JAN85800CE,CE,85800,2026-01-29,294847493,20,0.05,BFO-OPT,BFO,23
SENSEX,SENSEX26JAN85800PE,PE,85800,2026-01-29,291823365,20,0.05,BFO-OPT,BFO,23
SENSEX,SENSEX26JAN85900CE,CE,85900,2026-01-29,292400133,20,0.05,BFO-OPT,BFO,23
SENSEX,SENSEX26JAN85900PE,PE,85900,2026-01-29,294753797,20,0.05,BFO-OPT,BFO,23
SENSEX,SENSEX26JAN86000CE,CE,86000,2026-01-29,294466053,20,0.05,BFO-OPT,BFO,23
SENSEX,SENSEX26JAN86000PE,PE,86000,2026-01-29,291413765,20,0.05,BFO-OPT,BFO,23
SENSEX,SENSEX26JAN86100CE,CE,86100,2026-01-29,293593605,20,0.05,BFO-OPT,BFO,23
SENSEX,SENSEX26JAN86100PE,PE,86100,2026-01-29,294336261,20,0.05,BFO-OPT,BFO,23
SENSEX,SENSEX26JAN86200CE,CE,86200,2026-01-29,294725893,20,0.05,BFO-OPT,BFO,23
SENSEX,SENSEX26JAN86200PE,PE,86200,2026-01-29,293471237,20,0.05,BFO-OPT,BFO,23
SENSEX,SENSEX26JAN86300CE,CE,86300,2026-01-29,293776133,20,0.05,BFO-OPT,BFO,23
SENSEX,SENSEX26JAN86300PE,PE,86300,2026-01-29,294581509,20,0.05,BFO-OPT,BFO,23
SENSEX,SENSEX26JAN86400CE,CE,86400,2026-01-29,292890117,20,0.05,BFO-OPT,BFO,23
SENSEX,SENSEX26JAN86400PE,PE,86400,2026-01-29,293690629,20,0.05,BFO-OPT,BFO,23
SENSEX,SENSEX26JAN86500CE,CE,86500,2026-01-29,293984005,20,0.05,BFO-OPT,BFO,23
SENSEX,SENSEX26JAN86500PE,PE,86500,2026-01-29,294811909,20,0.05,BFO-OPT,BFO,23
SENSEX,SENSEX26JAN86600CE,CE,86600,2026-01-29,293135365,20,0.05,BFO-OPT,BFO,23
SENSEX,SENSEX26JAN86600PE,PE,86600,2026-01-29,293864197,20,0.05,BFO-OPT,BFO,23
SENSEX,SENSEX26JAN86700CE,CE,86700,2026-01-29,294249733,20,0.05,BFO-OPT,BFO,23
SENSEX,SENSEX26JAN86700PE,PE,86700,2026-01-29,292995077,20,0.05,BFO-OPT,BFO,23
SENSEX,SENSEX26JAN86800CE,CE,86800,2026-01-29,293396997,20,0.05,BFO-OPT,BFO,23
SENSEX,SENSEX26JAN86800PE,PE,86800,2026-01-29,294114309,20,0.05,BFO-OPT,BFO,23
SENSEX,SENSEX26JAN86900CE,CE,86900,2026-01-29,292546565,20,0.05,BFO-OPT,BFO,23
SENSEX,SENSEX26JAN86900PE,PE,86900,2026-01-29,293260549,20,0.05,BFO-OPT,BFO,23
SENSEX,SENSEX26JAN87000CE,CE,87000,2026-01-29,292962053,20,0.05,BFO-OPT,BFO,23
SENSEX,SENSEX26JAN87000PE,PE,87000,2026-01-29,291538693,20,0.05,BFO-OPT,BFO,23
SENSEX,SENSEX26JAN87100CE,CE,87100,2026-01-29,292002565,20,0.05,BFO-OPT,BFO,23
SENSEX,SENSEX26JAN87100PE,PE,87100,2026-01-29,292852485,20,0.05,BFO-OPT,BFO,23
SENSEX,SENSEX26JAN87200CE,CE,87200,2026-01-29,294828037,20,0.05,BFO-OPT,BFO,23
SENSEX,SENSEX26JAN87200PE,PE,87200,2026-01-29,291790085,20,0.05,BFO-OPT,BFO,23
SENSEX,SENSEX26JAN87300CE,CE,87300,2026-01-29,292364549,20,0.05,BFO-OPT,BFO,23
SENSEX,SENSEX26JAN87300PE,PE,87300,2026-01-29,293078533,20,0.05,BFO-OPT,BFO,23
SENSEX,SENSEX26JAN87400CE,CE,87400,2026-01-29,291250181,20,0.05,BFO-OPT,BFO,23
SENSEX,SENSEX26JAN87400PE,PE,87400,2026-01-29,292222469,20,0.05,BFO-OPT,BFO,23
SENSEX,SENSEX26JAN87500CE,CE,87500,2026-01-29,292600325,20,0.05,BFO-OPT,BFO,23
SENSEX,SENSEX26JAN87500PE,PE,87500,2026-01-29,291123973,20,0.05,BFO-OPT,BFO,23
SENSEX,SENSEX26JAN87600CE,CE,87600,2026-01-29,291470597,20,0.05,BFO-OPT,BFO,23
SENSEX,SENSEX26JAN87600PE,PE,87600,2026-01-29,292501765,20,0.05,BFO-OPT,BFO,23
SENSEX,SENSEX26JAN87700CE,CE,87700,2026-01-29,294388741,20,0.05,BFO-OPT,BFO,23
SENSEX,SENSEX26JAN87700PE,PE,87700,2026-01-29,291347717,20,0.05,BFO-OPT,BFO,23
SENSEX,SENSEX26JAN87800CE,CE,87800,2026-01-29,291691013,20,0.05,BFO-OPT,BFO,23
SENSEX,SENSEX26JAN87800PE,PE,87800,2026-01-29,292677381,20,0.05,BFO-OPT,BFO,23
SENSEX,SENSEX26JAN87900CE,CE,87900,2026-01-29,294645509,20,0.05,BFO-OPT,BFO,23
SENSEX,SENSEX26JAN87900PE,PE,87900,2026-01-29,291555589,20,0.05,BFO-OPT,BFO,23
SENSEX,SENSEX26JAN88000CE,CE,88000,2026-01-29,293111045,20,0.05,BFO-OPT,BFO,23
SENSEX,SENSEX26JAN88000PE,PE,88000,2026-01-29,293842181,20,0.05,BFO-OPT,BFO,23
SENSEX,SENSEX26JAN88100CE,CE,88100,2026-01-29,294219781,20,0.05,BFO-OPT,BFO,23
SENSEX,SENSEX26JAN88100PE,PE,88100,2026-01-29,291208197,20,0.05,BFO-OPT,BFO,23
SENSEX,SENSEX26JAN88200CE,CE,88200,2026-01-29,293373701,20,0.05,BFO-OPT,BFO,23
SENSEX,SENSEX26JAN88200PE,PE,88200,2026-01-29,294083333,20,0.05,BFO-OPT,BFO,23
SENSEX,SENSEX26JAN88300CE,CE,88300,2026-01-29,294466565,20,0.05,BFO-OPT,BFO,23
SENSEX,SENSEX26JAN88300PE,PE,88300,2026-01-29,293231109,20,0.05,BFO-OPT,BFO,23
SENSEX,SENSEX26JAN88400CE,CE,88400,2026-01-29,293594373,20,0.05,BFO-OPT,BFO,23
SENSEX,SENSEX26JAN88400PE,PE,88400,2026-01-29,294337797,20,0.05,BFO-OPT,BFO,23
SENSEX,SENSEX26JAN88500CE,CE,88500,2026-01-29,292698885,20,0.05,BFO-OPT,BFO,23
SENSEX,SENSEX26JAN88500PE,PE,88500,2026-01-29,293472261,20,0.05,BFO-OPT,BFO,23
SENSEX,SENSEX26JAN88600CE,CE,88600,2026-01-29,293778181,20,0.05,BFO-OPT,BFO,23
SENSEX,SENSEX26JAN88600PE,PE,88600,2026-01-29,294584069,20,0.05,BFO-OPT,BFO,23
SENSEX,SENSEX26JAN88700CE,CE,88700,2026-01-29,292893445,20,0.05,BFO-OPT,BFO,23
SENSEX,SENSEX26JAN88700PE,PE,88700,2026-01-29,293692421,20,0.05,BFO-OPT,BFO,23
SENSEX,SENSEX26JAN88800CE,CE,88800,2026-01-29,293985285,20,0.05,BFO-OPT,BFO,23
SENSEX,SENSEX26JAN88800PE,PE,88800,2026-01-29,292801541,20,0.05,BFO-OPT,BFO,23
SENSEX,SENSEX26JAN88900CE,CE,88900,2026-01-29,293137925,20,0.05,BFO-OPT,BFO,23
SENSEX,SENSEX26JAN88900PE,PE,88900,2026-01-29,293868037,20,0.05,BFO-OPT,BFO,23
SENSEX,SENSEX26JAN89000CE,CE,89000,2026-01-29,291445509,20,0.05,BFO-OPT,BFO,23
SENSEX,SENSEX26JAN89000PE,PE,89000,2026-01-29,292474885,20,0.05,BFO-OPT,BFO,23
SENSEX,SENSEX26JAN89100CE,CE,89100,2026-01-29,292766213,20,0.05,BFO-OPT,BFO,23
SENSEX,SENSEX26JAN89100PE,PE,89100,2026-01-29,291326213,20,0.05,BFO-OPT,BFO,23
SENSEX,SENSEX26JAN89200CE,CE,89200,2026-01-29,291665413,20,0.05,BFO-OPT,BFO,23
SENSEX,SENSEX26JAN89200PE,PE,89200,2026-01-29,292659461,20,0.05,BFO-OPT,BFO,23
SENSEX,SENSEX26JAN89300CE,CE,89300,2026-01-29,294618629,20,0.05,BFO-OPT,BFO,23
SENSEX,SENSEX26JAN89300PE,PE,89300,2026-01-29,291541765,20,0.05,BFO-OPT,BFO,23
SENSEX,SENSEX26JAN89400CE,CE,89400,2026-01-29,292008197,20,0.05,BFO-OPT,BFO,23
SENSEX,SENSEX26JAN89400PE,PE,89400,2026-01-29,292853509,20,0.05,BFO-OPT,BFO,23
SENSEX,SENSEX26JAN89500CE,CE,89500,2026-01-29,294831365,20,0.05,BFO-OPT,BFO,23
SENSEX,SENSEX26JAN89500PE,PE,89500,2026-01-29,291792133,20,0.05,BFO-OPT,BFO,23
SENSEX,SENSEX26JAN89600CE,CE,89600,2026-01-29,292365829,20,0.05,BFO-OPT,BFO,23
SENSEX,SENSEX26JAN89600PE,PE,89600,2026-01-29,294733317,20,0.05,BFO-OPT,BFO,23
SENSEX,SENSEX26JAN89700CE,CE,89700,2026-01-29,291252485,20,0.05,BFO-OPT,BFO,23
SENSEX,SENSEX26JAN89700PE,PE,89700,2026-01-29,292227077,20,0.05,BFO-OPT,BFO,23
SENSEX,SENSEX26JAN89800CE,CE,89800,2026-01-29,294142213,20,0.05,BFO-OPT,BFO,23
SENSEX,SENSEX26JAN89800PE,PE,89800,2026-01-29,291124485,20,0.05,BFO-OPT,BFO,23
SENSEX,SENSEX26JAN89900CE,CE,89900,2026-01-29,291472645,20,0.05,BFO-OPT,BFO,23
SENSEX,SENSEX26JAN89900PE,PE,89900,2026-01-29,292503813,20,0.05,BFO-OPT,BFO,23
SENSEX,SENSEX26JAN90000CE,CE,90000,2026-01-29,294521093,20,0.05,BFO-OPT,BFO,23
SENSEX,SENSEX26JAN90000PE,PE,90000,2026-01-29,291473669,20,0.05,BFO-OPT,BFO,23
SENSEX,SENSEX26JAN90100CE,CE,90100,2026-01-29,293642501,20,0.05,BFO-OPT,BFO,23
SENSEX,SENSEX26JAN90100PE,PE,90100,2026-01-29,294390789,20,0.05,BFO-OPT,BFO,23
SENSEX,SENSEX26JAN90200CE,CE,90200,2026-01-29,294768133,20,0.05,BFO-OPT,BFO,23
SENSEX,SENSEX26JAN90200PE,PE,90200,2026-01-29,291699461,20,0.05,BFO-OPT,BFO,23
SENSEX,SENSEX26JAN90300CE,CE,90300,2026-01-29,293815557,20,0.05,BFO-OPT,BFO,23
SENSEX,SENSEX26JAN90300PE,PE,90300,2026-01-29,294649349,20,0.05,BFO-OPT,BFO,23
SENSEX,SENSEX26JAN90400CE,CE,90400,2026-01-29,291181061,20,0.05,BFO-OPT,BFO,23
SENSEX,SENSEX26JAN90400PE,PE,90400,2026-01-29,292073733,20,0.05,BFO-OPT,BFO,23
SENSEX,SENSEX26JAN90500CE,CE,90500,2026-01-29,294045445,20,0.05,BFO-OPT,BFO,23
SENSEX,SENSEX26JAN90500PE,PE,90500,2026-01-29,294851845,20,0.05,BFO-OPT,BFO,23
SENSEX,SENSEX26JAN90600CE,CE,90600,2026-01-29,291391237,20,0.05,BFO-OPT,BFO,23
SENSEX,SENSEX26JAN90600PE,PE,90600,2026-01-29,293907973,20,0.05,BFO-OPT,BFO,23
SENSEX,SENSEX26JAN90700CE,CE,90700,2026-01-29,294294277,20,0.05,BFO-OPT,BFO,23
SENSEX,SENSEX26JAN90700PE,PE,90700,2026-01-29,291276805,20,0.05,BFO-OPT,BFO,23
SENSEX,SENSEX26JAN90800CE,CE,90800,2026-01-29,293448965,20,0.05,BFO-OPT,BFO,23
SENSEX,SENSEX26JAN90800PE,PE,90800,2026-01-29,294178309,20,0.05,BFO-OPT,BFO,23
SENSEX,SENSEX26JAN90900CE,CE,90900,2026-01-29,294550789,20,0.05,BFO-OPT,BFO,23
SENSEX,SENSEX26JAN90900PE,PE,90900,2026-01-29,291492357,20,0.05,BFO-OPT,BFO,23
SENSEX,SENSEX26JAN91000CE,CE,91000,2026-01-29,293013765,20,0.05,BFO-OPT,BFO,23
SENSEX,SENSEX26JAN91000PE,PE,91000,2026-01-29,293780741,20,0.05,BFO-OPT,BFO,23
SENSEX,SENSEX26JAN91100CE,CE,91100,2026-01-29,292122117,20,0.05,BFO-OPT,BFO,23
SENSEX,SENSEX26JAN91100PE,PE,91100,2026-01-29,292896517,20,0.05,BFO-OPT,BFO,23
SENSEX,SENSEX26JAN91200CE,CE,91200,2026-01-29,293284613,20,0.05,BFO-OPT,BFO,23
SENSEX,SENSEX26JAN91200PE,PE,91200,2026-01-29,291867397,20,0.05,BFO-OPT,BFO,23
SENSEX,SENSEX26JAN91300CE,CE,91300,2026-01-29,292425733,20,0.05,BFO-OPT,BFO,23
SENSEX,SENSEX26JAN91300PE,PE,91300,2026-01-29,293140485,20,0.05,BFO-OPT,BFO,23
SENSEX,SENSEX26JAN91400CE,CE,91400,2026-01-29,293517317,20,0.05,BFO-OPT,BFO,23
SENSEX,SENSEX26JAN91400PE,PE,91400,2026-01-29,292283141,20,0.05,BFO-OPT,BFO,23
SENSEX,SENSEX26JAN91500CE,CE,91500,2026-01-29,292638213,20,0.05,BFO-OPT,BFO,23
SENSEX,SENSEX26JAN91500PE,PE,91500,2026-01-29,293401093,20,0.05,BFO-OPT,BFO,23
SENSEX,SENSEX26JAN91600CE,CE,91600,2026-01-29,291509509,20,0.05,BFO-OPT,BFO,23
SENSEX,SENSEX26JAN91600PE,PE,91600,2026-01-29,292548869,20,0.05,BFO-OPT,BFO,23
SENSEX,SENSEX26JAN91700CE,CE,91700,2026-01-29,292833029,20,0.05,BFO-OPT,BFO,23
SENSEX,SENSEX26JAN91700PE,PE,91700,2026-01-29,293623045,20,0.05,BFO-OPT,BFO,23
SENSEX,SENSEX26JAN91800CE,CE,91800,2026-01-29,291756549,20,0.05,BFO-OPT,BFO,23
SENSEX,SENSEX26JAN91800PE,PE,91800,2026-01-29,292727045,20,0.05,BFO-OPT,BFO,23
SENSEX,SENSEX26JAN91900CE,CE,91900,2026-01-29,293050373,20,0.05,BFO-OPT,BFO,23
SENSEX,SENSEX26JAN91900PE,PE,91900,2026-01-29,291609093,20,0.05,BFO-OPT,BFO,23
SENSEX,SENSEX26JAN92000CE,CE,92000,2026-01-29,296303621,20,0.05,BFO-OPT,BFO,23
SENSEX,SENSEX26JAN92000PE,PE,92000,2026-01-29,296373509,20,0.05,BFO-OPT,BFO,23
SENSEX,SENSEX26JAN92100CE,CE,92100,2026-01-29,296686597,20,0.05,BFO-OPT,BFO,23
SENSEX,SENSEX26JAN92100PE,PE,92100,2026-01-29,296600581,20,0.05,BFO-OPT,BFO,23
SENSEX,SENSEX26JAN92200CE,CE,92200,2026-01-29,296775429,20,0.05,BFO-OPT,BFO,23
SENSEX,SENSEX26JAN92200PE,PE,92200,2026-01-29,296791045,20,0.05,BFO-OPT,BFO,23
SENSEX,SENSEX26JAN92300CE,CE,92300,2026-01-29,296798213,20,0.05,BFO-OPT,BFO,23
SENSEX,SENSEX26JAN92300PE,PE,92300,2026-01-29,296739077,20,0.05,BFO-OPT,BFO,23
SENSEX,SENSEX26JAN92400CE,CE,92400,2026-01-29,296780549,20,0.05,BFO-OPT,BFO,23
SENSEX,SENSEX26JAN92400PE,PE,92400,2026-01-29,296795909,20,0.05,BFO-OPT,BFO,23
SENSEX,SENSEX26JAN92500CE,CE,92500,2026-01-29,296802309,20,0.05,BFO-OPT,BFO,23
SENSEX,SENSEX26JAN92500PE,PE,92500,2026-01-29,296747269,20,0.05,BFO-OPT,BFO,23
SENSEX,SENSEX26JAN92600CE,CE,92600,2026-01-29,296906245,20,0.05,BFO-OPT,BFO,23
SENSEX,SENSEX26JAN92600PE,PE,92600,2026-01-29,296921349,20,0.05,BFO-OPT,BFO,23
SENSEX,SENSEX26JAN92700CE,CE,92700,2026-01-29,296856069,20,0.05,BFO-OPT,BFO,23
SENSEX,SENSEX26JAN92700PE,PE,92700,2026-01-29,296903685,20,0.05,BFO-OPT,BFO,23
SENSEX,SENSEX26JAN92800CE,CE,92800,2026-01-29,297036805,20,0.05,BFO-OPT,BFO,23
SENSEX,SENSEX26JAN92800PE,PE,92800,2026-01-29,297067781,20,0.05,BFO-OPT,BFO,23
SENSEX,SENSEX26JAN92900CE,CE,92900,2026-01-29,297003013,20,0.05,BFO-OPT,BFO,23
SENSEX,SENSEX26JAN92900PE,PE,92900,2026-01-29,297032709,20,0.05,BFO-OPT,BFO,23
SENSEX,SENSEX26JAN93000CE,CE,93000,2026-01-29,296944389,20,0.05,BFO-OPT,BFO,23
SENSEX,SENSEX26JAN93000PE,PE,93000,2026-01-29,296975365,20,0.05,BFO-OPT,BFO,23
SENSEX,SENSEX26JAN93100CE,CE,93100,2026-01-29,296988165,20,0.05,BFO-OPT,BFO,23
SENSEX,SENSEX26JAN93100PE,PE,93100,2026-01-29,297018117,20,0.05,BFO-OPT,BFO,23
SENSEX,SENSEX26JAN93200CE,CE,93200,2026-01-29,297710341,20,0.05,BFO-OPT,BFO,23
SENSEX,SENSEX26JAN93200PE,PE,93200,2026-01-29,298126853,20,0.05,BFO-OPT,BFO,23
SENSEX,SENSEX26JAN93300CE,CE,93300,2026-01-29,300592901,20,0.05,BFO-OPT,BFO,23
SENSEX,SENSEX26JAN93300PE,PE,93300,2026-01-29,300516101,20,0.05,BFO-OPT,BFO,23
SENSEX,SENSEX2620577000CE,CE,77000,2026-02-05,210755333,20,0.05,BFO-OPT,BFO,30
SENSEX,SENSEX2620577000PE,PE,77000,2026-02-05,210785541,20,0.05,BFO-OPT,BFO,30
SENSEX,SENSEX2620577100CE,CE,77100,2026-02-05,210721285,20,0.05,BFO-OPT,BFO,30
SENSEX,SENSEX2620577100PE,PE,77100,2026-02-05,210750981,20,0.05,BFO-OPT,BFO,30
SENSEX,SENSEX2620577200CE,CE,77200,2026-02-05,210766085,20,0.05,BFO-OPT,BFO,30
SENSEX,SENSEX2620577200PE,PE,77200,2026-02-05,210795269,20,0.05,BFO-OPT,BFO,30
SENSEX,SENSEX2620577300CE,CE,77300,2026-02-05,210728709,20,0.05,BFO-OPT,BFO,30
SENSEX,SENSEX2620577300PE,PE,77300,2026-02-05,210761221,20,0.05,BFO-OPT,BFO,30
SENSEX,SENSEX2620577400CE,CE,77400,2026-02-05,210774277,20,0.05,BFO-OPT,BFO,30
SENSEX,SENSEX2620577400PE,PE,77400,2026-02-05,210725125,20,0.05,BFO-OPT,BFO,30
SENSEX,SENSEX2620577500CE,CE,77500,2026-02-05,210738949,20,0.05,BFO-OPT,BFO,30
SENSEX,SENSEX2620577500PE,PE,77500,2026-02-05,210769925,20,0.05,BFO-OPT,BFO,30
SENSEX,SENSEX2620577600CE,CE,77600,2026-02-05,210707973,20,0.05,BFO-OPT,BFO,30
SENSEX,SENSEX2620577600PE,PE,77600,2026-02-05,210734341,20,0.05,BFO-OPT,BFO,30
SENSEX,SENSEX2620577700CE,CE,77700,2026-02-05,210747653,20,0.05,BFO-OPT,BFO,30
SENSEX,SENSEX2620577700PE,PE,77700,2026-02-05,210778629,20,0.05,BFO-OPT,BFO,30
SENSEX,SENSEX2620577800CE,CE,77800,2026-02-05,210714373,20,0.05,BFO-OPT,BFO,30
SENSEX,SENSEX2620577800PE,PE,77800,2026-02-05,210743301,20,0.05,BFO-OPT,BFO,30
SENSEX,SENSEX2620577900CE,CE,77900,2026-02-05,210756613,20,0.05,BFO-OPT,BFO,30
SENSEX,SENSEX2620577900PE,PE,77900,2026-02-05,210787077,20,0.05,BFO-OPT,BFO,30
SENSEX,SENSEX2620578000CE,CE,78000,2026-02-05,210701829,20,0.05,BFO-OPT,BFO,30
SENSEX,SENSEX2620578000PE,PE,78000,2026-02-05,210727173,20,0.05,BFO-OPT,BFO,30
SENSEX,SENSEX2620578100CE,CE,78100,2026-02-05,210806789,20,0.05,BFO-OPT,BFO,30
SENSEX,SENSEX2620578100PE,PE,78100,2026-02-05,210697733,20,0.05,BFO-OPT,BFO,30
SENSEX,SENSEX2620578200CE,CE,78200,2026-02-05,210710533,20,0.05,BFO-OPT,BFO,30
SENSEX,SENSEX2620578200PE,PE,78200,2026-02-05,210801925,20,0.05,BFO-OPT,BFO,30
SENSEX,SENSEX2620578300CE,CE,78300,2026-02-05,210676485,20,0.05,BFO-OPT,BFO,30
SENSEX,SENSEX2620578300PE,PE,78300,2026-02-05,210705925,20,0.05,BFO-OPT,BFO,30
SENSEX,SENSEX2620578400CE,CE,78400,2026-02-05,210779141,20,0.05,BFO-OPT,BFO,30
SENSEX,SENSEX2620578400PE,PE,78400,2026-02-05,210672645,20,0.05,BFO-OPT,BFO,30
SENSEX,SENSEX2620578500CE,CE,78500,2026-02-05,210685701,20,0.05,BFO-OPT,BFO,30
SENSEX,SENSEX2620578500PE,PE,78500,2026-02-05,210712837,20,0.05,BFO-OPT,BFO,30
SENSEX,SENSEX2620578600CE,CE,78600,2026-02-05,210788101,20,0.05,BFO-OPT,BFO,30
SENSEX,SENSEX2620578600PE,PE,78600,2026-02-05,210682373,20,0.05,BFO-OPT,BFO,30
SENSEX,SENSEX2620578700CE,CE,78700,2026-02-05,210694149,20,0.05,BFO-OPT,BFO,30
SENSEX,SENSEX2620578700PE,PE,78700,2026-02-05,210721029,20,0.05,BFO-OPT,BFO,30
SENSEX,SENSEX2620578800CE,CE,78800,2026-02-05,210797829,20,0.05,BFO-OPT,BFO,30
SENSEX,SENSEX2620578800PE,PE,78800,2026-02-05,210690053,20,0.05,BFO-OPT,BFO,30
SENSEX,SENSEX2620578900CE,CE,78900,2026-02-05,210702341,20,0.05,BFO-OPT,BFO,30
SENSEX,SENSEX2620578900PE,PE,78900,2026-02-05,210792965,20,0.05,BFO-OPT,BFO,30
SENSEX,SENSEX2620579000CE,CE,79000,2026-02-05,210781445,20,0.05,BFO-OPT,BFO,30
SENSEX,SENSEX2620579000PE,PE,79000,2026-02-05,210733317,20,0.05,BFO-OPT,BFO,30
SENSEX,SENSEX2620579100CE,CE,79100,2026-02-05,210746629,20,0.05,BFO-OPT,BFO,30
SENSEX,SENSEX2620579100PE,PE,79100,2026-02-05,210777349,20,0.05,BFO-OPT,BFO,30
SENSEX,SENSEX2620579200CE,CE,79200,2026-02-05,210713349,20,0.05,BFO-OPT,BFO,30
SENSEX,SENSEX2620579200PE,PE,79200,2026-02-05,210742533,20,0.05,BFO-OPT,BFO,30
SENSEX,SENSEX2620579300CE,CE,79300,2026-02-05,210755589,20,0.05,BFO-OPT,BFO,30
SENSEX,SENSEX2620579300PE,PE,79300,2026-02-05,210785797,20,0.05,BFO-OPT,BFO,30
SENSEX,SENSEX2620579400CE,CE,79400,2026-02-05,210721541,20,0.05,BFO-OPT,BFO,30
SENSEX,SENSEX2620579400PE,PE,79400,2026-02-05,210751237,20,0.05,BFO-OPT,BFO,30
SENSEX,SENSEX2620579500CE,CE,79500,2026-02-05,210766341,20,0.05,BFO-OPT,BFO,30
SENSEX,SENSEX2620579500PE,PE,79500,2026-02-05,210795525,20,0.05,BFO-OPT,BFO,30
SENSEX,SENSEX2620579600CE,CE,79600,2026-02-05,210729221,20,0.05,BFO-OPT,BFO,30
SENSEX,SENSEX2620579600PE,PE,79600,2026-02-05,210761477,20,0.05,BFO-OPT,BFO,30
SENSEX,SENSEX2620579700CE,CE,79700,2026-02-05,210774533,20,0.05,BFO-OPT,BFO,30
SENSEX,SENSEX2620579700PE,PE,79700,2026-02-05,210725381,20,0.05,BFO-OPT,BFO,30
SENSEX,SENSEX2620579800CE,CE,79800,2026-02-05,210739205,20,0.05,BFO-OPT,BFO,30
SENSEX,SENSEX2620579800PE,PE,79800,2026-02-05,210770181,20,0.05,BFO-OPT,BFO,30
SENSEX,SENSEX2620579900CE,CE,79900,2026-02-05,210708229,20,0.05,BFO-OPT,BFO,30
SENSEX,SENSEX2620579900PE,PE,79900,2026-02-05,210734597,20,0.05,BFO-OPT,BFO,30
SENSEX,SENSEX2620580000CE,CE,80000,2026-02-05,210679301,20,0.05,BFO-OPT,BFO,30
SENSEX,SENSEX2620580000PE,PE,80000,2026-02-05,210708485,20,0.05,BFO-OPT,BFO,30
SENSEX,SENSEX2620580100CE,CE,80100,2026-02-05,210718725,20,0.05,BFO-OPT,BFO,30
SENSEX,SENSEX2620580100PE,PE,80100,2026-02-05,210747909,20,0.05,BFO-OPT,BFO,30
SENSEX,SENSEX2620580200CE,CE,80200,2026-02-05,210688005,20,0.05,BFO-OPT,BFO,30
SENSEX,SENSEX2620580200PE,PE,80200,2026-02-05,210714629,20,0.05,BFO-OPT,BFO,30
SENSEX,SENSEX2620580300CE,CE,80300,2026-02-05,210726405,20,0.05,BFO-OPT,BFO,30
SENSEX,SENSEX2620580300PE,PE,80300,2026-02-05,210756869,20,0.05,BFO-OPT,BFO,30
SENSEX,SENSEX2620580400CE,CE,80400,2026-02-05,210696453,20,0.05,BFO-OPT,BFO,30
SENSEX,SENSEX2620580400PE,PE,80400,2026-02-05,210723077,20,0.05,BFO-OPT,BFO,30
SENSEX,SENSEX2620580500CE,CE,80500,2026-02-05,210736133,20,0.05,BFO-OPT,BFO,30
SENSEX,SENSEX2620580500PE,PE,80500,2026-02-05,210691845,20,0.05,BFO-OPT,BFO,30
SENSEX,SENSEX2620580600CE,CE,80600,2026-02-05,210704645,20,0.05,BFO-OPT,BFO,30
SENSEX,SENSEX2620580600PE,PE,80600,2026-02-05,210730757,20,0.05,BFO-OPT,BFO,30
SENSEX,SENSEX2620580700CE,CE,80700,2026-02-05,210810373,20,0.05,BFO-OPT,BFO,30
SENSEX,SENSEX2620580700PE,PE,80700,2026-02-05,210701061,20,0.05,BFO-OPT,BFO,30
SENSEX,SENSEX2620580800CE,CE,80800,2026-02-05,210712069,20,0.05,BFO-OPT,BFO,30
SENSEX,SENSEX2620580800PE,PE,80800,2026-02-05,210740229,20,0.05,BFO-OPT,BFO,30
SENSEX,SENSEX2620580900CE,CE,80900,2026-02-05,210681349,20,0.05,BFO-OPT,BFO,30
SENSEX,SENSEX2620580900PE,PE,80900,2026-02-05,210709509,20,0.05,BFO-OPT,BFO,30
SENSEX,SENSEX2620581000CE,CE,81000,2026-02-05,210758149,20,0.05,BFO-OPT,BFO,30
SENSEX,SENSEX2620581000PE,PE,81000,2026-02-05,210788613,20,0.05,BFO-OPT,BFO,30
SENSEX,SENSEX2620581100CE,CE,81100,2026-02-05,210803205,20,0.05,BFO-OPT,BFO,30
SENSEX,SENSEX2620581100PE,PE,81100,2026-02-05,210694405,20,0.05,BFO-OPT,BFO,30
SENSEX,SENSEX2620581200CE,CE,81200,2026-02-05,210767621,20,0.05,BFO-OPT,BFO,30
SENSEX,SENSEX2620581200PE,PE,81200,2026-02-05,210798597,20,0.05,BFO-OPT,BFO,30
SENSEX,SENSEX2620581300CE,CE,81300,2026-02-05,210673669,20,0.05,BFO-OPT,BFO,30
SENSEX,SENSEX2620581300PE,PE,81300,2026-02-05,210763781,20,0.05,BFO-OPT,BFO,30
SENSEX,SENSEX2620581400CE,CE,81400,2026-02-05,210776581,20,0.05,BFO-OPT,BFO,30
SENSEX,SENSEX2620581400PE,PE,81400,2026-02-05,210808325,20,0.05,BFO-OPT,BFO,30
SENSEX,SENSEX2620581500CE,CE,81500,2026-02-05,210741509,20,0.05,BFO-OPT,BFO,30
SENSEX,SENSEX2620581500PE,PE,81500,2026-02-05,210771717,20,0.05,BFO-OPT,BFO,30
SENSEX,SENSEX2620581600CE,CE,81600,2026-02-05,210784005,20,0.05,BFO-OPT,BFO,30
SENSEX,SENSEX2620581600PE,PE,81600,2026-02-05,210677765,20,0.05,BFO-OPT,BFO,30
SENSEX,SENSEX2620581700CE,CE,81700,2026-02-05,210750469,20,0.05,BFO-OPT,BFO,30
SENSEX,SENSEX2620581700PE,PE,81700,2026-02-05,210780421,20,0.05,BFO-OPT,BFO,30
SENSEX,SENSEX2620581800CE,CE,81800,2026-02-05,210794757,20,0.05,BFO-OPT,BFO,30
SENSEX,SENSEX2620581800PE,PE,81800,2026-02-05,210745861,20,0.05,BFO-OPT,BFO,30
SENSEX,SENSEX2620581900CE,CE,81900,2026-02-05,210759685,20,0.05,BFO-OPT,BFO,30
SENSEX,SENSEX2620581900PE,PE,81900,2026-02-05,210789893,20,0.05,BFO-OPT,BFO,30
SENSEX,SENSEX2620582000CE,CE,82000,2026-02-05,210703109,20,0.05,BFO-OPT,BFO,30
SENSEX,SENSEX2620582000PE,PE,82000,2026-02-05,210729477,20,0.05,BFO-OPT,BFO,30
SENSEX,SENSEX2620582100CE,CE,82100,2026-02-05,210744325,20,0.05,BFO-OPT,BFO,30
SENSEX,SENSEX2620582100PE,PE,82100,2026-02-05,210699781,20,0.05,BFO-OPT,BFO,30
SENSEX,SENSEX2620582200CE,CE,82200,2026-02-05,210711301,20,0.05,BFO-OPT,BFO,30
SENSEX,SENSEX2620582200PE,PE,82200,2026-02-05,210739461,20,0.05,BFO-OPT,BFO,30
SENSEX,SENSEX2620582300CE,CE,82300,2026-02-05,210679557,20,0.05,BFO-OPT,BFO,30
SENSEX,SENSEX2620582300PE,PE,82300,2026-02-05,210708741,20,0.05,BFO-OPT,BFO,30
SENSEX,SENSEX2620582400CE,CE,82400,2026-02-05,210718981,20,0.05,BFO-OPT,BFO,30
SENSEX,SENSEX2620582400PE,PE,82400,2026-02-05,210748165,20,0.05,BFO-OPT,BFO,30
SENSEX,SENSEX2620582500CE,CE,82500,2026-02-05,210688261,20,0.05,BFO-OPT,BFO,30
SENSEX,SENSEX2620582500PE,PE,82500,2026-02-05,210714885,20,0.05,BFO-OPT,BFO,30
SENSEX,SENSEX2620582600CE,CE,82600,2026-02-05,210726661,20,0.05,BFO-OPT,BFO,30
SENSEX,SENSEX2620582600PE,PE,82600,2026-02-05,210684165,20,0.05,BFO-OPT,BFO,30
SENSEX,SENSEX2620582700CE,CE,82700,2026-02-05,210696709,20,0.05,BFO-OPT,BFO,30
SENSEX,SENSEX2620582700PE,PE,82700,2026-02-05,210723589,20,0.05,BFO-OPT,BFO,30
SENSEX,SENSEX2620582800CE,CE,82800,2026-02-05,210801413,20,0.05,BFO-OPT,BFO,30
SENSEX,SENSEX2620582800PE,PE,82800,2026-02-05,210692357,20,0.05,BFO-OPT,BFO,30
SENSEX,SENSEX2620582900CE,CE,82900,2026-02-05,210704901,20,0.05,BFO-OPT,BFO,30
SENSEX,SENSEX2620582900PE,PE,82900,2026-02-05,210731013,20,0.05,BFO-OPT,BFO,30
SENSEX,SENSEX2620583000CE,CE,83000,2026-02-05,210782725,20,0.05,BFO-OPT,BFO,30
SENSEX,SENSEX2620583000PE,PE,83000,2026-02-05,210676741,20,0.05,BFO-OPT,BFO,30
SENSEX,SENSEX2620583100CE,CE,83100,2026-02-05,210748933,20,0.05,BFO-OPT,BFO,30
SENSEX,SENSEX2620583100PE,PE,83100,2026-02-05,210779397,20,0.05,BFO-OPT,BFO,30
SENSEX,SENSEX2620583200CE,CE,83200,2026-02-05,210793733,20,0.05,BFO-OPT,BFO,30
SENSEX,SENSEX2620583200PE,PE,83200,2026-02-05,210685957,20,0.05,BFO-OPT,BFO,30
SENSEX,SENSEX2620583300CE,CE,83300,2026-02-05,210758405,20,0.05,BFO-OPT,BFO,30
SENSEX,SENSEX2620583300PE,PE,83300,2026-02-05,210788869,20,0.05,BFO-OPT,BFO,30
SENSEX,SENSEX2620583400CE,CE,83400,2026-02-05,210803461,20,0.05,BFO-OPT,BFO,30
SENSEX,SENSEX2620583400PE,PE,83400,2026-02-05,210753285,20,0.05,BFO-OPT,BFO,30
SENSEX,SENSEX2620583500CE,CE,83500,2026-02-05,210767877,20,0.05,BFO-OPT,BFO,30
SENSEX,SENSEX2620583500PE,PE,83500,2026-02-05,210798853,20,0.05,BFO-OPT,BFO,30
SENSEX,SENSEX2620583600CE,CE,83600,2026-02-05,210732293,20,0.05,BFO-OPT,BFO,30
SENSEX,SENSEX2620583600PE,PE,83600,2026-02-05,210764037,20,0.05,BFO-OPT,BFO,30
SENSEX,SENSEX2620583700CE,CE,83700,2026-02-05,210776837,20,0.05,BFO-OPT,BFO,30
SENSEX,SENSEX2620583700PE,PE,83700,2026-02-05,210808581,20,0.05,BFO-OPT,BFO,30
SENSEX,SENSEX2620583800CE,CE,83800,2026-02-05,210741765,20,0.05,BFO-OPT,BFO,30
SENSEX,SENSEX2620583800PE,PE,83800,2026-02-05,210771973,20,0.05,BFO-OPT,BFO,30
SENSEX,SENSEX2620583900CE,CE,83900,2026-02-05,210784261,20,0.05,BFO-OPT,BFO,30
SENSEX,SENSEX2620583900PE,PE,83900,2026-02-05,210736389,20,0.05,BFO-OPT,BFO,30
SENSEX,SENSEX2620584000CE,CE,84000,2026-02-05,210725637,20,0.05,BFO-OPT,BFO,30
SENSEX,SENSEX2620584000PE,PE,84000,2026-02-05,210755845,20,0.05,BFO-OPT,BFO,30
SENSEX,SENSEX2620584100CE,CE,84100,2026-02-05,210695173,20,0.05,BFO-OPT,BFO,30
SENSEX,SENSEX2620584100PE,PE,84100,2026-02-05,210721797,20,0.05,BFO-OPT,BFO,30
SENSEX,SENSEX2620584200CE,CE,84200,2026-02-05,210735109,20,0.05,BFO-OPT,BFO,30
SENSEX,SENSEX2620584200PE,PE,84200,2026-02-05,210691077,20,0.05,BFO-OPT,BFO,30
SENSEX,SENSEX2620584300CE,CE,84300,2026-02-05,210703365,20,0.05,BFO-OPT,BFO,30
SENSEX,SENSEX2620584300PE,PE,84300,2026-02-05,210729733,20,0.05,BFO-OPT,BFO,30
SENSEX,SENSEX2620584400CE,CE,84400,2026-02-05,210809093,20,0.05,BFO-OPT,BFO,30
SENSEX,SENSEX2620584400PE,PE,84400,2026-02-05,210700037,20,0.05,BFO-OPT,BFO,30
SENSEX,SENSEX2620584500CE,CE,84500,2026-02-05,210711557,20,0.05,BFO-OPT,BFO,30
SENSEX,SENSEX2620584500PE,PE,84500,2026-02-05,210739717,20,0.05,BFO-OPT,BFO,30
SENSEX,SENSEX2620584600CE,CE,84600,2026-02-05,210679813,20,0.05,BFO-OPT,BFO,30
SENSEX,SENSEX2620584600PE,PE,84600,2026-02-05,210708997,20,0.05,BFO-OPT,BFO,30
SENSEX,SENSEX2620584700CE,CE,84700,2026-02-05,210719237,20,0.05,BFO-OPT,BFO,30
SENSEX,SENSEX2620584700PE,PE,84700,2026-02-05,210674181,20,0.05,BFO-OPT,BFO,30
SENSEX,SENSEX2620584800CE,CE,84800,2026-02-05,210688517,20,0.05,BFO-OPT,BFO,30
SENSEX,SENSEX2620584800PE,PE,84800,2026-02-05,210715141,20,0.05,BFO-OPT,BFO,30
SENSEX,SENSEX2620584900CE,CE,84900,2026-02-05,210791429,20,0.05,BFO-OPT,BFO,30
SENSEX,SENSEX2620584900PE,PE,84900,2026-02-05,210684421,20,0.05,BFO-OPT,BFO,30
SENSEX,SENSEX2620585000CE,CE,85000,2026-02-05,210673157,20,0.05,BFO-OPT,BFO,30
SENSEX,SENSEX2620585000PE,PE,85000,2026-02-05,210763013,20,0.05,BFO-OPT,BFO,30
SENSEX,SENSEX2620585100CE,CE,85100,2026-02-05,210775557,20,0.05,BFO-OPT,BFO,30
SENSEX,SENSEX2620585100PE,PE,85100,2026-02-05,210807301,20,0.05,BFO-OPT,BFO,30
SENSEX,SENSEX2620585200CE,CE,85200,2026-02-05,210740485,20,0.05,BFO-OPT,BFO,30
SENSEX,SENSEX2620585200PE,PE,85200,2026-02-05,210770693,20,0.05,BFO-OPT,BFO,30
SENSEX,SENSEX2620585300CE,CE,85300,2026-02-05,210782981,20,0.05,BFO-OPT,BFO,30
SENSEX,SENSEX2620585300PE,PE,85300,2026-02-05,210676997,20,0.05,BFO-OPT,BFO,30
SENSEX,SENSEX2620585400CE,CE,85400,2026-02-05,210749189,20,0.05,BFO-OPT,BFO,30
SENSEX,SENSEX2620585400PE,PE,85400,2026-02-05,210779653,20,0.05,BFO-OPT,BFO,30
SENSEX,SENSEX2620585500CE,CE,85500,2026-02-05,210793989,20,0.05,BFO-OPT,BFO,30
SENSEX,SENSEX2620585500PE,PE,85500,2026-02-05,210744837,20,0.05,BFO-OPT,BFO,30
SENSEX,SENSEX2620585600CE,CE,85600,2026-02-05,210758661,20,0.05,BFO-OPT,BFO,30
SENSEX,SENSEX2620585600PE,PE,85600,2026-02-05,210789125,20,0.05,BFO-OPT,BFO,30
SENSEX,SENSEX2620585700CE,CE,85700,2026-02-05,210724357,20,0.05,BFO-OPT,BFO,30
SENSEX,SENSEX2620585700PE,PE,85700,2026-02-05,210753541,20,0.05,BFO-OPT,BFO,30
SENSEX,SENSEX2620585800CE,CE,85800,2026-02-05,210768133,20,0.05,BFO-OPT,BFO,30
SENSEX,SENSEX2620585800PE,PE,85800,2026-02-05,210799109,20,0.05,BFO-OPT,BFO,30
SENSEX,SENSEX2620585900CE,CE,85900,2026-02-05,210732549,20,0.05,BFO-OPT,BFO,30
SENSEX,SENSEX2620585900PE,PE,85900,2026-02-05,210764293,20,0.05,BFO-OPT,BFO,30
SENSEX,SENSEX2620586000CE,CE,86000,2026-02-05,210678021,20,0.05,BFO-OPT,BFO,30
SENSEX,SENSEX2620586000PE,PE,86000,2026-02-05,210707205,20,0.05,BFO-OPT,BFO,30
SENSEX,SENSEX2620586100CE,CE,86100,2026-02-05,210718213,20,0.05,BFO-OPT,BFO,30
SENSEX,SENSEX2620586100PE,PE,86100,2026-02-05,210747141,20,0.05,BFO-OPT,BFO,30
SENSEX,SENSEX2620586200CE,CE,86200,2026-02-05,210686213,20,0.05,BFO-OPT,BFO,30
SENSEX,SENSEX2620586200PE,PE,86200,2026-02-05,210713605,20,0.05,BFO-OPT,BFO,30
SENSEX,SENSEX2620586300CE,CE,86300,2026-02-05,210725893,20,0.05,BFO-OPT,BFO,30
SENSEX,SENSEX2620586300PE,PE,86300,2026-02-05,210682885,20,0.05,BFO-OPT,BFO,30
SENSEX,SENSEX2620586400CE,CE,86400,2026-02-05,210695429,20,0.05,BFO-OPT,BFO,30
SENSEX,SENSEX2620586400PE,PE,86400,2026-02-05,210722053,20,0.05,BFO-OPT,BFO,30
SENSEX,SENSEX2620586500CE,CE,86500,2026-02-05,210799877,20,0.05,BFO-OPT,BFO,30
SENSEX,SENSEX2620586500PE,PE,86500,2026-02-05,210691333,20,0.05,BFO-OPT,BFO,30
SENSEX,SENSEX2620586600CE,CE,86600,2026-02-05,210703621,20,0.05,BFO-OPT,BFO,30
SENSEX,SENSEX2620586600PE,PE,86600,2026-02-05,210729989,20,0.05,BFO-OPT,BFO,30
SENSEX,SENSEX2620586700CE,CE,86700,2026-02-05,210809349,20,0.05,BFO-OPT,BFO,30
SENSEX,SENSEX2620586700PE,PE,86700,2026-02-05,210700293,20,0.05,BFO-OPT,BFO,30
SENSEX,SENSEX2620586800CE,CE,86800,2026-02-05,210711813,20,0.05,BFO-OPT,BFO,30
SENSEX,SENSEX2620586800PE,PE,86800,2026-02-05,210803717,20,0.05,BFO-OPT,BFO,30
SENSEX,SENSEX2620586900CE,CE,86900,2026-02-05,210680069,20,0.05,BFO-OPT,BFO,30
SENSEX,SENSEX2620586900PE,PE,86900,2026-02-05,210709253,20,0.05,BFO-OPT,BFO,30
SENSEX,SENSEX2620587000CE,CE,87000,2026-02-05,210757125,20,0.05,BFO-OPT,BFO,30
SENSEX,SENSEX2620587000PE,PE,87000,2026-02-05,210787333,20,0.05,BFO-OPT,BFO,30
SENSEX,SENSEX2620587100CE,CE,87100,2026-02-05,210802949,20,0.05,BFO-OPT,BFO,30
SENSEX,SENSEX2620587100PE,PE,87100,2026-02-05,210752261,20,0.05,BFO-OPT,BFO,30
SENSEX,SENSEX2620587200CE,CE,87200,2026-02-05,210767109,20,0.05,BFO-OPT,BFO,30
SENSEX,SENSEX2620587200PE,PE,87200,2026-02-05,210796293,20,0.05,BFO-OPT,BFO,30
SENSEX,SENSEX2620587300CE,CE,87300,2026-02-05,210731269,20,0.05,BFO-OPT,BFO,30
SENSEX,SENSEX2620587300PE,PE,87300,2026-02-05,210763269,20,0.05,BFO-OPT,BFO,30
SENSEX,SENSEX2620587400CE,CE,87400,2026-02-05,210775813,20,0.05,BFO-OPT,BFO,30
SENSEX,SENSEX2620587400PE,PE,87400,2026-02-05,210807557,20,0.05,BFO-OPT,BFO,30
SENSEX,SENSEX2620587500CE,CE,87500,2026-02-05,210740741,20,0.05,BFO-OPT,BFO,30
SENSEX,SENSEX2620587500PE,PE,87500,2026-02-05,210770949,20,0.05,BFO-OPT,BFO,30
SENSEX,SENSEX2620587600CE,CE,87600,2026-02-05,210783237,20,0.05,BFO-OPT,BFO,30
SENSEX,SENSEX2620587600PE,PE,87600,2026-02-05,210735621,20,0.05,BFO-OPT,BFO,30
SENSEX,SENSEX2620587700CE,CE,87700,2026-02-05,210749445,20,0.05,BFO-OPT,BFO,30
SENSEX,SENSEX2620587700PE,PE,87700,2026-02-05,210779909,20,0.05,BFO-OPT,BFO,30
SENSEX,SENSEX2620587800CE,CE,87800,2026-02-05,210715653,20,0.05,BFO-OPT,BFO,30
SENSEX,SENSEX2620587800PE,PE,87800,2026-02-05,210745093,20,0.05,BFO-OPT,BFO,30
SENSEX,SENSEX2620587900CE,CE,87900,2026-02-05,210758917,20,0.05,BFO-OPT,BFO,30
SENSEX,SENSEX2620587900PE,PE,87900,2026-02-05,210789381,20,0.05,BFO-OPT,BFO,30
SENSEX,SENSEX2620588000CE,CE,88000,2026-02-05,210702597,20,0.05,BFO-OPT,BFO,30
SENSEX,SENSEX2620588000PE,PE,88000,2026-02-05,210728197,20,0.05,BFO-OPT,BFO,30
SENSEX,SENSEX2620588100CE,CE,88100,2026-02-05,210808837,20,0.05,BFO-OPT,BFO,30
SENSEX,SENSEX2620588100PE,PE,88100,2026-02-05,210699269,20,0.05,BFO-OPT,BFO,30
SENSEX,SENSEX2620588200CE,CE,88200,2026-02-05,210711045,20,0.05,BFO-OPT,BFO,30
SENSEX,SENSEX2620588200PE,PE,88200,2026-02-05,210738437,20,0.05,BFO-OPT,BFO,30
SENSEX,SENSEX2620588300CE,CE,88300,2026-02-05,210678277,20,0.05,BFO-OPT,BFO,30
SENSEX,SENSEX2620588300PE,PE,88300,2026-02-05,210707461,20,0.05,BFO-OPT,BFO,30
SENSEX,SENSEX2620588400CE,CE,88400,2026-02-05,210718469,20,0.05,BFO-OPT,BFO,30
SENSEX,SENSEX2620588400PE,PE,88400,2026-02-05,210673413,20,0.05,BFO-OPT,BFO,30
SENSEX,SENSEX2620588500CE,CE,88500,2026-02-05,210686981,20,0.05,BFO-OPT,BFO,30
SENSEX,SENSEX2620588500PE,PE,88500,2026-02-05,210713861,20,0.05,BFO-OPT,BFO,30
SENSEX,SENSEX2620588600CE,CE,88600,2026-02-05,210790149,20,0.05,BFO-OPT,BFO,30
SENSEX,SENSEX2620588600PE,PE,88600,2026-02-05,210683397,20,0.05,BFO-OPT,BFO,30
SENSEX,SENSEX2620588700CE,CE,88700,2026-02-05,210695685,20,0.05,BFO-OPT,BFO,30
SENSEX,SENSEX2620588700PE,PE,88700,2026-02-05,210722309,20,0.05,BFO-OPT,BFO,30
SENSEX,SENSEX2620588800CE,CE,88800,2026-02-05,210800133,20,0.05,BFO-OPT,BFO,30
SENSEX,SENSEX2620588800PE,PE,88800,2026-02-05,210691589,20,0.05,BFO-OPT,BFO,30
SENSEX,SENSEX2620588900CE,CE,88900,2026-02-05,210704133,20,0.05,BFO-OPT,BFO,30
SENSEX,SENSEX2620588900PE,PE,88900,2026-02-05,210730245,20,0.05,BFO-OPT,BFO,30
SENSEX,SENSEX2620589000CE,CE,89000,2026-02-05,210782469,20,0.05,BFO-OPT,BFO,30
SENSEX,SENSEX2620589000PE,PE,89000,2026-02-05,210675973,20,0.05,BFO-OPT,BFO,30
SENSEX,SENSEX2620589100CE,CE,89100,2026-02-05,210748677,20,0.05,BFO-OPT,BFO,30
SENSEX,SENSEX2620589100PE,PE,89100,2026-02-05,210778885,20,0.05,BFO-OPT,BFO,30
SENSEX,SENSEX2620589200CE,CE,89200,2026-02-05,210793221,20,0.05,BFO-OPT,BFO,30
SENSEX,SENSEX2620589200PE,PE,89200,2026-02-05,210743813,20,0.05,BFO-OPT,BFO,30
SENSEX,SENSEX2620589300CE,CE,89300,2026-02-05,210757381,20,0.05,BFO-OPT,BFO,30
SENSEX,SENSEX2620589300PE,PE,89300,2026-02-05,210787589,20,0.05,BFO-OPT,BFO,30
SENSEX,SENSEX2620589400CE,CE,89400,2026-02-05,210723845,20,0.05,BFO-OPT,BFO,30
SENSEX,SENSEX2620589400PE,PE,89400,2026-02-05,210752773,20,0.05,BFO-OPT,BFO,30
SENSEX,SENSEX2620589500CE,CE,89500,2026-02-05,210767365,20,0.05,BFO-OPT,BFO,30
SENSEX,SENSEX2620589500PE,PE,89500,2026-02-05,210796549,20,0.05,BFO-OPT,BFO,30
SENSEX,SENSEX2620589600CE,CE,89600,2026-02-05,210731525,20,0.05,BFO-OPT,BFO,30
SENSEX,SENSEX2620589600PE,PE,89600,2026-02-05,210763525,20,0.05,BFO-OPT,BFO,30
SENSEX,SENSEX2620589700CE,CE,89700,2026-02-05,210776069,20,0.05,BFO-OPT,BFO,30
SENSEX,SENSEX2620589700PE,PE,89700,2026-02-05,210726149,20,0.05,BFO-OPT,BFO,30
SENSEX,SENSEX2620589800CE,CE,89800,2026-02-05,210740997,20,0.05,BFO-OPT,BFO,30
SENSEX,SENSEX2620589800PE,PE,89800,2026-02-05,210771205,20,0.05,BFO-OPT,BFO,30
SENSEX,SENSEX2620589900CE,CE,89900,2026-02-05,210783493,20,0.05,BFO-OPT,BFO,30
SENSEX,SENSEX2620589900PE,PE,89900,2026-02-05,210735877,20,0.05,BFO-OPT,BFO,30
SENSEX,SENSEX2620590000CE,CE,90000,2026-02-05,210753797,20,0.05,BFO-OPT,BFO,30
SENSEX,SENSEX2620590000PE,PE,90000,2026-02-05,210709765,20,0.05,BFO-OPT,BFO,30
SENSEX,SENSEX2620590100CE,CE,90100,2026-02-05,210720261,20,0.05,BFO-OPT,BFO,30
SENSEX,SENSEX2620590100PE,PE,90100,2026-02-05,210749701,20,0.05,BFO-OPT,BFO,30
SENSEX,SENSEX2620590200CE,CE,90200,2026-02-05,210689285,20,0.05,BFO-OPT,BFO,30
SENSEX,SENSEX2620590200PE,PE,90200,2026-02-05,210715909,20,0.05,BFO-OPT,BFO,30
SENSEX,SENSEX2620590300CE,CE,90300,2026-02-05,210727429,20,0.05,BFO-OPT,BFO,30
SENSEX,SENSEX2620590300PE,PE,90300,2026-02-05,210759173,20,0.05,BFO-OPT,BFO,30
SENSEX,SENSEX2620590400CE,CE,90400,2026-02-05,210697989,20,0.05,BFO-OPT,BFO,30
SENSEX,SENSEX2620590400PE,PE,90400,2026-02-05,210724613,20,0.05,BFO-OPT,BFO,30
SENSEX,SENSEX2620590500CE,CE,90500,2026-02-05,210736645,20,0.05,BFO-OPT,BFO,30
SENSEX,SENSEX2620590500PE,PE,90500,2026-02-05,210768389,20,0.05,BFO-OPT,BFO,30
SENSEX,SENSEX2620590600CE,CE,90600,2026-02-05,210706437,20,0.05,BFO-OPT,BFO,30
SENSEX,SENSEX2620590600PE,PE,90600,2026-02-05,210732805,20,0.05,BFO-OPT,BFO,30
SENSEX,SENSEX2620590700CE,CE,90700,2026-02-05,210746373,20,0.05,BFO-OPT,BFO,30
SENSEX,SENSEX2620590700PE,PE,90700,2026-02-05,210701573,20,0.05,BFO-OPT,BFO,30
SENSEX,SENSEX2620590800CE,CE,90800,2026-02-05,210713093,20,0.05,BFO-OPT,BFO,30
SENSEX,SENSEX2620590800PE,PE,90800,2026-02-05,210742021,20,0.05,BFO-OPT,BFO,30
SENSEX,SENSEX2620590900CE,CE,90900,2026-02-05,210682629,20,0.05,BFO-OPT,BFO,30
SENSEX,SENSEX2620590900PE,PE,90900,2026-02-05,210710277,20,0.05,BFO-OPT,BFO,30
SENSEX,SENSEX2620591000CE,CE,91000,2026-02-05,210759941,20,0.05,BFO-OPT,BFO,30
SENSEX,SENSEX2620591000PE,PE,91000,2026-02-05,210790661,20,0.05,BFO-OPT,BFO,30
SENSEX,SENSEX2620591100CE,CE,91100,2026-02-05,210804229,20,0.05,BFO-OPT,BFO,30
SENSEX,SENSEX2620591100PE,PE,91100,2026-02-05,210695941,20,0.05,BFO-OPT,BFO,30
SENSEX,SENSEX2620591200CE,CE,91200,2026-02-05,210769157,20,0.05,BFO-OPT,BFO,30
SENSEX,SENSEX2620591200PE,PE,91200,2026-02-05,210800389,20,0.05,BFO-OPT,BFO,30
SENSEX,SENSEX2620591300CE,CE,91300,2026-02-05,210675205,20,0.05,BFO-OPT,BFO,30
SENSEX,SENSEX2620591300PE,PE,91300,2026-02-05,210704389,20,0.05,BFO-OPT,BFO,30
SENSEX,SENSEX2620591400CE,CE,91400,2026-02-05,210777605,20,0.05,BFO-OPT,BFO,30
SENSEX,SENSEX2620591400PE,PE,91400,2026-02-05,210809605,20,0.05,BFO-OPT,BFO,30
SENSEX,SENSEX2620591500CE,CE,91500,2026-02-05,210684933,20,0.05,BFO-OPT,BFO,30
SENSEX,SENSEX2620591500PE,PE,91500,2026-02-05,210772741,20,0.05,BFO-OPT,BFO,30
SENSEX,SENSEX2620591600CE,CE,91600,2026-02-05,210786053,20,0.05,BFO-OPT,BFO,30
SENSEX,SENSEX2620591600PE,PE,91600,2026-02-05,210680581,20,0.05,BFO-OPT,BFO,30
SENSEX,SENSEX2620591700CE,CE,91700,2026-02-05,210751493,20,0.05,BFO-OPT,BFO,30
SENSEX,SENSEX2620591700PE,PE,91700,2026-02-05,210780933,20,0.05,BFO-OPT,BFO,30
SENSEX,SENSEX2620591800CE,CE,91800,2026-02-05,210795781,20,0.05,BFO-OPT,BFO,30
SENSEX,SENSEX2620591800PE,PE,91800,2026-02-05,210688773,20,0.05,BFO-OPT,BFO,30
SENSEX,SENSEX2620591900CE,CE,91900,2026-02-05,210761733,20,0.05,BFO-OPT,BFO,30
SENSEX,SENSEX2620591900PE,PE,91900,2026-02-05,210791685,20,0.05,BFO-OPT,BFO,30
SENSEX,SENSEX2620592000CE,CE,92000,2026-02-05,210705157,20,0.05,BFO-OPT,BFO,30
SENSEX,SENSEX2620592000PE,PE,92000,2026-02-05,210731781,20,0.05,BFO-OPT,BFO,30
SENSEX,SENSEX2620592100CE,CE,92100,2026-02-05,210746117,20,0.05,BFO-OPT,BFO,30
SENSEX,SENSEX2620592100PE,PE,92100,2026-02-05,210701317,20,0.05,BFO-OPT,BFO,30
SENSEX,SENSEX2620592200CE,CE,92200,2026-02-05,210712325,20,0.05,BFO-OPT,BFO,30
SENSEX,SENSEX2620592200PE,PE,92200,2026-02-05,210741253,20,0.05,BFO-OPT,BFO,30
SENSEX,SENSEX2620592300CE,CE,92300,2026-02-05,210754053,20,0.05,BFO-OPT,BFO,30
SENSEX,SENSEX2620592300PE,PE,92300,2026-02-05,210710021,20,0.05,BFO-OPT,BFO,30
SENSEX,SENSEX2620592400CE,CE,92400,2026-02-05,210720517,20,0.05,BFO-OPT,BFO,30
SENSEX,SENSEX2620592400PE,PE,92400,2026-02-05,210749957,20,0.05,BFO-OPT,BFO,30
SENSEX,SENSEX2620592500CE,CE,92500,2026-02-05,210689541,20,0.05,BFO-OPT,BFO,30
SENSEX,SENSEX2620592500PE,PE,92500,2026-02-05,210716165,20,0.05,BFO-OPT,BFO,30
SENSEX,SENSEX2620592600CE,CE,92600,2026-02-05,210727685,20,0.05,BFO-OPT,BFO,30
SENSEX,SENSEX2620592600PE,PE,92600,2026-02-05,210759429,20,0.05,BFO-OPT,BFO,30
SENSEX,SENSEX2620592700CE,CE,92700,2026-02-05,210698245,20,0.05,BFO-OPT,BFO,30
SENSEX,SENSEX2620592700PE,PE,92700,2026-02-05,210724869,20,0.05,BFO-OPT,BFO,30
SENSEX,SENSEX2620592800CE,CE,92800,2026-02-05,210737157,20,0.05,BFO-OPT,BFO,30
SENSEX,SENSEX2620592800PE,PE,92800,2026-02-05,210692613,20,0.05,BFO-OPT,BFO,30
SENSEX,SENSEX2620592900CE,CE,92900,2026-02-05,210706693,20,0.05,BFO-OPT,BFO,30
SENSEX,SENSEX2620592900PE,PE,92900,2026-02-05,210733061,20,0.05,BFO-OPT,BFO,30
SENSEX,SENSEX2620593000CE,CE,93000,2026-02-05,210784517,20,0.05,BFO-OPT,BFO,30
SENSEX,SENSEX2620593000PE,PE,93000,2026-02-05,210678533,20,0.05,BFO-OPT,BFO,30
SENSEX,SENSEX2620593100CE,CE,93100,2026-02-05,210750725,20,0.05,BFO-OPT,BFO,30
SENSEX,SENSEX2620593100PE,PE,93100,2026-02-05,210780677,20,0.05,BFO-OPT,BFO,30
SENSEX,SENSEX2620593200CE,CE,93200,2026-02-05,210795013,20,0.05,BFO-OPT,BFO,30
SENSEX,SENSEX2620593200PE,PE,93200,2026-02-05,210687237,20,0.05,BFO-OPT,BFO,30
SENSEX,SENSEX2620593300CE,CE,93300,2026-02-05,210760453,20,0.05,BFO-OPT,BFO,30
SENSEX,SENSEX2620593300PE,PE,93300,2026-02-05,210791173,20,0.05,BFO-OPT,BFO,30
SENSEX,SENSEX2621277200CE,CE,77200,2026-02-12,211658245,20,0.05,BFO-OPT,BFO,37
SENSEX,SENSEX2621277200PE,PE,77200,2026-02-12,212045317,20,0.05,BFO-OPT,BFO,37
SENSEX,SENSEX2621277300CE,CE,77300,2026-02-12,211203333,20,0.05,BFO-OPT,BFO,37
SENSEX,SENSEX2621277300PE,PE,77300,2026-02-12,211595013,20,0.05,BFO-OPT,BFO,37
SENSEX,SENSEX2621277400CE,CE,77400,2026-02-12,211769349,20,0.05,BFO-OPT,BFO,37
SENSEX,SENSEX2621277400PE,PE,77400,2026-02-12,211140869,20,0.05,BFO-OPT,BFO,37
SENSEX,SENSEX2621277500CE,CE,77500,2026-02-12,211321861,20,0.05,BFO-OPT,BFO,37
SENSEX,SENSEX2621277500PE,PE,77500,2026-02-12,211709957,20,0.05,BFO-OPT,BFO,37
SENSEX,SENSEX2621277600CE,CE,77600,2026-02-12,212843013,20,0.05,BFO-OPT,BFO,37
SENSEX,SENSEX2621277600PE,PE,77600,2026-02-12,211264005,20,0.05,BFO-OPT,BFO,37
SENSEX,SENSEX2621277700CE,CE,77700,2026-02-12,211432709,20,0.05,BFO-OPT,BFO,37
SENSEX,SENSEX2621277700PE,PE,77700,2026-02-12,211821317,20,0.05,BFO-OPT,BFO,37
SENSEX,SENSEX2621277800CE,CE,77800,2026-02-12,210978309,20,0.05,BFO-OPT,BFO,37
SENSEX,SENSEX2621277800PE,PE,77800,2026-02-12,211376389,20,0.05,BFO-OPT,BFO,37
SENSEX,SENSEX2621277900CE,CE,77900,2026-02-12,211553285,20,0.05,BFO-OPT,BFO,37
SENSEX,SENSEX2621277900PE,PE,77900,2026-02-12,212896005,20,0.05,BFO-OPT,BFO,37
SENSEX,SENSEX2621278000CE,CE,78000,2026-02-12,212752645,20,0.05,BFO-OPT,BFO,37
SENSEX,SENSEX2621278000PE,PE,78000,2026-02-12,211995397,20,0.05,BFO-OPT,BFO,37
SENSEX,SENSEX2621278100CE,CE,78100,2026-02-12,212171269,20,0.05,BFO-OPT,BFO,37
SENSEX,SENSEX2621278100PE,PE,78100,2026-02-12,212690693,20,0.05,BFO-OPT,BFO,37
SENSEX,SENSEX2621278200CE,CE,78200,2026-02-12,212879109,20,0.05,BFO-OPT,BFO,37
SENSEX,SENSEX2621278200PE,PE,78200,2026-02-12,212110853,20,0.05,BFO-OPT,BFO,37
SENSEX,SENSEX2621278300CE,CE,78300,2026-02-12,212291077,20,0.05,BFO-OPT,BFO,37
SENSEX,SENSEX2621278300PE,PE,78300,2026-02-12,212815621,20,0.05,BFO-OPT,BFO,37
SENSEX,SENSEX2621278400CE,CE,78400,2026-02-12,211833861,20,0.05,BFO-OPT,BFO,37
SENSEX,SENSEX2621278400PE,PE,78400,2026-02-12,212227589,20,0.05,BFO-OPT,BFO,37
SENSEX,SENSEX2621278500CE,CE,78500,2026-02-12,212535557,20,0.05,BFO-OPT,BFO,37
SENSEX,SENSEX2621278500PE,PE,78500,2026-02-12,212936965,20,0.05,BFO-OPT,BFO,37
SENSEX,SENSEX2621278600CE,CE,78600,2026-02-12,211955973,20,0.05,BFO-OPT,BFO,37
SENSEX,SENSEX2621278600PE,PE,78600,2026-02-12,212346373,20,0.05,BFO-OPT,BFO,37
SENSEX,SENSEX2621278700CE,CE,78700,2026-02-12,212653061,20,0.05,BFO-OPT,BFO,37
SENSEX,SENSEX2621278700PE,PE,78700,2026-02-12,211887109,20,0.05,BFO-OPT,BFO,37
SENSEX,SENSEX2621278800CE,CE,78800,2026-02-12,212068869,20,0.05,BFO-OPT,BFO,37
SENSEX,SENSEX2621278800PE,PE,78800,2026-02-12,212593157,20,0.05,BFO-OPT,BFO,37
SENSEX,SENSEX2621278900CE,CE,78900,2026-02-12,211620101,20,0.05,BFO-OPT,BFO,37
SENSEX,SENSEX2621278900PE,PE,78900,2026-02-12,212010757,20,0.05,BFO-OPT,BFO,37
SENSEX,SENSEX2621279000CE,CE,79000,2026-02-12,212830213,20,0.05,BFO-OPT,BFO,37
SENSEX,SENSEX2621279000PE,PE,79000,2026-02-12,211254277,20,0.05,BFO-OPT,BFO,37
SENSEX,SENSEX2621279100CE,CE,79100,2026-02-12,211422469,20,0.05,BFO-OPT,BFO,37
SENSEX,SENSEX2621279100PE,PE,79100,2026-02-12,211811333,20,0.05,BFO-OPT,BFO,37
SENSEX,SENSEX2621279200CE,CE,79200,2026-02-12,212946181,20,0.05,BFO-OPT,BFO,37
SENSEX,SENSEX2621279200PE,PE,79200,2026-02-12,211366149,20,0.05,BFO-OPT,BFO,37
SENSEX,SENSEX2621279300CE,CE,79300,2026-02-12,211539973,20,0.05,BFO-OPT,BFO,37
SENSEX,SENSEX2621279300PE,PE,79300,2026-02-12,211926533,20,0.05,BFO-OPT,BFO,37
SENSEX,SENSEX2621279400CE,CE,79400,2026-02-12,211083781,20,0.05,BFO-OPT,BFO,37
SENSEX,SENSEX2621279400PE,PE,79400,2026-02-12,211473413,20,0.05,BFO-OPT,BFO,37
SENSEX,SENSEX2621279500CE,CE,79500,2026-02-12,211659013,20,0.05,BFO-OPT,BFO,37
SENSEX,SENSEX2621279500PE,PE,79500,2026-02-12,211021061,20,0.05,BFO-OPT,BFO,37
SENSEX,SENSEX2621279600CE,CE,79600,2026-02-12,211204869,20,0.05,BFO-OPT,BFO,37
SENSEX,SENSEX2621279600PE,PE,79600,2026-02-12,211595269,20,0.05,BFO-OPT,BFO,37
SENSEX,SENSEX2621279700CE,CE,79700,2026-02-12,212714757,20,0.05,BFO-OPT,BFO,37
SENSEX,SENSEX2621279700PE,PE,79700,2026-02-12,211142405,20,0.05,BFO-OPT,BFO,37
SENSEX,SENSEX2621279800CE,CE,79800,2026-02-12,211323141,20,0.05,BFO-OPT,BFO,37
SENSEX,SENSEX2621279800PE,PE,79800,2026-02-12,211710213,20,0.05,BFO-OPT,BFO,37
SENSEX,SENSEX2621279900CE,CE,79900,2026-02-12,212844805,20,0.05,BFO-OPT,BFO,37
SENSEX,SENSEX2621279900PE,PE,79900,2026-02-12,211264261,20,0.05,BFO-OPT,BFO,37
SENSEX,SENSEX2621280000CE,CE,80000,2026-02-12,212320005,20,0.05,BFO-OPT,BFO,37
SENSEX,SENSEX2621280000PE,PE,80000,2026-02-12,212845829,20,0.05,BFO-OPT,BFO,37
SENSEX,SENSEX2621280100CE,CE,80100,2026-02-12,211043077,20,0.05,BFO-OPT,BFO,37
SENSEX,SENSEX2621280100PE,PE,80100,2026-02-12,211433477,20,0.05,BFO-OPT,BFO,37
SENSEX,SENSEX2621280200CE,CE,80200,2026-02-12,212564997,20,0.05,BFO-OPT,BFO,37
SENSEX,SENSEX2621280200PE,PE,80200,2026-02-12,210980613,20,0.05,BFO-OPT,BFO,37
SENSEX,SENSEX2621280300CE,CE,80300,2026-02-12,211165445,20,0.05,BFO-OPT,BFO,37
SENSEX,SENSEX2621280300PE,PE,80300,2026-02-12,212499973,20,0.05,BFO-OPT,BFO,37
SENSEX,SENSEX2621280400CE,CE,80400,2026-02-12,212677125,20,0.05,BFO-OPT,BFO,37
SENSEX,SENSEX2621280400PE,PE,80400,2026-02-12,211099397,20,0.05,BFO-OPT,BFO,37
SENSEX,SENSEX2621280500CE,CE,80500,2026-02-12,212098309,20,0.05,BFO-OPT,BFO,37
SENSEX,SENSEX2621280500PE,PE,80500,2026-02-12,212618501,20,0.05,BFO-OPT,BFO,37
SENSEX,SENSEX2621280600CE,CE,80600,2026-02-12,212800517,20,0.05,BFO-OPT,BFO,37
SENSEX,SENSEX2621280600PE,PE,80600,2026-02-12,211222021,20,0.05,BFO-OPT,BFO,37
SENSEX,SENSEX2621280700CE,CE,80700,2026-02-12,212212485,20,0.05,BFO-OPT,BFO,37
SENSEX,SENSEX2621280700PE,PE,80700,2026-02-12,212728837,20,0.05,BFO-OPT,BFO,37
SENSEX,SENSEX2621280800CE,CE,80800,2026-02-12,212918533,20,0.05,BFO-OPT,BFO,37
SENSEX,SENSEX2621280800PE,PE,80800,2026-02-12,212151045,20,0.05,BFO-OPT,BFO,37
SENSEX,SENSEX2621280900CE,CE,80900,2026-02-12,212332805,20,0.05,BFO-OPT,BFO,37
SENSEX,SENSEX2621280900PE,PE,80900,2026-02-12,212854277,20,0.05,BFO-OPT,BFO,37
SENSEX,SENSEX2621281000CE,CE,81000,2026-02-12,211569413,20,0.05,BFO-OPT,BFO,37
SENSEX,SENSEX2621281000PE,PE,81000,2026-02-12,211957253,20,0.05,BFO-OPT,BFO,37
SENSEX,SENSEX2621281100CE,CE,81100,2026-02-12,212132613,20,0.05,BFO-OPT,BFO,37
SENSEX,SENSEX2621281100PE,PE,81100,2026-02-12,211498245,20,0.05,BFO-OPT,BFO,37
SENSEX,SENSEX2621281200CE,CE,81200,2026-02-12,211683589,20,0.05,BFO-OPT,BFO,37
SENSEX,SENSEX2621281200PE,PE,81200,2026-02-12,212071941,20,0.05,BFO-OPT,BFO,37
SENSEX,SENSEX2621281300CE,CE,81300,2026-02-12,211236101,20,0.05,BFO-OPT,BFO,37
SENSEX,SENSEX2621281300PE,PE,81300,2026-02-12,211621893,20,0.05,BFO-OPT,BFO,37
SENSEX,SENSEX2621281400CE,CE,81400,2026-02-12,211796229,20,0.05,BFO-OPT,BFO,37
SENSEX,SENSEX2621281400PE,PE,81400,2026-02-12,212186373,20,0.05,BFO-OPT,BFO,37
SENSEX,SENSEX2621281500CE,CE,81500,2026-02-12,211350789,20,0.05,BFO-OPT,BFO,37
SENSEX,SENSEX2621281500PE,PE,81500,2026-02-12,211737605,20,0.05,BFO-OPT,BFO,37
SENSEX,SENSEX2621281600CE,CE,81600,2026-02-12,211910149,20,0.05,BFO-OPT,BFO,37
SENSEX,SENSEX2621281600PE,PE,81600,2026-02-12,211289605,20,0.05,BFO-OPT,BFO,37
SENSEX,SENSEX2621281700CE,CE,81700,2026-02-12,211458821,20,0.05,BFO-OPT,BFO,37
SENSEX,SENSEX2621281700PE,PE,81700,2026-02-12,211846405,20,0.05,BFO-OPT,BFO,37
SENSEX,SENSEX2621281800CE,CE,81800,2026-02-12,211004677,20,0.05,BFO-OPT,BFO,37
SENSEX,SENSEX2621281800PE,PE,81800,2026-02-12,211403013,20,0.05,BFO-OPT,BFO,37
SENSEX,SENSEX2621281900CE,CE,81900,2026-02-12,211581957,20,0.05,BFO-OPT,BFO,37
SENSEX,SENSEX2621281900PE,PE,81900,2026-02-12,211969797,20,0.05,BFO-OPT,BFO,37
SENSEX,SENSEX2621282000CE,CE,82000,2026-02-12,212785669,20,0.05,BFO-OPT,BFO,37
SENSEX,SENSEX2621282000PE,PE,82000,2026-02-12,211207429,20,0.05,BFO-OPT,BFO,37
SENSEX,SENSEX2621282100CE,CE,82100,2026-02-12,212198661,20,0.05,BFO-OPT,BFO,37
SENSEX,SENSEX2621282100PE,PE,82100,2026-02-12,212716549,20,0.05,BFO-OPT,BFO,37
SENSEX,SENSEX2621282200CE,CE,82200,2026-02-12,212905221,20,0.05,BFO-OPT,BFO,37
SENSEX,SENSEX2621282200PE,PE,82200,2026-02-12,211325189,20,0.05,BFO-OPT,BFO,37
SENSEX,SENSEX2621282300CE,CE,82300,2026-02-12,212320773,20,0.05,BFO-OPT,BFO,37
SENSEX,SENSEX2621282300PE,PE,82300,2026-02-12,212846597,20,0.05,BFO-OPT,BFO,37
SENSEX,SENSEX2621282400CE,CE,82400,2026-02-12,211044101,20,0.05,BFO-OPT,BFO,37
SENSEX,SENSEX2621282400PE,PE,82400,2026-02-12,212254213,20,0.05,BFO-OPT,BFO,37
SENSEX,SENSEX2621282500CE,CE,82500,2026-02-12,212565509,20,0.05,BFO-OPT,BFO,37
SENSEX,SENSEX2621282500PE,PE,82500,2026-02-12,210981637,20,0.05,BFO-OPT,BFO,37
SENSEX,SENSEX2621282600CE,CE,82600,2026-02-12,211980293,20,0.05,BFO-OPT,BFO,37
SENSEX,SENSEX2621282600PE,PE,82600,2026-02-12,212501253,20,0.05,BFO-OPT,BFO,37
SENSEX,SENSEX2621282700CE,CE,82700,2026-02-12,212677893,20,0.05,BFO-OPT,BFO,37
SENSEX,SENSEX2621282700PE,PE,82700,2026-02-12,211100933,20,0.05,BFO-OPT,BFO,37
SENSEX,SENSEX2621282800CE,CE,82800,2026-02-12,212099077,20,0.05,BFO-OPT,BFO,37
SENSEX,SENSEX2621282800PE,PE,82800,2026-02-12,212619525,20,0.05,BFO-OPT,BFO,37
SENSEX,SENSEX2621282900CE,CE,82900,2026-02-12,212801029,20,0.05,BFO-OPT,BFO,37
SENSEX,SENSEX2621282900PE,PE,82900,2026-02-12,211223045,20,0.05,BFO-OPT,BFO,37
SENSEX,SENSEX2621283000CE,CE,83000,2026-02-12,211899141,20,0.05,BFO-OPT,BFO,37
SENSEX,SENSEX2621283000PE,PE,83000,2026-02-12,212294661,20,0.05,BFO-OPT,BFO,37
SENSEX,SENSEX2621283100CE,CE,83100,2026-02-12,211444997,20,0.05,BFO-OPT,BFO,37
SENSEX,SENSEX2621283100PE,PE,83100,2026-02-12,211836165,20,0.05,BFO-OPT,BFO,37
SENSEX,SENSEX2621283200CE,CE,83200,2026-02-12,212018693,20,0.05,BFO-OPT,BFO,37
SENSEX,SENSEX2621283200PE,PE,83200,2026-02-12,211390981,20,0.05,BFO-OPT,BFO,37
SENSEX,SENSEX2621283300CE,CE,83300,2026-02-12,211569925,20,0.05,BFO-OPT,BFO,37
SENSEX,SENSEX2621283300PE,PE,83300,2026-02-12,211958533,20,0.05,BFO-OPT,BFO,37
SENSEX,SENSEX2621283400CE,CE,83400,2026-02-12,211112197,20,0.05,BFO-OPT,BFO,37
SENSEX,SENSEX2621283400PE,PE,83400,2026-02-12,211499781,20,0.05,BFO-OPT,BFO,37
SENSEX,SENSEX2621283500CE,CE,83500,2026-02-12,211685125,20,0.05,BFO-OPT,BFO,37
SENSEX,SENSEX2621283500PE,PE,83500,2026-02-12,212073989,20,0.05,BFO-OPT,BFO,37
SENSEX,SENSEX2621283600CE,CE,83600,2026-02-12,211236869,20,0.05,BFO-OPT,BFO,37
SENSEX,SENSEX2621283600PE,PE,83600,2026-02-12,211622661,20,0.05,BFO-OPT,BFO,37
SENSEX,SENSEX2621283700CE,CE,83700,2026-02-12,211796741,20,0.05,BFO-OPT,BFO,37
SENSEX,SENSEX2621283700PE,PE,83700,2026-02-12,211170821,20,0.05,BFO-OPT,BFO,37
SENSEX,SENSEX2621283800CE,CE,83800,2026-02-12,211351557,20,0.05,BFO-OPT,BFO,37
SENSEX,SENSEX2621283800PE,PE,83800,2026-02-12,211738629,20,0.05,BFO-OPT,BFO,37
SENSEX,SENSEX2621283900CE,CE,83900,2026-02-12,211911173,20,0.05,BFO-OPT,BFO,37
SENSEX,SENSEX2621283900PE,PE,83900,2026-02-12,211291397,20,0.05,BFO-OPT,BFO,37
SENSEX,SENSEX2621284000CE,CE,84000,2026-02-12,211154949,20,0.05,BFO-OPT,BFO,37
SENSEX,SENSEX2621284000PE,PE,84000,2026-02-12,212487685,20,0.05,BFO-OPT,BFO,37
SENSEX,SENSEX2621284100CE,CE,84100,2026-02-12,212667397,20,0.05,BFO-OPT,BFO,37
SENSEX,SENSEX2621284100PE,PE,84100,2026-02-12,211088133,20,0.05,BFO-OPT,BFO,37
SENSEX,SENSEX2621284200CE,CE,84200,2026-02-12,212086021,20,0.05,BFO-OPT,BFO,37
SENSEX,SENSEX2621284200PE,PE,84200,2026-02-12,212607493,20,0.05,BFO-OPT,BFO,37
SENSEX,SENSEX2621284300CE,CE,84300,2026-02-12,212786949,20,0.05,BFO-OPT,BFO,37
SENSEX,SENSEX2621284300PE,PE,84300,2026-02-12,211208709,20,0.05,BFO-OPT,BFO,37
SENSEX,SENSEX2621284400CE,CE,84400,2026-02-12,212200709,20,0.05,BFO-OPT,BFO,37
SENSEX,SENSEX2621284400PE,PE,84400,2026-02-12,212717317,20,0.05,BFO-OPT,BFO,37
SENSEX,SENSEX2621284500CE,CE,84500,2026-02-12,212907269,20,0.05,BFO-OPT,BFO,37
SENSEX,SENSEX2621284500PE,PE,84500,2026-02-12,212139269,20,0.05,BFO-OPT,BFO,37
SENSEX,SENSEX2621284600CE,CE,84600,2026-02-12,212323077,20,0.05,BFO-OPT,BFO,37
SENSEX,SENSEX2621284600PE,PE,84600,2026-02-12,212847365,20,0.05,BFO-OPT,BFO,37
SENSEX,SENSEX2621284700CE,CE,84700,2026-02-12,211857669,20,0.05,BFO-OPT,BFO,37
SENSEX,SENSEX2621284700PE,PE,84700,2026-02-12,212256005,20,0.05,BFO-OPT,BFO,37
SENSEX,SENSEX2621284800CE,CE,84800,2026-02-12,212567557,20,0.05,BFO-OPT,BFO,37
SENSEX,SENSEX2621284800PE,PE,84800,2026-02-12,210982917,20,0.05,BFO-OPT,BFO,37
SENSEX,SENSEX2621284900CE,CE,84900,2026-02-12,211982085,20,0.05,BFO-OPT,BFO,37
SENSEX,SENSEX2621284900PE,PE,84900,2026-02-12,212503045,20,0.05,BFO-OPT,BFO,37
SENSEX,SENSEX2621285000CE,CE,85000,2026-02-12,211223301,20,0.05,BFO-OPT,BFO,37
SENSEX,SENSEX2621285000PE,PE,85000,2026-02-12,211609605,20,0.05,BFO-OPT,BFO,37
SENSEX,SENSEX2621285100CE,CE,85100,2026-02-12,211784965,20,0.05,BFO-OPT,BFO,37
SENSEX,SENSEX2621285100PE,PE,85100,2026-02-12,212174597,20,0.05,BFO-OPT,BFO,37
SENSEX,SENSEX2621285200CE,CE,85200,2026-02-12,211337989,20,0.05,BFO-OPT,BFO,37
SENSEX,SENSEX2621285200PE,PE,85200,2026-02-12,211728645,20,0.05,BFO-OPT,BFO,37
SENSEX,SENSEX2621285300CE,CE,85300,2026-02-12,211899653,20,0.05,BFO-OPT,BFO,37
SENSEX,SENSEX2621285300PE,PE,85300,2026-02-12,211277829,20,0.05,BFO-OPT,BFO,37
SENSEX,SENSEX2621285400CE,CE,85400,2026-02-12,211446277,20,0.05,BFO-OPT,BFO,37
SENSEX,SENSEX2621285400PE,PE,85400,2026-02-12,211837445,20,0.05,BFO-OPT,BFO,37
SENSEX,SENSEX2621285500CE,CE,85500,2026-02-12,210992901,20,0.05,BFO-OPT,BFO,37
SENSEX,SENSEX2621285500PE,PE,85500,2026-02-12,211392005,20,0.05,BFO-OPT,BFO,37
SENSEX,SENSEX2621285600CE,CE,85600,2026-02-12,211571717,20,0.05,BFO-OPT,BFO,37
SENSEX,SENSEX2621285600PE,PE,85600,2026-02-12,211959557,20,0.05,BFO-OPT,BFO,37
SENSEX,SENSEX2621285700CE,CE,85700,2026-02-12,211114245,20,0.05,BFO-OPT,BFO,37
SENSEX,SENSEX2621285700PE,PE,85700,2026-02-12,211501317,20,0.05,BFO-OPT,BFO,37
SENSEX,SENSEX2621285800CE,CE,85800,2026-02-12,211686917,20,0.05,BFO-OPT,BFO,37
SENSEX,SENSEX2621285800PE,PE,85800,2026-02-12,212075781,20,0.05,BFO-OPT,BFO,37
SENSEX,SENSEX2621285900CE,CE,85900,2026-02-12,211239685,20,0.05,BFO-OPT,BFO,37
SENSEX,SENSEX2621285900PE,PE,85900,2026-02-12,211623173,20,0.05,BFO-OPT,BFO,37
SENSEX,SENSEX2621286000CE,CE,86000,2026-02-12,212307717,20,0.05,BFO-OPT,BFO,37
SENSEX,SENSEX2621286000PE,PE,86000,2026-02-12,212834565,20,0.05,BFO-OPT,BFO,37
SENSEX,SENSEX2621286100CE,CE,86100,2026-02-12,211033605,20,0.05,BFO-OPT,BFO,37
SENSEX,SENSEX2621286100PE,PE,86100,2026-02-12,212241669,20,0.05,BFO-OPT,BFO,37
SENSEX,SENSEX2621286200CE,CE,86200,2026-02-12,212553477,20,0.05,BFO-OPT,BFO,37
SENSEX,SENSEX2621286200PE,PE,86200,2026-02-12,212951813,20,0.05,BFO-OPT,BFO,37
SENSEX,SENSEX2621286300CE,CE,86300,2026-02-12,211971589,20,0.05,BFO-OPT,BFO,37
SENSEX,SENSEX2621286300PE,PE,86300,2026-02-12,212489221,20,0.05,BFO-OPT,BFO,37
SENSEX,SENSEX2621286400CE,CE,86400,2026-02-12,212668165,20,0.05,BFO-OPT,BFO,37
SENSEX,SENSEX2621286400PE,PE,86400,2026-02-12,211089413,20,0.05,BFO-OPT,BFO,37
SENSEX,SENSEX2621286500CE,CE,86500,2026-02-12,212087557,20,0.05,BFO-OPT,BFO,37
SENSEX,SENSEX2621286500PE,PE,86500,2026-02-12,212608261,20,0.05,BFO-OPT,BFO,37
SENSEX,SENSEX2621286600CE,CE,86600,2026-02-12,212788485,20,0.05,BFO-OPT,BFO,37
SENSEX,SENSEX2621286600PE,PE,86600,2026-02-12,211209733,20,0.05,BFO-OPT,BFO,37
SENSEX,SENSEX2621286700CE,CE,86700,2026-02-12,212202757,20,0.05,BFO-OPT,BFO,37
SENSEX,SENSEX2621286700PE,PE,86700,2026-02-12,212718341,20,0.05,BFO-OPT,BFO,37
SENSEX,SENSEX2621286800CE,CE,86800,2026-02-12,212908549,20,0.05,BFO-OPT,BFO,37
SENSEX,SENSEX2621286800PE,PE,86800,2026-02-12,212140037,20,0.05,BFO-OPT,BFO,37
SENSEX,SENSEX2621286900CE,CE,86900,2026-02-12,212323589,20,0.05,BFO-OPT,BFO,37
SENSEX,SENSEX2621286900PE,PE,86900,2026-02-12,212847621,20,0.05,BFO-OPT,BFO,37
SENSEX,SENSEX2621287000CE,CE,87000,2026-02-12,211558405,20,0.05,BFO-OPT,BFO,37
SENSEX,SENSEX2621287000PE,PE,87000,2026-02-12,211944709,20,0.05,BFO-OPT,BFO,37
SENSEX,SENSEX2621287100CE,CE,87100,2026-02-12,211102469,20,0.05,BFO-OPT,BFO,37
SENSEX,SENSEX2621287100PE,PE,87100,2026-02-12,211489029,20,0.05,BFO-OPT,BFO,37
SENSEX,SENSEX2621287200CE,CE,87200,2026-02-12,211675653,20,0.05,BFO-OPT,BFO,37
SENSEX,SENSEX2621287200PE,PE,87200,2026-02-12,212061701,20,0.05,BFO-OPT,BFO,37
SENSEX,SENSEX2621287300CE,CE,87300,2026-02-12,211224325,20,0.05,BFO-OPT,BFO,37
SENSEX,SENSEX2621287300PE,PE,87300,2026-02-12,211610885,20,0.05,BFO-OPT,BFO,37
SENSEX,SENSEX2621287400CE,CE,87400,2026-02-12,211786501,20,0.05,BFO-OPT,BFO,37
SENSEX,SENSEX2621287400PE,PE,87400,2026-02-12,211161093,20,0.05,BFO-OPT,BFO,37
SENSEX,SENSEX2621287500CE,CE,87500,2026-02-12,211339525,20,0.05,BFO-OPT,BFO,37
SENSEX,SENSEX2621287500PE,PE,87500,2026-02-12,211730181,20,0.05,BFO-OPT,BFO,37
SENSEX,SENSEX2621287600CE,CE,87600,2026-02-12,211900677,20,0.05,BFO-OPT,BFO,37
SENSEX,SENSEX2621287600PE,PE,87600,2026-02-12,211279365,20,0.05,BFO-OPT,BFO,37
SENSEX,SENSEX2621287700CE,CE,87700,2026-02-12,211447301,20,0.05,BFO-OPT,BFO,37
SENSEX,SENSEX2621287700PE,PE,87700,2026-02-12,211838981,20,0.05,BFO-OPT,BFO,37
SENSEX,SENSEX2621287800CE,CE,87800,2026-02-12,210993925,20,0.05,BFO-OPT,BFO,37
SENSEX,SENSEX2621287800PE,PE,87800,2026-02-12,211392773,20,0.05,BFO-OPT,BFO,37
SENSEX,SENSEX2621287900CE,CE,87900,2026-02-12,211572741,20,0.05,BFO-OPT,BFO,37
SENSEX,SENSEX2621287900PE,PE,87900,2026-02-12,211960581,20,0.05,BFO-OPT,BFO,37
SENSEX,SENSEX2621288000CE,CE,88000,2026-02-12,212772101,20,0.05,BFO-OPT,BFO,37
SENSEX,SENSEX2621288000PE,PE,88000,2026-02-12,211198469,20,0.05,BFO-OPT,BFO,37
SENSEX,SENSEX2621288100CE,CE,88100,2026-02-12,212188165,20,0.05,BFO-OPT,BFO,37
SENSEX,SENSEX2621288100PE,PE,88100,2026-02-12,212707333,20,0.05,BFO-OPT,BFO,37
SENSEX,SENSEX2621288200CE,CE,88200,2026-02-12,212896261,20,0.05,BFO-OPT,BFO,37
SENSEX,SENSEX2621288200PE,PE,88200,2026-02-12,212125957,20,0.05,BFO-OPT,BFO,37
SENSEX,SENSEX2621288300CE,CE,88300,2026-02-12,212309253,20,0.05,BFO-OPT,BFO,37
SENSEX,SENSEX2621288300PE,PE,88300,2026-02-12,212835845,20,0.05,BFO-OPT,BFO,37
SENSEX,SENSEX2621288400CE,CE,88400,2026-02-12,211847685,20,0.05,BFO-OPT,BFO,37
SENSEX,SENSEX2621288400PE,PE,88400,2026-02-12,212242437,20,0.05,BFO-OPT,BFO,37
SENSEX,SENSEX2621288500CE,CE,88500,2026-02-12,212555269,20,0.05,BFO-OPT,BFO,37
SENSEX,SENSEX2621288500PE,PE,88500,2026-02-12,210972165,20,0.05,BFO-OPT,BFO,37
SENSEX,SENSEX2621288600CE,CE,88600,2026-02-12,211972357,20,0.05,BFO-OPT,BFO,37
SENSEX,SENSEX2621288600PE,PE,88600,2026-02-12,212490245,20,0.05,BFO-OPT,BFO,37
SENSEX,SENSEX2621288700CE,CE,88700,2026-02-12,212669445,20,0.05,BFO-OPT,BFO,37
SENSEX,SENSEX2621288700PE,PE,88700,2026-02-12,211091461,20,0.05,BFO-OPT,BFO,37
SENSEX,SENSEX2621288800CE,CE,88800,2026-02-12,212088581,20,0.05,BFO-OPT,BFO,37
SENSEX,SENSEX2621288800PE,PE,88800,2026-02-12,212609029,20,0.05,BFO-OPT,BFO,37
SENSEX,SENSEX2621288900CE,CE,88900,2026-02-12,212789765,20,0.05,BFO-OPT,BFO,37
SENSEX,SENSEX2621288900PE,PE,88900,2026-02-12,212024837,20,0.05,BFO-OPT,BFO,37
SENSEX,SENSEX2621289000CE,CE,89000,2026-02-12,211888133,20,0.05,BFO-OPT,BFO,37
SENSEX,SENSEX2621289000PE,PE,89000,2026-02-12,211267077,20,0.05,BFO-OPT,BFO,37
SENSEX,SENSEX2621289100CE,CE,89100,2026-02-12,211436805,20,0.05,BFO-OPT,BFO,37
SENSEX,SENSEX2621289100PE,PE,89100,2026-02-12,211826181,20,0.05,BFO-OPT,BFO,37
SENSEX,SENSEX2621289200CE,CE,89200,2026-02-12,210983685,20,0.05,BFO-OPT,BFO,37
SENSEX,SENSEX2621289200PE,PE,89200,2026-02-12,211380741,20,0.05,BFO-OPT,BFO,37
SENSEX,SENSEX2621289300CE,CE,89300,2026-02-12,211558661,20,0.05,BFO-OPT,BFO,37
SENSEX,SENSEX2621289300PE,PE,89300,2026-02-12,211945221,20,0.05,BFO-OPT,BFO,37
SENSEX,SENSEX2621289400CE,CE,89400,2026-02-12,211103493,20,0.05,BFO-OPT,BFO,37
SENSEX,SENSEX2621289400PE,PE,89400,2026-02-12,211490053,20,0.05,BFO-OPT,BFO,37
SENSEX,SENSEX2621289500CE,CE,89500,2026-02-12,211676421,20,0.05,BFO-OPT,BFO,37
SENSEX,SENSEX2621289500PE,PE,89500,2026-02-12,212062725,20,0.05,BFO-OPT,BFO,37
SENSEX,SENSEX2621289600CE,CE,89600,2026-02-12,211226117,20,0.05,BFO-OPT,BFO,37
SENSEX,SENSEX2621289600PE,PE,89600,2026-02-12,211611909,20,0.05,BFO-OPT,BFO,37
SENSEX,SENSEX2621289700CE,CE,89700,2026-02-12,211787781,20,0.05,BFO-OPT,BFO,37
SENSEX,SENSEX2621289700PE,PE,89700,2026-02-12,211161349,20,0.05,BFO-OPT,BFO,37
SENSEX,SENSEX2621289800CE,CE,89800,2026-02-12,211340549,20,0.05,BFO-OPT,BFO,37
SENSEX,SENSEX2621289800PE,PE,89800,2026-02-12,211731461,20,0.05,BFO-OPT,BFO,37
SENSEX,SENSEX2621289900CE,CE,89900,2026-02-12,212859141,20,0.05,BFO-OPT,BFO,37
SENSEX,SENSEX2621289900PE,PE,89900,2026-02-12,211279621,20,0.05,BFO-OPT,BFO,37
SENSEX,SENSEX2621290000CE,CE,90000,2026-02-12,211514629,20,0.05,BFO-OPT,BFO,37
SENSEX,SENSEX2621290000PE,PE,90000,2026-02-12,212860165,20,0.05,BFO-OPT,BFO,37
SENSEX,SENSEX2621290100CE,CE,90100,2026-02-12,211059461,20,0.05,BFO-OPT,BFO,37
SENSEX,SENSEX2621290100PE,PE,90100,2026-02-12,211450629,20,0.05,BFO-OPT,BFO,37
SENSEX,SENSEX2621290200CE,CE,90200,2026-02-12,212581381,20,0.05,BFO-OPT,BFO,37
SENSEX,SENSEX2621290200PE,PE,90200,2026-02-12,210995461,20,0.05,BFO-OPT,BFO,37
SENSEX,SENSEX2621290300CE,CE,90300,2026-02-12,211182341,20,0.05,BFO-OPT,BFO,37
SENSEX,SENSEX2621290300PE,PE,90300,2026-02-12,211575813,20,0.05,BFO-OPT,BFO,37
SENSEX,SENSEX2621290400CE,CE,90400,2026-02-12,212691461,20,0.05,BFO-OPT,BFO,37
SENSEX,SENSEX2621290400PE,PE,90400,2026-02-12,211117061,20,0.05,BFO-OPT,BFO,37
SENSEX,SENSEX2621290500CE,CE,90500,2026-02-12,211302661,20,0.05,BFO-OPT,BFO,37
SENSEX,SENSEX2621290500PE,PE,90500,2026-02-12,212635141,20,0.05,BFO-OPT,BFO,37
SENSEX,SENSEX2621290600CE,CE,90600,2026-02-12,212816389,20,0.05,BFO-OPT,BFO,37
SENSEX,SENSEX2621290600PE,PE,90600,2026-02-12,211244037,20,0.05,BFO-OPT,BFO,37
SENSEX,SENSEX2621290700CE,CE,90700,2026-02-12,212228357,20,0.05,BFO-OPT,BFO,37
SENSEX,SENSEX2621290700PE,PE,90700,2026-02-12,212744197,20,0.05,BFO-OPT,BFO,37
SENSEX,SENSEX2621290800CE,CE,90800,2026-02-12,212937221,20,0.05,BFO-OPT,BFO,37
SENSEX,SENSEX2621290800PE,PE,90800,2026-02-12,211356933,20,0.05,BFO-OPT,BFO,37
SENSEX,SENSEX2621290900CE,CE,90900,2026-02-12,212347397,20,0.05,BFO-OPT,BFO,37
SENSEX,SENSEX2621290900PE,PE,90900,2026-02-12,212873221,20,0.05,BFO-OPT,BFO,37
SENSEX,SENSEX2621291000CE,CE,91000,2026-02-12,211585541,20,0.05,BFO-OPT,BFO,37
SENSEX,SENSEX2621291000PE,PE,91000,2026-02-12,211974661,20,0.05,BFO-OPT,BFO,37
SENSEX,SENSEX2621291100CE,CE,91100,2026-02-12,212151557,20,0.05,BFO-OPT,BFO,37
SENSEX,SENSEX2621291100PE,PE,91100,2026-02-12,212670981,20,0.05,BFO-OPT,BFO,37
SENSEX,SENSEX2621291200CE,CE,91200,2026-02-12,211700485,20,0.05,BFO-OPT,BFO,37
SENSEX,SENSEX2621291200PE,PE,91200,2026-02-12,212090629,20,0.05,BFO-OPT,BFO,37
SENSEX,SENSEX2621291300CE,CE,91300,2026-02-12,212268293,20,0.05,BFO-OPT,BFO,37
SENSEX,SENSEX2621291300PE,PE,91300,2026-02-12,211639045,20,0.05,BFO-OPT,BFO,37
SENSEX,SENSEX2621291400CE,CE,91400,2026-02-12,211812101,20,0.05,BFO-OPT,BFO,37
SENSEX,SENSEX2621291400PE,PE,91400,2026-02-12,212205061,20,0.05,BFO-OPT,BFO,37
SENSEX,SENSEX2621291500CE,CE,91500,2026-02-12,211367173,20,0.05,BFO-OPT,BFO,37
SENSEX,SENSEX2621291500PE,PE,91500,2026-02-12,211752197,20,0.05,BFO-OPT,BFO,37
SENSEX,SENSEX2621291600CE,CE,91600,2026-02-12,211927813,20,0.05,BFO-OPT,BFO,37
SENSEX,SENSEX2621291600PE,PE,91600,2026-02-12,212326917,20,0.05,BFO-OPT,BFO,37
SENSEX,SENSEX2621291700CE,CE,91700,2026-02-12,211474437,20,0.05,BFO-OPT,BFO,37
SENSEX,SENSEX2621291700PE,PE,91700,2026-02-12,211860485,20,0.05,BFO-OPT,BFO,37
SENSEX,SENSEX2621291800CE,CE,91800,2026-02-12,212046085,20,0.05,BFO-OPT,BFO,37
SENSEX,SENSEX2621291800PE,PE,91800,2026-02-12,211417349,20,0.05,BFO-OPT,BFO,37
SENSEX,SENSEX2621291900CE,CE,91900,2026-02-12,211596549,20,0.05,BFO-OPT,BFO,37
SENSEX,SENSEX2621291900PE,PE,91900,2026-02-12,211986181,20,0.05,BFO-OPT,BFO,37
SENSEX,SENSEX2621292000CE,CE,92000,2026-02-12,212804101,20,0.05,BFO-OPT,BFO,37
SENSEX,SENSEX2621292000PE,PE,92000,2026-02-12,211228421,20,0.05,BFO-OPT,BFO,37
SENSEX,SENSEX2621292100CE,CE,92100,2026-02-12,211403525,20,0.05,BFO-OPT,BFO,37
SENSEX,SENSEX2621292100PE,PE,92100,2026-02-12,212733189,20,0.05,BFO-OPT,BFO,37
SENSEX,SENSEX2621292200CE,CE,92200,2026-02-12,212923653,20,0.05,BFO-OPT,BFO,37
SENSEX,SENSEX2621292200PE,PE,92200,2026-02-12,211343621,20,0.05,BFO-OPT,BFO,37
SENSEX,SENSEX2621292300CE,CE,92300,2026-02-12,212336645,20,0.05,BFO-OPT,BFO,37
SENSEX,SENSEX2621292300PE,PE,92300,2026-02-12,212861445,20,0.05,BFO-OPT,BFO,37
SENSEX,SENSEX2621292400CE,CE,92400,2026-02-12,211060485,20,0.05,BFO-OPT,BFO,37
SENSEX,SENSEX2621292400PE,PE,92400,2026-02-12,211452165,20,0.05,BFO-OPT,BFO,37
SENSEX,SENSEX2621292500CE,CE,92500,2026-02-12,212582149,20,0.05,BFO-OPT,BFO,37
SENSEX,SENSEX2621292500PE,PE,92500,2026-02-12,210996485,20,0.05,BFO-OPT,BFO,37
SENSEX,SENSEX2621292600CE,CE,92600,2026-02-12,211183109,20,0.05,BFO-OPT,BFO,37
SENSEX,SENSEX2621292600PE,PE,92600,2026-02-12,212519173,20,0.05,BFO-OPT,BFO,37
SENSEX,SENSEX2621292700CE,CE,92700,2026-02-12,212692229,20,0.05,BFO-OPT,BFO,37
SENSEX,SENSEX2621292700PE,PE,92700,2026-02-12,211118085,20,0.05,BFO-OPT,BFO,37
SENSEX,SENSEX2621292800CE,CE,92800,2026-02-12,212112645,20,0.05,BFO-OPT,BFO,37
SENSEX,SENSEX2621292800PE,PE,92800,2026-02-12,212636677,20,0.05,BFO-OPT,BFO,37
SENSEX,SENSEX2621292900CE,CE,92900,2026-02-12,212817157,20,0.05,BFO-OPT,BFO,37
SENSEX,SENSEX2621292900PE,PE,92900,2026-02-12,211245317,20,0.05,BFO-OPT,BFO,37
SENSEX,SENSEX2621293000CE,CE,93000,2026-02-12,211915013,20,0.05,BFO-OPT,BFO,37
SENSEX,SENSEX2621293000PE,PE,93000,2026-02-12,212311813,20,0.05,BFO-OPT,BFO,37
SENSEX,SENSEX2621293100CE,CE,93100,2026-02-12,211463685,20,0.05,BFO-OPT,BFO,37
SENSEX,SENSEX2621293100PE,PE,93100,2026-02-12,211848965,20,0.05,BFO-OPT,BFO,37
SENSEX,SENSEX2621293200CE,CE,93200,2026-02-12,212034309,20,0.05,BFO-OPT,BFO,37
SENSEX,SENSEX2621293200PE,PE,93200,2026-02-12,212558853,20,0.05,BFO-OPT,BFO,37
SENSEX,SENSEX2621293300CE,CE,93300,2026-02-12,211587077,20,0.05,BFO-OPT,BFO,37
SENSEX,SENSEX2621293300PE,PE,93300,2026-02-12,211975685,20,0.05,BFO-OPT,BFO,37
SENSEX,SENSEX2621977700CE,CE,77700,2026-02-19,214430725,20,0.05,BFO-OPT,BFO,44
SENSEX,SENSEX2621977700PE,PE,77700,2026-02-19,214422021,20,0.05,BFO-OPT,BFO,44
SENSEX,SENSEX2621977800CE,CE,77800,2026-02-19,214268933,20,0.05,BFO-OPT,BFO,44
SENSEX,SENSEX2621977800PE,PE,77800,2026-02-19,214395141,20,0.05,BFO-OPT,BFO,44
SENSEX,SENSEX2621977900CE,CE,77900,2026-02-19,214351109,20,0.05,BFO-OPT,BFO,44
SENSEX,SENSEX2621977900PE,PE,77900,2026-02-19,214470917,20,0.05,BFO-OPT,BFO,44
SENSEX,SENSEX2621978000CE,CE,78000,2026-02-19,214270469,20,0.05,BFO-OPT,BFO,44
SENSEX,SENSEX2621978000PE,PE,78000,2026-02-19,214258949,20,0.05,BFO-OPT,BFO,44
SENSEX,SENSEX2621978100CE,CE,78100,2026-02-19,214353413,20,0.05,BFO-OPT,BFO,44
SENSEX,SENSEX2621978100PE,PE,78100,2026-02-19,214472709,20,0.05,BFO-OPT,BFO,44
SENSEX,SENSEX2621978200CE,CE,78200,2026-02-19,214427909,20,0.05,BFO-OPT,BFO,44
SENSEX,SENSEX2621978200PE,PE,78200,2026-02-19,214308357,20,0.05,BFO-OPT,BFO,44
SENSEX,SENSEX2621978300CE,CE,78300,2026-02-19,214401029,20,0.05,BFO-OPT,BFO,44
SENSEX,SENSEX2621978300PE,PE,78300,2026-02-19,214279173,20,0.05,BFO-OPT,BFO,44
SENSEX,SENSEX2621978400CE,CE,78400,2026-02-19,214477317,20,0.05,BFO-OPT,BFO,44
SENSEX,SENSEX2621978400PE,PE,78400,2026-02-19,214362373,20,0.05,BFO-OPT,BFO,44
SENSEX,SENSEX2621978500CE,CE,78500,2026-02-19,214449413,20,0.05,BFO-OPT,BFO,44
SENSEX,SENSEX2621978500PE,PE,78500,2026-02-19,214436613,20,0.05,BFO-OPT,BFO,44
SENSEX,SENSEX2621978600CE,CE,78600,2026-02-19,214283013,20,0.05,BFO-OPT,BFO,44
SENSEX,SENSEX2621978600PE,PE,78600,2026-02-19,214409989,20,0.05,BFO-OPT,BFO,44
SENSEX,SENSEX2621978700CE,CE,78700,2026-02-19,214366213,20,0.05,BFO-OPT,BFO,44
SENSEX,SENSEX2621978700PE,PE,78700,2026-02-19,214242309,20,0.05,BFO-OPT,BFO,44
SENSEX,SENSEX2621978800CE,CE,78800,2026-02-19,214335749,20,0.05,BFO-OPT,BFO,44
SENSEX,SENSEX2621978800PE,PE,78800,2026-02-19,214459653,20,0.05,BFO-OPT,BFO,44
SENSEX,SENSEX2621978900CE,CE,78900,2026-02-19,214414341,20,0.05,BFO-OPT,BFO,44
SENSEX,SENSEX2621978900PE,PE,78900,2026-02-19,214291461,20,0.05,BFO-OPT,BFO,44
SENSEX,SENSEX2621979000CE,CE,79000,2026-02-19,214443013,20,0.05,BFO-OPT,BFO,44
SENSEX,SENSEX2621979000PE,PE,79000,2026-02-19,214325765,20,0.05,BFO-OPT,BFO,44
SENSEX,SENSEX2621979100CE,CE,79100,2026-02-19,214415621,20,0.05,BFO-OPT,BFO,44
SENSEX,SENSEX2621979100PE,PE,79100,2026-02-19,214293253,20,0.05,BFO-OPT,BFO,44
SENSEX,SENSEX2621979200CE,CE,79200,2026-02-19,214249477,20,0.05,BFO-OPT,BFO,44
SENSEX,SENSEX2621979200PE,PE,79200,2026-02-19,214377733,20,0.05,BFO-OPT,BFO,44
SENSEX,SENSEX2621979300CE,CE,79300,2026-02-19,214465541,20,0.05,BFO-OPT,BFO,44
SENSEX,SENSEX2621979300PE,PE,79300,2026-02-19,214454533,20,0.05,BFO-OPT,BFO,44
SENSEX,SENSEX2621979400CE,CE,79400,2026-02-19,214298885,20,0.05,BFO-OPT,BFO,44
SENSEX,SENSEX2621979400PE,PE,79400,2026-02-19,214422789,20,0.05,BFO-OPT,BFO,44
SENSEX,SENSEX2621979500CE,CE,79500,2026-02-19,214382853,20,0.05,BFO-OPT,BFO,44
SENSEX,SENSEX2621979500PE,PE,79500,2026-02-19,214258693,20,0.05,BFO-OPT,BFO,44
SENSEX,SENSEX2621979600CE,CE,79600,2026-02-19,214352901,20,0.05,BFO-OPT,BFO,44
SENSEX,SENSEX2621979600PE,PE,79600,2026-02-19,214472197,20,0.05,BFO-OPT,BFO,44
SENSEX,SENSEX2621979700CE,CE,79700,2026-02-19,214427653,20,0.05,BFO-OPT,BFO,44
SENSEX,SENSEX2621979700PE,PE,79700,2026-02-19,214307333,20,0.05,BFO-OPT,BFO,44
SENSEX,SENSEX2621979800CE,CE,79800,2026-02-19,214400517,20,0.05,BFO-OPT,BFO,44
SENSEX,SENSEX2621979800PE,PE,79800,2026-02-19,214390789,20,0.05,BFO-OPT,BFO,44
SENSEX,SENSEX2621979900CE,CE,79900,2026-02-19,214477061,20,0.05,BFO-OPT,BFO,44
SENSEX,SENSEX2621979900PE,PE,79900,2026-02-19,214362117,20,0.05,BFO-OPT,BFO,44
SENSEX,SENSEX2621980000CE,CE,80000,2026-02-19,214363653,20,0.05,BFO-OPT,BFO,44
SENSEX,SENSEX2621980000PE,PE,80000,2026-02-19,214238981,20,0.05,BFO-OPT,BFO,44
SENSEX,SENSEX2621980100CE,CE,80100,2026-02-19,214332421,20,0.05,BFO-OPT,BFO,44
SENSEX,SENSEX2621980100PE,PE,80100,2026-02-19,214320133,20,0.05,BFO-OPT,BFO,44
SENSEX,SENSEX2621980200CE,CE,80200,2026-02-19,214411269,20,0.05,BFO-OPT,BFO,44
SENSEX,SENSEX2621980200PE,PE,80200,2026-02-19,214287877,20,0.05,BFO-OPT,BFO,44
SENSEX,SENSEX2621980300CE,CE,80300,2026-02-19,214243845,20,0.05,BFO-OPT,BFO,44
SENSEX,SENSEX2621980300PE,PE,80300,2026-02-19,214373381,20,0.05,BFO-OPT,BFO,44
SENSEX,SENSEX2621980400CE,CE,80400,2026-02-19,214460933,20,0.05,BFO-OPT,BFO,44
SENSEX,SENSEX2621980400PE,PE,80400,2026-02-19,214341637,20,0.05,BFO-OPT,BFO,44
SENSEX,SENSEX2621980500CE,CE,80500,2026-02-19,214292741,20,0.05,BFO-OPT,BFO,44
SENSEX,SENSEX2621980500PE,PE,80500,2026-02-19,214417925,20,0.05,BFO-OPT,BFO,44
SENSEX,SENSEX2621980600CE,CE,80600,2026-02-19,214265861,20,0.05,BFO-OPT,BFO,44
SENSEX,SENSEX2621980600PE,PE,80600,2026-02-19,214392581,20,0.05,BFO-OPT,BFO,44
SENSEX,SENSEX2621980700CE,CE,80700,2026-02-19,214348293,20,0.05,BFO-OPT,BFO,44
SENSEX,SENSEX2621980700PE,PE,80700,2026-02-19,214467589,20,0.05,BFO-OPT,BFO,44
SENSEX,SENSEX2621980800CE,CE,80800,2026-02-19,214313221,20,0.05,BFO-OPT,BFO,44
SENSEX,SENSEX2621980800PE,PE,80800,2026-02-19,214302213,20,0.05,BFO-OPT,BFO,44
SENSEX,SENSEX2621980900CE,CE,80900,2026-02-19,214395653,20,0.05,BFO-OPT,BFO,44
SENSEX,SENSEX2621980900PE,PE,80900,2026-02-19,214273797,20,0.05,BFO-OPT,BFO,44
SENSEX,SENSEX2621981000CE,CE,81000,2026-02-19,214424837,20,0.05,BFO-OPT,BFO,44
SENSEX,SENSEX2621981000PE,PE,81000,2026-02-19,214304517,20,0.05,BFO-OPT,BFO,44
SENSEX,SENSEX2621981100CE,CE,81100,2026-02-19,214260229,20,0.05,BFO-OPT,BFO,44
SENSEX,SENSEX2621981100PE,PE,81100,2026-02-19,214388997,20,0.05,BFO-OPT,BFO,44
SENSEX,SENSEX2621981200CE,CE,81200,2026-02-19,214474501,20,0.05,BFO-OPT,BFO,44
SENSEX,SENSEX2621981200PE,PE,81200,2026-02-19,214357509,20,0.05,BFO-OPT,BFO,44
SENSEX,SENSEX2621981300CE,CE,81300,2026-02-19,214308869,20,0.05,BFO-OPT,BFO,44
SENSEX,SENSEX2621981300PE,PE,81300,2026-02-19,214432005,20,0.05,BFO-OPT,BFO,44
SENSEX,SENSEX2621981400CE,CE,81400,2026-02-19,214280453,20,0.05,BFO-OPT,BFO,44
SENSEX,SENSEX2621981400PE,PE,81400,2026-02-19,214269701,20,0.05,BFO-OPT,BFO,44
SENSEX,SENSEX2621981500CE,CE,81500,2026-02-19,214363397,20,0.05,BFO-OPT,BFO,44
SENSEX,SENSEX2621981500PE,PE,81500,2026-02-19,214237957,20,0.05,BFO-OPT,BFO,44
SENSEX,SENSEX2621981600CE,CE,81600,2026-02-19,214331909,20,0.05,BFO-OPT,BFO,44
SENSEX,SENSEX2621981600PE,PE,81600,2026-02-19,214318853,20,0.05,BFO-OPT,BFO,44
SENSEX,SENSEX2621981700CE,CE,81700,2026-02-19,214410757,20,0.05,BFO-OPT,BFO,44
SENSEX,SENSEX2621981700PE,PE,81700,2026-02-19,214287109,20,0.05,BFO-OPT,BFO,44
SENSEX,SENSEX2621981800CE,CE,81800,2026-02-19,214243333,20,0.05,BFO-OPT,BFO,44
SENSEX,SENSEX2621981800PE,PE,81800,2026-02-19,214372101,20,0.05,BFO-OPT,BFO,44
SENSEX,SENSEX2621981900CE,CE,81900,2026-02-19,214460421,20,0.05,BFO-OPT,BFO,44
SENSEX,SENSEX2621981900PE,PE,81900,2026-02-19,214341125,20,0.05,BFO-OPT,BFO,44
SENSEX,SENSEX2621982000CE,CE,82000,2026-02-19,214245637,20,0.05,BFO-OPT,BFO,44
SENSEX,SENSEX2621982000PE,PE,82000,2026-02-19,214374149,20,0.05,BFO-OPT,BFO,44
SENSEX,SENSEX2621982100CE,CE,82100,2026-02-19,214327045,20,0.05,BFO-OPT,BFO,44
SENSEX,SENSEX2621982100PE,PE,82100,2026-02-19,214450181,20,0.05,BFO-OPT,BFO,44
SENSEX,SENSEX2621982200CE,CE,82200,2026-02-19,214295045,20,0.05,BFO-OPT,BFO,44
SENSEX,SENSEX2621982200PE,PE,82200,2026-02-19,214283781,20,0.05,BFO-OPT,BFO,44
SENSEX,SENSEX2621982300CE,CE,82300,2026-02-19,214379013,20,0.05,BFO-OPT,BFO,44
SENSEX,SENSEX2621982300PE,PE,82300,2026-02-19,214254597,20,0.05,BFO-OPT,BFO,44
SENSEX,SENSEX2621982400CE,CE,82400,2026-02-19,214455813,20,0.05,BFO-OPT,BFO,44
SENSEX,SENSEX2621982400PE,PE,82400,2026-02-19,214336773,20,0.05,BFO-OPT,BFO,44
SENSEX,SENSEX2621982500CE,CE,82500,2026-02-19,214424325,20,0.05,BFO-OPT,BFO,44
SENSEX,SENSEX2621982500PE,PE,82500,2026-02-19,214303493,20,0.05,BFO-OPT,BFO,44
SENSEX,SENSEX2621982600CE,CE,82600,2026-02-19,214259973,20,0.05,BFO-OPT,BFO,44
SENSEX,SENSEX2621982600PE,PE,82600,2026-02-19,214388485,20,0.05,BFO-OPT,BFO,44
SENSEX,SENSEX2621982700CE,CE,82700,2026-02-19,214473477,20,0.05,BFO-OPT,BFO,44
SENSEX,SENSEX2621982700PE,PE,82700,2026-02-19,214357253,20,0.05,BFO-OPT,BFO,44
SENSEX,SENSEX2621982800CE,CE,82800,2026-02-19,214308613,20,0.05,BFO-OPT,BFO,44
SENSEX,SENSEX2621982800PE,PE,82800,2026-02-19,214431493,20,0.05,BFO-OPT,BFO,44
SENSEX,SENSEX2621982900CE,CE,82900,2026-02-19,214279429,20,0.05,BFO-OPT,BFO,44
SENSEX,SENSEX2621982900PE,PE,82900,2026-02-19,214269189,20,0.05,BFO-OPT,BFO,44
SENSEX,SENSEX2621983000CE,CE,83000,2026-02-19,214310149,20,0.05,BFO-OPT,BFO,44
SENSEX,SENSEX2621983000PE,PE,83000,2026-02-19,214299397,20,0.05,BFO-OPT,BFO,44
SENSEX,SENSEX2621983100CE,CE,83100,2026-02-19,214393349,20,0.05,BFO-OPT,BFO,44
SENSEX,SENSEX2621983100PE,PE,83100,2026-02-19,214270725,20,0.05,BFO-OPT,BFO,44
SENSEX,SENSEX2621983200CE,CE,83200,2026-02-19,214468613,20,0.05,BFO-OPT,BFO,44
SENSEX,SENSEX2621983200PE,PE,83200,2026-02-19,214353669,20,0.05,BFO-OPT,BFO,44
SENSEX,SENSEX2621983300CE,CE,83300,2026-02-19,214439429,20,0.05,BFO-OPT,BFO,44
SENSEX,SENSEX2621983300PE,PE,83300,2026-02-19,214321157,20,0.05,BFO-OPT,BFO,44
SENSEX,SENSEX2621983400CE,CE,83400,2026-02-19,214274821,20,0.05,BFO-OPT,BFO,44
SENSEX,SENSEX2621983400PE,PE,83400,2026-02-19,214401541,20,0.05,BFO-OPT,BFO,44
SENSEX,SENSEX2621983500CE,CE,83500,2026-02-19,214245125,20,0.05,BFO-OPT,BFO,44
SENSEX,SENSEX2621983500PE,PE,83500,2026-02-19,214373893,20,0.05,BFO-OPT,BFO,44
SENSEX,SENSEX2621983600CE,CE,83600,2026-02-19,214326277,20,0.05,BFO-OPT,BFO,44
SENSEX,SENSEX2621983600PE,PE,83600,2026-02-19,214449669,20,0.05,BFO-OPT,BFO,44
SENSEX,SENSEX2621983700CE,CE,83700,2026-02-19,214293765,20,0.05,BFO-OPT,BFO,44
SENSEX,SENSEX2621983700PE,PE,83700,2026-02-19,214283269,20,0.05,BFO-OPT,BFO,44
SENSEX,SENSEX2621983800CE,CE,83800,2026-02-19,214378245,20,0.05,BFO-OPT,BFO,44
SENSEX,SENSEX2621983800PE,PE,83800,2026-02-19,214253829,20,0.05,BFO-OPT,BFO,44
SENSEX,SENSEX2621983900CE,CE,83900,2026-02-19,214455301,20,0.05,BFO-OPT,BFO,44
SENSEX,SENSEX2621983900PE,PE,83900,2026-02-19,214336261,20,0.05,BFO-OPT,BFO,44
SENSEX,SENSEX2621984000CE,CE,84000,2026-02-19,214240005,20,0.05,BFO-OPT,BFO,44
SENSEX,SENSEX2621984000PE,PE,84000,2026-02-19,214369029,20,0.05,BFO-OPT,BFO,44
SENSEX,SENSEX2621984100CE,CE,84100,2026-02-19,214457861,20,0.05,BFO-OPT,BFO,44
SENSEX,SENSEX2621984100PE,PE,84100,2026-02-19,214338309,20,0.05,BFO-OPT,BFO,44
SENSEX,SENSEX2621984200CE,CE,84200,2026-02-19,214289413,20,0.05,BFO-OPT,BFO,44
SENSEX,SENSEX2621984200PE,PE,84200,2026-02-19,214415877,20,0.05,BFO-OPT,BFO,44
SENSEX,SENSEX2621984300CE,CE,84300,2026-02-19,214262021,20,0.05,BFO-OPT,BFO,44
SENSEX,SENSEX2621984300PE,PE,84300,2026-02-19,214389509,20,0.05,BFO-OPT,BFO,44
SENSEX,SENSEX2621984400CE,CE,84400,2026-02-19,214342917,20,0.05,BFO-OPT,BFO,44
SENSEX,SENSEX2621984400PE,PE,84400,2026-02-19,214465797,20,0.05,BFO-OPT,BFO,44
SENSEX,SENSEX2621984500CE,CE,84500,2026-02-19,214309637,20,0.05,BFO-OPT,BFO,44
SENSEX,SENSEX2621984500PE,PE,84500,2026-02-19,214299141,20,0.05,BFO-OPT,BFO,44
SENSEX,SENSEX2621984600CE,CE,84600,2026-02-19,214393093,20,0.05,BFO-OPT,BFO,44
SENSEX,SENSEX2621984600PE,PE,84600,2026-02-19,214270213,20,0.05,BFO-OPT,BFO,44
SENSEX,SENSEX2621984700CE,CE,84700,2026-02-19,214468357,20,0.05,BFO-OPT,BFO,44
SENSEX,SENSEX2621984700PE,PE,84700,2026-02-19,214353157,20,0.05,BFO-OPT,BFO,44
SENSEX,SENSEX2621984800CE,CE,84800,2026-02-19,214438405,20,0.05,BFO-OPT,BFO,44
SENSEX,SENSEX2621984800PE,PE,84800,2026-02-19,214320645,20,0.05,BFO-OPT,BFO,44
SENSEX,SENSEX2621984900CE,CE,84900,2026-02-19,214274309,20,0.05,BFO-OPT,BFO,44
SENSEX,SENSEX2621984900PE,PE,84900,2026-02-19,214400773,20,0.05,BFO-OPT,BFO,44
SENSEX,SENSEX2621985000CE,CE,85000,2026-02-19,214305797,20,0.05,BFO-OPT,BFO,44
SENSEX,SENSEX2621985000PE,PE,85000,2026-02-19,214429445,20,0.05,BFO-OPT,BFO,44
SENSEX,SENSEX2621985100CE,CE,85100,2026-02-19,214276357,20,0.05,BFO-OPT,BFO,44
SENSEX,SENSEX2621985100PE,PE,85100,2026-02-19,214266629,20,0.05,BFO-OPT,BFO,44
SENSEX,SENSEX2621985200CE,CE,85200,2026-02-19,214358277,20,0.05,BFO-OPT,BFO,44
SENSEX,SENSEX2621985200PE,PE,85200,2026-02-19,214479621,20,0.05,BFO-OPT,BFO,44
SENSEX,SENSEX2621985300CE,CE,85300,2026-02-19,214327557,20,0.05,BFO-OPT,BFO,44
SENSEX,SENSEX2621985300PE,PE,85300,2026-02-19,214314757,20,0.05,BFO-OPT,BFO,44
SENSEX,SENSEX2621985400CE,CE,85400,2026-02-19,214406661,20,0.05,BFO-OPT,BFO,44
SENSEX,SENSEX2621985400PE,PE,85400,2026-02-19,214285317,20,0.05,BFO-OPT,BFO,44
SENSEX,SENSEX2621985500CE,CE,85500,2026-02-19,214239749,20,0.05,BFO-OPT,BFO,44
SENSEX,SENSEX2621985500PE,PE,85500,2026-02-19,214368517,20,0.05,BFO-OPT,BFO,44
SENSEX,SENSEX2621985600CE,CE,85600,2026-02-19,214457093,20,0.05,BFO-OPT,BFO,44
SENSEX,SENSEX2621985600PE,PE,85600,2026-02-19,214337797,20,0.05,BFO-OPT,BFO,44
SENSEX,SENSEX2621985700CE,CE,85700,2026-02-19,214288389,20,0.05,BFO-OPT,BFO,44
SENSEX,SENSEX2621985700PE,PE,85700,2026-02-19,214415365,20,0.05,BFO-OPT,BFO,44
SENSEX,SENSEX2621985800CE,CE,85800,2026-02-19,214261253,20,0.05,BFO-OPT,BFO,44
SENSEX,SENSEX2621985800PE,PE,85800,2026-02-19,214248965,20,0.05,BFO-OPT,BFO,44
SENSEX,SENSEX2621985900CE,CE,85900,2026-02-19,214342405,20,0.05,BFO-OPT,BFO,44
SENSEX,SENSEX2621985900PE,PE,85900,2026-02-19,214465285,20,0.05,BFO-OPT,BFO,44
SENSEX,SENSEX2621986000CE,CE,86000,2026-02-19,214375173,20,0.05,BFO-OPT,BFO,44
SENSEX,SENSEX2621986000PE,PE,86000,2026-02-19,214251525,20,0.05,BFO-OPT,BFO,44
SENSEX,SENSEX2621986100CE,CE,86100,2026-02-19,214451461,20,0.05,BFO-OPT,BFO,44
SENSEX,SENSEX2621986100PE,PE,86100,2026-02-19,214332677,20,0.05,BFO-OPT,BFO,44
SENSEX,SENSEX2621986200CE,CE,86200,2026-02-19,214420997,20,0.05,BFO-OPT,BFO,44
SENSEX,SENSEX2621986200PE,PE,86200,2026-02-19,214300165,20,0.05,BFO-OPT,BFO,44
SENSEX,SENSEX2621986300CE,CE,86300,2026-02-19,214256133,20,0.05,BFO-OPT,BFO,44
SENSEX,SENSEX2621986300PE,PE,86300,2026-02-19,214384389,20,0.05,BFO-OPT,BFO,44
SENSEX,SENSEX2621986400CE,CE,86400,2026-02-19,214469125,20,0.05,BFO-OPT,BFO,44
SENSEX,SENSEX2621986400PE,PE,86400,2026-02-19,214354181,20,0.05,BFO-OPT,BFO,44
SENSEX,SENSEX2621986500CE,CE,86500,2026-02-19,214304773,20,0.05,BFO-OPT,BFO,44
SENSEX,SENSEX2621986500PE,PE,86500,2026-02-19,214429189,20,0.05,BFO-OPT,BFO,44
SENSEX,SENSEX2621986600CE,CE,86600,2026-02-19,214275845,20,0.05,BFO-OPT,BFO,44
SENSEX,SENSEX2621986600PE,PE,86600,2026-02-19,214266117,20,0.05,BFO-OPT,BFO,44
SENSEX,SENSEX2621986700CE,CE,86700,2026-02-19,214357765,20,0.05,BFO-OPT,BFO,44
SENSEX,SENSEX2621986700PE,PE,86700,2026-02-19,214479109,20,0.05,BFO-OPT,BFO,44
SENSEX,SENSEX2621986800CE,CE,86800,2026-02-19,214432517,20,0.05,BFO-OPT,BFO,44
SENSEX,SENSEX2621986800PE,PE,86800,2026-02-19,214314245,20,0.05,BFO-OPT,BFO,44
SENSEX,SENSEX2621986900CE,CE,86900,2026-02-19,214406405,20,0.05,BFO-OPT,BFO,44
SENSEX,SENSEX2621986900PE,PE,86900,2026-02-19,214284549,20,0.05,BFO-OPT,BFO,44
SENSEX,SENSEX2621987000CE,CE,87000,2026-02-19,214435333,20,0.05,BFO-OPT,BFO,44
SENSEX,SENSEX2621987000PE,PE,87000,2026-02-19,214316805,20,0.05,BFO-OPT,BFO,44
SENSEX,SENSEX2621987100CE,CE,87100,2026-02-19,214271749,20,0.05,BFO-OPT,BFO,44
SENSEX,SENSEX2621987100PE,PE,87100,2026-02-19,214397701,20,0.05,BFO-OPT,BFO,44
SENSEX,SENSEX2621987200CE,CE,87200,2026-02-19,214240773,20,0.05,BFO-OPT,BFO,44
SENSEX,SENSEX2621987200PE,PE,87200,2026-02-19,214369797,20,0.05,BFO-OPT,BFO,44
SENSEX,SENSEX2621987300CE,CE,87300,2026-02-19,214322437,20,0.05,BFO-OPT,BFO,44
SENSEX,SENSEX2621987300PE,PE,87300,2026-02-19,214446085,20,0.05,BFO-OPT,BFO,44
SENSEX,SENSEX2621987400CE,CE,87400,2026-02-19,214289925,20,0.05,BFO-OPT,BFO,44
SENSEX,SENSEX2621987400PE,PE,87400,2026-02-19,214280965,20,0.05,BFO-OPT,BFO,44
SENSEX,SENSEX2621987500CE,CE,87500,2026-02-19,214374661,20,0.05,BFO-OPT,BFO,44
SENSEX,SENSEX2621987500PE,PE,87500,2026-02-19,214250501,20,0.05,BFO-OPT,BFO,44
SENSEX,SENSEX2621987600CE,CE,87600,2026-02-19,214451205,20,0.05,BFO-OPT,BFO,44
SENSEX,SENSEX2621987600PE,PE,87600,2026-02-19,214332165,20,0.05,BFO-OPT,BFO,44
SENSEX,SENSEX2621987700CE,CE,87700,2026-02-19,214420229,20,0.05,BFO-OPT,BFO,44
SENSEX,SENSEX2621987700PE,PE,87700,2026-02-19,214299909,20,0.05,BFO-OPT,BFO,44
SENSEX,SENSEX2621987800CE,CE,87800,2026-02-19,214255877,20,0.05,BFO-OPT,BFO,44
SENSEX,SENSEX2621987800PE,PE,87800,2026-02-19,214384133,20,0.05,BFO-OPT,BFO,44
SENSEX,SENSEX2621987900CE,CE,87900,2026-02-19,214468869,20,0.05,BFO-OPT,BFO,44
SENSEX,SENSEX2621987900PE,PE,87900,2026-02-19,214460677,20,0.05,BFO-OPT,BFO,44
SENSEX,SENSEX2621988000CE,CE,88000,2026-02-19,214257413,20,0.05,BFO-OPT,BFO,44
SENSEX,SENSEX2621988000PE,PE,88000,2026-02-19,214385413,20,0.05,BFO-OPT,BFO,44
SENSEX,SENSEX2621988100CE,CE,88100,2026-02-19,214339589,20,0.05,BFO-OPT,BFO,44
SENSEX,SENSEX2621988100PE,PE,88100,2026-02-19,214462469,20,0.05,BFO-OPT,BFO,44
SENSEX,SENSEX2621988200CE,CE,88200,2026-02-19,214306565,20,0.05,BFO-OPT,BFO,44
SENSEX,SENSEX2621988200PE,PE,88200,2026-02-19,214295301,20,0.05,BFO-OPT,BFO,44
SENSEX,SENSEX2621988300CE,CE,88300,2026-02-19,214390021,20,0.05,BFO-OPT,BFO,44
SENSEX,SENSEX2621988300PE,PE,88300,2026-02-19,214267141,20,0.05,BFO-OPT,BFO,44
SENSEX,SENSEX2621988400CE,CE,88400,2026-02-19,214466309,20,0.05,BFO-OPT,BFO,44
SENSEX,SENSEX2621988400PE,PE,88400,2026-02-19,214349573,20,0.05,BFO-OPT,BFO,44
SENSEX,SENSEX2621988500CE,CE,88500,2026-02-19,214434821,20,0.05,BFO-OPT,BFO,44
SENSEX,SENSEX2621988500PE,PE,88500,2026-02-19,214316293,20,0.05,BFO-OPT,BFO,44
SENSEX,SENSEX2621988600CE,CE,88600,2026-02-19,214271493,20,0.05,BFO-OPT,BFO,44
SENSEX,SENSEX2621988600PE,PE,88600,2026-02-19,214397189,20,0.05,BFO-OPT,BFO,44
SENSEX,SENSEX2621988700CE,CE,88700,2026-02-19,214240261,20,0.05,BFO-OPT,BFO,44
SENSEX,SENSEX2621988700PE,PE,88700,2026-02-19,214473989,20,0.05,BFO-OPT,BFO,44
SENSEX,SENSEX2621988800CE,CE,88800,2026-02-19,214321413,20,0.05,BFO-OPT,BFO,44
SENSEX,SENSEX2621988800PE,PE,88800,2026-02-19,214445061,20,0.05,BFO-OPT,BFO,44
SENSEX,SENSEX2621988900CE,CE,88900,2026-02-19,214401797,20,0.05,BFO-OPT,BFO,44
SENSEX,SENSEX2621988900PE,PE,88900,2026-02-19,214280197,20,0.05,BFO-OPT,BFO,44
SENSEX,SENSEX2621989000CE,CE,89000,2026-02-19,214323973,20,0.05,BFO-OPT,BFO,44
SENSEX,SENSEX2621989000PE,PE,89000,2026-02-19,214310405,20,0.05,BFO-OPT,BFO,44
SENSEX,SENSEX2621989100CE,CE,89100,2026-02-19,214403589,20,0.05,BFO-OPT,BFO,44
SENSEX,SENSEX2621989100PE,PE,89100,2026-02-19,214281477,20,0.05,BFO-OPT,BFO,44
SENSEX,SENSEX2621989200CE,CE,89200,2026-02-19,214480389,20,0.05,BFO-OPT,BFO,44
SENSEX,SENSEX2621989200PE,PE,89200,2026-02-19,214364677,20,0.05,BFO-OPT,BFO,44
SENSEX,SENSEX2621989300CE,CE,89300,2026-02-19,214452741,20,0.05,BFO-OPT,BFO,44
SENSEX,SENSEX2621989300PE,PE,89300,2026-02-19,214333445,20,0.05,BFO-OPT,BFO,44
SENSEX,SENSEX2621989400CE,CE,89400,2026-02-19,214285573,20,0.05,BFO-OPT,BFO,44
SENSEX,SENSEX2621989400PE,PE,89400,2026-02-19,214411781,20,0.05,BFO-OPT,BFO,44
SENSEX,SENSEX2621989500CE,CE,89500,2026-02-19,214256901,20,0.05,BFO-OPT,BFO,44
SENSEX,SENSEX2621989500PE,PE,89500,2026-02-19,214245381,20,0.05,BFO-OPT,BFO,44
SENSEX,SENSEX2621989600CE,CE,89600,2026-02-19,214339077,20,0.05,BFO-OPT,BFO,44
SENSEX,SENSEX2621989600PE,PE,89600,2026-02-19,214461957,20,0.05,BFO-OPT,BFO,44
SENSEX,SENSEX2621989700CE,CE,89700,2026-02-19,214416389,20,0.05,BFO-OPT,BFO,44
SENSEX,SENSEX2621989700PE,PE,89700,2026-02-19,214294277,20,0.05,BFO-OPT,BFO,44
SENSEX,SENSEX2621989800CE,CE,89800,2026-02-19,214389765,20,0.05,BFO-OPT,BFO,44
SENSEX,SENSEX2621989800PE,PE,89800,2026-02-19,214266885,20,0.05,BFO-OPT,BFO,44
SENSEX,SENSEX2621989900CE,CE,89900,2026-02-19,214466053,20,0.05,BFO-OPT,BFO,44
SENSEX,SENSEX2621989900PE,PE,89900,2026-02-19,214349317,20,0.05,BFO-OPT,BFO,44
SENSEX,SENSEX2621990000CE,CE,90000,2026-02-19,214350341,20,0.05,BFO-OPT,BFO,44
SENSEX,SENSEX2621990000PE,PE,90000,2026-02-19,214469637,20,0.05,BFO-OPT,BFO,44
SENSEX,SENSEX2621990100CE,CE,90100,2026-02-19,214318085,20,0.05,BFO-OPT,BFO,44
SENSEX,SENSEX2621990100PE,PE,90100,2026-02-19,214440965,20,0.05,BFO-OPT,BFO,44
SENSEX,SENSEX2621990200CE,CE,90200,2026-02-19,214398469,20,0.05,BFO-OPT,BFO,44
SENSEX,SENSEX2621990200PE,PE,90200,2026-02-19,214276613,20,0.05,BFO-OPT,BFO,44
SENSEX,SENSEX2621990300CE,CE,90300,2026-02-19,214370821,20,0.05,BFO-OPT,BFO,44
SENSEX,SENSEX2621990300PE,PE,90300,2026-02-19,214360069,20,0.05,BFO-OPT,BFO,44
SENSEX,SENSEX2621990400CE,CE,90400,2026-02-19,214447877,20,0.05,BFO-OPT,BFO,44
SENSEX,SENSEX2621990400PE,PE,90400,2026-02-19,214327813,20,0.05,BFO-OPT,BFO,44
SENSEX,SENSEX2621990500CE,CE,90500,2026-02-19,214281221,20,0.05,BFO-OPT,BFO,44
SENSEX,SENSEX2621990500PE,PE,90500,2026-02-19,214407429,20,0.05,BFO-OPT,BFO,44
SENSEX,SENSEX2621990600CE,CE,90600,2026-02-19,214251781,20,0.05,BFO-OPT,BFO,44
SENSEX,SENSEX2621990600PE,PE,90600,2026-02-19,214380549,20,0.05,BFO-OPT,BFO,44
SENSEX,SENSEX2621990700CE,CE,90700,2026-02-19,214333189,20,0.05,BFO-OPT,BFO,44
SENSEX,SENSEX2621990700PE,PE,90700,2026-02-19,214457605,20,0.05,BFO-OPT,BFO,44
SENSEX,SENSEX2621990800CE,CE,90800,2026-02-19,214301189,20,0.05,BFO-OPT,BFO,44
SENSEX,SENSEX2621990800PE,PE,90800,2026-02-19,214289157,20,0.05,BFO-OPT,BFO,44
SENSEX,SENSEX2621990900CE,CE,90900,2026-02-19,214384901,20,0.05,BFO-OPT,BFO,44
SENSEX,SENSEX2621990900PE,PE,90900,2026-02-19,214261765,20,0.05,BFO-OPT,BFO,44
SENSEX,SENSEX2621991000CE,CE,91000,2026-02-19,214413829,20,0.05,BFO-OPT,BFO,44
SENSEX,SENSEX2621991000PE,PE,91000,2026-02-19,214290949,20,0.05,BFO-OPT,BFO,44
SENSEX,SENSEX2621991100CE,CE,91100,2026-02-19,214386693,20,0.05,BFO-OPT,BFO,44
SENSEX,SENSEX2621991100PE,PE,91100,2026-02-19,214375685,20,0.05,BFO-OPT,BFO,44
SENSEX,SENSEX2621991200CE,CE,91200,2026-02-19,214463237,20,0.05,BFO-OPT,BFO,44
SENSEX,SENSEX2621991200PE,PE,91200,2026-02-19,214345733,20,0.05,BFO-OPT,BFO,44
SENSEX,SENSEX2621991300CE,CE,91300,2026-02-19,214296837,20,0.05,BFO-OPT,BFO,44
SENSEX,SENSEX2621991300PE,PE,91300,2026-02-19,214421765,20,0.05,BFO-OPT,BFO,44
SENSEX,SENSEX2621991400CE,CE,91400,2026-02-19,214268165,20,0.05,BFO-OPT,BFO,44
SENSEX,SENSEX2621991400PE,PE,91400,2026-02-19,214394629,20,0.05,BFO-OPT,BFO,44
SENSEX,SENSEX2621991500CE,CE,91500,2026-02-19,214349829,20,0.05,BFO-OPT,BFO,44
SENSEX,SENSEX2621991500PE,PE,91500,2026-02-19,214469381,20,0.05,BFO-OPT,BFO,44
SENSEX,SENSEX2621991600CE,CE,91600,2026-02-19,214317317,20,0.05,BFO-OPT,BFO,44
SENSEX,SENSEX2621991600PE,PE,91600,2026-02-19,214305541,20,0.05,BFO-OPT,BFO,44
SENSEX,SENSEX2621991700CE,CE,91700,2026-02-19,214397957,20,0.05,BFO-OPT,BFO,44
SENSEX,SENSEX2621991700PE,PE,91700,2026-02-19,214276101,20,0.05,BFO-OPT,BFO,44
SENSEX,SENSEX2621991800CE,CE,91800,2026-02-19,214475013,20,0.05,BFO-OPT,BFO,44
SENSEX,SENSEX2621991800PE,PE,91800,2026-02-19,214358021,20,0.05,BFO-OPT,BFO,44
SENSEX,SENSEX2621991900CE,CE,91900,2026-02-19,214446597,20,0.05,BFO-OPT,BFO,44
SENSEX,SENSEX2621991900PE,PE,91900,2026-02-19,214327301,20,0.05,BFO-OPT,BFO,44
SENSEX,SENSEX2621992000CE,CE,92000,2026-02-19,214476805,20,0.05,BFO-OPT,BFO,44
SENSEX,SENSEX2621992000PE,PE,92000,2026-02-19,214361349,20,0.05,BFO-OPT,BFO,44
SENSEX,SENSEX2621992100CE,CE,92100,2026-02-19,214311685,20,0.05,BFO-OPT,BFO,44
SENSEX,SENSEX2621992100PE,PE,92100,2026-02-19,214435845,20,0.05,BFO-OPT,BFO,44
SENSEX,SENSEX2621992200CE,CE,92200,2026-02-19,214282501,20,0.05,BFO-OPT,BFO,44
SENSEX,SENSEX2621992200PE,PE,92200,2026-02-19,214409733,20,0.05,BFO-OPT,BFO,44
SENSEX,SENSEX2621992300CE,CE,92300,2026-02-19,214365957,20,0.05,BFO-OPT,BFO,44
SENSEX,SENSEX2621992300PE,PE,92300,2026-02-19,214241797,20,0.05,BFO-OPT,BFO,44
SENSEX,SENSEX2621992400CE,CE,92400,2026-02-19,214334981,20,0.05,BFO-OPT,BFO,44
SENSEX,SENSEX2621992400PE,PE,92400,2026-02-19,214322693,20,0.05,BFO-OPT,BFO,44
SENSEX,SENSEX2621992500CE,CE,92500,2026-02-19,214412805,20,0.05,BFO-OPT,BFO,44
SENSEX,SENSEX2621992500PE,PE,92500,2026-02-19,214290437,20,0.05,BFO-OPT,BFO,44
SENSEX,SENSEX2621992600CE,CE,92600,2026-02-19,214246149,20,0.05,BFO-OPT,BFO,44
SENSEX,SENSEX2621992600PE,PE,92600,2026-02-19,214374917,20,0.05,BFO-OPT,BFO,44
SENSEX,SENSEX2621992700CE,CE,92700,2026-02-19,214462981,20,0.05,BFO-OPT,BFO,44
SENSEX,SENSEX2621992700PE,PE,92700,2026-02-19,214345221,20,0.05,BFO-OPT,BFO,44
SENSEX,SENSEX2621992800CE,CE,92800,2026-02-19,214296069,20,0.05,BFO-OPT,BFO,44
SENSEX,SENSEX2621992800PE,PE,92800,2026-02-19,214420485,20,0.05,BFO-OPT,BFO,44
SENSEX,SENSEX2621992900CE,CE,92900,2026-02-19,214267909,20,0.05,BFO-OPT,BFO,44
SENSEX,SENSEX2621992900PE,PE,92900,2026-02-19,214394373,20,0.05,BFO-OPT,BFO,44
SENSEX,SENSEX2621993000CE,CE,93000,2026-02-19,214298373,20,0.05,BFO-OPT,BFO,44
SENSEX,SENSEX2621993000PE,PE,93000,2026-02-19,214422277,20,0.05,BFO-OPT,BFO,44
SENSEX,SENSEX2621993100CE,CE,93100,2026-02-19,214381829,20,0.05,BFO-OPT,BFO,44
SENSEX,SENSEX2621993100PE,PE,93100,2026-02-19,214257669,20,0.05,BFO-OPT,BFO,44
SENSEX,SENSEX2621993200CE,CE,93200,2026-02-19,214352133,20,0.05,BFO-OPT,BFO,44
SENSEX,SENSEX2621993200PE,PE,93200,2026-02-19,214340101,20,0.05,BFO-OPT,BFO,44
SENSEX,SENSEX2621993300CE,CE,93300,2026-02-19,214427141,20,0.05,BFO-OPT,BFO,44
SENSEX,SENSEX2621993300PE,PE,93300,2026-02-19,214306821,20,0.05,BFO-OPT,BFO,44
SENSEX,SENSEX26FEB76900CE,CE,76900,2026-02-26,300482309,20,0.05,BFO-OPT,BFO,51
SENSEX,SENSEX26FEB76900PE,PE,76900,2026-02-26,300475141,20,0.05,BFO-OPT,BFO,51
SENSEX,SENSEX26FEB77000CE,CE,77000,2026-02-26,300501253,20,0.05,BFO-OPT,BFO,51
SENSEX,SENSEX26FEB77000PE,PE,77000,2026-02-26,300495877,20,0.05,BFO-OPT,BFO,51
SENSEX,SENSEX26FEB77100CE,CE,77100,2026-02-26,300555269,20,0.05,BFO-OPT,BFO,51
SENSEX,SENSEX26FEB77100PE,PE,77100,2026-02-26,300476421,20,0.05,BFO-OPT,BFO,51
SENSEX,SENSEX26FEB77200CE,CE,77200,2026-02-26,300602117,20,0.05,BFO-OPT,BFO,51
SENSEX,SENSEX26FEB77200PE,PE,77200,2026-02-26,300527621,20,0.05,BFO-OPT,BFO,51
SENSEX,SENSEX26FEB77300CE,CE,77300,2026-02-26,300582917,20,0.05,BFO-OPT,BFO,51
SENSEX,SENSEX26FEB77300PE,PE,77300,2026-02-26,300507909,20,0.05,BFO-OPT,BFO,51
SENSEX,SENSEX26FEB77400CE,CE,77400,2026-02-26,300478213,20,0.05,BFO-OPT,BFO,51
SENSEX,SENSEX26FEB77400PE,PE,77400,2026-02-26,300559621,20,0.05,BFO-OPT,BFO,51
SENSEX,SENSEX26FEB77500CE,CE,77500,2026-02-26,300458757,20,0.05,BFO-OPT,BFO,51
SENSEX,SENSEX26FEB77500PE,PE,77500,2026-02-26,300607237,20,0.05,BFO-OPT,BFO,51
SENSEX,SENSEX26FEB77600CE,CE,77600,2026-02-26,299669765,20,0.05,BFO-OPT,BFO,51
SENSEX,SENSEX26FEB77600PE,PE,77600,2026-02-26,299715333,20,0.05,BFO-OPT,BFO,51
SENSEX,SENSEX26FEB77700CE,CE,77700,2026-02-26,299696901,20,0.05,BFO-OPT,BFO,51
SENSEX,SENSEX26FEB77700PE,PE,77700,2026-02-26,299650053,20,0.05,BFO-OPT,BFO,51
SENSEX,SENSEX26FEB77800CE,CE,77800,2026-02-26,299684613,20,0.05,BFO-OPT,BFO,51
SENSEX,SENSEX26FEB77800PE,PE,77800,2026-02-26,299639557,20,0.05,BFO-OPT,BFO,51
SENSEX,SENSEX26FEB77900CE,CE,77900,2026-02-26,299718405,20,0.05,BFO-OPT,BFO,51
SENSEX,SENSEX26FEB77900PE,PE,77900,2026-02-26,299672325,20,0.05,BFO-OPT,BFO,51
SENSEX,SENSEX26FEB78000CE,CE,78000,2026-02-26,299634693,20,0.05,BFO-OPT,BFO,51
SENSEX,SENSEX26FEB78000PE,PE,78000,2026-02-26,299682053,20,0.05,BFO-OPT,BFO,51
SENSEX,SENSEX26FEB78100CE,CE,78100,2026-02-26,299622661,20,0.05,BFO-OPT,BFO,51
SENSEX,SENSEX26FEB78100PE,PE,78100,2026-02-26,299576325,20,0.05,BFO-OPT,BFO,51
SENSEX,SENSEX26FEB78200CE,CE,78200,2026-02-26,298868485,20,0.05,BFO-OPT,BFO,51
SENSEX,SENSEX26FEB78200PE,PE,78200,2026-02-26,299256325,20,0.05,BFO-OPT,BFO,51
SENSEX,SENSEX26FEB78300CE,CE,78300,2026-02-26,297521413,20,0.05,BFO-OPT,BFO,51
SENSEX,SENSEX26FEB78300PE,PE,78300,2026-02-26,298803205,20,0.05,BFO-OPT,BFO,51
SENSEX,SENSEX26FEB78400CE,CE,78400,2026-02-26,298976005,20,0.05,BFO-OPT,BFO,51
SENSEX,SENSEX26FEB78400PE,PE,78400,2026-02-26,297459205,20,0.05,BFO-OPT,BFO,51
SENSEX,SENSEX26FEB78500CE,CE,78500,2026-02-26,298513413,20,0.05,BFO-OPT,BFO,51
SENSEX,SENSEX26FEB78500PE,PE,78500,2026-02-26,298914053,20,0.05,BFO-OPT,BFO,51
SENSEX,SENSEX26FEB78600CE,CE,78600,2026-02-26,299087877,20,0.05,BFO-OPT,BFO,51
SENSEX,SENSEX26FEB78600PE,PE,78600,2026-02-26,297580549,20,0.05,BFO-OPT,BFO,51
SENSEX,SENSEX26FEB78700CE,CE,78700,2026-02-26,298630149,20,0.05,BFO-OPT,BFO,51
SENSEX,SENSEX26FEB78700PE,PE,78700,2026-02-26,299026181,20,0.05,BFO-OPT,BFO,51
SENSEX,SENSEX26FEB78800CE,CE,78800,2026-02-26,299208453,20,0.05,BFO-OPT,BFO,51
SENSEX,SENSEX26FEB78800PE,PE,78800,2026-02-26,297702405,20,0.05,BFO-OPT,BFO,51
SENSEX,SENSEX26FEB78900CE,CE,78900,2026-02-26,298756869,20,0.05,BFO-OPT,BFO,51
SENSEX,SENSEX26FEB78900PE,PE,78900,2026-02-26,299145733,20,0.05,BFO-OPT,BFO,51
SENSEX,SENSEX26FEB79000CE,CE,79000,2026-02-26,297958405,20,0.05,BFO-OPT,BFO,51
SENSEX,SENSEX26FEB79000PE,PE,79000,2026-02-26,298376965,20,0.05,BFO-OPT,BFO,51
SENSEX,SENSEX26FEB79100CE,CE,79100,2026-02-26,298553093,20,0.05,BFO-OPT,BFO,51
SENSEX,SENSEX26FEB79100PE,PE,79100,2026-02-26,297889797,20,0.05,BFO-OPT,BFO,51
SENSEX,SENSEX26FEB79200CE,CE,79200,2026-02-26,298081797,20,0.05,BFO-OPT,BFO,51
SENSEX,SENSEX26FEB79200PE,PE,79200,2026-02-26,298490373,20,0.05,BFO-OPT,BFO,51
SENSEX,SENSEX26FEB79300CE,CE,79300,2026-02-26,297595909,20,0.05,BFO-OPT,BFO,51
SENSEX,SENSEX26FEB79300PE,PE,79300,2026-02-26,298017285,20,0.05,BFO-OPT,BFO,51
SENSEX,SENSEX26FEB79400CE,CE,79400,2026-02-26,298194437,20,0.05,BFO-OPT,BFO,51
SENSEX,SENSEX26FEB79400PE,PE,79400,2026-02-26,298605061,20,0.05,BFO-OPT,BFO,51
SENSEX,SENSEX26FEB79500CE,CE,79500,2026-02-26,297717509,20,0.05,BFO-OPT,BFO,51
SENSEX,SENSEX26FEB79500PE,PE,79500,2026-02-26,298133253,20,0.05,BFO-OPT,BFO,51
SENSEX,SENSEX26FEB79600CE,CE,79600,2026-02-26,298327813,20,0.05,BFO-OPT,BFO,51
SENSEX,SENSEX26FEB79600PE,PE,79600,2026-02-26,298728453,20,0.05,BFO-OPT,BFO,51
SENSEX,SENSEX26FEB79700CE,CE,79700,2026-02-26,297849349,20,0.05,BFO-OPT,BFO,51
SENSEX,SENSEX26FEB79700PE,PE,79700,2026-02-26,298259461,20,0.05,BFO-OPT,BFO,51
SENSEX,SENSEX26FEB79800CE,CE,79800,2026-02-26,298454021,20,0.05,BFO-OPT,BFO,51
SENSEX,SENSEX26FEB79800PE,PE,79800,2026-02-26,297779973,20,0.05,BFO-OPT,BFO,51
SENSEX,SENSEX26FEB79900CE,CE,79900,2026-02-26,297969925,20,0.05,BFO-OPT,BFO,51
SENSEX,SENSEX26FEB79900PE,PE,79900,2026-02-26,298390021,20,0.05,BFO-OPT,BFO,51
SENSEX,SENSEX26FEB80000CE,CE,80000,2026-02-26,297552389,20,0.05,BFO-OPT,BFO,51
SENSEX,SENSEX26FEB80000PE,PE,80000,2026-02-26,297971461,20,0.05,BFO-OPT,BFO,51
SENSEX,SENSEX26FEB80100CE,CE,80100,2026-02-26,299002373,20,0.05,BFO-OPT,BFO,51
SENSEX,SENSEX26FEB80100PE,PE,80100,2026-02-26,297483269,20,0.05,BFO-OPT,BFO,51
SENSEX,SENSEX26FEB80200CE,CE,80200,2026-02-26,297678085,20,0.05,BFO-OPT,BFO,51
SENSEX,SENSEX26FEB80200PE,PE,80200,2026-02-26,298093573,20,0.05,BFO-OPT,BFO,51
SENSEX,SENSEX26FEB80300CE,CE,80300,2026-02-26,299117829,20,0.05,BFO-OPT,BFO,51
SENSEX,SENSEX26FEB80300PE,PE,80300,2026-02-26,297608197,20,0.05,BFO-OPT,BFO,51
SENSEX,SENSEX26FEB80400CE,CE,80400,2026-02-26,297803013,20,0.05,BFO-OPT,BFO,51
SENSEX,SENSEX26FEB80400PE,PE,80400,2026-02-26,298209285,20,0.05,BFO-OPT,BFO,51
SENSEX,SENSEX26FEB80500CE,CE,80500,2026-02-26,299237125,20,0.05,BFO-OPT,BFO,51
SENSEX,SENSEX26FEB80500PE,PE,80500,2026-02-26,297731333,20,0.05,BFO-OPT,BFO,51
SENSEX,SENSEX26FEB80600CE,CE,80600,2026-02-26,297930245,20,0.05,BFO-OPT,BFO,51
SENSEX,SENSEX26FEB80600PE,PE,80600,2026-02-26,299172869,20,0.05,BFO-OPT,BFO,51
SENSEX,SENSEX26FEB80700CE,CE,80700,2026-02-26,297444357,20,0.05,BFO-OPT,BFO,51
SENSEX,SENSEX26FEB80700PE,PE,80700,2026-02-26,297862149,20,0.05,BFO-OPT,BFO,51
SENSEX,SENSEX26FEB80800CE,CE,80800,2026-02-26,298903301,20,0.05,BFO-OPT,BFO,51
SENSEX,SENSEX26FEB80800PE,PE,80800,2026-02-26,299294469,20,0.05,BFO-OPT,BFO,51
SENSEX,SENSEX26FEB80900CE,CE,80900,2026-02-26,297563653,20,0.05,BFO-OPT,BFO,51
SENSEX,SENSEX26FEB80900PE,PE,80900,2026-02-26,297987077,20,0.05,BFO-OPT,BFO,51
SENSEX,SENSEX26FEB81000CE,CE,81000,2026-02-26,298698757,20,0.05,BFO-OPT,BFO,51
SENSEX,SENSEX26FEB81000PE,PE,81000,2026-02-26,299089669,20,0.05,BFO-OPT,BFO,51
SENSEX,SENSEX26FEB81100CE,CE,81100,2026-02-26,298224901,20,0.05,BFO-OPT,BFO,51
SENSEX,SENSEX26FEB81100PE,PE,81100,2026-02-26,298632709,20,0.05,BFO-OPT,BFO,51
SENSEX,SENSEX26FEB81200CE,CE,81200,2026-02-26,298830853,20,0.05,BFO-OPT,BFO,51
SENSEX,SENSEX26FEB81200PE,PE,81200,2026-02-26,299209733,20,0.05,BFO-OPT,BFO,51
SENSEX,SENSEX26FEB81300CE,CE,81300,2026-02-26,298357765,20,0.05,BFO-OPT,BFO,51
SENSEX,SENSEX26FEB81300PE,PE,81300,2026-02-26,298758661,20,0.05,BFO-OPT,BFO,51
SENSEX,SENSEX26FEB81400CE,CE,81400,2026-02-26,298938373,20,0.05,BFO-OPT,BFO,51
SENSEX,SENSEX26FEB81400PE,PE,81400,2026-02-26,298287877,20,0.05,BFO-OPT,BFO,51
SENSEX,SENSEX26FEB81500CE,CE,81500,2026-02-26,298476037,20,0.05,BFO-OPT,BFO,51
SENSEX,SENSEX26FEB81500PE,PE,81500,2026-02-26,298881797,20,0.05,BFO-OPT,BFO,51
SENSEX,SENSEX26FEB81600CE,CE,81600,2026-02-26,298001413,20,0.05,BFO-OPT,BFO,51
SENSEX,SENSEX26FEB81600PE,PE,81600,2026-02-26,298418181,20,0.05,BFO-OPT,BFO,51
SENSEX,SENSEX26FEB81700CE,CE,81700,2026-02-26,298591749,20,0.05,BFO-OPT,BFO,51
SENSEX,SENSEX26FEB81700PE,PE,81700,2026-02-26,298989573,20,0.05,BFO-OPT,BFO,51
SENSEX,SENSEX26FEB81800CE,CE,81800,2026-02-26,298118917,20,0.05,BFO-OPT,BFO,51
SENSEX,SENSEX26FEB81800PE,PE,81800,2026-02-26,298526469,20,0.05,BFO-OPT,BFO,51
SENSEX,SENSEX26FEB81900CE,CE,81900,2026-02-26,298713605,20,0.05,BFO-OPT,BFO,51
SENSEX,SENSEX26FEB81900PE,PE,81900,2026-02-26,298062853,20,0.05,BFO-OPT,BFO,51
SENSEX,SENSEX26FEB82000CE,CE,82000,2026-02-26,297917445,20,0.05,BFO-OPT,BFO,51
SENSEX,SENSEX26FEB82000PE,PE,82000,2026-02-26,298329861,20,0.05,BFO-OPT,BFO,51
SENSEX,SENSEX26FEB82100CE,CE,82100,2026-02-26,297430277,20,0.05,BFO-OPT,BFO,51
SENSEX,SENSEX26FEB82100PE,PE,82100,2026-02-26,297851141,20,0.05,BFO-OPT,BFO,51
SENSEX,SENSEX26FEB82200CE,CE,82200,2026-02-26,298043397,20,0.05,BFO-OPT,BFO,51
SENSEX,SENSEX26FEB82200PE,PE,82200,2026-02-26,299282949,20,0.05,BFO-OPT,BFO,51
SENSEX,SENSEX26FEB82300CE,CE,82300,2026-02-26,297553669,20,0.05,BFO-OPT,BFO,51
SENSEX,SENSEX26FEB82300PE,PE,82300,2026-02-26,297972485,20,0.05,BFO-OPT,BFO,51
SENSEX,SENSEX26FEB82400CE,CE,82400,2026-02-26,299003397,20,0.05,BFO-OPT,BFO,51
SENSEX,SENSEX26FEB82400PE,PE,82400,2026-02-26,297484805,20,0.05,BFO-OPT,BFO,51
SENSEX,SENSEX26FEB82500CE,CE,82500,2026-02-26,297679877,20,0.05,BFO-OPT,BFO,51
SENSEX,SENSEX26FEB82500PE,PE,82500,2026-02-26,298094853,20,0.05,BFO-OPT,BFO,51
SENSEX,SENSEX26FEB82600CE,CE,82600,2026-02-26,299118853,20,0.05,BFO-OPT,BFO,51
SENSEX,SENSEX26FEB82600PE,PE,82600,2026-02-26,297609221,20,0.05,BFO-OPT,BFO,51
SENSEX,SENSEX26FEB82700CE,CE,82700,2026-02-26,297804037,20,0.05,BFO-OPT,BFO,51
SENSEX,SENSEX26FEB82700PE,PE,82700,2026-02-26,299050245,20,0.05,BFO-OPT,BFO,51
SENSEX,SENSEX26FEB82800CE,CE,82800,2026-02-26,299238661,20,0.05,BFO-OPT,BFO,51
SENSEX,SENSEX26FEB82800PE,PE,82800,2026-02-26,297732613,20,0.05,BFO-OPT,BFO,51
SENSEX,SENSEX26FEB82900CE,CE,82900,2026-02-26,298786565,20,0.05,BFO-OPT,BFO,51
SENSEX,SENSEX26FEB82900PE,PE,82900,2026-02-26,299173893,20,0.05,BFO-OPT,BFO,51
SENSEX,SENSEX26FEB83000CE,CE,83000,2026-02-26,299035397,20,0.05,BFO-OPT,BFO,51
SENSEX,SENSEX26FEB83000PE,PE,83000,2026-02-26,298404101,20,0.05,BFO-OPT,BFO,51
SENSEX,SENSEX26FEB83100CE,CE,83100,2026-02-26,298579973,20,0.05,BFO-OPT,BFO,51
SENSEX,SENSEX26FEB83100PE,PE,83100,2026-02-26,298978565,20,0.05,BFO-OPT,BFO,51
SENSEX,SENSEX26FEB83200CE,CE,83200,2026-02-26,298107397,20,0.05,BFO-OPT,BFO,51
SENSEX,SENSEX26FEB83200PE,PE,83200,2026-02-26,298516997,20,0.05,BFO-OPT,BFO,51
SENSEX,SENSEX26FEB83300CE,CE,83300,2026-02-26,298699525,20,0.05,BFO-OPT,BFO,51
SENSEX,SENSEX26FEB83300PE,PE,83300,2026-02-26,299090181,20,0.05,BFO-OPT,BFO,51
SENSEX,SENSEX26FEB83400CE,CE,83400,2026-02-26,298226693,20,0.05,BFO-OPT,BFO,51
SENSEX,SENSEX26FEB83400PE,PE,83400,2026-02-26,298633221,20,0.05,BFO-OPT,BFO,51
SENSEX,SENSEX26FEB83500CE,CE,83500,2026-02-26,298832645,20,0.05,BFO-OPT,BFO,51
SENSEX,SENSEX26FEB83500PE,PE,83500,2026-02-26,298159877,20,0.05,BFO-OPT,BFO,51
SENSEX,SENSEX26FEB83600CE,CE,83600,2026-02-26,298358277,20,0.05,BFO-OPT,BFO,51
SENSEX,SENSEX26FEB83600PE,PE,83600,2026-02-26,298759173,20,0.05,BFO-OPT,BFO,51
SENSEX,SENSEX26FEB83700CE,CE,83700,2026-02-26,297875205,20,0.05,BFO-OPT,BFO,51
SENSEX,SENSEX26FEB83700PE,PE,83700,2026-02-26,298289157,20,0.05,BFO-OPT,BFO,51
SENSEX,SENSEX26FEB83800CE,CE,83800,2026-02-26,298476549,20,0.05,BFO-OPT,BFO,51
SENSEX,SENSEX26FEB83800PE,PE,83800,2026-02-26,298882565,20,0.05,BFO-OPT,BFO,51
SENSEX,SENSEX26FEB83900CE,CE,83900,2026-02-26,298001925,20,0.05,BFO-OPT,BFO,51
SENSEX,SENSEX26FEB83900PE,PE,83900,2026-02-26,298419461,20,0.05,BFO-OPT,BFO,51
SENSEX,SENSEX26FEB84000CE,CE,84000,2026-02-26,299105285,20,0.05,BFO-OPT,BFO,51
SENSEX,SENSEX26FEB84000PE,PE,84000,2026-02-26,297598725,20,0.05,BFO-OPT,BFO,51
SENSEX,SENSEX26FEB84100CE,CE,84100,2026-02-26,297790725,20,0.05,BFO-OPT,BFO,51
SENSEX,SENSEX26FEB84100PE,PE,84100,2026-02-26,298196997,20,0.05,BFO-OPT,BFO,51
SENSEX,SENSEX26FEB84200CE,CE,84200,2026-02-26,299223813,20,0.05,BFO-OPT,BFO,51
SENSEX,SENSEX26FEB84200PE,PE,84200,2026-02-26,297721605,20,0.05,BFO-OPT,BFO,51
SENSEX,SENSEX26FEB84300CE,CE,84300,2026-02-26,297917701,20,0.05,BFO-OPT,BFO,51
SENSEX,SENSEX26FEB84300PE,PE,84300,2026-02-26,299161861,20,0.05,BFO-OPT,BFO,51
SENSEX,SENSEX26FEB84400CE,CE,84400,2026-02-26,297431301,20,0.05,BFO-OPT,BFO,51
SENSEX,SENSEX26FEB84400PE,PE,84400,2026-02-26,297852677,20,0.05,BFO-OPT,BFO,51
SENSEX,SENSEX26FEB84500CE,CE,84500,2026-02-26,298892805,20,0.05,BFO-OPT,BFO,51
SENSEX,SENSEX26FEB84500PE,PE,84500,2026-02-26,299283973,20,0.05,BFO-OPT,BFO,51
SENSEX,SENSEX26FEB84600CE,CE,84600,2026-02-26,297554181,20,0.05,BFO-OPT,BFO,51
SENSEX,SENSEX26FEB84600PE,PE,84600,2026-02-26,297974021,20,0.05,BFO-OPT,BFO,51
SENSEX,SENSEX26FEB84700CE,CE,84700,2026-02-26,299003909,20,0.05,BFO-OPT,BFO,51
SENSEX,SENSEX26FEB84700PE,PE,84700,2026-02-26,297485829,20,0.05,BFO-OPT,BFO,51
SENSEX,SENSEX26FEB84800CE,CE,84800,2026-02-26,297680645,20,0.05,BFO-OPT,BFO,51
SENSEX,SENSEX26FEB84800PE,PE,84800,2026-02-26,298944773,20,0.05,BFO-OPT,BFO,51
SENSEX,SENSEX26FEB84900CE,CE,84900,2026-02-26,299120133,20,0.05,BFO-OPT,BFO,51
SENSEX,SENSEX26FEB84900PE,PE,84900,2026-02-26,297611013,20,0.05,BFO-OPT,BFO,51
SENSEX,SENSEX26FEB85000CE,CE,85000,2026-02-26,298342661,20,0.05,BFO-OPT,BFO,51
SENSEX,SENSEX26FEB85000PE,PE,85000,2026-02-26,298745605,20,0.05,BFO-OPT,BFO,51
SENSEX,SENSEX26FEB85100CE,CE,85100,2026-02-26,298926085,20,0.05,BFO-OPT,BFO,51
SENSEX,SENSEX26FEB85100PE,PE,85100,2026-02-26,298275589,20,0.05,BFO-OPT,BFO,51
SENSEX,SENSEX26FEB85200CE,CE,85200,2026-02-26,298467589,20,0.05,BFO-OPT,BFO,51
SENSEX,SENSEX26FEB85200PE,PE,85200,2026-02-26,298871301,20,0.05,BFO-OPT,BFO,51
SENSEX,SENSEX26FEB85300CE,CE,85300,2026-02-26,297988613,20,0.05,BFO-OPT,BFO,51
SENSEX,SENSEX26FEB85300PE,PE,85300,2026-02-26,298406149,20,0.05,BFO-OPT,BFO,51
SENSEX,SENSEX26FEB85400CE,CE,85400,2026-02-26,298582021,20,0.05,BFO-OPT,BFO,51
SENSEX,SENSEX26FEB85400PE,PE,85400,2026-02-26,298979333,20,0.05,BFO-OPT,BFO,51
SENSEX,SENSEX26FEB85500CE,CE,85500,2026-02-26,298109445,20,0.05,BFO-OPT,BFO,51
SENSEX,SENSEX26FEB85500PE,PE,85500,2026-02-26,298518021,20,0.05,BFO-OPT,BFO,51
SENSEX,SENSEX26FEB85600CE,CE,85600,2026-02-26,298700293,20,0.05,BFO-OPT,BFO,51
SENSEX,SENSEX26FEB85600PE,PE,85600,2026-02-26,298050821,20,0.05,BFO-OPT,BFO,51
SENSEX,SENSEX26FEB85700CE,CE,85700,2026-02-26,298228997,20,0.05,BFO-OPT,BFO,51
SENSEX,SENSEX26FEB85700PE,PE,85700,2026-02-26,298634501,20,0.05,BFO-OPT,BFO,51
SENSEX,SENSEX26FEB85800CE,CE,85800,2026-02-26,297742597,20,0.05,BFO-OPT,BFO,51
SENSEX,SENSEX26FEB85800PE,PE,85800,2026-02-26,298160901,20,0.05,BFO-OPT,BFO,51
SENSEX,SENSEX26FEB85900CE,CE,85900,2026-02-26,298359045,20,0.05,BFO-OPT,BFO,51
SENSEX,SENSEX26FEB85900PE,PE,85900,2026-02-26,298759941,20,0.05,BFO-OPT,BFO,51
SENSEX,SENSEX26FEB86000CE,CE,86000,2026-02-26,297541893,20,0.05,BFO-OPT,BFO,51
SENSEX,SENSEX26FEB86000PE,PE,86000,2026-02-26,297961989,20,0.05,BFO-OPT,BFO,51
SENSEX,SENSEX26FEB86100CE,CE,86100,2026-02-26,298990853,20,0.05,BFO-OPT,BFO,51
SENSEX,SENSEX26FEB86100PE,PE,86100,2026-02-26,297473797,20,0.05,BFO-OPT,BFO,51
SENSEX,SENSEX26FEB86200CE,CE,86200,2026-02-26,297665029,20,0.05,BFO-OPT,BFO,51
SENSEX,SENSEX26FEB86200PE,PE,86200,2026-02-26,298085893,20,0.05,BFO-OPT,BFO,51
SENSEX,SENSEX26FEB86300CE,CE,86300,2026-02-26,299106309,20,0.05,BFO-OPT,BFO,51
SENSEX,SENSEX26FEB86300PE,PE,86300,2026-02-26,297600261,20,0.05,BFO-OPT,BFO,51
SENSEX,SENSEX26FEB86400CE,CE,86400,2026-02-26,297792261,20,0.05,BFO-OPT,BFO,51
SENSEX,SENSEX26FEB86400PE,PE,86400,2026-02-26,299041541,20,0.05,BFO-OPT,BFO,51
SENSEX,SENSEX26FEB86500CE,CE,86500,2026-02-26,299225093,20,0.05,BFO-OPT,BFO,51
SENSEX,SENSEX26FEB86500PE,PE,86500,2026-02-26,297722373,20,0.05,BFO-OPT,BFO,51
SENSEX,SENSEX26FEB86600CE,CE,86600,2026-02-26,298772485,20,0.05,BFO-OPT,BFO,51
SENSEX,SENSEX26FEB86600PE,PE,86600,2026-02-26,299162885,20,0.05,BFO-OPT,BFO,51
SENSEX,SENSEX26FEB86700CE,CE,86700,2026-02-26,297433093,20,0.05,BFO-OPT,BFO,51
SENSEX,SENSEX26FEB86700PE,PE,86700,2026-02-26,297853445,20,0.05,BFO-OPT,BFO,51
SENSEX,SENSEX26FEB86800CE,CE,86800,2026-02-26,298893317,20,0.05,BFO-OPT,BFO,51
SENSEX,SENSEX26FEB86800PE,PE,86800,2026-02-26,299284485,20,0.05,BFO-OPT,BFO,51
SENSEX,SENSEX26FEB86900CE,CE,86900,2026-02-26,297554949,20,0.05,BFO-OPT,BFO,51
SENSEX,SENSEX26FEB86900PE,PE,86900,2026-02-26,298838277,20,0.05,BFO-OPT,BFO,51
SENSEX,SENSEX26FEB87000CE,CE,87000,2026-02-26,298686981,20,0.05,BFO-OPT,BFO,51
SENSEX,SENSEX26FEB87000PE,PE,87000,2026-02-26,299077893,20,0.05,BFO-OPT,BFO,51
SENSEX,SENSEX26FEB87100CE,CE,87100,2026-02-26,298212357,20,0.05,BFO-OPT,BFO,51
SENSEX,SENSEX26FEB87100PE,PE,87100,2026-02-26,298622213,20,0.05,BFO-OPT,BFO,51
SENSEX,SENSEX26FEB87200CE,CE,87200,2026-02-26,298818053,20,0.05,BFO-OPT,BFO,51
SENSEX,SENSEX26FEB87200PE,PE,87200,2026-02-26,298148357,20,0.05,BFO-OPT,BFO,51
SENSEX,SENSEX26FEB87300CE,CE,87300,2026-02-26,298344197,20,0.05,BFO-OPT,BFO,51
SENSEX,SENSEX26FEB87300PE,PE,87300,2026-02-26,298747397,20,0.05,BFO-OPT,BFO,51
SENSEX,SENSEX26FEB87400CE,CE,87400,2026-02-26,297864709,20,0.05,BFO-OPT,BFO,51
SENSEX,SENSEX26FEB87400PE,PE,87400,2026-02-26,298276869,20,0.05,BFO-OPT,BFO,51
SENSEX,SENSEX26FEB87500CE,CE,87500,2026-02-26,298468613,20,0.05,BFO-OPT,BFO,51
SENSEX,SENSEX26FEB87500PE,PE,87500,2026-02-26,298872581,20,0.05,BFO-OPT,BFO,51
SENSEX,SENSEX26FEB87600CE,CE,87600,2026-02-26,297991173,20,0.05,BFO-OPT,BFO,51
SENSEX,SENSEX26FEB87600PE,PE,87600,2026-02-26,298408197,20,0.05,BFO-OPT,BFO,51
SENSEX,SENSEX26FEB87700CE,CE,87700,2026-02-26,298582789,20,0.05,BFO-OPT,BFO,51
SENSEX,SENSEX26FEB87700PE,PE,87700,2026-02-26,297924869,20,0.05,BFO-OPT,BFO,51
SENSEX,SENSEX26FEB87800CE,CE,87800,2026-02-26,298110213,20,0.05,BFO-OPT,BFO,51
SENSEX,SENSEX26FEB87800PE,PE,87800,2026-02-26,298518277,20,0.05,BFO-OPT,BFO,51
SENSEX,SENSEX26FEB87900CE,CE,87900,2026-02-26,297625861,20,0.05,BFO-OPT,BFO,51
SENSEX,SENSEX26FEB87900PE,PE,87900,2026-02-26,298051589,20,0.05,BFO-OPT,BFO,51
SENSEX,SENSEX26FEB88000CE,CE,88000,2026-02-26,297905669,20,0.05,BFO-OPT,BFO,51
SENSEX,SENSEX26FEB88000PE,PE,88000,2026-02-26,299150597,20,0.05,BFO-OPT,BFO,51
SENSEX,SENSEX26FEB88100CE,CE,88100,2026-02-26,297420549,20,0.05,BFO-OPT,BFO,51
SENSEX,SENSEX26FEB88100PE,PE,88100,2026-02-26,297839877,20,0.05,BFO-OPT,BFO,51
SENSEX,SENSEX26FEB88200CE,CE,88200,2026-02-26,298883589,20,0.05,BFO-OPT,BFO,51
SENSEX,SENSEX26FEB88200PE,PE,88200,2026-02-26,299269637,20,0.05,BFO-OPT,BFO,51
SENSEX,SENSEX26FEB88300CE,CE,88300,2026-02-26,297543685,20,0.05,BFO-OPT,BFO,51
SENSEX,SENSEX26FEB88300PE,PE,88300,2026-02-26,297962501,20,0.05,BFO-OPT,BFO,51
SENSEX,SENSEX26FEB88400CE,CE,88400,2026-02-26,298991877,20,0.05,BFO-OPT,BFO,51
SENSEX,SENSEX26FEB88400PE,PE,88400,2026-02-26,297474821,20,0.05,BFO-OPT,BFO,51
SENSEX,SENSEX26FEB88500CE,CE,88500,2026-02-26,297665797,20,0.05,BFO-OPT,BFO,51
SENSEX,SENSEX26FEB88500PE,PE,88500,2026-02-26,298932229,20,0.05,BFO-OPT,BFO,51
SENSEX,SENSEX26FEB88600CE,CE,88600,2026-02-26,299107589,20,0.05,BFO-OPT,BFO,51
SENSEX,SENSEX26FEB88600PE,PE,88600,2026-02-26,297601541,20,0.05,BFO-OPT,BFO,51
SENSEX,SENSEX26FEB88700CE,CE,88700,2026-02-26,298646277,20,0.05,BFO-OPT,BFO,51
SENSEX,SENSEX26FEB88700PE,PE,88700,2026-02-26,299042565,20,0.05,BFO-OPT,BFO,51
SENSEX,SENSEX26FEB88800CE,CE,88800,2026-02-26,299226373,20,0.05,BFO-OPT,BFO,51
SENSEX,SENSEX26FEB88800PE,PE,88800,2026-02-26,297723141,20,0.05,BFO-OPT,BFO,51
SENSEX,SENSEX26FEB88900CE,CE,88900,2026-02-26,298773765,20,0.05,BFO-OPT,BFO,51
SENSEX,SENSEX26FEB88900PE,PE,88900,2026-02-26,299164677,20,0.05,BFO-OPT,BFO,51
SENSEX,SENSEX26FEB89000CE,CE,89000,2026-02-26,297975557,20,0.05,BFO-OPT,BFO,51
SENSEX,SENSEX26FEB89000PE,PE,89000,2026-02-26,298393605,20,0.05,BFO-OPT,BFO,51
SENSEX,SENSEX26FEB89100CE,CE,89100,2026-02-26,298568453,20,0.05,BFO-OPT,BFO,51
SENSEX,SENSEX26FEB89100PE,PE,89100,2026-02-26,298968837,20,0.05,BFO-OPT,BFO,51
SENSEX,SENSEX26FEB89200CE,CE,89200,2026-02-26,298097925,20,0.05,BFO-OPT,BFO,51
SENSEX,SENSEX26FEB89200PE,PE,89200,2026-02-26,298508293,20,0.05,BFO-OPT,BFO,51
SENSEX,SENSEX26FEB89300CE,CE,89300,2026-02-26,298688517,20,0.05,BFO-OPT,BFO,51
SENSEX,SENSEX26FEB89300PE,PE,89300,2026-02-26,298036741,20,0.05,BFO-OPT,BFO,51
SENSEX,SENSEX26FEB89400CE,CE,89400,2026-02-26,298213381,20,0.05,BFO-OPT,BFO,51
SENSEX,SENSEX26FEB89400PE,PE,89400,2026-02-26,298623237,20,0.05,BFO-OPT,BFO,51
SENSEX,SENSEX26FEB89500CE,CE,89500,2026-02-26,297734661,20,0.05,BFO-OPT,BFO,51
SENSEX,SENSEX26FEB89500PE,PE,89500,2026-02-26,298148869,20,0.05,BFO-OPT,BFO,51
SENSEX,SENSEX26FEB89600CE,CE,89600,2026-02-26,298344965,20,0.05,BFO-OPT,BFO,51
SENSEX,SENSEX26FEB89600PE,PE,89600,2026-02-26,298748421,20,0.05,BFO-OPT,BFO,51
SENSEX,SENSEX26FEB89700CE,CE,89700,2026-02-26,297865733,20,0.05,BFO-OPT,BFO,51
SENSEX,SENSEX26FEB89700PE,PE,89700,2026-02-26,298277637,20,0.05,BFO-OPT,BFO,51
SENSEX,SENSEX26FEB89800CE,CE,89800,2026-02-26,298469637,20,0.05,BFO-OPT,BFO,51
SENSEX,SENSEX26FEB89800PE,PE,89800,2026-02-26,297799173,20,0.05,BFO-OPT,BFO,51
SENSEX,SENSEX26FEB89900CE,CE,89900,2026-02-26,297991429,20,0.05,BFO-OPT,BFO,51
SENSEX,SENSEX26FEB89900PE,PE,89900,2026-02-26,298408965,20,0.05,BFO-OPT,BFO,51
SENSEX,SENSEX26FEB90000CE,CE,90000,2026-02-26,297569797,20,0.05,BFO-OPT,BFO,51
SENSEX,SENSEX26FEB90000PE,PE,90000,2026-02-26,297993221,20,0.05,BFO-OPT,BFO,51
SENSEX,SENSEX26FEB90100CE,CE,90100,2026-02-26,298171141,20,0.05,BFO-OPT,BFO,51
SENSEX,SENSEX26FEB90100PE,PE,90100,2026-02-26,297500677,20,0.05,BFO-OPT,BFO,51
SENSEX,SENSEX26FEB90200CE,CE,90200,2026-02-26,297691141,20,0.05,BFO-OPT,BFO,51
SENSEX,SENSEX26FEB90200PE,PE,90200,2026-02-26,298112261,20,0.05,BFO-OPT,BFO,51
SENSEX,SENSEX26FEB90300CE,CE,90300,2026-02-26,299133445,20,0.05,BFO-OPT,BFO,51
SENSEX,SENSEX26FEB90300PE,PE,90300,2026-02-26,297629189,20,0.05,BFO-OPT,BFO,51
SENSEX,SENSEX26FEB90400CE,CE,90400,2026-02-26,297825541,20,0.05,BFO-OPT,BFO,51
SENSEX,SENSEX26FEB90400PE,PE,90400,2026-02-26,298233093,20,0.05,BFO-OPT,BFO,51
SENSEX,SENSEX26FEB90500CE,CE,90500,2026-02-26,299256837,20,0.05,BFO-OPT,BFO,51
SENSEX,SENSEX26FEB90500PE,PE,90500,2026-02-26,297747205,20,0.05,BFO-OPT,BFO,51
SENSEX,SENSEX26FEB90600CE,CE,90600,2026-02-26,297946373,20,0.05,BFO-OPT,BFO,51
SENSEX,SENSEX26FEB90600PE,PE,90600,2026-02-26,298363653,20,0.05,BFO-OPT,BFO,51
SENSEX,SENSEX26FEB90700CE,CE,90700,2026-02-26,297459973,20,0.05,BFO-OPT,BFO,51
SENSEX,SENSEX26FEB90700PE,PE,90700,2026-02-26,297878789,20,0.05,BFO-OPT,BFO,51
SENSEX,SENSEX26FEB90800CE,CE,90800,2026-02-26,298073093,20,0.05,BFO-OPT,BFO,51
SENSEX,SENSEX26FEB90800PE,PE,90800,2026-02-26,297400581,20,0.05,BFO-OPT,BFO,51
SENSEX,SENSEX26FEB90900CE,CE,90900,2026-02-26,297580805,20,0.05,BFO-OPT,BFO,51
SENSEX,SENSEX26FEB90900PE,PE,90900,2026-02-26,298006021,20,0.05,BFO-OPT,BFO,51
SENSEX,SENSEX26FEB91000CE,CE,91000,2026-02-26,298717189,20,0.05,BFO-OPT,BFO,51
SENSEX,SENSEX26FEB91000PE,PE,91000,2026-02-26,299109125,20,0.05,BFO-OPT,BFO,51
SENSEX,SENSEX26FEB91100CE,CE,91100,2026-02-26,298248197,20,0.05,BFO-OPT,BFO,51
SENSEX,SENSEX26FEB91100PE,PE,91100,2026-02-26,298647813,20,0.05,BFO-OPT,BFO,51
SENSEX,SENSEX26FEB91200CE,CE,91200,2026-02-26,298849029,20,0.05,BFO-OPT,BFO,51
SENSEX,SENSEX26FEB91200PE,PE,91200,2026-02-26,299229189,20,0.05,BFO-OPT,BFO,51
SENSEX,SENSEX26FEB91300CE,CE,91300,2026-02-26,298378245,20,0.05,BFO-OPT,BFO,51
SENSEX,SENSEX26FEB91300PE,PE,91300,2026-02-26,298775813,20,0.05,BFO-OPT,BFO,51
SENSEX,SENSEX26FEB91400CE,CE,91400,2026-02-26,298952965,20,0.05,BFO-OPT,BFO,51
SENSEX,SENSEX26FEB91400PE,PE,91400,2026-02-26,297436165,20,0.05,BFO-OPT,BFO,51
SENSEX,SENSEX26FEB91500CE,CE,91500,2026-02-26,298491909,20,0.05,BFO-OPT,BFO,51
SENSEX,SENSEX26FEB91500PE,PE,91500,2026-02-26,298895621,20,0.05,BFO-OPT,BFO,51
SENSEX,SENSEX26FEB91600CE,CE,91600,2026-02-26,299062277,20,0.05,BFO-OPT,BFO,51
SENSEX,SENSEX26FEB91600PE,PE,91600,2026-02-26,298435077,20,0.05,BFO-OPT,BFO,51
SENSEX,SENSEX26FEB91700CE,CE,91700,2026-02-26,298605573,20,0.05,BFO-OPT,BFO,51
SENSEX,SENSEX26FEB91700PE,PE,91700,2026-02-26,299007749,20,0.05,BFO-OPT,BFO,51
SENSEX,SENSEX26FEB91800CE,CE,91800,2026-02-26,298133509,20,0.05,BFO-OPT,BFO,51
SENSEX,SENSEX26FEB91800PE,PE,91800,2026-02-26,298545925,20,0.05,BFO-OPT,BFO,51
SENSEX,SENSEX26FEB91900CE,CE,91900,2026-02-26,298729989,20,0.05,BFO-OPT,BFO,51
SENSEX,SENSEX26FEB91900PE,PE,91900,2026-02-26,299123205,20,0.05,BFO-OPT,BFO,51
SENSEX,SENSEX26FEB92000CE,CE,92000,2026-02-26,297933573,20,0.05,BFO-OPT,BFO,51
SENSEX,SENSEX26FEB92000PE,PE,92000,2026-02-26,298347525,20,0.05,BFO-OPT,BFO,51
SENSEX,SENSEX26FEB92100CE,CE,92100,2026-02-26,297449989,20,0.05,BFO-OPT,BFO,51
SENSEX,SENSEX26FEB92100PE,PE,92100,2026-02-26,297868037,20,0.05,BFO-OPT,BFO,51
SENSEX,SENSEX26FEB92200CE,CE,92200,2026-02-26,298063365,20,0.05,BFO-OPT,BFO,51
SENSEX,SENSEX26FEB92200PE,PE,92200,2026-02-26,297389573,20,0.05,BFO-OPT,BFO,51
SENSEX,SENSEX26FEB92300CE,CE,92300,2026-02-26,297570565,20,0.05,BFO-OPT,BFO,51
SENSEX,SENSEX26FEB92300PE,PE,92300,2026-02-26,297993989,20,0.05,BFO-OPT,BFO,51
SENSEX,SENSEX26FEB92400CE,CE,92400,2026-02-26,298171909,20,0.05,BFO-OPT,BFO,51
SENSEX,SENSEX26FEB92400PE,PE,92400,2026-02-26,297501701,20,0.05,BFO-OPT,BFO,51
SENSEX,SENSEX26FEB92500CE,CE,92500,2026-02-26,297691909,20,0.05,BFO-OPT,BFO,51
SENSEX,SENSEX26FEB92500PE,PE,92500,2026-02-26,298112517,20,0.05,BFO-OPT,BFO,51
SENSEX,SENSEX26FEB92600CE,CE,92600,2026-02-26,299134469,20,0.05,BFO-OPT,BFO,51
SENSEX,SENSEX26FEB92600PE,PE,92600,2026-02-26,297630469,20,0.05,BFO-OPT,BFO,51
SENSEX,SENSEX26FEB92700CE,CE,92700,2026-02-26,297826053,20,0.05,BFO-OPT,BFO,51
SENSEX,SENSEX26FEB92700PE,PE,92700,2026-02-26,298234629,20,0.05,BFO-OPT,BFO,51
SENSEX,SENSEX26FEB92800CE,CE,92800,2026-02-26,299257605,20,0.05,BFO-OPT,BFO,51
SENSEX,SENSEX26FEB92800PE,PE,92800,2026-02-26,297748741,20,0.05,BFO-OPT,BFO,51
SENSEX,SENSEX26FEB92900CE,CE,92900,2026-02-26,297947653,20,0.05,BFO-OPT,BFO,51
SENSEX,SENSEX26FEB92900PE,PE,92900,2026-02-26,299190533,20,0.05,BFO-OPT,BFO,51
SENSEX,SENSEX26FEB93000CE,CE,93000,2026-02-26,299050501,20,0.05,BFO-OPT,BFO,51
SENSEX,SENSEX26FEB93000PE,PE,93000,2026-02-26,298424069,20,0.05,BFO-OPT,BFO,51
SENSEX,SENSEX26FEB93100CE,CE,93100,2026-02-26,298595845,20,0.05,BFO-OPT,BFO,51
SENSEX,SENSEX26FEB93100PE,PE,93100,2026-02-26,298995461,20,0.05,BFO-OPT,BFO,51
SENSEX,SENSEX26FEB93200CE,CE,93200,2026-02-26,298123013,20,0.05,BFO-OPT,BFO,51
SENSEX,SENSEX26FEB93200PE,PE,93200,2026-02-26,298532357,20,0.05,BFO-OPT,BFO,51
SENSEX,SENSEX26FEB93300CE,CE,93300,2026-02-26,300489221,20,0.05,BFO-OPT,BFO,51
SENSEX,SENSEX26FEB93300PE,PE,93300,2026-02-26,300566277,20,0.05,BFO-OPT,BFO,51
SENSEX,SENSEX26MAR75000CE,CE,75000,2026-03-25,221222149,20,0.05,BFO-OPT,BFO,78
SENSEX,SENSEX26MAR75000PE,PE,75000,2026-03-25,221252101,20,0.05,BFO-OPT,BFO,78
SENSEX,SENSEX26MAR76000CE,CE,76000,2026-03-25,220218885,20,0.05,BFO-OPT,BFO,78
SENSEX,SENSEX26MAR76000PE,PE,76000,2026-03-25,220115461,20,0.05,BFO-OPT,BFO,78
SENSEX,SENSEX26MAR77000CE,CE,77000,2026-03-25,281825797,20,0.05,BFO-OPT,BFO,78
SENSEX,SENSEX26MAR77000PE,PE,77000,2026-03-25,281925637,20,0.05,BFO-OPT,BFO,78
SENSEX,SENSEX26MAR77100CE,CE,77100,2026-03-25,210533893,20,0.05,BFO-OPT,BFO,78
SENSEX,SENSEX26MAR77100PE,PE,77100,2026-03-25,210565893,20,0.05,BFO-OPT,BFO,78
SENSEX,SENSEX26MAR77200CE,CE,77200,2026-03-25,210497029,20,0.05,BFO-OPT,BFO,78
SENSEX,SENSEX26MAR77200PE,PE,77200,2026-03-25,210528773,20,0.05,BFO-OPT,BFO,78
SENSEX,SENSEX26MAR77300CE,CE,77300,2026-03-25,210544645,20,0.05,BFO-OPT,BFO,78
SENSEX,SENSEX26MAR77300PE,PE,77300,2026-03-25,210574085,20,0.05,BFO-OPT,BFO,78
SENSEX,SENSEX26MAR77400CE,CE,77400,2026-03-25,210505221,20,0.05,BFO-OPT,BFO,78
SENSEX,SENSEX26MAR77400PE,PE,77400,2026-03-25,210540549,20,0.05,BFO-OPT,BFO,78
SENSEX,SENSEX26MAR77500CE,CE,77500,2026-03-25,210554629,20,0.05,BFO-OPT,BFO,78
SENSEX,SENSEX26MAR77500PE,PE,77500,2026-03-25,210583557,20,0.05,BFO-OPT,BFO,78
SENSEX,SENSEX26MAR77600CE,CE,77600,2026-03-25,210514437,20,0.05,BFO-OPT,BFO,78
SENSEX,SENSEX26MAR77600PE,PE,77600,2026-03-25,210550277,20,0.05,BFO-OPT,BFO,78
SENSEX,SENSEX26MAR77700CE,CE,77700,2026-03-25,210563589,20,0.05,BFO-OPT,BFO,78
SENSEX,SENSEX26MAR77700PE,PE,77700,2026-03-25,210509317,20,0.05,BFO-OPT,BFO,78
SENSEX,SENSEX26MAR77800CE,CE,77800,2026-03-25,210525189,20,0.05,BFO-OPT,BFO,78
SENSEX,SENSEX26MAR77800PE,PE,77800,2026-03-25,210560261,20,0.05,BFO-OPT,BFO,78
SENSEX,SENSEX26MAR77900CE,CE,77900,2026-03-25,210490885,20,0.05,BFO-OPT,BFO,78
SENSEX,SENSEX26MAR77900PE,PE,77900,2026-03-25,210519557,20,0.05,BFO-OPT,BFO,78
SENSEX,SENSEX26MAR78000CE,CE,78000,2026-03-25,281832453,20,0.05,BFO-OPT,BFO,78
SENSEX,SENSEX26MAR78000PE,PE,78000,2026-03-25,281865221,20,0.05,BFO-OPT,BFO,78
SENSEX,SENSEX26MAR78100CE,CE,78100,2026-03-25,210615557,20,0.05,BFO-OPT,BFO,78
SENSEX,SENSEX26MAR78100PE,PE,78100,2026-03-25,210503429,20,0.05,BFO-OPT,BFO,78
SENSEX,SENSEX26MAR78200CE,CE,78200,2026-03-25,210584325,20,0.05,BFO-OPT,BFO,78
SENSEX,SENSEX26MAR78200PE,PE,78200,2026-03-25,210611205,20,0.05,BFO-OPT,BFO,78
SENSEX,SENSEX26MAR78300CE,CE,78300,2026-03-25,210622213,20,0.05,BFO-OPT,BFO,78
SENSEX,SENSEX26MAR78300PE,PE,78300,2026-03-25,210512389,20,0.05,BFO-OPT,BFO,78
SENSEX,SENSEX26MAR78400CE,CE,78400,2026-03-25,210592773,20,0.05,BFO-OPT,BFO,78
SENSEX,SENSEX26MAR78400PE,PE,78400,2026-03-25,210618629,20,0.05,BFO-OPT,BFO,78
SENSEX,SENSEX26MAR78500CE,CE,78500,2026-03-25,210493189,20,0.05,BFO-OPT,BFO,78
SENSEX,SENSEX26MAR78500PE,PE,78500,2026-03-25,210589189,20,0.05,BFO-OPT,BFO,78
SENSEX,SENSEX26MAR78600CE,CE,78600,2026-03-25,210599429,20,0.05,BFO-OPT,BFO,78
SENSEX,SENSEX26MAR78600PE,PE,78600,2026-03-25,210626309,20,0.05,BFO-OPT,BFO,78
SENSEX,SENSEX26MAR78700CE,CE,78700,2026-03-25,210567941,20,0.05,BFO-OPT,BFO,78
SENSEX,SENSEX26MAR78700PE,PE,78700,2026-03-25,210597125,20,0.05,BFO-OPT,BFO,78
SENSEX,SENSEX26MAR78800CE,CE,78800,2026-03-25,210607621,20,0.05,BFO-OPT,BFO,78
SENSEX,SENSEX26MAR78800PE,PE,78800,2026-03-25,210496261,20,0.05,BFO-OPT,BFO,78
SENSEX,SENSEX26MAR78900CE,CE,78900,2026-03-25,210577157,20,0.05,BFO-OPT,BFO,78
SENSEX,SENSEX26MAR78900PE,PE,78900,2026-03-25,210603525,20,0.05,BFO-OPT,BFO,78
SENSEX,SENSEX26MAR79000CE,CE,79000,2026-03-25,281920005,20,0.05,BFO-OPT,BFO,78
SENSEX,SENSEX26MAR79000PE,PE,79000,2026-03-25,281801989,20,0.05,BFO-OPT,BFO,78
SENSEX,SENSEX26MAR79100CE,CE,79100,2026-03-25,210562821,20,0.05,BFO-OPT,BFO,78
SENSEX,SENSEX26MAR79100PE,PE,79100,2026-03-25,210591237,20,0.05,BFO-OPT,BFO,78
SENSEX,SENSEX26MAR79200CE,CE,79200,2026-03-25,210524165,20,0.05,BFO-OPT,BFO,78
SENSEX,SENSEX26MAR79200PE,PE,79200,2026-03-25,210558213,20,0.05,BFO-OPT,BFO,78
SENSEX,SENSEX26MAR79300CE,CE,79300,2026-03-25,210570757,20,0.05,BFO-OPT,BFO,78
SENSEX,SENSEX26MAR79300PE,PE,79300,2026-03-25,210518533,20,0.05,BFO-OPT,BFO,78
SENSEX,SENSEX26MAR79400CE,CE,79400,2026-03-25,210534149,20,0.05,BFO-OPT,BFO,78
SENSEX,SENSEX26MAR79400PE,PE,79400,2026-03-25,210566149,20,0.05,BFO-OPT,BFO,78
SENSEX,SENSEX26MAR79500CE,CE,79500,2026-03-25,210497541,20,0.05,BFO-OPT,BFO,78
SENSEX,SENSEX26MAR79500PE,PE,79500,2026-03-25,210529029,20,0.05,BFO-OPT,BFO,78
SENSEX,SENSEX26MAR79600CE,CE,79600,2026-03-25,210544901,20,0.05,BFO-OPT,BFO,78
SENSEX,SENSEX26MAR79600PE,PE,79600,2026-03-25,210574341,20,0.05,BFO-OPT,BFO,78
SENSEX,SENSEX26MAR79700CE,CE,79700,2026-03-25,210505477,20,0.05,BFO-OPT,BFO,78
SENSEX,SENSEX26MAR79700PE,PE,79700,2026-03-25,210540805,20,0.05,BFO-OPT,BFO,78
SENSEX,SENSEX26MAR79800CE,CE,79800,2026-03-25,210554885,20,0.05,BFO-OPT,BFO,78
SENSEX,SENSEX26MAR79800PE,PE,79800,2026-03-25,210501381,20,0.05,BFO-OPT,BFO,78
SENSEX,SENSEX26MAR79900CE,CE,79900,2026-03-25,210514693,20,0.05,BFO-OPT,BFO,78
SENSEX,SENSEX26MAR79900PE,PE,79900,2026-03-25,210550789,20,0.05,BFO-OPT,BFO,78
SENSEX,SENSEX26MAR80000CE,CE,80000,2026-03-25,281891333,20,0.05,BFO-OPT,BFO,78
SENSEX,SENSEX26MAR80000PE,PE,80000,2026-03-25,281922053,20,0.05,BFO-OPT,BFO,78
SENSEX,SENSEX26MAR80100CE,CE,80100,2026-03-25,210531589,20,0.05,BFO-OPT,BFO,78
SENSEX,SENSEX26MAR80100PE,PE,80100,2026-03-25,210620421,20,0.05,BFO-OPT,BFO,78
SENSEX,SENSEX26MAR80200CE,CE,80200,2026-03-25,210494469,20,0.05,BFO-OPT,BFO,78
SENSEX,SENSEX26MAR80200PE,PE,80200,2026-03-25,210525445,20,0.05,BFO-OPT,BFO,78
SENSEX,SENSEX26MAR80300CE,CE,80300,2026-03-25,210600965,20,0.05,BFO-OPT,BFO,78
SENSEX,SENSEX26MAR80300PE,PE,80300,2026-03-25,210491141,20,0.05,BFO-OPT,BFO,78
SENSEX,SENSEX26MAR80400CE,CE,80400,2026-03-25,210502661,20,0.05,BFO-OPT,BFO,78
SENSEX,SENSEX26MAR80400PE,PE,80400,2026-03-25,210536453,20,0.05,BFO-OPT,BFO,78
SENSEX,SENSEX26MAR80500CE,CE,80500,2026-03-25,210609925,20,0.05,BFO-OPT,BFO,78
SENSEX,SENSEX26MAR80500PE,PE,80500,2026-03-25,210499077,20,0.05,BFO-OPT,BFO,78
SENSEX,SENSEX26MAR80600CE,CE,80600,2026-03-25,210511365,20,0.05,BFO-OPT,BFO,78
SENSEX,SENSEX26MAR80600PE,PE,80600,2026-03-25,210605317,20,0.05,BFO-OPT,BFO,78
SENSEX,SENSEX26MAR80700CE,CE,80700,2026-03-25,210617349,20,0.05,BFO-OPT,BFO,78
SENSEX,SENSEX26MAR80700PE,PE,80700,2026-03-25,210507269,20,0.05,BFO-OPT,BFO,78
SENSEX,SENSEX26MAR80800CE,CE,80800,2026-03-25,210587909,20,0.05,BFO-OPT,BFO,78
SENSEX,SENSEX26MAR80800PE,PE,80800,2026-03-25,210614533,20,0.05,BFO-OPT,BFO,78
SENSEX,SENSEX26MAR80900CE,CE,80900,2026-03-25,210625541,20,0.05,BFO-OPT,BFO,78
SENSEX,SENSEX26MAR80900PE,PE,80900,2026-03-25,210515717,20,0.05,BFO-OPT,BFO,78
SENSEX,SENSEX26MAR81000CE,CE,81000,2026-03-25,281828357,20,0.05,BFO-OPT,BFO,78
SENSEX,SENSEX26MAR81000PE,PE,81000,2026-03-25,281861893,20,0.05,BFO-OPT,BFO,78
SENSEX,SENSEX26MAR81100CE,CE,81100,2026-03-25,210538245,20,0.05,BFO-OPT,BFO,78
SENSEX,SENSEX26MAR81100PE,PE,81100,2026-03-25,210568197,20,0.05,BFO-OPT,BFO,78
SENSEX,SENSEX26MAR81200CE,CE,81200,2026-03-25,210581253,20,0.05,BFO-OPT,BFO,78
SENSEX,SENSEX26MAR81200PE,PE,81200,2026-03-25,210608133,20,0.05,BFO-OPT,BFO,78
SENSEX,SENSEX26MAR81300CE,CE,81300,2026-03-25,210546949,20,0.05,BFO-OPT,BFO,78
SENSEX,SENSEX26MAR81300PE,PE,81300,2026-03-25,210577413,20,0.05,BFO-OPT,BFO,78
SENSEX,SENSEX26MAR81400CE,CE,81400,2026-03-25,210589957,20,0.05,BFO-OPT,BFO,78
SENSEX,SENSEX26MAR81400PE,PE,81400,2026-03-25,210542597,20,0.05,BFO-OPT,BFO,78
SENSEX,SENSEX26MAR81500CE,CE,81500,2026-03-25,210556933,20,0.05,BFO-OPT,BFO,78
SENSEX,SENSEX26MAR81500PE,PE,81500,2026-03-25,210586117,20,0.05,BFO-OPT,BFO,78
SENSEX,SENSEX26MAR81600CE,CE,81600,2026-03-25,210517509,20,0.05,BFO-OPT,BFO,78
SENSEX,SENSEX26MAR81600PE,PE,81600,2026-03-25,210552069,20,0.05,BFO-OPT,BFO,78
SENSEX,SENSEX26MAR81700CE,CE,81700,2026-03-25,210565381,20,0.05,BFO-OPT,BFO,78
SENSEX,SENSEX26MAR81700PE,PE,81700,2026-03-25,210594053,20,0.05,BFO-OPT,BFO,78
SENSEX,SENSEX26MAR81800CE,CE,81800,2026-03-25,210528517,20,0.05,BFO-OPT,BFO,78
SENSEX,SENSEX26MAR81800PE,PE,81800,2026-03-25,210562053,20,0.05,BFO-OPT,BFO,78
SENSEX,SENSEX26MAR81900CE,CE,81900,2026-03-25,210573317,20,0.05,BFO-OPT,BFO,78
SENSEX,SENSEX26MAR81900PE,PE,81900,2026-03-25,210522885,20,0.05,BFO-OPT,BFO,78
SENSEX,SENSEX26MAR82000CE,CE,82000,2026-03-25,281916933,20,0.05,BFO-OPT,BFO,78
SENSEX,SENSEX26MAR82000PE,PE,82000,2026-03-25,281868037,20,0.05,BFO-OPT,BFO,78
SENSEX,SENSEX26MAR82100CE,CE,82100,2026-03-25,210616325,20,0.05,BFO-OPT,BFO,78
SENSEX,SENSEX26MAR82100PE,PE,82100,2026-03-25,210505733,20,0.05,BFO-OPT,BFO,78
SENSEX,SENSEX26MAR82200CE,CE,82200,2026-03-25,210520325,20,0.05,BFO-OPT,BFO,78
SENSEX,SENSEX26MAR82200PE,PE,82200,2026-03-25,210613253,20,0.05,BFO-OPT,BFO,78
SENSEX,SENSEX26MAR82300CE,CE,82300,2026-03-25,210624261,20,0.05,BFO-OPT,BFO,78
SENSEX,SENSEX26MAR82300PE,PE,82300,2026-03-25,210514949,20,0.05,BFO-OPT,BFO,78
SENSEX,SENSEX26MAR82400CE,CE,82400,2026-03-25,210595845,20,0.05,BFO-OPT,BFO,78
SENSEX,SENSEX26MAR82400PE,PE,82400,2026-03-25,210620677,20,0.05,BFO-OPT,BFO,78
SENSEX,SENSEX26MAR82500CE,CE,82500,2026-03-25,210494725,20,0.05,BFO-OPT,BFO,78
SENSEX,SENSEX26MAR82500PE,PE,82500,2026-03-25,210525701,20,0.05,BFO-OPT,BFO,78
SENSEX,SENSEX26MAR82600CE,CE,82600,2026-03-25,210601221,20,0.05,BFO-OPT,BFO,78
SENSEX,SENSEX26MAR82600PE,PE,82600,2026-03-25,210491397,20,0.05,BFO-OPT,BFO,78
SENSEX,SENSEX26MAR82700CE,CE,82700,2026-03-25,210502917,20,0.05,BFO-OPT,BFO,78
SENSEX,SENSEX26MAR82700PE,PE,82700,2026-03-25,210598149,20,0.05,BFO-OPT,BFO,78
SENSEX,SENSEX26MAR82800CE,CE,82800,2026-03-25,210610181,20,0.05,BFO-OPT,BFO,78
SENSEX,SENSEX26MAR82800PE,PE,82800,2026-03-25,210499333,20,0.05,BFO-OPT,BFO,78
SENSEX,SENSEX26MAR82900CE,CE,82900,2026-03-25,210579461,20,0.05,BFO-OPT,BFO,78
SENSEX,SENSEX26MAR82900PE,PE,82900,2026-03-25,210605573,20,0.05,BFO-OPT,BFO,78
SENSEX,SENSEX26MAR83000CE,CE,83000,2026-03-25,281923077,20,0.05,BFO-OPT,BFO,78
SENSEX,SENSEX26MAR83000PE,PE,83000,2026-03-25,281804293,20,0.05,BFO-OPT,BFO,78
SENSEX,SENSEX26MAR83100CE,CE,83100,2026-03-25,210564101,20,0.05,BFO-OPT,BFO,78
SENSEX,SENSEX26MAR83100PE,PE,83100,2026-03-25,210593029,20,0.05,BFO-OPT,BFO,78
SENSEX,SENSEX26MAR83200CE,CE,83200,2026-03-25,210526725,20,0.05,BFO-OPT,BFO,78
SENSEX,SENSEX26MAR83200PE,PE,83200,2026-03-25,210561285,20,0.05,BFO-OPT,BFO,78
SENSEX,SENSEX26MAR83300CE,CE,83300,2026-03-25,210572293,20,0.05,BFO-OPT,BFO,78
SENSEX,SENSEX26MAR83300PE,PE,83300,2026-03-25,210599685,20,0.05,BFO-OPT,BFO,78
SENSEX,SENSEX26MAR83400CE,CE,83400,2026-03-25,210538501,20,0.05,BFO-OPT,BFO,78
SENSEX,SENSEX26MAR83400PE,PE,83400,2026-03-25,210568453,20,0.05,BFO-OPT,BFO,78
SENSEX,SENSEX26MAR83500CE,CE,83500,2026-03-25,210581509,20,0.05,BFO-OPT,BFO,78
SENSEX,SENSEX26MAR83500PE,PE,83500,2026-03-25,210531845,20,0.05,BFO-OPT,BFO,78
SENSEX,SENSEX26MAR83600CE,CE,83600,2026-03-25,210547205,20,0.05,BFO-OPT,BFO,78
SENSEX,SENSEX26MAR83600PE,PE,83600,2026-03-25,210577669,20,0.05,BFO-OPT,BFO,78
SENSEX,SENSEX26MAR83700CE,CE,83700,2026-03-25,210508549,20,0.05,BFO-OPT,BFO,78
SENSEX,SENSEX26MAR83700PE,PE,83700,2026-03-25,210542853,20,0.05,BFO-OPT,BFO,78
SENSEX,SENSEX26MAR83800CE,CE,83800,2026-03-25,210557189,20,0.05,BFO-OPT,BFO,78
SENSEX,SENSEX26MAR83800PE,PE,83800,2026-03-25,210586373,20,0.05,BFO-OPT,BFO,78
SENSEX,SENSEX26MAR83900CE,CE,83900,2026-03-25,210517765,20,0.05,BFO-OPT,BFO,78
SENSEX,SENSEX26MAR83900PE,PE,83900,2026-03-25,210552325,20,0.05,BFO-OPT,BFO,78
SENSEX,SENSEX26MAR84000CE,CE,84000,2026-03-25,288679685,20,0.05,BFO-OPT,BFO,78
SENSEX,SENSEX26MAR84000PE,PE,84000,2026-03-25,288762373,20,0.05,BFO-OPT,BFO,78
SENSEX,SENSEX26MAR84100CE,CE,84100,2026-03-25,210501637,20,0.05,BFO-OPT,BFO,78
SENSEX,SENSEX26MAR84100PE,PE,84100,2026-03-25,210534917,20,0.05,BFO-OPT,BFO,78
SENSEX,SENSEX26MAR84200CE,CE,84200,2026-03-25,210608645,20,0.05,BFO-OPT,BFO,78
SENSEX,SENSEX26MAR84200PE,PE,84200,2026-03-25,210497797,20,0.05,BFO-OPT,BFO,78
SENSEX,SENSEX26MAR84300CE,CE,84300,2026-03-25,210510853,20,0.05,BFO-OPT,BFO,78
SENSEX,SENSEX26MAR84300PE,PE,84300,2026-03-25,210604549,20,0.05,BFO-OPT,BFO,78
SENSEX,SENSEX26MAR84400CE,CE,84400,2026-03-25,210616581,20,0.05,BFO-OPT,BFO,78
SENSEX,SENSEX26MAR84400PE,PE,84400,2026-03-25,210505989,20,0.05,BFO-OPT,BFO,78
SENSEX,SENSEX26MAR84500CE,CE,84500,2026-03-25,210586885,20,0.05,BFO-OPT,BFO,78
SENSEX,SENSEX26MAR84500PE,PE,84500,2026-03-25,210613509,20,0.05,BFO-OPT,BFO,78
SENSEX,SENSEX26MAR84600CE,CE,84600,2026-03-25,210624517,20,0.05,BFO-OPT,BFO,78
SENSEX,SENSEX26MAR84600PE,PE,84600,2026-03-25,210515205,20,0.05,BFO-OPT,BFO,78
SENSEX,SENSEX26MAR84700CE,CE,84700,2026-03-25,210596101,20,0.05,BFO-OPT,BFO,78
SENSEX,SENSEX26MAR84700PE,PE,84700,2026-03-25,210620933,20,0.05,BFO-OPT,BFO,78
SENSEX,SENSEX26MAR84800CE,CE,84800,2026-03-25,210494981,20,0.05,BFO-OPT,BFO,78
SENSEX,SENSEX26MAR84800PE,PE,84800,2026-03-25,210525957,20,0.05,BFO-OPT,BFO,78
SENSEX,SENSEX26MAR84900CE,CE,84900,2026-03-25,210601477,20,0.05,BFO-OPT,BFO,78
SENSEX,SENSEX26MAR84900PE,PE,84900,2026-03-25,210491653,20,0.05,BFO-OPT,BFO,78
SENSEX,SENSEX26MAR85000CE,CE,85000,2026-03-25,290853637,20,0.05,BFO-OPT,BFO,78
SENSEX,SENSEX26MAR85000PE,PE,85000,2026-03-25,290946309,20,0.05,BFO-OPT,BFO,78
SENSEX,SENSEX26MAR85100CE,CE,85100,2026-03-25,210589445,20,0.05,BFO-OPT,BFO,78
SENSEX,SENSEX26MAR85100PE,PE,85100,2026-03-25,210541573,20,0.05,BFO-OPT,BFO,78
SENSEX,SENSEX26MAR85200CE,CE,85200,2026-03-25,210555653,20,0.05,BFO-OPT,BFO,78
SENSEX,SENSEX26MAR85200PE,PE,85200,2026-03-25,210584837,20,0.05,BFO-OPT,BFO,78
SENSEX,SENSEX26MAR85300CE,CE,85300,2026-03-25,210515973,20,0.05,BFO-OPT,BFO,78
SENSEX,SENSEX26MAR85300PE,PE,85300,2026-03-25,210551301,20,0.05,BFO-OPT,BFO,78
SENSEX,SENSEX26MAR85400CE,CE,85400,2026-03-25,210564357,20,0.05,BFO-OPT,BFO,78
SENSEX,SENSEX26MAR85400PE,PE,85400,2026-03-25,210593285,20,0.05,BFO-OPT,BFO,78
SENSEX,SENSEX26MAR85500CE,CE,85500,2026-03-25,210526981,20,0.05,BFO-OPT,BFO,78
SENSEX,SENSEX26MAR85500PE,PE,85500,2026-03-25,210561541,20,0.05,BFO-OPT,BFO,78
SENSEX,SENSEX26MAR85600CE,CE,85600,2026-03-25,210572549,20,0.05,BFO-OPT,BFO,78
SENSEX,SENSEX26MAR85600PE,PE,85600,2026-03-25,210520837,20,0.05,BFO-OPT,BFO,78
SENSEX,SENSEX26MAR85700CE,CE,85700,2026-03-25,210538757,20,0.05,BFO-OPT,BFO,78
SENSEX,SENSEX26MAR85700PE,PE,85700,2026-03-25,210568709,20,0.05,BFO-OPT,BFO,78
SENSEX,SENSEX26MAR85800CE,CE,85800,2026-03-25,210582021,20,0.05,BFO-OPT,BFO,78
SENSEX,SENSEX26MAR85800PE,PE,85800,2026-03-25,210532101,20,0.05,BFO-OPT,BFO,78
SENSEX,SENSEX26MAR85900CE,CE,85900,2026-03-25,210547461,20,0.05,BFO-OPT,BFO,78
SENSEX,SENSEX26MAR85900PE,PE,85900,2026-03-25,210577925,20,0.05,BFO-OPT,BFO,78
SENSEX,SENSEX26MAR86000CE,CE,86000,2026-03-25,292337413,20,0.05,BFO-OPT,BFO,78
SENSEX,SENSEX26MAR86000PE,PE,86000,2026-03-25,292350213,20,0.05,BFO-OPT,BFO,78
SENSEX,SENSEX26MAR86100CE,CE,86100,2026-03-25,210594309,20,0.05,BFO-OPT,BFO,78
SENSEX,SENSEX26MAR86100PE,PE,86100,2026-03-25,210619653,20,0.05,BFO-OPT,BFO,78
SENSEX,SENSEX26MAR86200CE,CE,86200,2026-03-25,210493957,20,0.05,BFO-OPT,BFO,78
SENSEX,SENSEX26MAR86200PE,PE,86200,2026-03-25,210524421,20,0.05,BFO-OPT,BFO,78
SENSEX,SENSEX26MAR86300CE,CE,86300,2026-03-25,210599941,20,0.05,BFO-OPT,BFO,78
SENSEX,SENSEX26MAR86300PE,PE,86300,2026-03-25,210490373,20,0.05,BFO-OPT,BFO,78
SENSEX,SENSEX26MAR86400CE,CE,86400,2026-03-25,210501893,20,0.05,BFO-OPT,BFO,78
SENSEX,SENSEX26MAR86400PE,PE,86400,2026-03-25,210597637,20,0.05,BFO-OPT,BFO,78
SENSEX,SENSEX26MAR86500CE,CE,86500,2026-03-25,210608901,20,0.05,BFO-OPT,BFO,78
SENSEX,SENSEX26MAR86500PE,PE,86500,2026-03-25,210498053,20,0.05,BFO-OPT,BFO,78
SENSEX,SENSEX26MAR86600CE,CE,86600,2026-03-25,210578437,20,0.05,BFO-OPT,BFO,78
SENSEX,SENSEX26MAR86600PE,PE,86600,2026-03-25,210604805,20,0.05,BFO-OPT,BFO,78
SENSEX,SENSEX26MAR86700CE,CE,86700,2026-03-25,210616837,20,0.05,BFO-OPT,BFO,78
SENSEX,SENSEX26MAR86700PE,PE,86700,2026-03-25,210506501,20,0.05,BFO-OPT,BFO,78
SENSEX,SENSEX26MAR86800CE,CE,86800,2026-03-25,210587141,20,0.05,BFO-OPT,BFO,78
SENSEX,SENSEX26MAR86800PE,PE,86800,2026-03-25,210613765,20,0.05,BFO-OPT,BFO,78
SENSEX,SENSEX26MAR86900CE,CE,86900,2026-03-25,210624773,20,0.05,BFO-OPT,BFO,78
SENSEX,SENSEX26MAR86900PE,PE,86900,2026-03-25,210515461,20,0.05,BFO-OPT,BFO,78
SENSEX,SENSEX26MAR87000CE,CE,87000,2026-03-25,210038277,20,0.05,BFO-OPT,BFO,78
SENSEX,SENSEX26MAR87000PE,PE,87000,2026-03-25,210317829,20,0.05,BFO-OPT,BFO,78
SENSEX,SENSEX26MAR87100CE,CE,87100,2026-03-25,210536709,20,0.05,BFO-OPT,BFO,78
SENSEX,SENSEX26MAR87100PE,PE,87100,2026-03-25,210567173,20,0.05,BFO-OPT,BFO,78
SENSEX,SENSEX26MAR87200CE,CE,87200,2026-03-25,210580229,20,0.05,BFO-OPT,BFO,78
SENSEX,SENSEX26MAR87200PE,PE,87200,2026-03-25,210530565,20,0.05,BFO-OPT,BFO,78
SENSEX,SENSEX26MAR87300CE,CE,87300,2026-03-25,210545413,20,0.05,BFO-OPT,BFO,78
SENSEX,SENSEX26MAR87300PE,PE,87300,2026-03-25,210575621,20,0.05,BFO-OPT,BFO,78
SENSEX,SENSEX26MAR87400CE,CE,87400,2026-03-25,210507525,20,0.05,BFO-OPT,BFO,78
SENSEX,SENSEX26MAR87400PE,PE,87400,2026-03-25,210541829,20,0.05,BFO-OPT,BFO,78
SENSEX,SENSEX26MAR87500CE,CE,87500,2026-03-25,210555909,20,0.05,BFO-OPT,BFO,78
SENSEX,SENSEX26MAR87500PE,PE,87500,2026-03-25,210585349,20,0.05,BFO-OPT,BFO,78
SENSEX,SENSEX26MAR87600CE,CE,87600,2026-03-25,210516229,20,0.05,BFO-OPT,BFO,78
SENSEX,SENSEX26MAR87600PE,PE,87600,2026-03-25,210551557,20,0.05,BFO-OPT,BFO,78
SENSEX,SENSEX26MAR87700CE,CE,87700,2026-03-25,210564613,20,0.05,BFO-OPT,BFO,78
SENSEX,SENSEX26MAR87700PE,PE,87700,2026-03-25,210593541,20,0.05,BFO-OPT,BFO,78
SENSEX,SENSEX26MAR87800CE,CE,87800,2026-03-25,210527237,20,0.05,BFO-OPT,BFO,78
SENSEX,SENSEX26MAR87800PE,PE,87800,2026-03-25,210561797,20,0.05,BFO-OPT,BFO,78
SENSEX,SENSEX26MAR87900CE,CE,87900,2026-03-25,210572805,20,0.05,BFO-OPT,BFO,78
SENSEX,SENSEX26MAR87900PE,PE,87900,2026-03-25,210521349,20,0.05,BFO-OPT,BFO,78
SENSEX,SENSEX26MAR88000CE,CE,88000,2026-03-25,215878661,20,0.05,BFO-OPT,BFO,78
SENSEX,SENSEX26MAR88000PE,PE,88000,2026-03-25,215997957,20,0.05,BFO-OPT,BFO,78
SENSEX,SENSEX26MAR88100CE,CE,88100,2026-03-25,210616069,20,0.05,BFO-OPT,BFO,78
SENSEX,SENSEX26MAR88100PE,PE,88100,2026-03-25,210504965,20,0.05,BFO-OPT,BFO,78
SENSEX,SENSEX26MAR88200CE,CE,88200,2026-03-25,210586629,20,0.05,BFO-OPT,BFO,78
SENSEX,SENSEX26MAR88200PE,PE,88200,2026-03-25,210612997,20,0.05,BFO-OPT,BFO,78
SENSEX,SENSEX26MAR88300CE,CE,88300,2026-03-25,210623493,20,0.05,BFO-OPT,BFO,78
SENSEX,SENSEX26MAR88300PE,PE,88300,2026-03-25,210513669,20,0.05,BFO-OPT,BFO,78
SENSEX,SENSEX26MAR88400CE,CE,88400,2026-03-25,210594565,20,0.05,BFO-OPT,BFO,78
SENSEX,SENSEX26MAR88400PE,PE,88400,2026-03-25,210619909,20,0.05,BFO-OPT,BFO,78
SENSEX,SENSEX26MAR88500CE,CE,88500,2026-03-25,210494213,20,0.05,BFO-OPT,BFO,78
SENSEX,SENSEX26MAR88500PE,PE,88500,2026-03-25,210524677,20,0.05,BFO-OPT,BFO,78
SENSEX,SENSEX26MAR88600CE,CE,88600,2026-03-25,210600197,20,0.05,BFO-OPT,BFO,78
SENSEX,SENSEX26MAR88600PE,PE,88600,2026-03-25,210490629,20,0.05,BFO-OPT,BFO,78
SENSEX,SENSEX26MAR88700CE,CE,88700,2026-03-25,210502149,20,0.05,BFO-OPT,BFO,78
SENSEX,SENSEX26MAR88700PE,PE,88700,2026-03-25,210597893,20,0.05,BFO-OPT,BFO,78
SENSEX,SENSEX26MAR88800CE,CE,88800,2026-03-25,210609157,20,0.05,BFO-OPT,BFO,78
SENSEX,SENSEX26MAR88800PE,PE,88800,2026-03-25,210498565,20,0.05,BFO-OPT,BFO,78
SENSEX,SENSEX26MAR88900CE,CE,88900,2026-03-25,210578693,20,0.05,BFO-OPT,BFO,78
SENSEX,SENSEX26MAR88900PE,PE,88900,2026-03-25,210605061,20,0.05,BFO-OPT,BFO,78
SENSEX,SENSEX26MAR89000CE,CE,89000,2026-03-25,216061445,20,0.05,BFO-OPT,BFO,78
SENSEX,SENSEX26MAR89000PE,PE,89000,2026-03-25,216099333,20,0.05,BFO-OPT,BFO,78
SENSEX,SENSEX26MAR89100CE,CE,89100,2026-03-25,210563845,20,0.05,BFO-OPT,BFO,78
SENSEX,SENSEX26MAR89100PE,PE,89100,2026-03-25,210592261,20,0.05,BFO-OPT,BFO,78
SENSEX,SENSEX26MAR89200CE,CE,89200,2026-03-25,210526213,20,0.05,BFO-OPT,BFO,78
SENSEX,SENSEX26MAR89200PE,PE,89200,2026-03-25,210561029,20,0.05,BFO-OPT,BFO,78
SENSEX,SENSEX26MAR89300CE,CE,89300,2026-03-25,210571781,20,0.05,BFO-OPT,BFO,78
SENSEX,SENSEX26MAR89300PE,PE,89300,2026-03-25,210519813,20,0.05,BFO-OPT,BFO,78
SENSEX,SENSEX26MAR89400CE,CE,89400,2026-03-25,210537221,20,0.05,BFO-OPT,BFO,78
SENSEX,SENSEX26MAR89400PE,PE,89400,2026-03-25,210567429,20,0.05,BFO-OPT,BFO,78
SENSEX,SENSEX26MAR89500CE,CE,89500,2026-03-25,210580485,20,0.05,BFO-OPT,BFO,78
SENSEX,SENSEX26MAR89500PE,PE,89500,2026-03-25,210531077,20,0.05,BFO-OPT,BFO,78
SENSEX,SENSEX26MAR89600CE,CE,89600,2026-03-25,210545925,20,0.05,BFO-OPT,BFO,78
SENSEX,SENSEX26MAR89600PE,PE,89600,2026-03-25,210575877,20,0.05,BFO-OPT,BFO,78
SENSEX,SENSEX26MAR89700CE,CE,89700,2026-03-25,210507781,20,0.05,BFO-OPT,BFO,78
SENSEX,SENSEX26MAR89700PE,PE,89700,2026-03-25,210542341,20,0.05,BFO-OPT,BFO,78
SENSEX,SENSEX26MAR89800CE,CE,89800,2026-03-25,210556165,20,0.05,BFO-OPT,BFO,78
SENSEX,SENSEX26MAR89800PE,PE,89800,2026-03-25,210585605,20,0.05,BFO-OPT,BFO,78
SENSEX,SENSEX26MAR89900CE,CE,89900,2026-03-25,210516485,20,0.05,BFO-OPT,BFO,78
SENSEX,SENSEX26MAR89900PE,PE,89900,2026-03-25,210551813,20,0.05,BFO-OPT,BFO,78
SENSEX,SENSEX26MAR90000CE,CE,90000,2026-03-25,290516997,20,0.05,BFO-OPT,BFO,78
SENSEX,SENSEX26MAR90000PE,PE,90000,2026-03-25,290381061,20,0.05,BFO-OPT,BFO,78
SENSEX,SENSEX26MAR90100CE,CE,90100,2026-03-25,210533125,20,0.05,BFO-OPT,BFO,78
SENSEX,SENSEX26MAR90100PE,PE,90100,2026-03-25,210564869,20,0.05,BFO-OPT,BFO,78
SENSEX,SENSEX26MAR90200CE,CE,90200,2026-03-25,210495237,20,0.05,BFO-OPT,BFO,78
SENSEX,SENSEX26MAR90200PE,PE,90200,2026-03-25,210527493,20,0.05,BFO-OPT,BFO,78
SENSEX,SENSEX26MAR90300CE,CE,90300,2026-03-25,210543365,20,0.05,BFO-OPT,BFO,78
SENSEX,SENSEX26MAR90300PE,PE,90300,2026-03-25,210492421,20,0.05,BFO-OPT,BFO,78
SENSEX,SENSEX26MAR90400CE,CE,90400,2026-03-25,210503685,20,0.05,BFO-OPT,BFO,78
SENSEX,SENSEX26MAR90400PE,PE,90400,2026-03-25,210539013,20,0.05,BFO-OPT,BFO,78
SENSEX,SENSEX26MAR90500CE,CE,90500,2026-03-25,210611717,20,0.05,BFO-OPT,BFO,78
SENSEX,SENSEX26MAR90500PE,PE,90500,2026-03-25,210500101,20,0.05,BFO-OPT,BFO,78
SENSEX,SENSEX26MAR90600CE,CE,90600,2026-03-25,210512645,20,0.05,BFO-OPT,BFO,78
SENSEX,SENSEX26MAR90600PE,PE,90600,2026-03-25,210547717,20,0.05,BFO-OPT,BFO,78
SENSEX,SENSEX26MAR90700CE,CE,90700,2026-03-25,210618885,20,0.05,BFO-OPT,BFO,78
SENSEX,SENSEX26MAR90700PE,PE,90700,2026-03-25,210508805,20,0.05,BFO-OPT,BFO,78
SENSEX,SENSEX26MAR90800CE,CE,90800,2026-03-25,210523653,20,0.05,BFO-OPT,BFO,78
SENSEX,SENSEX26MAR90800PE,PE,90800,2026-03-25,210615301,20,0.05,BFO-OPT,BFO,78
SENSEX,SENSEX26MAR90900CE,CE,90900,2026-03-25,210626565,20,0.05,BFO-OPT,BFO,78
SENSEX,SENSEX26MAR90900PE,PE,90900,2026-03-25,210518021,20,0.05,BFO-OPT,BFO,78
SENSEX,SENSEX26MAR91000CE,CE,91000,2026-03-25,297009925,20,0.05,BFO-OPT,BFO,78
SENSEX,SENSEX26MAR91000PE,PE,91000,2026-03-25,297039877,20,0.05,BFO-OPT,BFO,78
SENSEX,SENSEX26MAR91100CE,CE,91100,2026-03-25,210614789,20,0.05,BFO-OPT,BFO,78
SENSEX,SENSEX26MAR91100PE,PE,91100,2026-03-25,210569477,20,0.05,BFO-OPT,BFO,78
SENSEX,SENSEX26MAR91200CE,CE,91200,2026-03-25,210582533,20,0.05,BFO-OPT,BFO,78
SENSEX,SENSEX26MAR91200PE,PE,91200,2026-03-25,210609413,20,0.05,BFO-OPT,BFO,78
SENSEX,SENSEX26MAR91300CE,CE,91300,2026-03-25,210548997,20,0.05,BFO-OPT,BFO,78
SENSEX,SENSEX26MAR91300PE,PE,91300,2026-03-25,210578949,20,0.05,BFO-OPT,BFO,78
SENSEX,SENSEX26MAR91400CE,CE,91400,2026-03-25,210591493,20,0.05,BFO-OPT,BFO,78
SENSEX,SENSEX26MAR91400PE,PE,91400,2026-03-25,210617093,20,0.05,BFO-OPT,BFO,78
SENSEX,SENSEX26MAR91500CE,CE,91500,2026-03-25,210558469,20,0.05,BFO-OPT,BFO,78
SENSEX,SENSEX26MAR91500PE,PE,91500,2026-03-25,210587397,20,0.05,BFO-OPT,BFO,78
SENSEX,SENSEX26MAR91600CE,CE,91600,2026-03-25,210598661,20,0.05,BFO-OPT,BFO,78
SENSEX,SENSEX26MAR91600PE,PE,91600,2026-03-25,210553093,20,0.05,BFO-OPT,BFO,78
SENSEX,SENSEX26MAR91700CE,CE,91700,2026-03-25,210566661,20,0.05,BFO-OPT,BFO,78
SENSEX,SENSEX26MAR91700PE,PE,91700,2026-03-25,210596613,20,0.05,BFO-OPT,BFO,78
SENSEX,SENSEX26MAR91800CE,CE,91800,2026-03-25,210529285,20,0.05,BFO-OPT,BFO,78
SENSEX,SENSEX26MAR91800PE,PE,91800,2026-03-25,210562565,20,0.05,BFO-OPT,BFO,78
SENSEX,SENSEX26MAR91900CE,CE,91900,2026-03-25,210574853,20,0.05,BFO-OPT,BFO,78
SENSEX,SENSEX26MAR91900PE,PE,91900,2026-03-25,210601733,20,0.05,BFO-OPT,BFO,78
SENSEX,SENSEX26MAR92000CE,CE,92000,2026-03-25,210511621,20,0.05,BFO-OPT,BFO,78
SENSEX,SENSEX26MAR92000PE,PE,92000,2026-03-25,210546181,20,0.05,BFO-OPT,BFO,78
SENSEX,SENSEX26MAR92100CE,CE,92100,2026-03-25,210617605,20,0.05,BFO-OPT,BFO,78
SENSEX,SENSEX26MAR92100PE,PE,92100,2026-03-25,210508037,20,0.05,BFO-OPT,BFO,78
SENSEX,SENSEX26MAR92200CE,CE,92200,2026-03-25,210523141,20,0.05,BFO-OPT,BFO,78
SENSEX,SENSEX26MAR92200PE,PE,92200,2026-03-25,210556421,20,0.05,BFO-OPT,BFO,78
SENSEX,SENSEX26MAR92300CE,CE,92300,2026-03-25,210625797,20,0.05,BFO-OPT,BFO,78
SENSEX,SENSEX26MAR92300PE,PE,92300,2026-03-25,210516741,20,0.05,BFO-OPT,BFO,78
SENSEX,SENSEX26MAR92400CE,CE,92400,2026-03-25,210533381,20,0.05,BFO-OPT,BFO,78
SENSEX,SENSEX26MAR92400PE,PE,92400,2026-03-25,210621701,20,0.05,BFO-OPT,BFO,78
SENSEX,SENSEX26MAR92500CE,CE,92500,2026-03-25,210495493,20,0.05,BFO-OPT,BFO,78
SENSEX,SENSEX26MAR92500PE,PE,92500,2026-03-25,210527749,20,0.05,BFO-OPT,BFO,78
SENSEX,SENSEX26MAR92600CE,CE,92600,2026-03-25,210602501,20,0.05,BFO-OPT,BFO,78
SENSEX,SENSEX26MAR92600PE,PE,92600,2026-03-25,210492677,20,0.05,BFO-OPT,BFO,78
SENSEX,SENSEX26MAR92700CE,CE,92700,2026-03-25,210503941,20,0.05,BFO-OPT,BFO,78
SENSEX,SENSEX26MAR92700PE,PE,92700,2026-03-25,210539269,20,0.05,BFO-OPT,BFO,78
SENSEX,SENSEX26MAR92800CE,CE,92800,2026-03-25,210611973,20,0.05,BFO-OPT,BFO,78
SENSEX,SENSEX26MAR92800PE,PE,92800,2026-03-25,210500357,20,0.05,BFO-OPT,BFO,78
SENSEX,SENSEX26MAR92900CE,CE,92900,2026-03-25,210512901,20,0.05,BFO-OPT,BFO,78
SENSEX,SENSEX26MAR92900PE,PE,92900,2026-03-25,210606597,20,0.05,BFO-OPT,BFO,78
SENSEX,SENSEX26MAR93000CE,CE,93000,2026-03-25,210598405,20,0.05,BFO-OPT,BFO,78
SENSEX,SENSEX26MAR93000PE,PE,93000,2026-03-25,210623749,20,0.05,BFO-OPT,BFO,78
SENSEX,SENSEX26MAR93100CE,CE,93100,2026-03-25,210565637,20,0.05,BFO-OPT,BFO,78
SENSEX,SENSEX26MAR93100PE,PE,93100,2026-03-25,210594821,20,0.05,BFO-OPT,BFO,78
SENSEX,SENSEX26MAR93200CE,CE,93200,2026-03-25,210605829,20,0.05,BFO-OPT,BFO,78
SENSEX,SENSEX26MAR93200PE,PE,93200,2026-03-25,210562309,20,0.05,BFO-OPT,BFO,78
SENSEX,SENSEX26MAR93300CE,CE,93300,2026-03-25,210573829,20,0.05,BFO-OPT,BFO,78
SENSEX,SENSEX26MAR93300PE,PE,93300,2026-03-25,210600709,20,0.05,BFO-OPT,BFO,78
SENSEX,SENSEX26JUN80000CE,CE,80000,2026-06-25,225433861,20,0.05,BFO-OPT,BFO,170
SENSEX,SENSEX26JUN80000PE,PE,80000,2026-06-25,225452293,20,0.05,BFO-OPT,BFO,170
SENSEX,SENSEX26JUN81000CE,CE,81000,2026-06-25,215794949,20,0.05,BFO-OPT,BFO,170
SENSEX,SENSEX26JUN81000PE,PE,81000,2026-06-25,215818245,20,0.05,BFO-OPT,BFO,170
SENSEX,SENSEX26JUN82000CE,CE,82000,2026-06-25,215862533,20,0.05,BFO-OPT,BFO,170
SENSEX,SENSEX26JUN82000PE,PE,82000,2026-06-25,215772165,20,0.05,BFO-OPT,BFO,170
SENSEX,SENSEX26JUN83000CE,CE,83000,2026-06-25,216630021,20,0.05,BFO-OPT,BFO,170
SENSEX,SENSEX26JUN83000PE,PE,83000,2026-06-25,216649477,20,0.05,BFO-OPT,BFO,170
SENSEX,SENSEX26JUN84000CE,CE,84000,2026-06-25,216696581,20,0.05,BFO-OPT,BFO,170
SENSEX,SENSEX26JUN84000PE,PE,84000,2026-06-25,216744197,20,0.05,BFO-OPT,BFO,170
SENSEX,SENSEX26JUN85000CE,CE,85000,2026-06-25,215973637,20,0.05,BFO-OPT,BFO,170
SENSEX,SENSEX26JUN85000PE,PE,85000,2026-06-25,215995141,20,0.05,BFO-OPT,BFO,170
SENSEX,SENSEX26JUN86000CE,CE,86000,2026-06-25,292317957,20,0.05,BFO-OPT,BFO,170
SENSEX,SENSEX26JUN86000PE,PE,86000,2026-06-25,292331781,20,0.05,BFO-OPT,BFO,170
SENSEX,SENSEX26JUN87000CE,CE,87000,2026-06-25,210322181,20,0.05,BFO-OPT,BFO,170
SENSEX,SENSEX26JUN87000PE,PE,87000,2026-06-25,209985029,20,0.05,BFO-OPT,BFO,170
SENSEX,SENSEX26JUN88000CE,CE,88000,2026-06-25,215999749,20,0.05,BFO-OPT,BFO,170
SENSEX,SENSEX26JUN88000PE,PE,88000,2026-06-25,215854597,20,0.05,BFO-OPT,BFO,170
SENSEX,SENSEX26JUN89000CE,CE,89000,2026-06-25,216101893,20,0.05,BFO-OPT,BFO,170
SENSEX,SENSEX26JUN89000PE,PE,89000,2026-06-25,216041221,20,0.05,BFO-OPT,BFO,170
SENSEX,SENSEX26JUN90000CE,CE,90000,2026-06-25,290462725,20,0.05,BFO-OPT,BFO,170
SENSEX,SENSEX26JUN90000PE,PE,90000,2026-06-25,290496773,20,0.05,BFO-OPT,BFO,170
SENSEX,SENSEX26JUN91000CE,CE,91000,2026-06-25,214535941,20,0.05,BFO-OPT,BFO,170
SENSEX,SENSEX26JUN91000PE,PE,91000,2026-06-25,214591493,20,0.05,BFO-OPT,BFO,170
SENSEX,SENSEX26SEP80000CE,CE,80000,2026-09-24,283084549,20,0.05,BFO-OPT,BFO,261
SENSEX,SENSEX26SEP80000PE,PE,80000,2026-09-24,284477701,20,0.05,BFO-OPT,BFO,261
SENSEX,SENSEX26SEP81000CE,CE,81000,2026-09-24,285581829,20,0.05,BFO-OPT,BFO,261
SENSEX,SENSEX26SEP81000PE,PE,81000,2026-09-24,282388741,20,0.05,BFO-OPT,BFO,261
SENSEX,SENSEX26SEP82000CE,CE,82000,2026-09-24,284402181,20,0.05,BFO-OPT,BFO,261
SENSEX,SENSEX26SEP82000PE,PE,82000,2026-09-24,285030405,20,0.05,BFO-OPT,BFO,261
SENSEX,SENSEX26SEP83000CE,CE,83000,2026-09-24,282297861,20,0.05,BFO-OPT,BFO,261
SENSEX,SENSEX26SEP83000PE,PE,83000,2026-09-24,283051525,20,0.05,BFO-OPT,BFO,261
SENSEX,SENSEX26SEP84000CE,CE,84000,2026-09-24,284924933,20,0.05,BFO-OPT,BFO,261
SENSEX,SENSEX26SEP84000PE,PE,84000,2026-09-24,285549317,20,0.05,BFO-OPT,BFO,261
SENSEX,SENSEX26SEP85000CE,CE,85000,2026-09-24,282967813,20,0.05,BFO-OPT,BFO,261
SENSEX,SENSEX26SEP85000PE,PE,85000,2026-09-24,285637637,20,0.05,BFO-OPT,BFO,261
SENSEX,SENSEX26SEP86000CE,CE,86000,2026-09-24,283070725,20,0.05,BFO-OPT,BFO,261
SENSEX,SENSEX26SEP86000PE,PE,86000,2026-09-24,284464645,20,0.05,BFO-OPT,BFO,261
SENSEX,SENSEX26SEP87000CE,CE,87000,2026-09-24,289225221,20,0.05,BFO-OPT,BFO,261
SENSEX,SENSEX26SEP87000PE,PE,87000,2026-09-24,289129221,20,0.05,BFO-OPT,BFO,261
SENSEX,SENSEX26SEP88000CE,CE,88000,2026-09-24,289457925,20,0.05,BFO-OPT,BFO,261
SENSEX,SENSEX26SEP88000PE,PE,88000,2026-09-24,289473285,20,0.05,BFO-OPT,BFO,261
SENSEX,SENSEX26SEP89000CE,CE,89000,2026-09-24,290113797,20,0.05,BFO-OPT,BFO,261
SENSEX,SENSEX26SEP89000PE,PE,89000,2026-09-24,290136325,20,0.05,BFO-OPT,BFO,261
SENSEX,SENSEX26SEP90000CE,CE,90000,2026-09-24,290500101,20,0.05,BFO-OPT,BFO,261
SENSEX,SENSEX26SEP90000PE,PE,90000,2026-09-24,290443781,20,0.05,BFO-OPT,BFO,261
SENSEX,SENSEX26SEP91000CE,CE,91000,2026-09-24,214714629,20,0.05,BFO-OPT,BFO,261
SENSEX,SENSEX26SEP91000PE,PE,91000,2026-09-24,214510341,20,0.05,BFO-OPT,BFO,261
SENSEX,SENSEX26DEC80000CE,CE,80000,2026-12-31,225434373,20,0.05,BFO-OPT,BFO,359
SENSEX,SENSEX26DEC80000PE,PE,80000,2026-12-31,225453829,20,0.05,BFO-OPT,BFO,359
SENSEX,SENSEX26DEC81000CE,CE,81000,2026-12-31,215795717,20,0.05,BFO-OPT,BFO,359
SENSEX,SENSEX26DEC81000PE,PE,81000,2026-12-31,215819013,20,0.05,BFO-OPT,BFO,359
SENSEX,SENSEX26DEC82000CE,CE,82000,2026-12-31,215863045,20,0.05,BFO-OPT,BFO,359
SENSEX,SENSEX26DEC82000PE,PE,82000,2026-12-31,215772933,20,0.05,BFO-OPT,BFO,359
SENSEX,SENSEX26DEC83000CE,CE,83000,2026-12-31,216630789,20,0.05,BFO-OPT,BFO,359
SENSEX,SENSEX26DEC83000PE,PE,83000,2026-12-31,216595717,20,0.05,BFO-OPT,BFO,359
SENSEX,SENSEX26DEC84000CE,CE,84000,2026-12-31,216727301,20,0.05,BFO-OPT,BFO,359
SENSEX,SENSEX26DEC84000PE,PE,84000,2026-12-31,216744709,20,0.05,BFO-OPT,BFO,359
SENSEX,SENSEX26DEC85000CE,CE,85000,2026-12-31,215974405,20,0.05,BFO-OPT,BFO,359
SENSEX,SENSEX26DEC85000PE,PE,85000,2026-12-31,215996421,20,0.05,BFO-OPT,BFO,359
SENSEX,SENSEX26DEC86000CE,CE,86000,2026-12-31,292320261,20,0.05,BFO-OPT,BFO,359
SENSEX,SENSEX26DEC86000PE,PE,86000,2026-12-31,292332293,20,0.05,BFO-OPT,BFO,359
SENSEX,SENSEX26DEC87000CE,CE,87000,2026-12-31,210325253,20,0.05,BFO-OPT,BFO,359
SENSEX,SENSEX26DEC87000PE,PE,87000,2026-12-31,209988613,20,0.05,BFO-OPT,BFO,359
SENSEX,SENSEX26DEC88000CE,CE,88000,2026-12-31,215938053,20,0.05,BFO-OPT,BFO,359
SENSEX,SENSEX26DEC88000PE,PE,88000,2026-12-31,215881989,20,0.05,BFO-OPT,BFO,359
SENSEX,SENSEX26DEC89000CE,CE,89000,2026-12-31,216125957,20,0.05,BFO-OPT,BFO,359
SENSEX,SENSEX26DEC89000PE,PE,89000,2026-12-31,216162053,20,0.05,BFO-OPT,BFO,359
SENSEX,SENSEX26DEC90000CE,CE,90000,2026-12-31,290408709,20,0.05,BFO-OPT,BFO,359
SENSEX,SENSEX26DEC90000PE,PE,90000,2026-12-31,290447877,20,0.05,BFO-OPT,BFO,359
SENSEX,SENSEX26DEC91000CE,CE,91000,2026-12-31,214717445,20,0.05,BFO-OPT,BFO,359
SENSEX,SENSEX26DEC91000PE,PE,91000,2026-12-31,214514949,20,0.05,BFO-OPT,BFO,359
SENSEX,SENSEX27JUN80000CE,CE,80000,2027-06-24,225447429,20,0.05,BFO-OPT,BFO,534
SENSEX,SENSEX27JUN80000PE,PE,80000,2027-06-24,225379333,20,0.05,BFO-OPT,BFO,534
SENSEX,SENSEX27JUN81000CE,CE,81000,2027-06-24,215813637,20,0.05,BFO-OPT,BFO,534
SENSEX,SENSEX27JUN81000PE,PE,81000,2027-06-24,215836421,20,0.05,BFO-OPT,BFO,534
SENSEX,SENSEX27JUN82000CE,CE,82000,2027-06-24,215880453,20,0.05,BFO-OPT,BFO,534
SENSEX,SENSEX27JUN82000PE,PE,82000,2027-06-24,215791365,20,0.05,BFO-OPT,BFO,534
SENSEX,SENSEX27JUN83000CE,CE,83000,2027-06-24,216645381,20,0.05,BFO-OPT,BFO,534
SENSEX,SENSEX27JUN83000PE,PE,83000,2027-06-24,216666373,20,0.05,BFO-OPT,BFO,534
SENSEX,SENSEX27JUN84000CE,CE,84000,2027-06-24,216706821,20,0.05,BFO-OPT,BFO,534
SENSEX,SENSEX27JUN84000PE,PE,84000,2027-06-24,216721925,20,0.05,BFO-OPT,BFO,534
SENSEX,SENSEX27JUN85000CE,CE,85000,2027-06-24,215990021,20,0.05,BFO-OPT,BFO,534
SENSEX,SENSEX27JUN85000PE,PE,85000,2027-06-24,215924485,20,0.05,BFO-OPT,BFO,534
SENSEX,SENSEX27JUN86000CE,CE,86000,2027-06-24,292328197,20,0.05,BFO-OPT,BFO,534
SENSEX,SENSEX27JUN86000PE,PE,86000,2027-06-24,292339461,20,0.05,BFO-OPT,BFO,534
SENSEX,SENSEX27JUN87000CE,CE,87000,2027-06-24,209961733,20,0.05,BFO-OPT,BFO,534
SENSEX,SENSEX27JUN87000PE,PE,87000,2027-06-24,210055685,20,0.05,BFO-OPT,BFO,534
SENSEX,SENSEX27JUN88000CE,CE,88000,2027-06-24,216028421,20,0.05,BFO-OPT,BFO,534
SENSEX,SENSEX27JUN88000PE,PE,88000,2027-06-24,215886597,20,0.05,BFO-OPT,BFO,534
SENSEX,SENSEX27JUN89000CE,CE,89000,2027-06-24,216132869,20,0.05,BFO-OPT,BFO,534
SENSEX,SENSEX27JUN89000PE,PE,89000,2027-06-24,216169477,20,0.05,BFO-OPT,BFO,534
SENSEX,SENSEX27JUN90000CE,CE,90000,2027-06-24,290415365,20,0.05,BFO-OPT,BFO,534
SENSEX,SENSEX27JUN90000PE,PE,90000,2027-06-24,290356741,20,0.05,BFO-OPT,BFO,534
SENSEX,SENSEX27JUN91000CE,CE,91000,2027-06-24,214577157,20,0.05,BFO-OPT,BFO,534
SENSEX,SENSEX27JUN91000PE,PE,91000,2027-06-24,214633221,20,0.05,BFO-OPT,BFO,534
SENSEX,SENSEX27DEC80000CE,CE,80000,2027-12-30,225422597,20,0.05,BFO-OPT,BFO,723
SENSEX,SENSEX27DEC80000PE,PE,80000,2027-12-30,225440005,20,0.05,BFO-OPT,BFO,723
SENSEX,SENSEX27DEC81000CE,CE,81000,2027-12-30,215779333,20,0.05,BFO-OPT,BFO,723
SENSEX,SENSEX27DEC81000PE,PE,81000,2027-12-30,215803141,20,0.05,BFO-OPT,BFO,723
SENSEX,SENSEX27DEC82000CE,CE,82000,2027-12-30,215844869,20,0.05,BFO-OPT,BFO,723
SENSEX,SENSEX27DEC82000PE,PE,82000,2027-12-30,215872005,20,0.05,BFO-OPT,BFO,723
SENSEX,SENSEX27DEC83000CE,CE,83000,2027-12-30,216615941,20,0.05,BFO-OPT,BFO,723
SENSEX,SENSEX27DEC83000PE,PE,83000,2027-12-30,216679429,20,0.05,BFO-OPT,BFO,723
SENSEX,SENSEX27DEC84000CE,CE,84000,2027-12-30,216716293,20,0.05,BFO-OPT,BFO,723
SENSEX,SENSEX27DEC84000PE,PE,84000,2027-12-30,216732165,20,0.05,BFO-OPT,BFO,723
SENSEX,SENSEX27DEC85000CE,CE,85000,2027-12-30,215991557,20,0.05,BFO-OPT,BFO,723
SENSEX,SENSEX27DEC85000PE,PE,85000,2027-12-30,215925509,20,0.05,BFO-OPT,BFO,723
SENSEX,SENSEX27DEC86000CE,CE,86000,2027-12-30,292329221,20,0.05,BFO-OPT,BFO,723
SENSEX,SENSEX27DEC86000PE,PE,86000,2027-12-30,292339973,20,0.05,BFO-OPT,BFO,723
SENSEX,SENSEX27DEC87000CE,CE,87000,2027-12-30,209965317,20,0.05,BFO-OPT,BFO,723
SENSEX,SENSEX27DEC87000PE,PE,87000,2027-12-30,210059525,20,0.05,BFO-OPT,BFO,723
SENSEX,SENSEX27DEC88000CE,CE,88000,2027-12-30,215967749,20,0.05,BFO-OPT,BFO,723
SENSEX,SENSEX27DEC88000PE,PE,88000,2027-12-30,215908101,20,0.05,BFO-OPT,BFO,723
SENSEX,SENSEX27DEC89000CE,CE,89000,2027-12-30,216152581,20,0.05,BFO-OPT,BFO,723
SENSEX,SENSEX27DEC89000PE,PE,89000,2027-12-30,216189189,20,0.05,BFO-OPT,BFO,723
SENSEX,SENSEX27DEC90000CE,CE,90000,2027-12-30,290437125,20,0.05,BFO-OPT,BFO,723
SENSEX,SENSEX27DEC90000PE,PE,90000,2027-12-30,290473733,20,0.05,BFO-OPT,BFO,723
SENSEX,SENSEX27DEC91000CE,CE,91000,2027-12-30,214502917,20,0.05,BFO-OPT,BFO,723
SENSEX,SENSEX27DEC91000PE,PE,91000,2027-12-30,214550021,20,0.05,BFO-OPT,BFO,723
SENSEX,SENSEX28JUN80000CE,CE,80000,2028-06-29,225395717,20,0.05,BFO-OPT,BFO,905
SENSEX,SENSEX28JUN80000PE,PE,80000,2028-06-29,225454597,20,0.05,BFO-OPT,BFO,905
SENSEX,SENSEX28JUN81000CE,CE,81000,2028-06-29,215796485,20,0.05,BFO-OPT,BFO,905
SENSEX,SENSEX28JUN81000PE,PE,81000,2028-06-29,215819525,20,0.05,BFO-OPT,BFO,905
SENSEX,SENSEX28JUN82000CE,CE,82000,2028-06-29,215864325,20,0.05,BFO-OPT,BFO,905
SENSEX,SENSEX28JUN82000PE,PE,82000,2028-06-29,215773701,20,0.05,BFO-OPT,BFO,905
SENSEX,SENSEX28JUN83000CE,CE,83000,2028-06-29,216631557,20,0.05,BFO-OPT,BFO,905
SENSEX,SENSEX28JUN83000PE,PE,83000,2028-06-29,216650501,20,0.05,BFO-OPT,BFO,905
SENSEX,SENSEX28JUN84000CE,CE,84000,2028-06-29,216697093,20,0.05,BFO-OPT,BFO,905
SENSEX,SENSEX28JUN84000PE,PE,84000,2028-06-29,216711173,20,0.05,BFO-OPT,BFO,905
SENSEX,SENSEX28JUN85000CE,CE,85000,2028-06-29,215964421,20,0.05,BFO-OPT,BFO,905
SENSEX,SENSEX28JUN85000PE,PE,85000,2028-06-29,215938821,20,0.05,BFO-OPT,BFO,905
SENSEX,SENSEX28JUN86000CE,CE,86000,2028-06-29,292336901,20,0.05,BFO-OPT,BFO,905
SENSEX,SENSEX28JUN86000PE,PE,86000,2028-06-29,292349701,20,0.05,BFO-OPT,BFO,905
SENSEX,SENSEX28JUN87000CE,CE,87000,2028-06-29,210036997,20,0.05,BFO-OPT,BFO,905
SENSEX,SENSEX28JUN87000PE,PE,87000,2028-06-29,210124293,20,0.05,BFO-OPT,BFO,905
SENSEX,SENSEX28JUN88000CE,CE,88000,2028-06-29,216002309,20,0.05,BFO-OPT,BFO,905
SENSEX,SENSEX28JUN88000PE,PE,88000,2028-06-29,215856133,20,0.05,BFO-OPT,BFO,905
SENSEX,SENSEX28JUN89000CE,CE,89000,2028-06-29,216103429,20,0.05,BFO-OPT,BFO,905
SENSEX,SENSEX28JUN89000PE,PE,89000,2028-06-29,216141829,20,0.05,BFO-OPT,BFO,905
SENSEX,SENSEX28JUN90000CE,CE,90000,2028-06-29,290385413,20,0.05,BFO-OPT,BFO,905
SENSEX,SENSEX28JUN90000PE,PE,90000,2028-06-29,290499845,20,0.05,BFO-OPT,BFO,905
SENSEX,SENSEX28JUN91000CE,CE,91000,2028-06-29,214538245,20,0.05,BFO-OPT,BFO,905
SENSEX,SENSEX28JUN91000PE,PE,91000,2028-06-29,214594565,20,0.05,BFO-OPT,BFO,905
SENSEX,SENSEX28DEC80000CE,CE,80000,2028-12-28,225435653,20,0.05,BFO-OPT,BFO,1087
SENSEX,SENSEX28DEC80000PE,PE,80000,2028-12-28,225454853,20,0.05,BFO-OPT,BFO,1087
SENSEX,SENSEX28DEC81000CE,CE,81000,2028-12-28,215797509,20,0.05,BFO-OPT,BFO,1087
SENSEX,SENSEX28DEC81000PE,PE,81000,2028-12-28,215820805,20,0.05,BFO-OPT,BFO,1087
SENSEX,SENSEX28DEC82000CE,CE,82000,2028-12-28,215864837,20,0.05,BFO-OPT,BFO,1087
SENSEX,SENSEX28DEC82000PE,PE,82000,2028-12-28,215774469,20,0.05,BFO-OPT,BFO,1087
SENSEX,SENSEX28DEC83000CE,CE,83000,2028-12-28,216633093,20,0.05,BFO-OPT,BFO,1087
SENSEX,SENSEX28DEC83000PE,PE,83000,2028-12-28,216651269,20,0.05,BFO-OPT,BFO,1087
SENSEX,SENSEX28DEC84000CE,CE,84000,2028-12-28,216697861,20,0.05,BFO-OPT,BFO,1087
SENSEX,SENSEX28DEC84000PE,PE,84000,2028-12-28,216745221,20,0.05,BFO-OPT,BFO,1087
SENSEX,SENSEX28DEC85000CE,CE,85000,2028-12-28,215920645,20,0.05,BFO-OPT,BFO,1087
SENSEX,SENSEX28DEC85000PE,PE,85000,2028-12-28,215939077,20,0.05,BFO-OPT,BFO,1087
SENSEX,SENSEX28DEC86000CE,CE,86000,2028-12-28,292337669,20,0.05,BFO-OPT,BFO,1087
SENSEX,SENSEX28DEC86000PE,PE,86000,2028-12-28,292350469,20,0.05,BFO-OPT,BFO,1087
SENSEX,SENSEX28DEC87000CE,CE,87000,2028-12-28,210039301,20,0.05,BFO-OPT,BFO,1087
SENSEX,SENSEX28DEC87000PE,PE,87000,2028-12-28,210128133,20,0.05,BFO-OPT,BFO,1087
SENSEX,SENSEX28DEC88000CE,CE,88000,2028-12-28,216002821,20,0.05,BFO-OPT,BFO,1087
SENSEX,SENSEX28DEC88000PE,PE,88000,2028-12-28,215857413,20,0.05,BFO-OPT,BFO,1087
SENSEX,SENSEX28DEC89000CE,CE,89000,2028-12-28,216105221,20,0.05,BFO-OPT,BFO,1087
SENSEX,SENSEX28DEC89000PE,PE,89000,2028-12-28,216044037,20,0.05,BFO-OPT,BFO,1087
SENSEX,SENSEX28DEC90000CE,CE,90000,2028-12-28,290386437,20,0.05,BFO-OPT,BFO,1087
SENSEX,SENSEX28DEC90000PE,PE,90000,2028-12-28,290501381,20,0.05,BFO-OPT,BFO,1087
SENSEX,SENSEX28DEC91000CE,CE,91000,2028-12-28,214539013,20,0.05,BFO-OPT,BFO,1087
SENSEX,SENSEX28DEC91000PE,PE,91000,2028-12-28,214595845,20,0.05,BFO-OPT,BFO,1087
SENSEX,SENSEX29JUN80000CE,CE,80000,2029-06-28,220286981,20,0.05,BFO-OPT,BFO,1269
SENSEX,SENSEX29JUN80000PE,PE,80000,2029-06-28,220156421,20,0.05,BFO-OPT,BFO,1269
SENSEX,SENSEX29JUN81000CE,CE,81000,2029-06-28,219500037,20,0.05,BFO-OPT,BFO,1269
SENSEX,SENSEX29JUN81000PE,PE,81000,2029-06-28,220879621,20,0.05,BFO-OPT,BFO,1269
SENSEX,SENSEX29JUN82000CE,CE,82000,2029-06-28,220223237,20,0.05,BFO-OPT,BFO,1269
SENSEX,SENSEX29JUN82000PE,PE,82000,2029-06-28,218908933,20,0.05,BFO-OPT,BFO,1269
SENSEX,SENSEX29JUN83000CE,CE,83000,2029-06-28,220948741,20,0.05,BFO-OPT,BFO,1269
SENSEX,SENSEX29JUN83000PE,PE,83000,2029-06-28,219610885,20,0.05,BFO-OPT,BFO,1269
SENSEX,SENSEX29JUN84000CE,CE,84000,2029-06-28,218978565,20,0.05,BFO-OPT,BFO,1269
SENSEX,SENSEX29JUN84000PE,PE,84000,2029-06-28,220349957,20,0.05,BFO-OPT,BFO,1269
SENSEX,SENSEX29JUN85000CE,CE,85000,2029-06-28,215978501,20,0.05,BFO-OPT,BFO,1269
SENSEX,SENSEX29JUN85000PE,PE,85000,2029-06-28,216001285,20,0.05,BFO-OPT,BFO,1269
SENSEX,SENSEX29JUN86000CE,CE,86000,2029-06-28,292321541,20,0.05,BFO-OPT,BFO,1269
SENSEX,SENSEX29JUN86000PE,PE,86000,2029-06-28,292298245,20,0.05,BFO-OPT,BFO,1269
SENSEX,SENSEX29JUN87000CE,CE,87000,2029-06-28,210106629,20,0.05,BFO-OPT,BFO,1269
SENSEX,SENSEX29JUN87000PE,PE,87000,2029-06-28,210198533,20,0.05,BFO-OPT,BFO,1269
SENSEX,SENSEX29JUN88000CE,CE,88000,2029-06-28,216029445,20,0.05,BFO-OPT,BFO,1269
SENSEX,SENSEX29JUN88000PE,PE,88000,2029-06-28,215887877,20,0.05,BFO-OPT,BFO,1269
SENSEX,SENSEX29JUN89000CE,CE,89000,2029-06-28,216134149,20,0.05,BFO-OPT,BFO,1269
SENSEX,SENSEX29JUN89000PE,PE,89000,2029-06-28,216169989,20,0.05,BFO-OPT,BFO,1269
SENSEX,SENSEX29JUN90000CE,CE,90000,2029-06-28,290416901,20,0.05,BFO-OPT,BFO,1269
SENSEX,SENSEX29JUN90000PE,PE,90000,2029-06-28,290456069,20,0.05,BFO-OPT,BFO,1269
SENSEX,SENSEX29JUN91000CE,CE,91000,2029-06-28,214725125,20,0.05,BFO-OPT,BFO,1269
SENSEX,SENSEX29JUN91000PE,PE,91000,2029-06-28,214636805,20,0.05,BFO-OPT,BFO,1269
SENSEX,SENSEX29DEC80000CE,CE,80000,2029-12-27,215526661,20,0.05,BFO-OPT,BFO,1451
SENSEX,SENSEX29DEC80000PE,PE,80000,2029-12-27,215490821,20,0.05,BFO-OPT,BFO,1451
SENSEX,SENSEX29DEC81000CE,CE,81000,2029-12-27,215530501,20,0.05,BFO-OPT,BFO,1451
SENSEX,SENSEX29DEC81000PE,PE,81000,2029-12-27,215552261,20,0.05,BFO-OPT,BFO,1451
SENSEX,SENSEX29DEC82000CE,CE,82000,2029-12-27,215488261,20,0.05,BFO-OPT,BFO,1451
SENSEX,SENSEX29DEC82000PE,PE,82000,2029-12-27,215510021,20,0.05,BFO-OPT,BFO,1451
SENSEX,SENSEX29DEC83000CE,CE,83000,2029-12-27,215549445,20,0.05,BFO-OPT,BFO,1451
SENSEX,SENSEX29DEC83000PE,PE,83000,2029-12-27,215569925,20,0.05,BFO-OPT,BFO,1451
SENSEX,SENSEX29DEC84000CE,CE,84000,2029-12-27,215506181,20,0.05,BFO-OPT,BFO,1451
SENSEX,SENSEX29DEC84000PE,PE,84000,2029-12-27,215529477,20,0.05,BFO-OPT,BFO,1451
SENSEX,SENSEX29DEC85000CE,CE,85000,2029-12-27,215979525,20,0.05,BFO-OPT,BFO,1451
SENSEX,SENSEX29DEC85000PE,PE,85000,2029-12-27,215952389,20,0.05,BFO-OPT,BFO,1451
SENSEX,SENSEX29DEC86000CE,CE,86000,2029-12-27,292345861,20,0.05,BFO-OPT,BFO,1451
SENSEX,SENSEX29DEC86000PE,PE,86000,2029-12-27,292299013,20,0.05,BFO-OPT,BFO,1451
SENSEX,SENSEX29DEC87000CE,CE,87000,2029-12-27,210108677,20,0.05,BFO-OPT,BFO,1451
SENSEX,SENSEX29DEC87000PE,PE,87000,2029-12-27,210200837,20,0.05,BFO-OPT,BFO,1451
SENSEX,SENSEX29DEC88000CE,CE,88000,2029-12-27,215848197,20,0.05,BFO-OPT,BFO,1451
SENSEX,SENSEX29DEC88000PE,PE,88000,2029-12-27,215888645,20,0.05,BFO-OPT,BFO,1451
SENSEX,SENSEX29DEC89000CE,CE,89000,2029-12-27,216136197,20,0.05,BFO-OPT,BFO,1451
SENSEX,SENSEX29DEC89000PE,PE,89000,2029-12-27,216171781,20,0.05,BFO-OPT,BFO,1451
SENSEX,SENSEX29DEC90000CE,CE,90000,2029-12-27,290417925,20,0.05,BFO-OPT,BFO,1451
SENSEX,SENSEX29DEC90000PE,PE,90000,2029-12-27,290358533,20,0.05,BFO-OPT,BFO,1451
SENSEX,SENSEX29DEC91000CE,CE,91000,2029-12-27,214582789,20,0.05,BFO-OPT,BFO,1451
SENSEX,SENSEX29DEC91000PE,PE,91000,2029-12-27,214638341,20,0.05,BFO-OPT,BFO,1451
SENSEX,SENSEX30JUN80000CE,CE,80000,2030-06-27,216166405,20,0.05,BFO-OPT,BFO,1633
SENSEX,SENSEX30JUN80000PE,PE,80000,2030-06-27,216200197,20,0.05,BFO-OPT,BFO,1633
SENSEX,SENSEX30JUN81000CE,CE,81000,2030-06-27,216094469,20,0.05,BFO-OPT,BFO,1633
SENSEX,SENSEX30JUN81000PE,PE,81000,2030-06-27,216133637,20,0.05,BFO-OPT,BFO,1633
SENSEX,SENSEX30JUN82000CE,CE,82000,2030-06-27,216194565,20,0.05,BFO-OPT,BFO,1633
SENSEX,SENSEX30JUN82000PE,PE,82000,2030-06-27,216058629,20,0.05,BFO-OPT,BFO,1633
SENSEX,SENSEX30JUN83000CE,CE,83000,2030-06-27,216128261,20,0.05,BFO-OPT,BFO,1633
SENSEX,SENSEX30JUN83000PE,PE,83000,2030-06-27,216066821,20,0.05,BFO-OPT,BFO,1633
SENSEX,SENSEX30JUN84000CE,CE,84000,2030-06-27,216134661,20,0.05,BFO-OPT,BFO,1633
SENSEX,SENSEX30JUN84000PE,PE,84000,2030-06-27,216170501,20,0.05,BFO-OPT,BFO,1633
SENSEX,SENSEX30JUN85000CE,CE,85000,2030-06-27,216059909,20,0.05,BFO-OPT,BFO,1633
SENSEX,SENSEX30JUN85000PE,PE,85000,2030-06-27,216097797,20,0.05,BFO-OPT,BFO,1633
SENSEX,SENSEX30JUN86000CE,CE,86000,2030-06-27,216164357,20,0.05,BFO-OPT,BFO,1633
SENSEX,SENSEX30JUN86000PE,PE,86000,2030-06-27,216198661,20,0.05,BFO-OPT,BFO,1633
SENSEX,SENSEX30JUN87000CE,CE,87000,2030-06-27,216093701,20,0.05,BFO-OPT,BFO,1633
SENSEX,SENSEX30JUN87000PE,PE,87000,2030-06-27,216132613,20,0.05,BFO-OPT,BFO,1633
SENSEX,SENSEX30JUN88000CE,CE,88000,2030-06-27,216193029,20,0.05,BFO-OPT,BFO,1633
SENSEX,SENSEX30JUN88000PE,PE,88000,2030-06-27,216057605,20,0.05,BFO-OPT,BFO,1633
SENSEX,SENSEX30JUN89000CE,CE,89000,2030-06-27,216127237,20,0.05,BFO-OPT,BFO,1633
SENSEX,SENSEX30JUN89000PE,PE,89000,2030-06-27,216065541,20,0.05,BFO-OPT,BFO,1633
SENSEX,SENSEX30JUN90000CE,CE,90000,2030-06-27,290486533,20,0.05,BFO-OPT,BFO,1633
SENSEX,SENSEX30JUN90000PE,PE,90000,2030-06-27,290351621,20,0.05,BFO-OPT,BFO,1633
SENSEX,SENSEX30JUN91000CE,CE,91000,2030-06-27,214570501,20,0.05,BFO-OPT,BFO,1633
SENSEX,SENSEX30JUN91000PE,PE,91000,2030-06-27,214625029,20,0.05,BFO-OPT,BFO,1633
SENSEX,SENSEX30DEC80000CE,CE,80000,2030-12-26,211175429,20,0.05,BFO-OPT,BFO,1815
SENSEX,SENSEX30DEC80000PE,PE,80000,2030-12-26,211567621,20,0.05,BFO-OPT,BFO,1815
SENSEX,SENSEX30DEC81000CE,CE,81000,2030-12-26,212260613,20,0.05,BFO-OPT,BFO,1815
SENSEX,SENSEX30DEC81000PE,PE,81000,2030-12-26,212783365,20,0.05,BFO-OPT,BFO,1815
SENSEX,SENSEX30DEC82000CE,CE,82000,2030-12-26,211507973,20,0.05,BFO-OPT,BFO,1815
SENSEX,SENSEX30DEC82000PE,PE,82000,2030-12-26,211896837,20,0.05,BFO-OPT,BFO,1815
SENSEX,SENSEX30DEC83000CE,CE,83000,2030-12-26,212723205,20,0.05,BFO-OPT,BFO,1815
SENSEX,SENSEX30DEC83000PE,PE,83000,2030-12-26,211968773,20,0.05,BFO-OPT,BFO,1815
SENSEX,SENSEX30DEC84000CE,CE,84000,2030-12-26,212799749,20,0.05,BFO-OPT,BFO,1815
SENSEX,SENSEX30DEC84000PE,PE,84000,2030-12-26,211221253,20,0.05,BFO-OPT,BFO,1815
SENSEX,SENSEX30DEC85000CE,CE,85000,2030-12-26,211909637,20,0.05,BFO-OPT,BFO,1815
SENSEX,SENSEX30DEC85000PE,PE,85000,2030-12-26,212305157,20,0.05,BFO-OPT,BFO,1815
SENSEX,SENSEX30DEC86000CE,CE,86000,2030-12-26,211165957,20,0.05,BFO-OPT,BFO,1815
SENSEX,SENSEX30DEC86000PE,PE,86000,2030-12-26,211556869,20,0.05,BFO-OPT,BFO,1815
SENSEX,SENSEX30DEC87000CE,CE,87000,2030-12-26,212248069,20,0.05,BFO-OPT,BFO,1815
SENSEX,SENSEX30DEC87000PE,PE,87000,2030-12-26,212768005,20,0.05,BFO-OPT,BFO,1815
SENSEX,SENSEX30DEC88000CE,CE,88000,2030-12-26,211495429,20,0.05,BFO-OPT,BFO,1815
SENSEX,SENSEX30DEC88000PE,PE,88000,2030-12-26,212847109,20,0.05,BFO-OPT,BFO,1815
SENSEX,SENSEX30DEC89000CE,CE,89000,2030-12-26,211570949,20,0.05,BFO-OPT,BFO,1815
SENSEX,SENSEX30DEC89000PE,PE,89000,2030-12-26,211959045,20,0.05,BFO-OPT,BFO,1815
SENSEX,SENSEX30DEC90000CE,CE,90000,2030-12-26,211193093,20,0.05,BFO-OPT,BFO,1815
SENSEX,SENSEX30DEC90000PE,PE,90000,2030-12-26,211584261,20,0.05,BFO-OPT,BFO,1815
SENSEX,SENSEX30DEC91000CE,CE,91000,2030-12-26,214657029,20,0.05,BFO-OPT,BFO,1815
SENSEX,SENSEX30DEC91000PE,PE,91000,2030-12-26,214715141,20,0.05,BFO-OPT,BFO,1815
