stock_symbol,stock_name,stock_instrument_token,stock_lot_size,has_options,total_options_count,ce_count,pe_count,earliest_expiry,latest_expiry
0IRFC35-N0,,194580481,1,No,0,0,0,,
0MOFSL26-N1,,6067201,1,No,0,0,0,,
0MOFSL27-N3,,6068225,1,No,0,0,0,,
0NHIT34-N0,,7534593,1,No,0,0,0,,
0NHIT35-N0,,7532801,1,No,0,0,0,,
0RL34-N0,,6580737,1,No,0,0,0,,
0SCL26-YR,,5961985,1,No,0,0,0,,
0SCL27-YW,,5964545,1,No,0,0,0,,
1003IIFL29-NC,,6180097,1,No,0,0,0,,
1003ISFL28-N4,,5319425,1,No,0,0,0,,
1003SCFL31-Z4,,5968641,1,No,0,0,0,,
1003SCL30-BW,,4831745,1,No,0,0,0,,
1003SCL30A-NV,,5149697,1,No,0,0,0,,
1003SCL31-ZQ,,6135553,1,No,0,0,0,,
1003SCL31A-N1,,6544897,1,No,0,0,0,,
1003SCL31P-N1,,7405825,1,No,0,0,0,,
1003SCL32-N1,,7738369,1,No,0,0,0,,
1003SFIL28-NX,,3903745,1,No,0,0,0,,
10157PCP27-N0,,6284545,1,No,0,0,0,,
1015ECL29-NR,,2041601,1,No,0,0,0,,
1015SCFL29-YY,,5965569,1,No,0,0,0,,
1015SCL28-NR,,5146113,1,No,0,0,0,,
1015SCL28A-AL,,3765761,1,No,0,0,0,,
1015SCL28B-AZ,,4490753,1,No,0,0,0,,
1015SCL29-ZL,,6131713,1,No,0,0,0,,
1015SCL29B-N1,,6542849,1,No,0,0,0,,
1015SCL29T-N1,,7404801,1,No,0,0,0,,
1015SCL30-N1,,7740417,1,No,0,0,0,,
1015UCL26-N1,,6633473,1,No,0,0,0,,
1015UCL27-NF,,193536001,1,No,0,0,0,,
1018GS2026-GS,GOI LOAN 10.18% 2026,1749249,1,No,0,0,0,,
1020CCSP27-N0,,6946305,1,No,0,0,0,,
1025IIFL30-Y3,,193575425,1,No,0,0,0,,
1025PATE28-N0,,194235393,1,No,0,0,0,,
1025SCFL34-Z5,,5969153,1,No,0,0,0,,
1025SCL33-YJ,,5383681,1,No,0,0,0,,
1025SCL33A-N1,,4837633,1,No,0,0,0,,
1025SCL34-Z8,,5970689,1,No,0,0,0,,
1025SCL34A-ZT,,6137345,1,No,0,0,0,,
1025SCL34B-N1,,6547201,1,No,0,0,0,,
1025SCL34C-N1,,6545409,1,No,0,0,0,,
1025SCL34U-N1,,7406081,1,No,0,0,0,,
1025SCL34Z-N1,,7406849,1,No,0,0,0,,
1025SCL35-N1,,7739905,1,No,0,0,0,,
1025SCL35A-N1,,7732225,1,No,0,0,0,,
1025SFIL26-NT,,3899137,1,No,0,0,0,,
1025UCL26A-N1,,6633985,1,No,0,0,0,,
1025UCL27A-NG,,193536513,1,No,0,0,0,,
1025VCCL28-N0,,193897729,1,No,0,0,0,,
102CCSP27A-N0,,7415553,1,No,0,0,0,,
1030SFIL26-NJ,,3591169,1,No,0,0,0,,
1030SFIL28-NM,,3592705,1,No,0,0,0,,
1035CCSP26-N2,,5987841,1,No,0,0,0,,
1035CCSP27-N3,,6042625,1,No,0,0,0,,
1035UCL26-NA,,5846785,1,No,0,0,0,,
1039UCL26-NE,,193535489,1,No,0,0,0,,
1040NFL26-NA,,5918465,1,No,0,0,0,,
1040UCL27B-N1,,6634497,1,No,0,0,0,,
1048IIFL27-N6,,5868289,1,No,0,0,0,,
1050IIFL29-ND,,6180609,1,No,0,0,0,,
1050ISFL28-N5,,5320705,1,No,0,0,0,,
1050NFL26-N7,,4441345,1,No,0,0,0,,
1050SCFL31-Z2,,5967617,1,No,0,0,0,,
1050SCL30-NU,,5148417,1,No,0,0,0,,
1050SCL31-ZP,,6134785,1,No,0,0,0,,
1050SCL31A-N1,,6544385,1,No,0,0,0,,
1050SCL31T-N1,,7405569,1,No,0,0,0,,
1050SCL32-N1,,7741953,1,No,0,0,0,,
1050SFIL28-NV,,3901441,1,No,0,0,0,,
1050UCL28-NH,,193537025,1,No,0,0,0,,
105IIFL29-N7,,4876033,1,No,0,0,0,,
105UCL2026-NB,,5847297,1,No,0,0,0,,
1060ECL29-NS,,2044417,1,No,0,0,0,,
1065NFL27-NC,,5919489,1,No,0,0,0,,
1075SCFL34-Z6,,5969665,1,No,0,0,0,,
1075SCL33-YK,,5386753,1,No,0,0,0,,
1075SCL33A-N2,,4838913,1,No,0,0,0,,
1075SCL33B-NW,,5150209,1,No,0,0,0,,
1075SCL34-ZR,,6136321,1,No,0,0,0,,
1075SCL34C-N1,,6545921,1,No,0,0,0,,
1075SCL34T-N1,,7406337,1,No,0,0,0,,
1075SCL35-N1,,7739393,1,No,0,0,0,,
1075WCA28-N0,,194359041,1,No,0,0,0,,
1075WCAP28-N0,,194302721,1,No,0,0,0,,
1077IIFL30-N7,,5894145,1,No,0,0,0,,
1090NFL26-NB,,5918977,1,No,0,0,0,,
1096GIPL28-N0,,194684673,1,No,0,0,0,,
10CAGL27-N5,,3191041,1,No,0,0,0,,
10IFSL26-N7,,3596545,1,No,0,0,0,,
10IIFL26-N0,,6225665,1,No,0,0,0,,
10IIFL28-N4,,1334273,1,No,0,0,0,,
10IIFL28A-NE,,734977,1,No,0,0,0,,
10IIFL29-N6,,4875521,1,No,0,0,0,,
10IIFLSF27-NB,,6179585,1,No,0,0,0,,
10ISFL26-N3,,5317377,1,No,0,0,0,,
10NIDO26-N6,,4573697,1,No,0,0,0,,
10SCL30A-BV,,4830209,1,No,0,0,0,,
10SCL31-Z1,,5967105,1,No,0,0,0,,
10SCL31A-ZO,,6134017,1,No,0,0,0,,
10UCL26-ND,,193534977,1,No,0,0,0,,
1102NFL26-N8,,4442113,1,No,0,0,0,,
1119NFL27-ND,,5920001,1,No,0,0,0,,
111ESFB31-N0,,194020353,1,No,0,0,0,,
1125VCCL27-N0,,194572033,1,No,0,0,0,,
113ESFB31-N0,,194379777,1,No,0,0,0,,
113ESFB31B-N0,,194506497,1,No,0,0,0,,
1150AFIL28-N0,,194677505,1,No,0,0,0,,
115VCCL27-N0,,193976065,1,No,0,0,0,,
115VCCL28-N0,,194572545,1,No,0,0,0,,
115VCCL28A-N0,,194675457,1,No,0,0,0,,
116VCCL26-N0,,6608897,1,No,0,0,0,,
116VCCL26A-N0,,194135041,1,No,0,0,0,,
116VCCL27-N0,,194183937,1,No,0,0,0,,
116VCCL27A-N0,,194404353,1,No,0,0,0,,
1180VCCL26-N0,,6608385,1,No,0,0,0,,
118VCCL27-N0,,194135553,1,No,0,0,0,,
118VCCL27A-N0,,194184449,1,No,0,0,0,,
118VCCL27B-N0,,194404865,1,No,0,0,0,,
1190VCCL26-N0,,6201089,1,No,0,0,0,,
119VCCL26-N0,,6355969,1,No,0,0,0,,
11UCL26-NC,,5847809,1,No,0,0,0,,
11VCCL27-N0,,194571521,1,No,0,0,0,,
1215DHPL27-N0,,194417665,1,No,0,0,0,,
1225DCCL27-N0,,194804737,1,No,0,0,0,,
1225IFL27-N0,,194533633,1,No,0,0,0,,
12AFIL27-N0,,194418177,1,No,0,0,0,,
12AFIL27A-N0,,194329089,1,No,0,0,0,,
12AFIL28-N0,,194376449,1,No,0,0,0,,
12DCCL27-N0,,194507009,1,No,0,0,0,,
12VCCL27-N0,,6518785,1,No,0,0,0,,
12VCCL27A-N0,,6607873,1,No,0,0,0,,
12VCCL27B-N0,,7615745,1,No,0,0,0,,
12VCCL27D-N0,,194134529,1,No,0,0,0,,
12VCCL28-N0,,194375937,1,No,0,0,0,,
12VCCL29-N0,,6519297,1,No,0,0,0,,
12VCCL29A-N0,,7494145,1,No,0,0,0,,
12VCCL29B-N0,,193770497,1,No,0,0,0,,
12VCCL29C-N0,,193976577,1,No,0,0,0,,
14RARL30-N0,,7748865,1,No,0,0,0,,
1650RARL27-N0,,6321409,1,No,0,0,0,,
165RARL28-N0,,194364673,1,No,0,0,0,,
182D030426-TB,GOI TBILL 182D-03/04/26,194391041,100,No,0,0,0,,
182D040626-TB,GOI TBILL 182D-04/06/26,194585345,100,No,0,0,0,,
182D050226-TB,GOI TBILL 182D-05/02/26,194100737,100,No,0,0,0,,
182D050326-TB,GOI TBILL 182D-05/03/26,194288385,100,No,0,0,0,,
182D080526-TB,GOI TBILL 182D-08/05/26,194457345,100,No,0,0,0,,
182D090426-TB,GOI TBILL 182D-09/04/26,194414593,100,No,0,0,0,,
182D110626-TB,GOI TBILL 182D-11/06/26,194636289,100,No,0,0,0,,
182D120226-TB,GOI TBILL 182D-12/02/26,194153729,100,No,0,0,0,,
182D120326-TB,GOI TBILL 182D-12/03/26,194275073,100,No,0,0,0,,
182D140526-TB,GOI TBILL 182D-14/05/26,194516481,100,No,0,0,0,,
182D150126-TB,GOI TBILL 182D-15/01/26,194024449,100,No,0,0,0,,
182D160426-TB,GOI TBILL 182D-16/04/26,194401281,100,No,0,0,0,,
182D180626-TB,GOI TBILL 182D-18/06/26,194659841,100,No,0,0,0,,
182D190226-TB,GOI TBILL 182D-19/02/26,194198529,100,No,0,0,0,,
182D190326-TB,GOI TBILL 182D-19/03/26,194354689,100,No,0,0,0,,
182D210526-TB,GOI TBILL 182D-21/05/26,194525441,100,No,0,0,0,,
182D220126-TB,GOI TBILL 182D-22/01/26,193975553,100,No,0,0,0,,
182D240426-TB,GOI TBILL 182D-24/04/26,194261505,100,No,0,0,0,,
182D260326-TB,GOI TBILL 182D-26/03/26,194315777,100,No,0,0,0,,
182D260626-TB,GOI TBILL 182D-26/06/26,194694401,100,No,0,0,0,,
182D270226-TB,GOI TBILL 182D-27/02/26,194234881,100,No,0,0,0,,
182D280526-TB,GOI TBILL 182D-28/05/26,194567425,100,No,0,0,0,,
182D290126-TB,GOI TBILL 182D-29/01/26,194041857,100,No,0,0,0,,
182D300426-TB,GOI TBILL 182D-30/04/26,194432769,100,No,0,0,0,,
18MVL27-N0,,5916417,1,No,0,0,0,,
18PVL29-N0,,193544961,1,No,0,0,0,,
18PVL29A-N0,,193545473,1,No,0,0,0,,
20MICRONS,20 MICRONS,4331777,1,No,0,0,0,,
21STCENMGM,21ST CENTURY MGMT SERVICE,1025,1,No,0,0,0,,
360ONE,360 ONE WAM,3343617,1,Yes,88,43,45,2026-01-27,2026-03-30
364D010526-TB,GOI TBILL 364D-01/05/26,193718529,100,No,0,0,0,,
364D020426-TB,GOI TBILL 364D-02/04/26,193574145,100,No,0,0,0,,
364D020726-TB,GOI TBILL 364D-02/07/26,193983233,100,No,0,0,0,,
364D021026-TB,GOI TBILL 364D-02/10/26,194391297,100,No,0,0,0,,
364D030926-TB,GOI TBILL 364D-03/09/26,194288641,100,No,0,0,0,,
364D031226-TB,GOI TBILL 364D-03/12/26,194585601,100,No,0,0,0,,
364D040626-TB,GOI TBILL 364D-04/06/26,193895169,100,No,0,0,0,,
364D050226-TB,GOI TBILL 364D-05/02/26,7547137,100,No,0,0,0,,
364D050326-TB,GOI TBILL 364D-05/03/26,7676929,100,No,0,0,0,,
364D060826-TB,GOI TBILL 364D-06/08/26,194100993,100,No,0,0,0,,
364D061126-TB,GOI TBILL 364D-06/11/26,194457601,100,No,0,0,0,,
364D070526-TB,GOI TBILL 364D-07/05/26,193758721,100,No,0,0,0,,
364D081026-TB,GOI TBILL 364D-08/10/26,194414849,100,No,0,0,0,,
364D090726-TB,GOI TBILL 364D-09/07/26,193964289,100,No,0,0,0,,
364D100426-TB,GOI TBILL 364D-10/04/26,193500161,100,No,0,0,0,,
364D100926-TB,GOI TBILL 364D-10/09/26,194275329,100,No,0,0,0,,
364D101226-TB,GOI TBILL 364D-10/12/26,194636545,100,No,0,0,0,,
364D110626-TB,GOI TBILL 364D-11/06/26,193906689,100,No,0,0,0,,
364D120226-TB,GOI TBILL 364D-12/02/26,7572993,100,No,0,0,0,,
364D120326-TB,GOI TBILL 364D-12/03/26,7706625,100,No,0,0,0,,
364D121126-TB,GOI TBILL 364D-12/11/26,194516737,100,No,0,0,0,,
364D130826-TB,GOI TBILL 364D-13/08/26,194153985,100,No,0,0,0,,
364D140526-TB,GOI TBILL 364D-14/05/26,193823233,100,No,0,0,0,,
364D150126-TB,GOI TBILL 364D-15/01/26,7458817,100,No,0,0,0,,
364D151026-TB,GOI TBILL 364D-15/10/26,194425857,100,No,0,0,0,,
364D160426-TB,GOI TBILL 364D-16/04/26,193517825,100,No,0,0,0,,
364D160726-TB,GOI TBILL 364D-16/07/26,194024705,100,No,0,0,0,,
364D170926-TB,GOI TBILL 364D-17/09/26,194354945,100,No,0,0,0,,
364D171226-TB,GOI TBILL 364D-17/12/26,194660097,100,No,0,0,0,,
364D180626-TB,GOI TBILL 364D-18/06/26,193741057,100,No,0,0,0,,
364D190326-TB,GOI TBILL 364D-19/03/26,7728129,100,No,0,0,0,,
364D191126-TB,GOI TBILL 364D-19/11/26,194525697,100,No,0,0,0,,
364D200226-TB,GOI TBILL 364D-20/02/26,7600897,100,No,0,0,0,,
364D200826-TB,GOI TBILL 364D-20/08/26,194198785,100,No,0,0,0,,
364D210526-TB,GOI TBILL 364D-21/05/26,193745921,100,No,0,0,0,,
364D220126-TB,GOI TBILL 364D-22/01/26,7478529,100,No,0,0,0,,
364D230726-TB,GOI TBILL 364D-23/07/26,193975809,100,No,0,0,0,,
364D231026-TB,GOI TBILL 364D-23/10/26,194261761,100,No,0,0,0,,
364D240426-TB,GOI TBILL 364D-24/04/26,193553409,100,No,0,0,0,,
364D240926-TB,GOI TBILL 364D-24/09/26,194316033,100,No,0,0,0,,
364D250626-TB,GOI TBILL 364D-25/06/26,193936385,100,No,0,0,0,,
364D251226-TB,GOI TBILL 364D-25/12/26,194694657,100,No,0,0,0,,
364D260326-TB,GOI TBILL 364D-26/03/26,7785217,100,No,0,0,0,,
364D261126-TB,GOI TBILL 364D-26/11/26,194567681,100,No,0,0,0,,
364D270226-TB,GOI TBILL 364D-27/02/26,7657217,100,No,0,0,0,,
364D280526-TB,GOI TBILL 364D-28/05/26,193803265,100,No,0,0,0,,
364D280826-TB,GOI TBILL 364D-28/08/26,194235137,100,No,0,0,0,,
364D290126-TB,GOI TBILL 364D-29/01/26,7501825,100,No,0,0,0,,
364D291026-TB,GOI TBILL 364D-29/10/26,194433025,100,No,0,0,0,,
364D300726-TB,GOI TBILL 364D-30/07/26,194042113,100,No,0,0,0,,
3IINFOLTD,3I INFOTECH,1595393,1,No,0,0,0,,
3MINDIA,3M INDIA,121345,1,No,0,0,0,,
3PLAND,3P LAND HOLDINGS,664321,1,No,0,0,0,,
563GS2026-GS,GOI LOAN  5.63% 2026,819713,1,No,0,0,0,,
572BR26-SG,SDL BR 5.72% 2026,482817,100,No,0,0,0,,
574GS2026-GS,GOI LOAN  5.74% 2026,1713921,1,No,0,0,0,,
575PY26-SG,SDL PY 5.75% 2026,214017,100,No,0,0,0,,
577GS2030-GS,GOI LOAN 5.77% 2030,5706753,1,No,0,0,0,,
579GS2030-GS,GOI LOAN 5.79% 2030,4827393,1,No,0,0,0,,
57KA26-SG,SDL KA 5.7% 2026,5613313,100,No,0,0,0,,
582BR26-SG,SDL BR 5.82% 2026,495617,100,No,0,0,0,,
582RJ27-SG,SDL RJ 5.82% 2027,466945,100,No,0,0,0,,
585GS2030-GS,GOI LOAN  5.85% 2030,343297,1,No,0,0,0,,
588CG26-SG,SDL CG 5.88% 2026,435969,100,No,0,0,0,,
591GS2028-GS,GOI LOAN  5.91% 2028,193984769,1,No,0,0,0,,
593CG26-SG,SDL CG 5.93% 2026,370945,100,No,0,0,0,,
596PY26-SG,SDL PY 5.96% 2026,1505281,100,No,0,0,0,,
597CG27-SG,SDL CG 5.97% 2027,483073,100,No,0,0,0,,
599MP26-SG,SDL MP 5.99% 2026,1414401,100,No,0,0,0,,
5PAISA,5PAISA CAPITAL,113921,1,No,0,0,0,,
601GS2028-GS,GOI LOAN 6.01% 2028,1757697,1,No,0,0,0,,
601GS2030-GS,GOI LOAN  6.01% 2030,194043649,1,No,0,0,0,,
601RJ26-SG,SDL RJ 6.01% 2026,1534465,100,No,0,0,0,,
604AS26-SG,SDL AS 6.04% 2026,1801729,100,No,0,0,0,,
604GJ26-SG,SDL GJ 6.04% 2026,1589505,100,No,0,0,0,,
605RJ26-SG,SDL RJ 6.05% 2026,1169921,100,No,0,0,0,,
607RJ26-SG,SDL RJ 6.07% 2026,1788673,100,No,0,0,0,,
609AS26-SG,SDL AS 6.09% 2026,1613825,100,No,0,0,0,,
609KA28-SG,SDL KA 6.09% 2028,5614081,100,No,0,0,0,,
609RJ26-SG,SDL RJ 6.09% 2026,544001,100,No,0,0,0,,
60TN28-SG,SDL TN 6.0% 2028,193900801,100,No,0,0,0,,
610GS2031-GS,GOI LOAN  6.10% 2031,1283073,1,No,0,0,0,,
612KA27-SG,SDL KA 6.12% 2027,5613825,100,No,0,0,0,,
613GS2028-GS,GOI LOAN 6.13% 2028,1758209,1,No,0,0,0,,
613OR28-SG,SDL OR 6.13% 2028,194030337,100,No,0,0,0,,
613RJ26-SG,SDL RJ 6.13% 2026,900097,100,No,0,0,0,,
614TN28-SG,SDL TN 6.14% 2028,193978369,100,No,0,0,0,,
617KL27-SG,SDL KL 6.17% 2027,437505,100,No,0,0,0,,
618GJ26-SG,SDL GJ 6.18% 2026,782849,100,No,0,0,0,,
618GJ26A-SG,SDL GJ 6.18% 2026,2020353,100,No,0,0,0,,
619AS26-SG,SDL AS 6.19% 2026,543489,100,No,0,0,0,,
619GS2034-GS,GOI LOAN 6.19% 2034,4857089,1,No,0,0,0,,
61CG27-SG,SDL CG 6.1% 2027,515329,100,No,0,0,0,,
61GJ28-SG,SDL GJ 6.1% 2028,193935105,100,No,0,0,0,,
61RJ26-SG,SDL RJ 6.1% 2026,931329,100,No,0,0,0,,
61RJ27-SG,SDL RJ 6.1% 2027,214273,100,No,0,0,0,,
621AS26-SG,SDL AS 6.21% 2026,569345,100,No,0,0,0,,
622AS30-SG,SDL AS 6.22% 2030,193796609,100,No,0,0,0,,
622GS2035-GS,GOI LOAN  6.22% 2035,243969,1,No,0,0,0,,
622KL27-SG,SDL KL 6.22% 2027,348417,100,No,0,0,0,,
623RJ27-SG,SDL RJ 6.23% 2027,1504513,100,No,0,0,0,,
624HR26-SG,SDL HR 6.24% 2026,5539841,100,No,0,0,0,,
624MH26-SG,SDL MH 6.24% 2026,1364481,100,No,0,0,0,,
624MH28-SG,SDL MH 6.24% 2028,5618433,100,No,0,0,0,,
624RJ26-SG,SDL RJ 6.24% 2026,1244929,100,No,0,0,0,,
624TS26-SG,SDL TS 6.24% 2026,5679873,100,No,0,0,0,,
625AS26-SG,SDL AS 6.25% 2026,1337857,100,No,0,0,0,,
627PFCL27-N0,,193906945,1,No,0,0,0,,
627RJ26-SG,SDL RJ 6.27% 2026,1299969,100,No,0,0,0,,
627TN27-SG,SDL TN 6.27% 2027,194284289,100,No,0,0,0,,
627TN29-SG,SDL TN 6.27% 2029,194099201,100,No,0,0,0,,
628GJ27-SG,SDL GJ 6.28% 2027,1414145,100,No,0,0,0,,
628GS2032-GS,GOI LOAN  6.28% 2032,194046465,1,No,0,0,0,,
629HP26-SG,SDL HP 6.29% 2026,5411841,100,No,0,0,0,,
629RJ26-SG,SDL RJ 6.29% 2026,1286401,100,No,0,0,0,,
629RJ26A-SG,SDL RJ 6.29% 2026,1920001,100,No,0,0,0,,
62RJ26-SG,SDL RJ 6.2% 2026,2050561,100,No,0,0,0,,
62RJ27-SG,SDL RJ 6.2% 2027,5701633,100,No,0,0,0,,
632KA28-SG,SDL KA 6.32% 2028,5709313,100,No,0,0,0,,
633AS26-SG,SDL AS 6.33% 2026,1275393,100,No,0,0,0,,
633AS26A-SG,SDL AS 6.33% 2026,1918721,100,No,0,0,0,,
633GS2035-GS,GOI LOAN  6.33% 2035,193763841,1,No,0,0,0,,
633TN30-SG,SDL TN 6.33% 2030,5666561,100,No,0,0,0,,
634RJ27-SG,SDL RJ 6.34% 2027,1614593,100,No,0,0,0,,
635AP27-SG,SDL AP 6.35% 2027,5266433,100,No,0,0,0,,
635LT28-N0,,194134017,1,No,0,0,0,,
635MH28-SG,SDL MH 6.35% 2028,310273,100,No,0,0,0,,
636HP28-SG,SDL HP 6.36% 2028,5700353,100,No,0,0,0,,
637RECL27-N0,,194123265,1,No,0,0,0,,
638MH27-SG,SDL MH 6.38% 2027,1399553,100,No,0,0,0,,
639AP26-SG,SDL AP 6.39% 2026,5541633,100,No,0,0,0,,
639BR27-SG,SDL BR 6.39% 2027,934401,100,No,0,0,0,,
63MOONS,63 MOONS TECHNOLOGIES,3038209,1,No,0,0,0,,
63PY26-SG,SDL PY 6.3% 2026,607233,100,No,0,0,0,,
63PY27-SG,SDL PY 6.3% 2027,1831169,100,No,0,0,0,,
640NHPCL27-N0,,194160641,1,No,0,0,0,,
640TN32-SG,SDL TN 6.40% 2032,193893889,100,No,0,0,0,,
641GA30-SG,SDL GA 6.41% 2030,5386241,100,No,0,0,0,,
641TN30-SG,SDL TN 6.41% 2030,5658369,100,No,0,0,0,,
642GA30-SG,SDL GA 6.42% 2030,218113,100,No,0,0,0,,
642JK31-SG,SDL JK 6.42% 2031,193742593,100,No,0,0,0,,
642JK31A-SG,SDL JK 6.42% 2031,193901057,100,No,0,0,0,,
642MN30-SG,SDL MN 6.42% 2030,5611265,100,No,0,0,0,,
642PN30-SG,SDL PN 6.42% 2030,5708289,100,No,0,0,0,,
642TN31-SG,SDL TN 6.42% 2031,193737473,100,No,0,0,0,,
642UP30-SG,SDL UP 6.42% 2030,217345,100,No,0,0,0,,
643AP30-SG,SDL AP 6.43% 2030,249857,100,No,0,0,0,,
643AS26-SG,SDL AS 6.43% 2026,699649,100,No,0,0,0,,
643MH27-SG,SDL MH 6.43% 2027,1385985,100,No,0,0,0,,
643RJ27-SG,SDL RJ 6.43% 2027,2013953,100,No,0,0,0,,
643UK30-SG,SDL UK 6.43% 2030,5747457,100,No,0,0,0,,
644GJ29-SG,SDL GJ 6.44% 2029,5273857,100,No,0,0,0,,
644GJ29A-SG,SDL GJ 6.44% 2029,5718273,100,No,0,0,0,,
644MH28-SG,SDL MH 6.44% 2028,5719553,100,No,0,0,0,,
644UK30-SG,SDL UK 6.44% 2030,218369,100,No,0,0,0,,
644UP30-SG,SDL UP 6.44% 2030,5699073,100,No,0,0,0,,
645BR27-SG,SDL BR 6.45% 2027,945921,100,No,0,0,0,,
645GJ30-SG,SDL GJ 6.45% 2030,5746689,100,No,0,0,0,,
645GJ30A-SG,SDL GJ 6.45% 2030,467713,100,No,0,0,0,,
645GS2029-GS,GOI LOAN 6.45% 2029,3448833,1,No,0,0,0,,
645HP29-SG,SDL HP 6.45% 2029,214529,100,No,0,0,0,,
645MH27-SG,SDL MH 6.45% 2027,153345,100,No,0,0,0,,
645ML30-SG,SDL ML 6.45% 2030,5746945,100,No,0,0,0,,
645MN30-SG,SDL MN 6.45% 2030,5709057,100,No,0,0,0,,
645RJ27-SG,SDL RJ 6.45% 2027,530177,100,No,0,0,0,,
645RJ27A-SG,SDL RJ 6.45% 2027,2020865,100,No,0,0,0,,
645RJ30-SG,SDL RJ 6.45% 2030,218881,100,No,0,0,0,,
646GJ30-SG,SDL GJ 6.46% 2030,251393,100,No,0,0,0,,
646JK30-SG,SDL JK 6.46% 2030,5709569,100,No,0,0,0,,
646RJ30-SG,SDL RJ 6.46% 2030,5719041,100,No,0,0,0,,
646RJ30A-SG,SDL RJ 6.46% 2030,5747201,100,No,0,0,0,,
646WB30-SG,SDL WB 6.46% 2030,5700865,100,No,0,0,0,,
647GJ30-SG,SDL GJ 6.47% 2030,5484033,100,No,0,0,0,,
647IRFC28-N0,,194091265,1,No,0,0,0,,
647KA30-SG,SDL KA 6.47% 2030,276481,100,No,0,0,0,,
647MH28-SG,SDL MH 6.47% 2028,197889,100,No,0,0,0,,
648AP27-SG,SDL AP 6.48% 2027,5356033,100,No,0,0,0,,
648AP32-SG,SDL AP 6.48% 2032,5385985,100,No,0,0,0,,
648AS30-SG,SDL AS 6.48% 2030,252161,100,No,0,0,0,,
648GS2035-GS,GOI LOAN  6.48% 2035,194405377,1,No,0,0,0,,
648HR40-SG,SDL HR 6.48% 2040,5708545,100,No,0,0,0,,
648KA30-SG,SDL KA 6.48% 2030,5717761,100,No,0,0,0,,
648KA31-SG,SDL KA 6.48% 2031,220417,100,No,0,0,0,,
648MZ30-SG,SDL MZ 6.48% 2030,252929,100,No,0,0,0,,
648RJ27-SG,SDL RJ 6.48% 2027,2129665,100,No,0,0,0,,
649AP33-SG,SDL AP 6.49% 2033,5699585,100,No,0,0,0,,
649GJ29-SG,SDL GJ 6.49% 2029,349185,100,No,0,0,0,,
649KA30-SG,SDL KA 6.49% 2030,5475841,100,No,0,0,0,,
649KA30A-SG,SDL KA 6.49% 2030,296449,100,No,0,0,0,,
649KA31-SG,SDL KA 6.49% 2031,5718017,100,No,0,0,0,,
649MH31-SG,SDL MH 6.49% 2031,5719809,100,No,0,0,0,,
649OR30-SG,SDL OR 6.49% 2030,193978625,100,No,0,0,0,,
649RJ30-SG,SDL RJ 6.49% 2030,5643009,100,No,0,0,0,,
649TN50-SG,SDL TN 6.49% 2050,5666817,100,No,0,0,0,,
649TS50-SG,SDL TS 6.49% 2050,5699329,100,No,0,0,0,,
64AP28-SG,SDL AP 6.4% 2028,348673,100,No,0,0,0,,
64GJ30-SG,SDL GJ 6.4% 2030,5707777,100,No,0,0,0,,
64GJ30A-SG,SDL GJ 6.4% 2030,216577,100,No,0,0,0,,
64KA30-SG,SDL KA 6.4% 2030,5699841,100,No,0,0,0,,
64KA30A-SG,SDL KA 6.4% 2030,5747713,100,No,0,0,0,,
64KA30B-SG,SDL KA 6.4% 2030,215809,100,No,0,0,0,,
64KA30C-SG,SDL KA 6.4% 2030,248833,100,No,0,0,0,,
64KA31-SG,SDL KA 6.4% 2031,5700097,100,No,0,0,0,,
64MH30-SG,SDL MH 6.4% 2030,249089,100,No,0,0,0,,
651GJ33-SG,SDL GJ 6.51% 2033,193796865,100,No,0,0,0,,
651HP30-SG,SDL HP 6.51% 2030,215041,100,No,0,0,0,,
651KA30-SG,SDL KA 6.51% 2030,194049,100,No,0,0,0,,
651KA30B-SG,SDL KA 6.51% 2030,422401,100,No,0,0,0,,
651KA30C-SG,SDL KA 6.51% 2030,442113,100,No,0,0,0,,
651KA31-SG,SDL KA 6.51% 2031,5483265,100,No,0,0,0,,
651UP32-SG,SDL UP 6.51% 2032,193742849,100,No,0,0,0,,
652KA30-SG,SDL KA 6.52% 2030,389633,100,No,0,0,0,,
652MH30-SG,SDL MH 6.52% 2030,316417,100,No,0,0,0,,
652ML30-SG,SDL ML 6.52% 2030,5634305,100,No,0,0,0,,
652MP35-SG,SDL MP 6.52% 2035,5618945,100,No,0,0,0,,
652NL30-SG,SDL NL 6.52% 2030,5630209,100,No,0,0,0,,
652PY30-SG,SDL PY 6.52% 2030,254465,100,No,0,0,0,,
652RL28-N0,,194026753,1,No,0,0,0,,
652TS50-SG,SDL TS 6.52% 2050,5709825,100,No,0,0,0,,
653CG28-SG,SDL CG 6.53% 2028,1451777,100,No,0,0,0,,
653HP29-SG,SDL HP 6.53% 2029,311041,100,No,0,0,0,,
653KA30-SG,SDL KA 6.53% 2030,349441,100,No,0,0,0,,
653TN31-SG,SDL TN 6.53% 2031,470785,100,No,0,0,0,,
654AP30-SG,SDL AP 6.54% 2030,5356289,100,No,0,0,0,,
654AR30-SG,SDL AR 6.54% 2030,296193,100,No,0,0,0,,
654GA30-SG,SDL GA 6.54% 2030,5355777,100,No,0,0,0,,
654GA30A-SG,SDL GA 6.54% 2030,388097,100,No,0,0,0,,
654GJ30-SG,SDL GJ 6.54% 2030,5431297,100,No,0,0,0,,
654GS2032-GS,GOI LOAN  6.54% 2032,2007809,1,No,0,0,0,,
654KA30-SG,SDL KA 6.54% 2030,371969,100,No,0,0,0,,
654MH27-SG,SDL MH 6.54% 2027,2080257,100,No,0,0,0,,
654MH30-SG,SDL MH 6.54% 2030,5614593,100,No,0,0,0,,
654MP35-SG,SDL MP 6.54% 2035,5708033,100,No,0,0,0,,
654RJ30-SG,SDL RJ 6.54% 2030,5647105,100,No,0,0,0,,
654RJ30A-SG,SDL RJ 6.54% 2030,296961,100,No,0,0,0,,
654TN31-SG,SDL TN 6.54% 2031,193754369,100,No,0,0,0,,
654UP30-SG,SDL UP 6.54% 2030,199425,100,No,0,0,0,,
654WB35-SG,SDL WB 6.54% 2035,5676289,100,No,0,0,0,,
655AP28-SG,SDL AP 6.55% 2028,5516545,100,No,0,0,0,,
655AP33-SG,SDL AP 6.55% 2033,221185,100,No,0,0,0,,
655AP35-SG,SDL AP 6.55% 2035,5707265,100,No,0,0,0,,
655AS30-SG,SDL AS 6.55% 2030,5287169,100,No,0,0,0,,
655AS30A-SG,SDL AS 6.55% 2030,5746433,100,No,0,0,0,,
655GA30-SG,SDL GA 6.55% 2030,274945,100,No,0,0,0,,
655GA30A-SG,SDL GA 6.55% 2030,372225,100,No,0,0,0,,
655KL30-SG,SDL KL 6.55% 2030,5606657,100,No,0,0,0,,
655MH28-SG,SDL MH 6.55% 2028,154881,100,No,0,0,0,,
655RJ30-SG,SDL RJ 6.55% 2030,5652225,100,No,0,0,0,,
655RJ50-SG,SDL RJ 6.55% 2050,5637889,100,No,0,0,0,,
655RJ55-SG,SDL RJ 6.55% 2055,5640449,100,No,0,0,0,,
655TN29-SG,SDL TN 6.55% 2029,194521857,100,No,0,0,0,,
655TN30-SG,SDL TN 6.55% 2030,5661185,100,No,0,0,0,,
655TR30-SG,SDL TR 6.55% 2030,219649,100,No,0,0,0,,
655WB30-SG,SDL WB 6.55% 2030,5677569,100,No,0,0,0,,
656AP31-SG,SDL AP 6.56% 2031,5290497,100,No,0,0,0,,
656AS30-SG,SDL AS 6.56% 2030,193025,100,No,0,0,0,,
656KA30-SG,SDL KA 6.56% 2030,3585,100,No,0,0,0,,
656MH30-SG,SDL MH 6.56% 2030,198657,100,No,0,0,0,,
656MH32-SG,SDL MH 6.56% 2032,256001,100,No,0,0,0,,
656MN30-SG,SDL MN 6.56% 2030,5611777,100,No,0,0,0,,
656RJ29-SG,SDL RJ 6.56% 2029,194555905,100,No,0,0,0,,
656UP30-SG,SDL UP 6.56% 2030,390401,100,No,0,0,0,,
657AP30-SG,SDL AP 6.57% 2030,5436161,100,No,0,0,0,,
657GA30-SG,SDL GA 6.57% 2030,316673,100,No,0,0,0,,
657GJ29-SG,SDL GJ 6.57% 2029,5191425,100,No,0,0,0,,
657GJ31-SG,SDL GJ 6.57% 2031,515585,100,No,0,0,0,,
657GS2033-GS,GOI LOAN 6.57% 2033,1841665,1,No,0,0,0,,
657HP30-SG,SDL HP 6.57% 2030,420865,100,No,0,0,0,,
657HP30A-SG,SDL HP 6.57% 2030,421633,100,No,0,0,0,,
657MH31-SG,SDL MH 6.57% 2031,5615617,100,No,0,0,0,,
657MP30-SG,SDL MP 6.57% 2030,5625601,100,No,0,0,0,,
657MZ35-SG,SDL MZ 6.57% 2035,5635585,100,No,0,0,0,,
657RJ30-SG,SDL RJ 6.57% 2030,5646337,100,No,0,0,0,,
657TN31-SG,SDL TN 6.57% 2031,483841,100,No,0,0,0,,
658AP30-SG,SDL AP 6.58% 2030,5191681,100,No,0,0,0,,
658GA30-SG,SDL GA 6.58% 2030,5273089,100,No,0,0,0,,
658GA30A-SG,SDL GA 6.58% 2030,421377,100,No,0,0,0,,
658GA31-SG,SDL GA 6.58% 2031,468481,100,No,0,0,0,,
658GJ27-SG,SDL GJ 6.58% 2027,783617,100,No,0,0,0,,
658IRFC30-N0,,194090753,1,No,0,0,0,,
658JK30-SG,SDL JK 6.58% 2030,5677825,100,No,0,0,0,,
658KA30-SG,SDL KA 6.58% 2030,5193729,100,No,0,0,0,,
658MP35-SG,SDL MP 6.58% 2035,5618689,100,No,0,0,0,,
658RJ30-SG,SDL RJ 6.58% 2030,5644801,100,No,0,0,0,,
658TN29-SG,SDL TN 6.58% 2029,194382081,100,No,0,0,0,,
658UP30-SG,SDL UP 6.58% 2030,317185,100,No,0,0,0,,
659CG28-SG,SDL CG 6.59% 2028,1528577,100,No,0,0,0,,
659HR30-SG,SDL HR 6.59% 2030,275713,100,No,0,0,0,,
659PFCL30-N0,,193907457,1,No,0,0,0,,
659RJ30-SG,SDL RJ 6.59% 2030,5650689,100,No,0,0,0,,
659RJ30A-SG,SDL RJ 6.59% 2030,317697,100,No,0,0,0,,
659RJ31-SG,SDL RJ 6.59% 2031,470017,100,No,0,0,0,,
659UP30-SG,SDL UP 6.59% 2030,255233,100,No,0,0,0,,
65AP30-SG,SDL AP 6.5% 2030,5287425,100,No,0,0,0,,
65AP38-SG,SDL AP 6.5% 2038,5707521,100,No,0,0,0,,
65GA30-SG,SDL GA 6.5% 2030,5698817,100,No,0,0,0,,
65GA30A-SG,SDL GA 6.5% 2030,5726465,100,No,0,0,0,,
65GJ30-SG,SDL GJ 6.5% 2030,275201,100,No,0,0,0,,
65GJ30A-SG,SDL GJ 6.5% 2030,315649,100,No,0,0,0,,
65KA30-SG,SDL KA 6.5% 2030,5726209,100,No,0,0,0,,
65KA30A-SG,SDL KA 6.5% 2030,314113,100,No,0,0,0,,
65KL27-SG,SDL KL 6.5% 2027,5608705,100,No,0,0,0,,
65NL30-SG,SDL NL 6.5% 2030,253697,100,No,0,0,0,,
65RJ30-SG,SDL RJ 6.5% 2030,5727233,100,No,0,0,0,,
65RJ50-SG,SDL RJ 6.5% 2050,5707009,100,No,0,0,0,,
65TN30-SG,SDL TN 6.5% 2030,5727745,100,No,0,0,0,,
65UP30-SG,SDL UP 6.5% 2030,5652737,100,No,0,0,0,,
65WB30-SG,SDL WB 6.5% 2030,5676545,100,No,0,0,0,,
660AP39-SG,SDL AP 6.60% 2039,5716993,100,No,0,0,0,,
660AP40-SG,SDL AP 6.60% 2040,5717249,100,No,0,0,0,,
660RECL27-N0,,193939713,1,No,0,0,0,,
660TN35-SG,SDL TN 6.60% 2035,193797121,100,No,0,0,0,,
660TS30-SG,SDL TS 6.60% 2030,5681921,100,No,0,0,0,,
661AP34-SG,SDL AP 6.61% 2034,193894145,100,No,0,0,0,,
661GJ32-SG,SDL GJ 6.61% 2032,193754881,100,No,0,0,0,,
661KA30-SG,SDL KA 6.61% 2030,151809,100,No,0,0,0,,
661KA33-SG,SDL KA 6.61% 2033,497665,100,No,0,0,0,,
661KA35-SG,SDL KA 6.61% 2035,5748225,100,No,0,0,0,,
661MP35-SG,SDL MP 6.61% 2035,5718529,100,No,0,0,0,,
661MP37-SG,SDL MP 6.61% 2037,499969,100,No,0,0,0,,
661PFCL28-N0,,193732353,1,No,0,0,0,,
661RJ30-SG,SDL RJ 6.61% 2030,277249,100,No,0,0,0,,
661RJ31-SG,SDL RJ 6.61% 2031,485377,100,No,0,0,0,,
661RJ31A-SG,SDL RJ 6.61% 2031,516097,100,No,0,0,0,,
661TS51-SG,SDL TS 6.61% 2051,516353,100,No,0,0,0,,
661UP31-SG,SDL UP 6.61% 2031,484097,100,No,0,0,0,,
661WB36-SG,SDL WB 6.61% 2036,498433,100,No,0,0,0,,
662AS30-SG,SDL AS 6.62% 2030,364801,100,No,0,0,0,,
662CG28-SG,SDL CG 6.62% 2028,1616641,100,No,0,0,0,,
662GA31-SG,SDL GA 6.62% 2031,496385,100,No,0,0,0,,
662GS2051-GS,GOI LOAN 6.62% 2051,1841409,1,No,0,0,0,,
662HR41-SG,SDL HR 6.62% 2041,516865,100,No,0,0,0,,
662JH30-SG,SDL JH 6.62% 2030,194817,100,No,0,0,0,,
662JK30-SG,SDL JK 6.62% 2030,5678081,100,No,0,0,0,,
662KA32-SG,SDL KA 6.62% 2032,200193,100,No,0,0,0,,
662KA32A-SG,SDL KA 6.62% 2032,443649,100,No,0,0,0,,
662NL30-SG,SDL NL 6.62% 2030,365569,100,No,0,0,0,,
662PY28-SG,SDL PY 6.62% 2028,1765121,100,No,0,0,0,,
662RJ30-SG,SDL RJ 6.62% 2030,350465,100,No,0,0,0,,
662RJ41-SG,SDL RJ 6.62% 2041,517121,100,No,0,0,0,,
662TS41-SG,SDL TS 6.62% 2041,501505,100,No,0,0,0,,
662UK30-SG,SDL UK 6.62% 2030,157953,100,No,0,0,0,,
662UP30-SG,SDL UP 6.62% 2030,433921,100,No,0,0,0,,
662UP31-SG,SDL UP 6.62% 2031,496129,100,No,0,0,0,,
662WB35-SG,SDL WB 6.62% 2035,5719297,100,No,0,0,0,,
663AP37-SG,SDL AP 6.63% 2037,487681,100,No,0,0,0,,
663AS35-SG,SDL AS 6.63% 2035,193743105,100,No,0,0,0,,
663GA35-SG,SDL GA 6.63% 2035,193894401,100,No,0,0,0,,
663GJ29-SG,SDL GJ 6.63% 2029,16641,100,No,0,0,0,,
663HP31-SG,SDL HP 6.63% 2031,517377,100,No,0,0,0,,
663HP33-SG,SDL HP 6.63% 2033,517889,100,No,0,0,0,,
663HR28-SG,SDL HR 6.63% 2028,1617153,100,No,0,0,0,,
663KA30-SG,SDL KA 6.63% 2030,5736961,100,No,0,0,0,,
663KA34-SG,SDL KA 6.63% 2034,422657,100,No,0,0,0,,
663KL30-SG,SDL KL 6.63% 2030,5608961,100,No,0,0,0,,
663MH30-SG,SDL MH 6.63% 2030,152577,100,No,0,0,0,,
663ML31-SG,SDL ML 6.63% 2031,496641,100,No,0,0,0,,
663MN31-SG,SDL MN 6.63% 2031,469249,100,No,0,0,0,,
663PN51-SG,SDL PN 6.63% 2051,488961,100,No,0,0,0,,
663TN35-SG,SDL TN 6.63% 2035,422913,100,No,0,0,0,,
663TN55-SG,SDL TN 6.63% 2055,5658113,100,No,0,0,0,,
663UP30-SG,SDL UP 6.63% 2030,157185,100,No,0,0,0,,
663WB31-SG,SDL WB 6.63% 2031,517633,100,No,0,0,0,,
663WB41-SG,SDL WB 6.63% 2041,486913,100,No,0,0,0,,
664AP39-SG,SDL AP 6.64% 2039,477697,100,No,0,0,0,,
664AS30-SG,SDL AS 6.64% 2030,318977,100,No,0,0,0,,
664GJ36-SG,SDL GJ 6.64% 2036,193743617,100,No,0,0,0,,
664GS2027-GS,GOI LOAN   6.64% 2027,7015681,1,No,0,0,0,,
664GS2035-GS,GOI LOAN  6.64% 2035,820225,1,No,0,0,0,,
664HR36-SG,SDL HR 6.64% 2036,193800705,100,No,0,0,0,,
664JK36-SG,SDL JK 6.64% 2036,476929,100,No,0,0,0,,
664KA32-SG,SDL KA 6.64% 2032,5726721,100,No,0,0,0,,
664ML35-SG,SDL ML 6.64% 2035,193889793,100,No,0,0,0,,
664MP30-SG,SDL MP 6.64% 2030,5624577,100,No,0,0,0,,
664MZ32-SG,SDL MZ 6.64% 2032,486145,100,No,0,0,0,,
664PFCL30-N0,,193731841,1,No,0,0,0,,
664PY32-SG,SDL PY 6.64% 2032,442881,100,No,0,0,0,,
664RJ30-SG,SDL RJ 6.64% 2030,5737473,100,No,0,0,0,,
664RJ35-SG,SDL RJ 6.64% 2035,193890049,100,No,0,0,0,,
664SK31-SG,SDL SK 6.64% 2031,483329,100,No,0,0,0,,
664TS50-SG,SDL TS 6.64% 2050,5678849,100,No,0,0,0,,
664TS51-SG,SDL TS 6.64% 2051,479233,100,No,0,0,0,,
664UP30-SG,SDL UP 6.64% 2030,5377,100,No,0,0,0,,
664UP31-SG,SDL UP 6.64% 2031,518145,100,No,0,0,0,,
665AP33-SG,SDL AP 6.65% 2033,193901313,100,No,0,0,0,,
665AP34-SG,SDL AP 6.65% 2034,193901569,100,No,0,0,0,,
665AP36-SG,SDL AP 6.65% 2036,445185,100,No,0,0,0,,
665AP40-SG,SDL AP 6.65% 2040,446721,100,No,0,0,0,,
665AP41-SG,SDL AP 6.65% 2041,478977,100,No,0,0,0,,
665GA35-SG,SDL GA 6.65% 2035,193743361,100,No,0,0,0,,
665GJ30-SG,SDL GJ 6.65% 2030,5735937,100,No,0,0,0,,
665GJ37-SG,SDL GJ 6.65% 2037,193743873,100,No,0,0,0,,
665HP32-SG,SDL HP 6.65% 2032,193561601,100,No,0,0,0,,
665IRFC30-N0,,193778433,1,No,0,0,0,,
665JK30-SG,SDL JK 6.65% 2030,351489,100,No,0,0,0,,
665KA30-SG,SDL KA 6.65% 2030,18433,100,No,0,0,0,,
665KA35-SG,SDL KA 6.65% 2035,391937,100,No,0,0,0,,
665ML30-SG,SDL ML 6.65% 2030,155905,100,No,0,0,0,,
665PN50-SG,SDL PN 6.65% 2050,5559297,100,No,0,0,0,,
665PN50A-SG,SDL PN 6.65% 2050,449793,100,No,0,0,0,,
665TR35-SG,SDL TR 6.65% 2035,444929,100,No,0,0,0,,
665TS40-SG,SDL TS 6.65% 2040,445953,100,No,0,0,0,,
665WB28-SG,SDL WB 6.65% 2028,953857,100,No,0,0,0,,
665WB30-SG,SDL WB 6.65% 2030,5677057,100,No,0,0,0,,
666JH34-SG,SDL JH 6.66% 2034,476161,100,No,0,0,0,,
666KA32-SG,SDL KA 6.66% 2032,319489,100,No,0,0,0,,
666NBRD28-N0,,194212353,1,No,0,0,0,,
666RJ29-SG,SDL RJ 6.66% 2029,194444289,100,No,0,0,0,,
666SIDBI28-N0,,194212865,1,No,0,0,0,,
666TN29-SG,SDL TN 6.66% 2029,1804801,100,No,0,0,0,,
666TN30-SG,SDL TN 6.66% 2030,5737729,100,No,0,0,0,,
666TN35-SG,SDL TN 6.66% 2035,193902081,100,No,0,0,0,,
667AP32-SG,SDL AP 6.67% 2032,193754625,100,No,0,0,0,,
667GS2035-GS,GOI LOAN  6.67% 2035,1427713,1,No,0,0,0,,
667GS2050-GS,GOI LOAN  6.67% 2050,244737,1,No,0,0,0,,
667MH31-SG,SDL MH 6.67% 2031,7425,100,No,0,0,0,,
667MH32-SG,SDL MH 6.67% 2032,320257,100,No,0,0,0,,
667NBFID30-N0,,193915649,1,No,0,0,0,,
667RJ30-SG,SDL RJ 6.67% 2030,22273,100,No,0,0,0,,
667RJ50-SG,SDL RJ 6.67% 2050,5652481,100,No,0,0,0,,
667TN50-SG,SDL TN 6.67% 2050,5728001,100,No,0,0,0,,
667TS50-SG,SDL TS 6.67% 2050,392961,100,No,0,0,0,,
667UK30-SG,SDL UK 6.67% 2030,19457,100,No,0,0,0,,
667UP30-SG,SDL UP 6.67% 2030,5737985,100,No,0,0,0,,
667UP32-SG,SDL UP 6.67% 2032,193561857,100,No,0,0,0,,
668AP33-SG,SDL AP 6.68% 2033,352769,100,No,0,0,0,,
668AP35-SG,SDL AP 6.68% 2035,5747969,100,No,0,0,0,,
668AP35A-SG,SDL AP 6.68% 2035,366593,100,No,0,0,0,,
668AP35B-SG,SDL AP 6.68% 2035,193901825,100,No,0,0,0,,
668AP39-SG,SDL AP 6.68% 2039,5748481,100,No,0,0,0,,
668GA30-SG,SDL GA 6.68% 2030,5735681,100,No,0,0,0,,
668GJ33-SG,SDL GJ 6.68% 2033,193755137,100,No,0,0,0,,
668GS2031-GS,GOI LOAN 6.68% 2031,1844481,1,No,0,0,0,,
668GS2040-GS,GOI LOAN  6.68% 2040,194008833,1,No,0,0,0,,
668HR38-SG,SDL HR 6.68% 2038,193800961,100,No,0,0,0,,
668HR39-SG,SDL HR 6.68% 2039,5727489,100,No,0,0,0,,
668JH32-SG,SDL JH 6.68% 2032,352257,100,No,0,0,0,,
668KA36-SG,SDL KA 6.68% 2036,367873,100,No,0,0,0,,
668MZ31-SG,SDL MZ 6.68% 2031,366081,100,No,0,0,0,,
668RJ35-SG,SDL RJ 6.68% 2035,193737729,100,No,0,0,0,,
668TN55-SG,SDL TN 6.68% 2055,5666305,100,No,0,0,0,,
668UP30-SG,SDL UP 6.68% 2030,23553,100,No,0,0,0,,
668WB30-SG,SDL WB 6.68% 2030,5737217,100,No,0,0,0,,
668WB35-SG,SDL WB 6.68% 2035,392193,100,No,0,0,0,,
669GJ34-SG,SDL GJ 6.69% 2034,193819905,100,No,0,0,0,,
669GJ35-SG,SDL GJ 6.69% 2035,193820161,100,No,0,0,0,,
669KA37-SG,SDL KA 6.69% 2037,353025,100,No,0,0,0,,
669MP30-SG,SDL MP 6.69% 2030,5629953,100,No,0,0,0,,
669PN30-SG,SDL PN 6.69% 2030,151041,100,No,0,0,0,,
669TN30-SG,SDL TN 6.69% 2030,45825,100,No,0,0,0,,
669TN50-SG,SDL TN 6.69% 2050,5660929,100,No,0,0,0,,
669TS40-SG,SDL TS 6.69% 2040,423681,100,No,0,0,0,,
669TS50-SG,SDL TS 6.69% 2050,5726977,100,No,0,0,0,,
669UP30-SG,SDL UP 6.69% 2030,5656833,100,No,0,0,0,,
66AS30-SG,SDL AS 6.6% 2030,297729,100,No,0,0,0,,
66AS30A-SG,SDL AS 6.6% 2030,421121,100,No,0,0,0,,
66GA30-SG,SDL GA 6.6% 2030,5475585,100,No,0,0,0,,
66GA30A-SG,SDL GA 6.6% 2030,5121,100,No,0,0,0,,
66GJ29-SG,SDL GJ 6.6% 2029,5542401,100,No,0,0,0,,
66HP30-SG,SDL HP 6.6% 2030,312577,100,No,0,0,0,,
66KA37-SG,SDL KA 6.6% 2037,499201,100,No,0,0,0,,
66MH31-SG,SDL MH 6.6% 2031,5615873,100,No,0,0,0,,
66ML30-SG,SDL ML 6.6% 2030,391169,100,No,0,0,0,,
66ML30A-SG,SDL ML 6.6% 2030,438273,100,No,0,0,0,,
66MN30-SG,SDL MN 6.6% 2030,350209,100,No,0,0,0,,
66MZ30-SG,SDL MZ 6.6% 2030,5636353,100,No,0,0,0,,
66PN30-SG,SDL PN 6.6% 2030,298241,100,No,0,0,0,,
66RJ30-SG,SDL RJ 6.6% 2030,4609,100,No,0,0,0,,
66RJ30A-SG,SDL RJ 6.6% 2030,156417,100,No,0,0,0,,
66RJ30B-SG,SDL RJ 6.6% 2030,364033,100,No,0,0,0,,
66RJ30C-SG,SDL RJ 6.6% 2030,439041,100,No,0,0,0,,
66SK30-SG,SDL SK 6.6% 2030,277505,100,No,0,0,0,,
66TN29-SG,SDL TN 6.6% 2029,5665025,100,No,0,0,0,,
66TN30-SG,SDL TN 6.6% 2030,5660417,100,No,0,0,0,,
66UK31-SG,SDL UK 6.6% 2031,474625,100,No,0,0,0,,
66UP30-SG,SDL UP 6.6% 2030,278017,100,No,0,0,0,,
66UP30A-SG,SDL UP 6.6% 2030,422145,100,No,0,0,0,,
66UP31-SG,SDL UP 6.6% 2031,471553,100,No,0,0,0,,
66WB30-SG,SDL WB 6.6% 2030,440577,100,No,0,0,0,,
670AP26-SG,SDL AP 6.70% 2026,5273601,100,No,0,0,0,,
670GJ33-SG,SDL GJ 6.70% 2033,193979137,100,No,0,0,0,,
670RECL29-N0,,194123777,1,No,0,0,0,,
670RJ50-SG,SDL RJ 6.70% 2050,5649921,100,No,0,0,0,,
670TN50-SG,SDL TN 6.70% 2050,5664769,100,No,0,0,0,,
671AP35-SG,SDL AP 6.71% 2035,193755649,100,No,0,0,0,,
671MN40-SG,SDL MN 6.71% 2040,193801217,100,No,0,0,0,,
671RJ30-SG,SDL RJ 6.71% 2030,5651713,100,No,0,0,0,,
671TN29-SG,SDL TN 6.71% 2029,1725697,100,No,0,0,0,,
671TN35-SG,SDL TN 6.71% 2035,193517057,100,No,0,0,0,,
671TN35A-SG,SDL TN 6.71% 2035,193820417,100,No,0,0,0,,
671TS40-SG,SDL TS 6.71% 2040,370177,100,No,0,0,0,,
671TS50-SG,SDL TS 6.71% 2050,5748993,100,No,0,0,0,,
671WB40-SG,SDL WB 6.71% 2040,369409,100,No,0,0,0,,
672AP28-SG,SDL AP 6.72% 2028,5353985,100,No,0,0,0,,
672GA30-SG,SDL GA 6.72% 2030,5353729,100,No,0,0,0,,
672GJ30-SG,SDL GJ 6.72% 2030,960001,100,No,0,0,0,,
672HR35-SG,SDL HR 6.72% 2035,221953,100,No,0,0,0,,
672KA33-SG,SDL KA 6.72% 2033,298497,100,No,0,0,0,,
672KL27-SG,SDL KL 6.72% 2027,742657,100,No,0,0,0,,
672MH38-SG,SDL MH 6.72% 2038,193552129,100,No,0,0,0,,
672MH40-SG,SDL MH 6.72% 2040,193552641,100,No,0,0,0,,
672PN30-SG,SDL PN 6.72% 2030,5577217,100,No,0,0,0,,
672RJ30-SG,SDL RJ 6.72% 2030,43777,100,No,0,0,0,,
672TN27-SG,SDL TN 6.72% 2027,107521,100,No,0,0,0,,
672TR40-SG,SDL TR 6.72% 2040,193744385,100,No,0,0,0,,
672TS26-SG,SDL TS 6.72% 2026,5681153,100,No,0,0,0,,
673HPCL30-N0,,193716481,1,No,0,0,0,,
673KL28-SG,SDL KL 6.73% 2028,5607169,100,No,0,0,0,,
673MP30-SG,SDL MP 6.73% 2030,5627137,100,No,0,0,0,,
673PFCL27-N0,,194309377,1,No,0,0,0,,
673PN40-SG,SDL PN 6.73% 2040,353793,100,No,0,0,0,,
673RJ35-SG,SDL RJ 6.73% 2035,193935361,100,No,0,0,0,,
673SK30-SG,SDL SK 6.73% 2030,44289,100,No,0,0,0,,
673TN30-SG,SDL TN 6.73% 2030,5663233,100,No,0,0,0,,
673TN40-SG,SDL TN 6.73% 2040,321025,100,No,0,0,0,,
673TS50-SG,SDL TS 6.73% 2050,321537,100,No,0,0,0,,
674AP37-SG,SDL AP 6.74% 2037,193755905,100,No,0,0,0,,
674GA30-SG,SDL GA 6.74% 2030,42241,100,No,0,0,0,,
674MH29-SG,SDL MH 6.74% 2029,194263809,100,No,0,0,0,,
674SIDBI29-N0,,194555649,1,No,0,0,0,,
674TN50-SG,SDL TN 6.74% 2050,5660673,100,No,0,0,0,,
674TS50-SG,SDL TS 6.74% 2050,354817,100,No,0,0,0,,
674UK35-SG,SDL UK 6.74% 2035,193559553,100,No,0,0,0,,
674UK35A-SG,SDL UK 6.74% 2035,193935617,100,No,0,0,0,,
674UP30-SG,SDL UP 6.74% 2030,41217,100,No,0,0,0,,
675AS40-SG,SDL AS 6.75% 2040,193551617,100,No,0,0,0,,
675BR27-SG,SDL BR 6.75% 2027,1274881,100,No,0,0,0,,
675GJ27-SG,SDL GJ 6.75% 2027,7556353,100,No,0,0,0,,
675GJ29-SG,SDL GJ 6.75% 2029,1559809,100,No,0,0,0,,
675GJ31-SG,SDL GJ 6.75% 2031,1171201,100,No,0,0,0,,
675GS2029-GS,GOI LOAN   6.75% 2029,7303681,1,No,0,0,0,,
675HP29-SG,SDL HP 6.75% 2029,194576129,100,No,0,0,0,,
675HR38-SG,SDL HR 6.75% 2038,193560065,100,No,0,0,0,,
675KA33-SG,SDL KA 6.75% 2033,18945,100,No,0,0,0,,
675KA33A-SG,SDL KA 6.75% 2033,158209,100,No,0,0,0,,
675KA34-SG,SDL KA 6.75% 2034,279553,100,No,0,0,0,,
675KA35-SG,SDL KA 6.75% 2035,257537,100,No,0,0,0,,
675MH39-SG,SDL MH 6.75% 2039,193552385,100,No,0,0,0,,
675MH40-SG,SDL MH 6.75% 2040,193560833,100,No,0,0,0,,
675RJ30-SG,SDL RJ 6.75% 2030,248065,100,No,0,0,0,,
675RJ30A-SG,SDL RJ 6.75% 2030,194524929,100,No,0,0,0,,
675RJ31-SG,SDL RJ 6.75% 2031,817921,100,No,0,0,0,,
675TR40-SG,SDL TR 6.75% 2040,193561089,100,No,0,0,0,,
676AS32-SG,SDL AS 6.76% 2032,193978881,100,No,0,0,0,,
676GS2061-GS,GOI LOAN  6.76% 2061,593153,1,No,0,0,0,,
676JK31-SG,SDL JK 6.76% 2031,193768449,100,No,0,0,0,,
676MH37-SG,SDL MH 6.76% 2037,193551873,100,No,0,0,0,,
676MP33-SG,SDL MP 6.76% 2033,24321,100,No,0,0,0,,
676MP40-SG,SDL MP 6.76% 2040,259073,100,No,0,0,0,,
676PN40-SG,SDL PN 6.76% 2040,224513,100,No,0,0,0,,
676RJ31-SG,SDL RJ 6.76% 2031,932097,100,No,0,0,0,,
676TN31-SG,SDL TN 6.76% 2031,1469953,100,No,0,0,0,,
677AP31-SG,SDL AP 6.77% 2031,194099457,100,No,0,0,0,,
677AP38-SG,SDL AP 6.77% 2038,224257,100,No,0,0,0,,
677AP40-SG,SDL AP 6.77% 2040,5740033,100,No,0,0,0,,
677AS40-SG,SDL AS 6.77% 2040,193820929,100,No,0,0,0,,
677BR28-SG,SDL BR 6.77% 2028,1338113,100,No,0,0,0,,
677HR39-SG,SDL HR 6.77% 2039,193820673,100,No,0,0,0,,
677KA33-SG,SDL KA 6.77% 2033,5739777,100,No,0,0,0,,
677KA34-SG,SDL KA 6.77% 2034,8961,100,No,0,0,0,,
677KL37-SG,SDL KL 6.77% 2037,193890817,100,No,0,0,0,,
677MH37-SG,SDL MH 6.77% 2037,193559809,100,No,0,0,0,,
677MH38-SG,SDL MH 6.77% 2038,193560321,100,No,0,0,0,,
677MP37-SG,SDL MP 6.77% 2037,193757185,100,No,0,0,0,,
677MP39-SG,SDL MP 6.77% 2039,193757441,100,No,0,0,0,,
677OR29-SG,SDL OR 6.77% 2029,194346241,100,No,0,0,0,,
677PN43-SG,SDL PN 6.77% 2043,193561345,100,No,0,0,0,,
677RJ31-SG,SDL RJ 6.77% 2031,898817,100,No,0,0,0,,
677RJ31A-SG,SDL RJ 6.77% 2031,1470209,100,No,0,0,0,,
677TCL28-N0,,194329857,1,No,0,0,0,,
677TN29-SG,SDL TN 6.77% 2029,194630145,100,No,0,0,0,,
677TN31-SG,SDL TN 6.77% 2031,861185,100,No,0,0,0,,
677TN40-SG,SDL TN 6.77% 2040,193821185,100,No,0,0,0,,
677WB40-SG,SDL WB 6.77% 2040,10753,100,No,0,0,0,,
678AP33-SG,SDL AP 6.78% 2033,193768705,100,No,0,0,0,,
678AP37-SG,SDL AP 6.78% 2037,193890561,100,No,0,0,0,,
678AP38-SG,SDL AP 6.78% 2038,818177,100,No,0,0,0,,
678AP39-SG,SDL AP 6.78% 2039,819201,100,No,0,0,0,,
678GA31-SG,SDL GA 6.78% 2031,1171969,100,No,0,0,0,,
678IRFC30-N0,,193620737,1,No,0,0,0,,
678JK33-SG,SDL JK 6.78% 2033,830465,100,No,0,0,0,,
678KA32-SG,SDL KA 6.78% 2032,46593,100,No,0,0,0,,
678KL31-SG,SDL KL 6.78% 2031,935681,100,No,0,0,0,,
678KL40-SG,SDL KL 6.78% 2040,193757697,100,No,0,0,0,,
678KL46-SG,SDL KL 6.78% 2046,193562369,100,No,0,0,0,,
678MH31-SG,SDL MH 6.78% 2031,936705,100,No,0,0,0,,
678MH32-SG,SDL MH 6.78% 2032,47361,100,No,0,0,0,,
678MH39-SG,SDL MH 6.78% 2039,193560577,100,No,0,0,0,,
678MN31-SG,SDL MN 6.78% 2031,845825,100,No,0,0,0,,
678RJ30-SG,SDL RJ 6.78% 2030,5648129,100,No,0,0,0,,
678RJ31-SG,SDL RJ 6.78% 2031,829697,100,No,0,0,0,,
678RJ31A-SG,SDL RJ 6.78% 2031,863489,100,No,0,0,0,,
678RJ47-SG,SDL RJ 6.78% 2047,193562625,100,No,0,0,0,,
678SK31-SG,SDL SK 6.78% 2031,932609,100,No,0,0,0,,
678TS50-SG,SDL TS 6.78% 2050,224769,100,No,0,0,0,,
678WB35-SG,SDL WB 6.78% 2035,299265,100,No,0,0,0,,
679AP34-SG,SDL AP 6.79% 2034,257025,100,No,0,0,0,,
679AP34A-SG,SDL AP 6.79% 2034,193767937,100,No,0,0,0,,
679AP36-SG,SDL AP 6.79% 2036,193756929,100,No,0,0,0,,
679AS45-SG,SDL AS 6.79% 2045,193757953,100,No,0,0,0,,
679GS2027-GS,GOI LOAN 6.79% 2027,1843713,1,No,0,0,0,,
679GS2029-GS,GOI LOAN 6.79% 2029,1841921,1,No,0,0,0,,
679GS2031-GS,GOI LOAN   6.79% 2031,7396865,1,No,0,0,0,,
679GS2034-GS,GOI LOAN  6.79% 2034,6588417,1,No,0,0,0,,
679GS2034A-GS,GOI LOAN   6.79% 2034,6981889,1,No,0,0,0,,
679HP34-SG,SDL HP 6.79% 2034,193562113,100,No,0,0,0,,
679HR31-SG,SDL HR 6.79% 2031,900353,100,No,0,0,0,,
679JK30-SG,SDL JK 6.79% 2030,5678593,100,No,0,0,0,,
679MP33-SG,SDL MP 6.79% 2033,8193,100,No,0,0,0,,
679MP40-SG,SDL MP 6.79% 2040,280321,100,No,0,0,0,,
679PN35-SG,SDL PN 6.79% 2035,257793,100,No,0,0,0,,
679PN45-SG,SDL PN 6.79% 2045,193756161,100,No,0,0,0,,
679TN55-SG,SDL TN 6.79% 2055,193717505,100,No,0,0,0,,
679TS52-SG,SDL TS 6.79% 2052,193562881,100,No,0,0,0,,
679TS53-SG,SDL TS 6.79% 2053,193756417,100,No,0,0,0,,
679TS56-SG,SDL TS 6.79% 2056,193717761,100,No,0,0,0,,
679WB28-SG,SDL WB 6.79% 2028,1248513,100,No,0,0,0,,
679WB28A-SG,SDL WB 6.79% 2028,1368065,100,No,0,0,0,,
67AS27-SG,SDL AS 6.7% 2027,607745,100,No,0,0,0,,
67GJ30-SG,SDL GJ 6.7% 2030,42753,100,No,0,0,0,,
67HR30-SG,SDL HR 6.7% 2030,6657,100,No,0,0,0,,
67HR39-SG,SDL HR 6.7% 2039,193744129,100,No,0,0,0,,
67JK30-SG,SDL JK 6.7% 2030,5889,100,No,0,0,0,,
67JK32-SG,SDL JK 6.7% 2032,320769,100,No,0,0,0,,
67KA30-SG,SDL KA 6.7% 2030,43521,100,No,0,0,0,,
67KL27-SG,SDL KL 6.7% 2027,5610497,100,No,0,0,0,,
67MH28-SG,SDL MH 6.7% 2028,40449,100,No,0,0,0,,
67ML30-SG,SDL ML 6.7% 2030,21249,100,No,0,0,0,,
67NL30-SG,SDL NL 6.7% 2030,22017,100,No,0,0,0,,
67PN30-SG,SDL PN 6.7% 2030,5560065,100,No,0,0,0,,
67PN40-SG,SDL PN 6.7% 2040,5748737,100,No,0,0,0,,
67RJ35-SG,SDL RJ 6.7% 2035,193559297,100,No,0,0,0,,
67TR30-SG,SDL TR 6.7% 2030,22785,100,No,0,0,0,,
680AP35-SG,SDL AP 6.80% 2035,193979393,100,No,0,0,0,,
680GJ34-SG,SDL GJ 6.80% 2034,194024961,100,No,0,0,0,,
680NHB32-N0,,193790977,1,No,0,0,0,,
680RJ35-SG,SDL RJ 6.80% 2035,193979905,100,No,0,0,0,,
680TN35-SG,SDL TN 6.80% 2035,193980161,100,No,0,0,0,,
681HR39-SG,SDL HR 6.81% 2039,193498625,100,No,0,0,0,,
681KL31-SG,SDL KL 6.81% 2031,1172737,100,No,0,0,0,,
681MH28-SG,SDL MH 6.81% 2028,109313,100,No,0,0,0,,
681MH31-SG,SDL MH 6.81% 2031,948225,100,No,0,0,0,,
681PN31-SG,SDL PN 6.81% 2031,961281,100,No,0,0,0,,
681RL36-N0,,194026241,1,No,0,0,0,,
681TR35-SG,SDL TR 6.81% 2035,300033,100,No,0,0,0,,
682AP36-SG,SDL AP 6.82% 2036,193890305,100,No,0,0,0,,
682BR28-SG,SDL BR 6.82% 2028,1286657,100,No,0,0,0,,
682CG28-SG,SDL CG 6.82% 2028,1275905,100,No,0,0,0,,
682GJ27-SG,SDL GJ 6.82% 2027,6611969,100,No,0,0,0,,
682JH34-SG,SDL JH 6.82% 2034,788993,100,No,0,0,0,,
682KL32-SG,SDL KL 6.82% 2032,787713,100,No,0,0,0,,
682KL35-SG,SDL KL 6.82% 2035,789249,100,No,0,0,0,,
682MH32-SG,SDL MH 6.82% 2032,864257,100,No,0,0,0,,
682ML31-SG,SDL ML 6.82% 2031,828929,100,No,0,0,0,,
682PN36-SG,SDL PN 6.82% 2036,789761,100,No,0,0,0,,
682RJ31-SG,SDL RJ 6.82% 2031,834305,100,No,0,0,0,,
682TN35-SG,SDL TN 6.82% 2035,194025729,100,No,0,0,0,,
682TN36-SG,SDL TN 6.82% 2036,193931777,100,No,0,0,0,,
683AP34-SG,SDL AP 6.83% 2034,193755393,100,No,0,0,0,,
683BR30-SG,SDL BR 6.83% 2030,1803009,100,No,0,0,0,,
683GA31-SG,SDL GA 6.83% 2031,1505793,100,No,0,0,0,,
683GJ30-SG,SDL GJ 6.83% 2030,76033,100,No,0,0,0,,
683GS2039-GS,GOI 6.83% 2039,1775361,1,No,0,0,0,,
683JK42-SG,SDL JK 6.83% 2042,193498881,100,No,0,0,0,,
683KA31-SG,SDL KA 6.83% 2031,1788929,100,No,0,0,0,,
683KA31A-SG,SDL KA 6.83% 2031,1803521,100,No,0,0,0,,
683KA31B-SG,SDL KA 6.83% 2031,1831681,100,No,0,0,0,,
683MH31-SG,SDL MH 6.83% 2031,1216513,100,No,0,0,0,,
683MH32-SG,SDL MH 6.83% 2032,913153,100,No,0,0,0,,
683MH32A-SG,SDL MH 6.83% 2032,938241,100,No,0,0,0,,
683MH32B-SG,SDL MH 6.83% 2032,1172481,100,No,0,0,0,,
683MN40-SG,SDL MN 6.83% 2040,193821441,100,No,0,0,0,,
683TN31-SG,SDL TN 6.83% 2031,1217281,100,No,0,0,0,,
683TN31A-SG,SDL TN 6.83% 2031,1831937,100,No,0,0,0,,
683WB28-SG,SDL WB 6.83% 2028,1277185,100,No,0,0,0,,
683WB31-SG,SDL WB 6.83% 2031,748801,100,No,0,0,0,,
683WB31A-SG,SDL WB 6.83% 2031,900865,100,No,0,0,0,,
684AP37-SG,SDL AP 6.84% 2037,193769217,100,No,0,0,0,,
684AP38-SG,SDL AP 6.84% 2038,193891073,100,No,0,0,0,,
684AP39-SG,SDL AP 6.84% 2039,193891329,100,No,0,0,0,,
684AR31-SG,SDL AR 6.84% 2031,833793,100,No,0,0,0,,
684BR30-SG,SDL BR 6.84% 2030,1830913,100,No,0,0,0,,
684GA31-SG,SDL GA 6.84% 2031,787457,100,No,0,0,0,,
684GJ30-SG,SDL GJ 6.84% 2030,116225,100,No,0,0,0,,
684GJ31-SG,SDL GJ 6.84% 2031,749569,100,No,0,0,0,,
684GJ31A-SG,SDL GJ 6.84% 2031,1422849,100,No,0,0,0,,
684GJ31B-SG,SDL GJ 6.84% 2031,194522113,100,No,0,0,0,,
684HP35-SG,SDL HP 6.84% 2035,193768961,100,No,0,0,0,,
684HR32-SG,SDL HR 6.84% 2032,914177,100,No,0,0,0,,
684JK31-SG,SDL JK 6.84% 2031,786689,100,No,0,0,0,,
684JK31A-SG,SDL JK 6.84% 2031,194099713,100,No,0,0,0,,
684JK42-SG,SDL JK 6.84% 2042,193801473,100,No,0,0,0,,
684KL30-SG,SDL KL 6.84% 2030,5609729,100,No,0,0,0,,
684KL33-SG,SDL KL 6.84% 2033,935937,100,No,0,0,0,,
684KL47-SG,SDL KL 6.84% 2047,193744641,100,No,0,0,0,,
684MH32-SG,SDL MH 6.84% 2032,901121,100,No,0,0,0,,
684MZ34-SG,SDL MZ 6.84% 2034,279041,100,No,0,0,0,,
684PN31-SG,SDL PN 6.84% 2031,1506049,100,No,0,0,0,,
684RJ30-SG,SDL RJ 6.84% 2030,5649409,100,No,0,0,0,,
684RJ31-SG,SDL RJ 6.84% 2031,950529,100,No,0,0,0,,
684RJ31A-SG,SDL RJ 6.84% 2031,1170177,100,No,0,0,0,,
684RJ31B-SG,SDL RJ 6.84% 2031,1789441,100,No,0,0,0,,
684TN29-SG,SDL TN 6.84% 2029,194230017,100,No,0,0,0,,
684TS40-SG,SDL TS 6.84% 2040,17409,100,No,0,0,0,,
684TS56-SG,SDL TS 6.84% 2056,193516801,100,No,0,0,0,,
684UK31-SG,SDL UK 6.84% 2031,747265,100,No,0,0,0,,
684UP31-SG,SDL UP 6.84% 2031,1507073,100,No,0,0,0,,
685AP36-SG,SDL AP 6.85% 2036,9729,100,No,0,0,0,,
685AP41-SG,SDL AP 6.85% 2041,193769729,100,No,0,0,0,,
685AR31-SG,SDL AR 6.85% 2031,748033,100,No,0,0,0,,
685AS29-SG,SDL AS 6.85% 2029,2095617,100,No,0,0,0,,
685AS31-SG,SDL AS 6.85% 2031,750081,100,No,0,0,0,,
685AS31A-SG,SDL AS 6.85% 2031,1505537,100,No,0,0,0,,
685BR30-SG,SDL BR 6.85% 2030,1422337,100,No,0,0,0,,
685GA31-SG,SDL GA 6.85% 2031,531713,100,No,0,0,0,,
685GA31A-SG,SDL GA 6.85% 2031,744961,100,No,0,0,0,,
685GA31B-SG,SDL GA 6.85% 2031,1452545,100,No,0,0,0,,
685GA31C-SG,SDL GA 6.85% 2031,1831425,100,No,0,0,0,,
685KA30-SG,SDL KA 6.85% 2030,76801,100,No,0,0,0,,
685ML31-SG,SDL ML 6.85% 2031,751873,100,No,0,0,0,,
685MP31-SG,SDL MP 6.85% 2031,1453313,100,No,0,0,0,,
685NBRD29-N0,,194308865,1,No,0,0,0,,
685NL31-SG,SDL NL 6.85% 2031,835841,100,No,0,0,0,,
685NL31A-SG,SDL NL 6.85% 2031,949761,100,No,0,0,0,,
685RJ30-SG,SDL RJ 6.85% 2030,77313,100,No,0,0,0,,
685RJ31-SG,SDL RJ 6.85% 2031,532225,100,No,0,0,0,,
685RJ47-SG,SDL RJ 6.85% 2047,193744897,100,No,0,0,0,,
685RJ51-SG,SDL RJ 6.85% 2051,193745153,100,No,0,0,0,,
685TN51-SG,SDL TN 6.85% 2051,536833,100,No,0,0,0,,
685TS50-SG,SDL TS 6.85% 2050,193822465,100,No,0,0,0,,
685WB30-SG,SDL WB 6.85% 2030,5688065,100,No,0,0,0,,
685WB30A-SG,SDL WB 6.85% 2030,5689857,100,No,0,0,0,,
685WB31-SG,SDL WB 6.85% 2031,1424897,100,No,0,0,0,,
686AP35-SG,SDL AP 6.86% 2035,1468417,100,No,0,0,0,,
686AS35-SG,SDL AS 6.86% 2035,193979649,100,No,0,0,0,,
686HP30-SG,SDL HP 6.86% 2030,1760769,100,No,0,0,0,,
686JH36-SG,SDL JH 6.86% 2036,746497,100,No,0,0,0,,
686KA30-SG,SDL KA 6.86% 2030,114945,100,No,0,0,0,,
686KL35-SG,SDL KL 6.86% 2035,1468673,100,No,0,0,0,,
686MH32-SG,SDL MH 6.86% 2032,948993,100,No,0,0,0,,
686NBFID30-N0,,194517505,1,No,0,0,0,,
686NHPCL31-N0,,193775105,1,No,0,0,0,,
686NHPCL32-N0,,193774593,1,No,0,0,0,,
686NHPCL33-N0,,193772289,1,No,0,0,0,,
686NHPCL34-N0,,193762817,1,No,0,0,0,,
686NHPCL35-N0,,193763329,1,No,0,0,0,,
686NHPCL36-N0,,193767169,1,No,0,0,0,,
686NHPCL37-N0,,193767681,1,No,0,0,0,,
686NHPCL38-N0,,193771265,1,No,0,0,0,,
686NHPCL39-N0,,193771777,1,No,0,0,0,,
686NHPCL40-N0,,193762305,1,No,0,0,0,,
686PN33-SG,SDL PN 6.86% 2033,752641,100,No,0,0,0,,
686PY34-SG,SDL PY 6.86% 2034,753409,100,No,0,0,0,,
686REC35-N0,,193720321,1,No,0,0,0,,
686RJ36-SG,SDL RJ 6.86% 2036,1469441,100,No,0,0,0,,
686RJ52-SG,SDL RJ 6.86% 2052,193802497,100,No,0,0,0,,
686TN29-SG,SDL TN 6.86% 2029,194682369,100,No,0,0,0,,
686TS41-SG,SDL TS 6.86% 2041,536321,100,No,0,0,0,,
686TS46-SG,SDL TS 6.86% 2046,193821953,100,No,0,0,0,,
686TS47-SG,SDL TS 6.86% 2047,193822209,100,No,0,0,0,,
686UP30-SG,SDL UP 6.86% 2030,5656065,100,No,0,0,0,,
686UP33-SG,SDL UP 6.86% 2033,194030593,100,No,0,0,0,,
687AP33-SG,SDL AP 6.87% 2033,194030849,100,No,0,0,0,,
687AP35-SG,SDL AP 6.87% 2035,190977,100,No,0,0,0,,
687AP37-SG,SDL AP 6.87% 2037,536577,100,No,0,0,0,,
687AP38-SG,SDL AP 6.87% 2038,10497,100,No,0,0,0,,
687AP40-SG,SDL AP 6.87% 2040,1469697,100,No,0,0,0,,
687AS31-SG,SDL AS 6.87% 2031,1451521,100,No,0,0,0,,
687AS31A-SG,SDL AS 6.87% 2031,1802497,100,No,0,0,0,,
687BR30-SG,SDL BR 6.87% 2030,1528321,100,No,0,0,0,,
687BR30A-SG,SDL BR 6.87% 2030,1760513,100,No,0,0,0,,
687GJ28-SG,SDL GJ 6.87% 2028,7700481,100,No,0,0,0,,
687GJ28A-SG,SDL GJ 6.87% 2028,7785729,100,No,0,0,0,,
687HR31-SG,SDL HR 6.87% 2031,1417217,100,No,0,0,0,,
687JH31-SG,SDL JH 6.87% 2031,1453057,100,No,0,0,0,,
687KA31-SG,SDL KA 6.87% 2031,1763073,100,No,0,0,0,,
687MH30-SG,SDL MH 6.87% 2030,114689,100,No,0,0,0,,
687MH33-SG,SDL MH 6.87% 2033,865025,100,No,0,0,0,,
687MH33A-SG,SDL MH 6.87% 2033,914945,100,No,0,0,0,,
687MN31-SG,SDL MN 6.87% 2031,1456897,100,No,0,0,0,,
687REC30-N0,,193720833,1,No,0,0,0,,
687RJ31-SG,SDL RJ 6.87% 2031,1423617,100,No,0,0,0,,
687SK31-SG,SDL SK 6.87% 2031,1789697,100,No,0,0,0,,
687TN28-SG,SDL TN 6.87% 2028,7785985,100,No,0,0,0,,
687TS47-SG,SDL TS 6.87% 2047,193499137,100,No,0,0,0,,
687TS55-SG,SDL TS 6.87% 2055,193499393,100,No,0,0,0,,
687UP31-SG,SDL UP 6.87% 2031,1457921,100,No,0,0,0,,
688AP34-SG,SDL AP 6.88% 2034,5411329,100,No,0,0,0,,
688AP34A-SG,SDL AP 6.88% 2034,194031105,100,No,0,0,0,,
688AP35-SG,SDL AP 6.88% 2035,5389825,100,No,0,0,0,,
688AP40-SG,SDL AP 6.88% 2040,193769473,100,No,0,0,0,,
688BR35-SG,SDL BR 6.88% 2035,193952513,100,No,0,0,0,,
688GA31-SG,SDL GA 6.88% 2031,1422593,100,No,0,0,0,,
688GJ31-SG,SDL GJ 6.88% 2031,1252609,100,No,0,0,0,,
688KA31-SG,SDL KA 6.88% 2031,1532417,100,No,0,0,0,,
688KA32-SG,SDL KA 6.88% 2032,1804033,100,No,0,0,0,,
688MH33-SG,SDL MH 6.88% 2033,901633,100,No,0,0,0,,
688ML35-SG,SDL ML 6.88% 2035,193768193,100,No,0,0,0,,
688MN31-SG,SDL MN 6.88% 2031,531969,100,No,0,0,0,,
688MP41-SG,SDL MP 6.88% 2041,193891585,100,No,0,0,0,,
688PN45-SG,SDL PN 6.88% 2045,193769985,100,No,0,0,0,,
688PN45A-SG,SDL PN 6.88% 2045,193821697,100,No,0,0,0,,
688PN46-SG,SDL PN 6.88% 2046,193770241,100,No,0,0,0,,
688PY31-SG,SDL PY 6.88% 2031,5638657,100,No,0,0,0,,
688RJ46-SG,SDL RJ 6.88% 2046,534785,100,No,0,0,0,,
688UK30-SG,SDL UK 6.88% 2030,5675009,100,No,0,0,0,,
688UP31-SG,SDL UP 6.88% 2031,532481,100,No,0,0,0,,
688UP31A-SG,SDL UP 6.88% 2031,1217793,100,No,0,0,0,,
688WB40-SG,SDL WB 6.88% 2040,259841,100,No,0,0,0,,
689AP35-SG,SDL AP 6.89% 2035,534017,100,No,0,0,0,,
689BR28-SG,SDL BR 6.89% 2028,528641,100,No,0,0,0,,
689GA30-SG,SDL GA 6.89% 2030,77569,100,No,0,0,0,,
689GA31-SG,SDL GA 6.89% 2031,1216001,100,No,0,0,0,,
689GA31A-SG,SDL GA 6.89% 2031,1528833,100,No,0,0,0,,
689GA35-SG,SDL GA 6.89% 2035,194025473,100,No,0,0,0,,
689GJ31-SG,SDL GJ 6.89% 2031,1530113,100,No,0,0,0,,
689KA33-SG,SDL KA 6.89% 2033,1832705,100,No,0,0,0,,
689KL51-SG,SDL KL 6.89% 2051,193802241,100,No,0,0,0,,
689MH31-SG,SDL MH 6.89% 2031,1249537,100,No,0,0,0,,
689MH32-SG,SDL MH 6.89% 2032,1218561,100,No,0,0,0,,
689MP35-SG,SDL MP 6.89% 2035,5627649,100,No,0,0,0,,
689MP40-SG,SDL MP 6.89% 2040,196353,100,No,0,0,0,,
689NTPC35-N0,,193776129,1,No,0,0,0,,
689OR28A-SG,SDL OR 6.89% 2028,7602177,100,No,0,0,0,,
689PN31-SG,SDL PN 6.89% 2031,1423361,100,No,0,0,0,,
689PN46-SG,SDL PN 6.89% 2046,193801729,100,No,0,0,0,,
689RJ48-SG,SDL RJ 6.89% 2048,193801985,100,No,0,0,0,,
689TN28-SG,SDL TN 6.89% 2028,7724801,100,No,0,0,0,,
689TS51-SG,SDL TS 6.89% 2051,836097,100,No,0,0,0,,
689UP31-SG,SDL UP 6.89% 2031,1424641,100,No,0,0,0,,
689WB41-SG,SDL WB 6.89% 2041,535553,100,No,0,0,0,,
68AS30-SG,SDL AS 6.8% 2030,41985,100,No,0,0,0,,
68GS2060-GS,GOI LOAN  6.8% 2060,5744129,1,No,0,0,0,,
68JK35-SG,SDL JK 6.8% 2035,258305,100,No,0,0,0,,
68KL31-SG,SDL KL 6.8% 2031,785921,100,No,0,0,0,,
68MH31-SG,SDL MH 6.8% 2031,1172225,100,No,0,0,0,,
68MN30-SG,SDL MN 6.8% 2030,5612545,100,No,0,0,0,,
68NL31-SG,SDL NL 6.8% 2031,1470465,100,No,0,0,0,,
68PN26-SG,SDL PN 6.8% 2026,5558017,100,No,0,0,0,,
68RJ31-SG,SDL RJ 6.8% 2031,960513,100,No,0,0,0,,
68SK31-SG,SDL SK 6.8% 2031,1470721,100,No,0,0,0,,
68TS50-SG,SDL TS 6.8% 2050,260609,100,No,0,0,0,,
68TS50A-SG,SDL TS 6.8% 2050,281089,100,No,0,0,0,,
68TS57-SG,SDL TS 6.8% 2057,193756673,100,No,0,0,0,,
68UK31-SG,SDL UK 6.8% 2031,785153,100,No,0,0,0,,
690AP27-SG,SDL AP 6.90% 2027,5273345,100,No,0,0,0,,
690BR35-SG,SDL BR 6.90% 2035,194025217,100,No,0,0,0,,
690GS2065-GS,GOI LOAN  6.90% 2065,193539585,1,No,0,0,0,,
690LICH27-N0,,193754113,1,No,0,0,0,,
690UP30-SG,SDL UP 6.90% 2030,5655809,100,No,0,0,0,,
691AP39-SG,SDL AP 6.91% 2039,160257,100,No,0,0,0,,
691AP40-SG,SDL AP 6.91% 2040,867329,100,No,0,0,0,,
691AS30-SG,SDL AS 6.91% 2030,110337,100,No,0,0,0,,
691AS31-SG,SDL AS 6.91% 2031,1528065,100,No,0,0,0,,
691GJ30-SG,SDL GJ 6.91% 2030,1277697,100,No,0,0,0,,
691HP31-SG,SDL HP 6.91% 2031,1761025,100,No,0,0,0,,
691MH33-SG,SDL MH 6.91% 2033,1453569,100,No,0,0,0,,
691MH34-SG,SDL MH 6.91% 2034,1453825,100,No,0,0,0,,
691MP40-SG,SDL MP 6.91% 2040,161025,100,No,0,0,0,,
691NL30-SG,SDL NL 6.91% 2030,111873,100,No,0,0,0,,
691RJ31-SG,SDL RJ 6.91% 2031,1245697,100,No,0,0,0,,
691RJ31A-SG,SDL RJ 6.91% 2031,1418497,100,No,0,0,0,,
691RJ31B-SG,SDL RJ 6.91% 2031,1534721,100,No,0,0,0,,
691UP30-SG,SDL UP 6.91% 2030,5657601,100,No,0,0,0,,
691UP30A-SG,SDL UP 6.91% 2030,112385,100,No,0,0,0,,
691WB31-SG,SDL WB 6.91% 2031,1765633,100,No,0,0,0,,
692AP41-SG,SDL AP 6.92% 2041,1789953,100,No,0,0,0,,
692AVTL28-N0,,194505985,1,No,0,0,0,,
692BR32-SG,SDL BR 6.92% 2032,5417217,100,No,0,0,0,,
692GS2039-GS,GOI LOAN   6.92% 2039,6944513,1,No,0,0,0,,
692HP33-SG,SDL HP 6.92% 2033,1761537,100,No,0,0,0,,
692HP45-SG,SDL HP 6.92% 2045,193892609,100,No,0,0,0,,
692HR30-SG,SDL HR 6.92% 2030,1386241,100,No,0,0,0,,
692HR36-SG,SDL HR 6.92% 2036,865793,100,No,0,0,0,,
692HR36A-SG,SDL HR 6.92% 2036,1180673,100,No,0,0,0,,
692JH28-SG,SDL JH 6.92% 2028,7724545,100,No,0,0,0,,
692MP43-SG,SDL MP 6.92% 2043,193891841,100,No,0,0,0,,
692OIT28-N0,,194433281,1,No,0,0,0,,
692PN35-SG,SDL PN 6.92% 2035,5605121,100,No,0,0,0,,
692RJ30-SG,SDL RJ 6.92% 2030,110081,100,No,0,0,0,,
692RJ31-SG,SDL RJ 6.92% 2031,1678593,100,No,0,0,0,,
692TN29-SG,SDL TN 6.92% 2029,7786241,100,No,0,0,0,,
692TN45-SG,SDL TN 6.92% 2045,193892865,100,No,0,0,0,,
692TN46-SG,SDL TN 6.92% 2046,1790209,100,No,0,0,0,,
692TS44-SG,SDL TS 6.92% 2044,193892097,100,No,0,0,0,,
692TS45-SG,SDL TS 6.92% 2045,193892353,100,No,0,0,0,,
692UP31-SG,SDL UP 6.92% 2031,1536001,100,No,0,0,0,,
692WB45-SG,SDL WB 6.92% 2045,193893121,100,No,0,0,0,,
693AP38-SG,SDL AP 6.93% 2038,1507585,100,No,0,0,0,,
693GJ31-SG,SDL GJ 6.93% 2031,570881,100,No,0,0,0,,
693GJ31A-SG,SDL GJ 6.93% 2031,1617921,100,No,0,0,0,,
693HP31-SG,SDL HP 6.93% 2031,1417473,100,No,0,0,0,,
693HP32-SG,SDL HP 6.93% 2032,1761281,100,No,0,0,0,,
693JH30-SG,SDL JH 6.93% 2030,109569,100,No,0,0,0,,
693KA32-SG,SDL KA 6.93% 2032,1532673,100,No,0,0,0,,
693OR28-SG,SDL OR 6.93% 2028,7703041,100,No,0,0,0,,
693SK31-SG,SDL SK 6.93% 2031,745729,100,No,0,0,0,,
693TS37-SG,SDL TS 6.93% 2037,1509377,100,No,0,0,0,,
693UP31-SG,SDL UP 6.93% 2031,1678849,100,No,0,0,0,,
693UP31A-SG,SDL UP 6.93% 2031,1726465,100,No,0,0,0,,
694AP37-SG,SDL AP 6.94% 2037,899329,100,No,0,0,0,,
694AP38-SG,SDL AP 6.94% 2038,899585,100,No,0,0,0,,
694AP41-SG,SDL AP 6.94% 2041,1509633,100,No,0,0,0,,
694AS31-SG,SDL AS 6.94% 2031,1678337,100,No,0,0,0,,
694CG29-SG,SDL CG 6.94% 2029,744193,100,No,0,0,0,,
694GA30-SG,SDL GA 6.94% 2030,5411585,100,No,0,0,0,,
694JK36-SG,SDL JK 6.94% 2036,1803265,100,No,0,0,0,,
694KL62-SG,SDL KL 6.94% 2062,193893633,100,No,0,0,0,,
694MH31-SG,SDL MH 6.94% 2031,1278209,100,No,0,0,0,,
694MP35-SG,SDL MP 6.94% 2035,5626625,100,No,0,0,0,,
694PGCIL35-N0,,193726209,1,No,0,0,0,,
694RJ33-SG,SDL RJ 6.94% 2033,1506817,100,No,0,0,0,,
694RJ35-SG,SDL RJ 6.94% 2035,193983489,100,No,0,0,0,,
694TN50-SG,SDL TN 6.94% 2050,5664257,100,No,0,0,0,,
694TN55-SG,SDL TN 6.94% 2055,193893377,100,No,0,0,0,,
694TS50-SG,SDL TS 6.94% 2050,82433,100,No,0,0,0,,
694TS50A-SG,SDL TS 6.94% 2050,161281,100,No,0,0,0,,
694TS60-SG,SDL TS 6.94% 2060,5684993,100,No,0,0,0,,
694UK31-SG,SDL UK 6.94% 2031,1252097,100,No,0,0,0,,
694UP31-SG,SDL UP 6.94% 2031,547841,100,No,0,0,0,,
694UP31A-SG,SDL UP 6.94% 2031,1251585,100,No,0,0,0,,
694WB36-SG,SDL WB 6.94% 2036,1832961,100,No,0,0,0,,
695AS30-SG,SDL AS 6.95% 2030,5417473,100,No,0,0,0,,
695BR30-SG,SDL BR 6.95% 2030,1617409,100,No,0,0,0,,
695GJ31-SG,SDL GJ 6.95% 2031,1288449,100,No,0,0,0,,
695GS2061-GS,GOI LOAN  6.95% 2061,1745153,1,No,0,0,0,,
695HP29-SG,SDL HP 6.95% 2029,5412097,100,No,0,0,0,,
695HP33-SG,SDL HP 6.95% 2033,5339905,100,No,0,0,0,,
695HP34-SG,SDL HP 6.95% 2034,5339649,100,No,0,0,0,,
695HR33-SG,SDL HR 6.95% 2033,946177,100,No,0,0,0,,
695KA28-SG,SDL KA 6.95% 2028,6520321,100,No,0,0,0,,
695KA31-SG,SDL KA 6.95% 2031,1589761,100,No,0,0,0,,
695MH31-SG,SDL MH 6.95% 2031,1288961,100,No,0,0,0,,
695MH32-SG,SDL MH 6.95% 2032,1250049,100,No,0,0,0,,
695MN30-SG,SDL MN 6.95% 2030,5612801,100,No,0,0,0,,
695OR31-SG,SDL OR 6.95% 2031,194195969,100,No,0,0,0,,
695PN31-SG,SDL PN 6.95% 2031,1251073,100,No,0,0,0,,
695PN40-SG,SDL PN 6.95% 2040,81665,100,No,0,0,0,,
695RJ31-SG,SDL RJ 6.95% 2031,547073,100,No,0,0,0,,
695SK30-SG,SDL SK 6.95% 2030,5671937,100,No,0,0,0,,
695TN31-SG,SDL TN 6.95% 2031,578561,100,No,0,0,0,,
695TN31A-SG,SDL TN 6.95% 2031,1278465,100,No,0,0,0,,
695TN31B-SG,SDL TN 6.95% 2031,1400577,100,No,0,0,0,,
695WB35-SG,SDL WB 6.95% 2035,5669121,100,No,0,0,0,,
696AP33-SG,SDL AP 6.96% 2033,194099969,100,No,0,0,0,,
696AP34-SG,SDL AP 6.96% 2034,194096129,100,No,0,0,0,,
696AP35-SG,SDL AP 6.96% 2035,915201,100,No,0,0,0,,
696AP36-SG,SDL AP 6.96% 2036,915457,100,No,0,0,0,,
696GA31-SG,SDL GA 6.96% 2031,1249281,100,No,0,0,0,,
696HR29-SG,SDL HR 6.96% 2029,2050817,100,No,0,0,0,,
696HR40-SG,SDL HR 6.96% 2040,5340161,100,No,0,0,0,,
696JH29-SG,SDL JH 6.96% 2029,7786497,100,No,0,0,0,,
696JK35-SG,SDL JK 6.96% 2035,80385,100,No,0,0,0,,
696KA30-SG,SDL KA 6.96% 2030,7787009,100,No,0,0,0,,
696KA31-SG,SDL KA 6.96% 2031,1560321,100,No,0,0,0,,
696KA31A-SG,SDL KA 6.96% 2031,1869825,100,No,0,0,0,,
696KL34-SG,SDL KL 6.96% 2034,947457,100,No,0,0,0,,
696PY30-SG,SDL PY 6.96% 2030,1922817,100,No,0,0,0,,
696RJ31-SG,SDL RJ 6.96% 2031,1619713,100,No,0,0,0,,
696RJ41-SG,SDL RJ 6.96% 2041,549633,100,No,0,0,0,,
696TN28-SG,SDL TN 6.96% 2028,6995457,100,No,0,0,0,,
696TN31-SG,SDL TN 6.96% 2031,1659137,100,No,0,0,0,,
696TN51-SG,SDL TN 6.96% 2051,915969,100,No,0,0,0,,
696TN56-SG,SDL TN 6.96% 2056,916481,100,No,0,0,0,,
696TS45-SG,SDL TS 6.96% 2045,1806081,100,No,0,0,0,,
696TS51-SG,SDL TS 6.96% 2051,868097,100,No,0,0,0,,
696UP31-SG,SDL UP 6.96% 2031,1872385,100,No,0,0,0,,
697AS31-SG,SDL AS 6.97% 2031,1386497,100,No,0,0,0,,
697AS31A-SG,SDL AS 6.97% 2031,1867521,100,No,0,0,0,,
697GA31-SG,SDL GA 6.97% 2031,1400065,100,No,0,0,0,,
697GR2034-GS,GOI LOAN   6.97% 2034,6324481,1,No,0,0,0,,
697GS2026-GS,GOI LOAN 6.97% 2026,1832449,1,No,0,0,0,,
697KA28-SG,SDL KA 6.97% 2028,5341185,100,No,0,0,0,,
697KA30-SG,SDL KA 6.97% 2030,5353473,100,No,0,0,0,,
697KA31-SG,SDL KA 6.97% 2031,79617,100,No,0,0,0,,
697KL31-SG,SDL KL 6.97% 2031,1401345,100,No,0,0,0,,
697MH28-SG,SDL MH 6.97% 2028,5618177,100,No,0,0,0,,
697NL31-SG,SDL NL 6.97% 2031,1387009,100,No,0,0,0,,
697PN31-SG,SDL PN 6.97% 2031,1387265,100,No,0,0,0,,
697PN40-SG,SDL PN 6.97% 2040,5577985,100,No,0,0,0,,
697RJ30-SG,SDL RJ 6.97% 2030,5646593,100,No,0,0,0,,
697RJ31-SG,SDL RJ 6.97% 2031,1279233,100,No,0,0,0,,
697RJ51-SG,SDL RJ 6.97% 2051,550401,100,No,0,0,0,,
697RJ51A-SG,SDL RJ 6.97% 2051,577793,100,No,0,0,0,,
697TN28-SG,SDL TN 6.97% 2028,7214081,100,No,0,0,0,,
697TN31-SG,SDL TN 6.97% 2031,1302017,100,No,0,0,0,,
697TN31A-SG,SDL TN 6.97% 2031,1324289,100,No,0,0,0,,
697TN31B-SG,SDL TN 6.97% 2031,1386753,100,No,0,0,0,,
697TN31C-SG,SDL TN 6.97% 2031,1560577,100,No,0,0,0,,
697TN46-SG,SDL TN 6.97% 2046,933633,100,No,0,0,0,,
697UK35-SG,SDL UK 6.97% 2035,193983745,100,No,0,0,0,,
697UP31-SG,SDL UP 6.97% 2031,1387777,100,No,0,0,0,,
697UP31A-SG,SDL UP 6.97% 2031,1561345,100,No,0,0,0,,
697WB36-SG,SDL WB 6.97% 2036,550145,100,No,0,0,0,,
698AP36-SG,SDL AP 6.98% 2036,1451009,100,No,0,0,0,,
698AS31-SG,SDL AS 6.98% 2031,546305,100,No,0,0,0,,
698AS31A-SG,SDL AS 6.98% 2031,1399809,100,No,0,0,0,,
698BR30-SG,SDL BR 6.98% 2030,1658369,100,No,0,0,0,,
698GA31-SG,SDL GA 6.98% 2031,1867777,100,No,0,0,0,,
698GJ30-SG,SDL GJ 6.98% 2030,7657473,100,No,0,0,0,,
698GJ31-SG,SDL GJ 6.98% 2031,1365505,100,No,0,0,0,,
698GJ32-SG,SDL GJ 6.98% 2032,194556161,100,No,0,0,0,,
698GR2054-GS,GOI LOAN   6.98% 2054,7121665,1,No,0,0,0,,
698HP32-SG,SDL HP 6.98% 2032,1417729,100,No,0,0,0,,
698HR31-SG,SDL HR 6.98% 2031,1338625,100,No,0,0,0,,
698HR41-SG,SDL HR 6.98% 2041,549377,100,No,0,0,0,,
698JK36-SG,SDL JK 6.98% 2036,1507841,100,No,0,0,0,,
698MH28-SG,SDL MH 6.98% 2028,5616385,100,No,0,0,0,,
698MH37-SG,SDL MH 6.98% 2037,193932033,100,No,0,0,0,,
698MP30-SG,SDL MP 6.98% 2030,5626369,100,No,0,0,0,,
698OR29-SG,SDL OR 6.98% 2029,7725057,100,No,0,0,0,,
698OR37-SG,SDL OR 6.98% 2037,194028801,100,No,0,0,0,,
698PGCIL35-N0,,194174465,1,No,0,0,0,,
698PN33-SG,SDL PN 6.98% 2033,1506561,100,No,0,0,0,,
698PY33-SG,SDL PY 6.98% 2033,788225,100,No,0,0,0,,
698RJ31-SG,SDL RJ 6.98% 2031,1561601,100,No,0,0,0,,
698RJ31A-SG,SDL RJ 6.98% 2031,1658881,100,No,0,0,0,,
698SHFL28-N0,,194740993,1,No,0,0,0,,
698TN31-SG,SDL TN 6.98% 2031,1289473,100,No,0,0,0,,
698TN31A-SG,SDL TN 6.98% 2031,1338881,100,No,0,0,0,,
698TR30-SG,SDL TR 6.98% 2030,5667329,100,No,0,0,0,,
698TS28-SG,SDL TS 6.98% 2028,5680897,100,No,0,0,0,,
698TS41-SG,SDL TS 6.98% 2041,915713,100,No,0,0,0,,
698UP31-SG,SDL UP 6.98% 2031,1401089,100,No,0,0,0,,
698WB35-SG,SDL WB 6.98% 2035,5670145,100,No,0,0,0,,
698WB36-SG,SDL WB 6.98% 2036,1458433,100,No,0,0,0,,
698WB37-SG,SDL WB 6.98% 2037,1727745,100,No,0,0,0,,
699AR30-SG,SDL AR 6.99% 2030,5340417,100,No,0,0,0,,
699AS31-SG,SDL AS 6.99% 2031,1620481,100,No,0,0,0,,
699GA30-SG,SDL GA 6.99% 2030,5340673,100,No,0,0,0,,
699GA31-SG,SDL GA 6.99% 2031,1279489,100,No,0,0,0,,
699GA31A-SG,SDL GA 6.99% 2031,1286913,100,No,0,0,0,,
699GA31B-SG,SDL GA 6.99% 2031,1365249,100,No,0,0,0,,
699GJ26-SG,SDL GJ 6.99% 2026,5389569,100,No,0,0,0,,
699GS2026-GS,GOI LOAN  6.99% 2026,3851777,1,No,0,0,0,,
699GS2051-GS,GOI LOAN  6.99% 2051,1714177,1,No,0,0,0,,
699HP31-SG,SDL HP 6.99% 2031,194355457,100,No,0,0,0,,
699HR31-SG,SDL HR 6.99% 2031,1590017,100,No,0,0,0,,
699JH30-SG,SDL JH 6.99% 2030,5683201,100,No,0,0,0,,
699JK31-SG,SDL JK 6.99% 2031,530945,100,No,0,0,0,,
699KA28-SG,SDL KA 6.99% 2028,700161,100,No,0,0,0,,
699KL36-SG,SDL KL 6.99% 2036,1508097,100,No,0,0,0,,
699MH29-SG,SDL MH 6.99% 2029,2080769,100,No,0,0,0,,
699MN30-SG,SDL MN 6.99% 2030,5612033,100,No,0,0,0,,
699MP41-SG,SDL MP 6.99% 2041,1728001,100,No,0,0,0,,
699PY29-SG,SDL PY 6.99% 2029,2120705,100,No,0,0,0,,
699RJ41-SG,SDL RJ 6.99% 2041,576257,100,No,0,0,0,,
699SFL27-N0,,193879297,1,No,0,0,0,,
699TN31-SG,SDL TN 6.99% 2031,7787265,100,No,0,0,0,,
699TN32-SG,SDL TN 6.99% 2032,194260737,100,No,0,0,0,,
699TN41-SG,SDL TN 6.99% 2041,933121,100,No,0,0,0,,
699TR36-SG,SDL TR 6.99% 2036,1508353,100,No,0,0,0,,
699TS28-SG,SDL TS 6.99% 2028,5680641,100,No,0,0,0,,
699TS43-SG,SDL TS 6.99% 2043,1728513,100,No,0,0,0,,
699UP31-SG,SDL UP 6.99% 2031,1289729,100,No,0,0,0,,
699UP31A-SG,SDL UP 6.99% 2031,1324545,100,No,0,0,0,,
699UP31B-SG,SDL UP 6.99% 2031,1625601,100,No,0,0,0,,
699WB30-SG,SDL WB 6.99% 2030,1324033,100,No,0,0,0,,
699WB31-SG,SDL WB 6.99% 2031,1400321,100,No,0,0,0,,
699WB35-SG,SDL WB 6.99% 2035,158721,100,No,0,0,0,,
699WB36-SG,SDL WB 6.99% 2036,790785,100,No,0,0,0,,
699WB36A-SG,SDL WB 6.99% 2036,1509121,100,No,0,0,0,,
69AP32-SG,SDL AP 6.9% 2032,532737,100,No,0,0,0,,
69AP39-SG,SDL AP 6.9% 2039,866561,100,No,0,0,0,,
69AS30-SG,SDL AS 6.9% 2030,5159681,100,No,0,0,0,,
69AS30A-SG,SDL AS 6.9% 2030,75265,100,No,0,0,0,,
69GA30-SG,SDL GA 6.9% 2030,5157889,100,No,0,0,0,,
69GA30A-SG,SDL GA 6.9% 2030,112641,100,No,0,0,0,,
69GJ30-SG,SDL GJ 6.9% 2030,784385,100,No,0,0,0,,
69HP30-SG,SDL HP 6.9% 2030,114177,100,No,0,0,0,,
69JK33-SG,SDL JK 6.9% 2033,868353,100,No,0,0,0,,
69KA27-SG,SDL KA 6.9% 2027,6578945,100,No,0,0,0,,
69KA30-SG,SDL KA 6.9% 2030,5159425,100,No,0,0,0,,
69KA31-SG,SDL KA 6.9% 2031,1726209,100,No,0,0,0,,
69ML30-SG,SDL ML 6.9% 2030,78337,100,No,0,0,0,,
69MN30-SG,SDL MN 6.9% 2030,5613057,100,No,0,0,0,,
69MZ33-SG,SDL MZ 6.9% 2033,901889,100,No,0,0,0,,
69PY28-SG,SDL PY 6.9% 2028,2020609,100,No,0,0,0,,
69PY29-SG,SDL PY 6.9% 2029,74497,100,No,0,0,0,,
69RJ29-SG,SDL RJ 6.9% 2029,194682625,100,No,0,0,0,,
69RJ32-SG,SDL RJ 6.9% 2032,1219585,100,No,0,0,0,,
69TN31-SG,SDL TN 6.9% 2031,1535233,100,No,0,0,0,,
69UK30-SG,SDL UK 6.9% 2030,5676033,100,No,0,0,0,,
69UK30A-SG,SDL UK 6.9% 2030,79105,100,No,0,0,0,,
69UP30-SG,SDL UP 6.9% 2030,78593,100,No,0,0,0,,
700AP37-SG,SDL AP 7.00% 2037,193980417,100,No,0,0,0,,
700ML35-SG,SDL ML 7.00% 2035,194100225,100,No,0,0,0,,
700TN29-SG,SDL TN 7.00% 2029,6626817,100,No,0,0,0,,
701AP39-SG,SDL AP 7.01% 2039,963073,100,No,0,0,0,,
701BR37-SG,SDL BR 7.01% 2037,193974017,100,No,0,0,0,,
701GJ31-SG,SDL GJ 7.01% 2031,7436033,100,No,0,0,0,,
701GJ31A-SG,SDL GJ 7.01% 2031,194284545,100,No,0,0,0,,
701MH32-SG,SDL MH 7.01% 2032,1280513,100,No,0,0,0,,
701MN31-SG,SDL MN 7.01% 2031,1302273,100,No,0,0,0,,
701NGEL35-N0,,194502145,1,No,0,0,0,,
701PY26-SG,SDL PY 7.01% 2026,5638913,100,No,0,0,0,,
701TN32-SG,SDL TN 7.01% 2032,194492161,100,No,0,0,0,,
701TN35-SG,SDL TN 7.01% 2035,7791617,100,No,0,0,0,,
701UP31-SG,SDL UP 7.01% 2031,1302785,100,No,0,0,0,,
702AP30-SG,SDL AP 7.02% 2030,5340929,100,No,0,0,0,,
702AP36-SG,SDL AP 7.02% 2036,1625857,100,No,0,0,0,,
702AP37-SG,SDL AP 7.02% 2037,1626113,100,No,0,0,0,,
702AP41-SG,SDL AP 7.02% 2041,1425665,100,No,0,0,0,,
702AS30-SG,SDL AS 7.02% 2030,5337857,100,No,0,0,0,,
702AS30A-SG,SDL AS 7.02% 2030,7786753,100,No,0,0,0,,
702AS35-SG,SDL AS 7.02% 2035,194096385,100,No,0,0,0,,
702BR30-SG,SDL BR 7.02% 2030,5472001,100,No,0,0,0,,
702BR30A-SG,SDL BR 7.02% 2030,194264065,100,No,0,0,0,,
702GJ31A-SG,SDL GJ 7.02% 2031,7602433,100,No,0,0,0,,
702GJ33-SG,SDL GJ 7.02% 2033,7789313,100,No,0,0,0,,
702GJ33A-SG,SDL GJ 7.02% 2033,194196225,100,No,0,0,0,,
702GS2027-GS,GOI LOAN  7.02% 2027,6106625,1,No,0,0,0,,
702GS2031-GS,GOI LOAN  7.02% 2031,6162433,1,No,0,0,0,,
702HP36-SG,SDL HP 7.02% 2036,572417,100,No,0,0,0,,
702HR29-SG,SDL HR 7.02% 2029,649985,100,No,0,0,0,,
702KA31-SG,SDL KA 7.02% 2031,1926145,100,No,0,0,0,,
702KA33-SG,SDL KA 7.02% 2033,1870081,100,No,0,0,0,,
702KL28-SG,SDL KL 7.02% 2028,649473,100,No,0,0,0,,
702MH29-SG,SDL MH 7.02% 2029,683521,100,No,0,0,0,,
702ML41-SG,SDL ML 7.02% 2041,1425921,100,No,0,0,0,,
702MP30-SG,SDL MP 7.02% 2030,194682881,100,No,0,0,0,,
702MP35-SG,SDL MP 7.02% 2035,7790337,100,No,0,0,0,,
702OIT40-N0,,194433793,1,No,0,0,0,,
702PGCIL35-N0,,194627585,1,No,0,0,0,,
702PN28-SG,SDL PN 7.02% 2028,683009,100,No,0,0,0,,
702RECL40-N0,,193725697,1,No,0,0,0,,
702TN29-SG,SDL TN 7.02% 2029,6912001,100,No,0,0,0,,
702TN29A-SG,SDL TN 7.02% 2029,7725313,100,No,0,0,0,,
702TN30-SG,SDL TN 7.02% 2030,2121473,100,No,0,0,0,,
702TN31-SG,SDL TN 7.02% 2031,1928449,100,No,0,0,0,,
702UP31-SG,SDL UP 7.02% 2031,1365761,100,No,0,0,0,,
702UP32-SG,SDL UP 7.02% 2032,194492417,100,No,0,0,0,,
702WB31-SG,SDL WB 7.02% 2031,1289985,100,No,0,0,0,,
703AP40-SG,SDL AP 7.03% 2040,121601,100,No,0,0,0,,
703AS31-SG,SDL AS 7.03% 2031,1923073,100,No,0,0,0,,
703CG30-SG,SDL CG 7.03% 2030,6523905,100,No,0,0,0,,
703GJ35-SG,SDL GJ 7.03% 2035,7495937,100,No,0,0,0,,
703HP31-SG,SDL HP 7.03% 2031,1924865,100,No,0,0,0,,
703HR35-SG,SDL HR 7.03% 2035,7790081,100,No,0,0,0,,
703HR39-SG,SDL HR 7.03% 2039,193903361,100,No,0,0,0,,
703HR40-SG,SDL HR 7.03% 2040,5436417,100,No,0,0,0,,
703KA32-SG,SDL KA 7.03% 2032,1562625,100,No,0,0,0,,
703KA33-SG,SDL KA 7.03% 2033,7789569,100,No,0,0,0,,
703KL30-SG,SDL KL 7.03% 2030,5610241,100,No,0,0,0,,
703MH38-SG,SDL MH 7.03% 2038,193932289,100,No,0,0,0,,
703MN31-SG,SDL MN 7.03% 2031,1658625,100,No,0,0,0,,
703MP31-SG,SDL MP 7.03% 2031,573185,100,No,0,0,0,,
703NBFID30-N0,,193532929,1,No,0,0,0,,
703NL30-SG,SDL NL 7.03% 2030,5631233,100,No,0,0,0,,
703OR31-SG,SDL OR 7.03% 2031,7495169,100,No,0,0,0,,
703PY28-SG,SDL PY 7.03% 2028,5639425,100,No,0,0,0,,
703RJ30-SG,SDL RJ 7.03% 2030,5651457,100,No,0,0,0,,
703RJ31-SG,SDL RJ 7.03% 2031,1927937,100,No,0,0,0,,
703RJ36-SG,SDL RJ 7.03% 2036,575489,100,No,0,0,0,,
703TN29-SG,SDL TN 7.03% 2029,6454273,100,No,0,0,0,,
703TN29A-SG,SDL TN 7.03% 2029,7378945,100,No,0,0,0,,
703TN30-SG,SDL TN 7.03% 2030,2130177,100,No,0,0,0,,
703TN46-SG,SDL TN 7.03% 2046,952065,100,No,0,0,0,,
703TN51-SG,SDL TN 7.03% 2051,952833,100,No,0,0,0,,
703TS51-SG,SDL TS 7.03% 2051,1166337,100,No,0,0,0,,
703UP30-SG,SDL UP 7.03% 2030,5654273,100,No,0,0,0,,
704AP33-SG,SDL AP 7.04% 2033,7788545,100,No,0,0,0,,
704AP34-SG,SDL AP 7.04% 2034,1527553,100,No,0,0,0,,
704AP40-SG,SDL AP 7.04% 2040,944385,100,No,0,0,0,,
704AP41-SG,SDL AP 7.04% 2041,945153,100,No,0,0,0,,
704GJ30-SG,SDL GJ 7.04% 2030,5211905,100,No,0,0,0,,
704GJ32-SG,SDL GJ 7.04% 2032,6995713,100,No,0,0,0,,
704GJ33-SG,SDL GJ 7.04% 2033,7080961,100,No,0,0,0,,
704GS2029-GS,GOI LOAN  7.04% 2029,6123265,1,No,0,0,0,,
704HR37-SG,SDL HR 7.04% 2037,7792129,100,No,0,0,0,,
704HR40-SG,SDL HR 7.04% 2040,193933057,100,No,0,0,0,,
704IRFC26-NL,,3868161,1,No,0,0,0,,
704IRFC28-N6,,7579393,1,No,0,0,0,,
704JK36-SG,SDL JK 7.04% 2036,946433,100,No,0,0,0,,
704KA32-SG,SDL KA 7.04% 2032,7788033,100,No,0,0,0,,
704KL34-SG,SDL KL 7.04% 2034,1417985,100,No,0,0,0,,
704MH29-SG,SDL MH 7.04% 2029,650753,100,No,0,0,0,,
704MH40-SG,SDL MH 7.04% 2040,193933313,100,No,0,0,0,,
704ML30-SG,SDL ML 7.04% 2030,5635073,100,No,0,0,0,,
704MP30-SG,SDL MP 7.04% 2030,5623041,100,No,0,0,0,,
704MZ30-SG,SDL MZ 7.04% 2030,5636865,100,No,0,0,0,,
704MZ33-SG,SDL MZ 7.04% 2033,548609,100,No,0,0,0,,
704NBFID35-N0,,193503489,1,No,0,0,0,,
704NHAI26-NB,,3711233,1,No,0,0,0,,
704REC28-N4,,7581185,1,No,0,0,0,,
704RJ30-SG,SDL RJ 7.04% 2030,5644289,100,No,0,0,0,,
704RJ32-SG,SDL RJ 7.04% 2032,7788289,100,No,0,0,0,,
704RJ36-SG,SDL RJ 7.04% 2036,1223681,100,No,0,0,0,,
704TN30-SG,SDL TN 7.04% 2030,1999873,100,No,0,0,0,,
704TN30A-SG,SDL TN 7.04% 2030,2082305,100,No,0,0,0,,
704TN30B-SG,SDL TN 7.04% 2030,7725569,100,No,0,0,0,,
704TS32-SG,SDL TS 7.04% 2032,1872641,100,No,0,0,0,,
704TS51-SG,SDL TS 7.04% 2051,964353,100,No,0,0,0,,
704UK30-SG,SDL UK 7.04% 2030,5675521,100,No,0,0,0,,
704UP30-SG,SDL UP 7.04% 2030,5653761,100,No,0,0,0,,
704UP31-SG,SDL UP 7.04% 2031,1928705,100,No,0,0,0,,
704WB35-SG,SDL WB 7.04% 2035,80641,100,No,0,0,0,,
705AP31-SG,SDL AP 7.05% 2031,5436673,100,No,0,0,0,,
705AP35-SG,SDL AP 7.05% 2035,1414913,100,No,0,0,0,,
705AP39-SG,SDL AP 7.05% 2039,193903105,100,No,0,0,0,,
705AS30-SG,SDL AS 7.05% 2030,5318145,100,No,0,0,0,,
705AS31-SG,SDL AS 7.05% 2031,6525185,100,No,0,0,0,,
705GJ28-SG,SDL GJ 7.05% 2028,6358529,100,No,0,0,0,,
705GJ29-SG,SDL GJ 7.05% 2029,6958849,100,No,0,0,0,,
705GJ31-SG,SDL GJ 7.05% 2031,6940929,100,No,0,0,0,,
705GJ32-SG,SDL GJ 7.05% 2032,7437057,100,No,0,0,0,,
705GJ34-SG,SDL GJ 7.05% 2034,7495425,100,No,0,0,0,,
705HP35-SG,SDL HP 7.05% 2035,571649,100,No,0,0,0,,
705HR38-SG,SDL HR 7.05% 2038,193932545,100,No,0,0,0,,
705HR40-SG,SDL HR 7.05% 2040,82177,100,No,0,0,0,,
705JCL27-N0,,194424833,1,No,0,0,0,,
705JH30-SG,SDL JH 7.05% 2030,5682689,100,No,0,0,0,,
705KL30-SG,SDL KL 7.05% 2030,5606145,100,No,0,0,0,,
705KL36-SG,SDL KL 7.05% 2036,1533697,100,No,0,0,0,,
705MH32-SG,SDL MH 7.05% 2032,119297,100,No,0,0,0,,
705MN30-SG,SDL MN 7.05% 2030,5611521,100,No,0,0,0,,
705MP32-SG,SDL MP 7.05% 2032,7787521,100,No,0,0,0,,
705MZ29-SG,SDL MZ 7.05% 2029,2081281,100,No,0,0,0,,
705MZ35-SG,SDL MZ 7.05% 2035,80897,100,No,0,0,0,,
705NL30-SG,SDL NL 7.05% 2030,5630465,100,No,0,0,0,,
705NL31-SG,SDL NL 7.05% 2031,573953,100,No,0,0,0,,
705OR35-SG,SDL OR 7.05% 2035,7790849,100,No,0,0,0,,
705PN31-SG,SDL PN 7.05% 2031,546561,100,No,0,0,0,,
705RJ31-SG,SDL RJ 7.05% 2031,574721,100,No,0,0,0,,
705RJ37-SG,SDL RJ 7.05% 2037,7792385,100,No,0,0,0,,
705RJ41-SG,SDL RJ 7.05% 2041,951297,100,No,0,0,0,,
705SFL27-N0,,194260225,1,No,0,0,0,,
705SFL28-N0,,194639361,1,No,0,0,0,,
705SFL28A-N0,,194568961,1,No,0,0,0,,
705TN26-SG,SDL TN 7.05% 2026,5662465,100,No,0,0,0,,
705TN31-SG,SDL TN 7.05% 2031,194346753,100,No,0,0,0,,
705TS35-SG,SDL TS 7.05% 2035,1414657,100,No,0,0,0,,
705TS41-SG,SDL TS 7.05% 2041,953601,100,No,0,0,0,,
705UK29-SG,SDL UK 7.05% 2029,6595841,100,No,0,0,0,,
705UK31-SG,SDL UK 7.05% 2031,1928961,100,No,0,0,0,,
705UK32-SG,SDL UK 7.05% 2032,7787777,100,No,0,0,0,,
705WB30-SG,SDL WB 7.05% 2030,5668609,100,No,0,0,0,,
705WB31-SG,SDL WB 7.05% 2031,579841,100,No,0,0,0,,
705WB36-SG,SDL WB 7.05% 2036,1536257,100,No,0,0,0,,
705WB36A-SG,SDL WB 7.05% 2036,1873665,100,No,0,0,0,,
706AP30-SG,SDL AP 7.06% 2030,5308673,100,No,0,0,0,,
706CG29-SG,SDL CG 7.06% 2029,701441,100,No,0,0,0,,
706GJ29-SG,SDL GJ 7.06% 2029,6358785,100,No,0,0,0,,
706GJ30-SG,SDL GJ 7.06% 2030,7678721,100,No,0,0,0,,
706GJ32-SG,SDL GJ 7.06% 2032,2096385,100,No,0,0,0,,
706GJ33-SG,SDL GJ 7.06% 2033,194402561,100,No,0,0,0,,
706GJ34-SG,SDL GJ 7.06% 2034,7438593,100,No,0,0,0,,
706GS2028-GS,GOI LOAN  7.06% 2028,3832321,1,No,0,0,0,,
706GS2046-GS,GOI LOAN 7.06% 2046,1839105,1,No,0,0,0,,
706HR39-SG,SDL HR 7.06% 2039,193984257,100,No,0,0,0,,
706JK33-SG,SDL JK 7.06% 2033,1659905,100,No,0,0,0,,
706KL38-SG,SDL KL 7.06% 2038,1226241,100,No,0,0,0,,
706KL39-SG,SDL KL 7.06% 2039,1419521,100,No,0,0,0,,
706KL41-SG,SDL KL 7.06% 2041,1227009,100,No,0,0,0,,
706KL55-SG,SDL KL 7.06% 2055,7796225,100,No,0,0,0,,
706MZ34-SG,SDL MZ 7.06% 2034,1533953,100,No,0,0,0,,
706OR31A-SG,SDL OR 7.06% 2031,7602689,100,No,0,0,0,,
706RECL35-N0,,193939201,1,No,0,0,0,,
706RJ35-SG,SDL RJ 7.06% 2035,7791105,100,No,0,0,0,,
706RJ38-SG,SDL RJ 7.06% 2038,193984001,100,No,0,0,0,,
706TCHE28-N0,,194663681,1,No,0,0,0,,
706TN29-SG,SDL TN 7.06% 2029,6401537,100,No,0,0,0,,
706TN29A-SG,SDL TN 7.06% 2029,6426881,100,No,0,0,0,,
706TS41-SG,SDL TS 7.06% 2041,1226753,100,No,0,0,0,,
706UK30-SG,SDL UK 7.06% 2030,5674497,100,No,0,0,0,,
706UK30A-SG,SDL UK 7.06% 2030,6912257,100,No,0,0,0,,
706UK32-SG,SDL UK 7.06% 2032,194556417,100,No,0,0,0,,
706WB36-SG,SDL WB 7.06% 2036,1224193,100,No,0,0,0,,
707AP34-SG,SDL AP 7.07% 2034,7551489,100,No,0,0,0,,
707AP36-SG,SDL AP 7.07% 2036,7785473,100,No,0,0,0,,
707AS31-SG,SDL AS 7.07% 2031,580097,100,No,0,0,0,,
707GJ30-SG,SDL GJ 7.07% 2030,194688257,100,No,0,0,0,,
707GJ31-SG,SDL GJ 7.07% 2031,609537,100,No,0,0,0,,
707GJ32-SG,SDL GJ 7.07% 2032,7569409,100,No,0,0,0,,
707GJ32A-SG,SDL GJ 7.07% 2032,194310657,100,No,0,0,0,,
707GJ33-SG,SDL GJ 7.07% 2033,194561025,100,No,0,0,0,,
707GJ34-SG,SDL GJ 7.07% 2034,7551745,100,No,0,0,0,,
707GJ34A-SG,SDL GJ 7.07% 2034,194382849,100,No,0,0,0,,
707HR37-SG,SDL HR 7.07% 2037,1224705,100,No,0,0,0,,
707JK30-SG,SDL JK 7.07% 2030,5323777,100,No,0,0,0,,
707KA29-SG,SDL KA 7.07% 2029,6959105,100,No,0,0,0,,
707LICH30-N0,,193716993,1,No,0,0,0,,
707MH32-SG,SDL MH 7.07% 2032,6525697,100,No,0,0,0,,
707MH33-SG,SDL MH 7.07% 2033,194492673,100,No,0,0,0,,
707MP32-SG,SDL MP 7.07% 2032,117761,100,No,0,0,0,,
707RJ46-SG,SDL RJ 7.07% 2046,963329,100,No,0,0,0,,
707TN38-SG,SDL TN 7.07% 2038,1873409,100,No,0,0,0,,
707TN55-SG,SDL TN 7.07% 2055,193975041,100,No,0,0,0,,
707TS52-SG,SDL TS 7.07% 2052,7795713,100,No,0,0,0,,
707TS55-SG,SDL TS 7.07% 2055,7795969,100,No,0,0,0,,
707WB37-SG,SDL WB 7.07% 2037,194029057,100,No,0,0,0,,
70826LTF28-N0,,194377473,1,No,0,0,0,,
708AP35-SG,SDL AP 7.08% 2035,1660161,100,No,0,0,0,,
708AP35A-SG,SDL AP 7.08% 2035,7557121,100,No,0,0,0,,
708AP37-SG,SDL AP 7.08% 2037,7791873,100,No,0,0,0,,
708AP40-SG,SDL AP 7.08% 2040,1660673,100,No,0,0,0,,
708AP40A-SG,SDL AP 7.08% 2040,193903873,100,No,0,0,0,,
708CG29-SG,SDL CG 7.08% 2029,609281,100,No,0,0,0,,
708CG30-SG,SDL CG 7.08% 2030,5672705,100,No,0,0,0,,
708GJ31-SG,SDL GJ 7.08% 2031,683777,100,No,0,0,0,,
708GJ33-SG,SDL GJ 7.08% 2033,6941185,100,No,0,0,0,,
708GJ33B-SG,SDL GJ 7.08% 2033,7605249,100,No,0,0,0,,
708GJ34-SG,SDL GJ 7.08% 2034,7569665,100,No,0,0,0,,
708HP34-SG,SDL HP 7.08% 2034,6612481,100,No,0,0,0,,
708HR39-SG,SDL HR 7.08% 2039,7792641,100,No,0,0,0,,
708IIFCL35-N0,,193806849,1,No,0,0,0,,
708JCL28-N0,,193880321,1,No,0,0,0,,
708JK36-SG,SDL JK 7.08% 2036,1419265,100,No,0,0,0,,
708JK46-SG,SDL JK 7.08% 2046,7088129,100,No,0,0,0,,
708JK46A-SG,SDL JK 7.08% 2046,193933825,100,No,0,0,0,,
708JK55-SG,SDL JK 7.08% 2055,7501057,100,No,0,0,0,,
708KA31-SG,SDL KA 7.08% 2031,5324033,100,No,0,0,0,,
708KA31A-SG,SDL KA 7.08% 2031,7570433,100,No,0,0,0,,
708KA34-SG,SDL KA 7.08% 2034,119809,100,No,0,0,0,,
708KA34A-SG,SDL KA 7.08% 2034,1590273,100,No,0,0,0,,
708KA34B-SG,SDL KA 7.08% 2034,6612737,100,No,0,0,0,,
708KL31-SG,SDL KL 7.08% 2031,6950657,100,No,0,0,0,,
708KL40-SG,SDL KL 7.08% 2040,7793409,100,No,0,0,0,,
708MH31-SG,SDL MH 7.08% 2031,610049,100,No,0,0,0,,
708MH39-SG,SDL MH 7.08% 2039,193932801,100,No,0,0,0,,
708MP29-SG,SDL MP 7.08% 2029,2137857,100,No,0,0,0,,
708MZ39-SG,SDL MZ 7.08% 2039,193903617,100,No,0,0,0,,
708OR33-SG,SDL OR 7.08% 2033,194382337,100,No,0,0,0,,
708PFCL35-N0,,194555137,1,No,0,0,0,,
708PGC34-N0,,6631681,1,No,0,0,0,,
708PN34-SG,SDL PN 7.08% 2034,6993921,100,No,0,0,0,,
708PY26-SG,SDL PY 7.08% 2026,5638401,100,No,0,0,0,,
708RJ30-SG,SDL RJ 7.08% 2030,5640961,100,No,0,0,0,,
708RJ34-SG,SDL RJ 7.08% 2034,6992385,100,No,0,0,0,,
708TFSIL27-N0,,194669825,1,No,0,0,0,,
708TML28-N0,,193823489,1,No,0,0,0,,
708TML28A-N0,,193824001,1,No,0,0,0,,
708TN30-SG,SDL TN 7.08% 2030,7679489,100,No,0,0,0,,
708TN34-SG,SDL TN 7.08% 2034,6994177,100,No,0,0,0,,
708TS42-SG,SDL TS 7.08% 2042,1660929,100,No,0,0,0,,
708TS49-SG,SDL TS 7.08% 2049,7500289,100,No,0,0,0,,
708TS56-SG,SDL TS 7.08% 2056,193904897,100,No,0,0,0,,
708TS57-SG,SDL TS 7.08% 2057,193905153,100,No,0,0,0,,
708UP31-SG,SDL UP 7.08% 2031,579585,100,No,0,0,0,,
708UP32-SG,SDL UP 7.08% 2032,6612225,100,No,0,0,0,,
708UP38-SG,SDL UP 7.08% 2038,7087617,100,No,0,0,0,,
708WB41-SG,SDL WB 7.08% 2041,1628417,100,No,0,0,0,,
709AP35-SG,SDL AP 7.09% 2035,7789825,100,No,0,0,0,,
709AP39-SG,SDL AP 7.09% 2039,1527809,100,No,0,0,0,,
709AS32-SG,SDL AS 7.09% 2032,2095873,100,No,0,0,0,,
709GJ32-SG,SDL GJ 7.09% 2032,2121985,100,No,0,0,0,,
709GS2054-GS,GOI LOAN  7.09% 2054,6386945,1,No,0,0,0,,
709GS2074-GS,GOI LOAN   7.09% 2074,6955521,1,No,0,0,0,,
709HR29-SG,SDL HR 7.09% 2029,2193665,100,No,0,0,0,,
709HR37-SG,SDL HR 7.09% 2037,7084033,100,No,0,0,0,,
709HR40-SG,SDL HR 7.09% 2040,7792897,100,No,0,0,0,,
709IRFC34-N0,,7155457,1,No,0,0,0,,
709KA30-SG,SDL KA 7.09% 2030,5200129,100,No,0,0,0,,
709KA30A-SG,SDL KA 7.09% 2030,6959361,100,No,0,0,0,,
709KA35-SG,SDL KA 7.09% 2035,6611713,100,No,0,0,0,,
709KL36-SG,SDL KL 7.09% 2036,1215489,100,No,0,0,0,,
709KL52-SG,SDL KL 7.09% 2052,193934593,100,No,0,0,0,,
709MP30-SG,SDL MP 7.09% 2030,5629697,100,No,0,0,0,,
709PY31-SG,SDL PY 7.09% 2031,194347009,100,No,0,0,0,,
709PY34-SG,SDL PY 7.09% 2034,6612993,100,No,0,0,0,,
709PY40-SG,SDL PY 7.09% 2040,193904129,100,No,0,0,0,,
709RJ32-SG,SDL RJ 7.09% 2032,2096897,100,No,0,0,0,,
709RJ35-SG,SDL RJ 7.09% 2035,6611201,100,No,0,0,0,,
709RJ43-SG,SDL RJ 7.09% 2043,193933569,100,No,0,0,0,,
709RL39-N0,,6926593,1,No,0,0,0,,
709TN30-SG,SDL TN 7.09% 2030,2173185,100,No,0,0,0,,
709TN30A-SG,SDL TN 7.09% 2030,7697665,100,No,0,0,0,,
709TN32-SG,SDL TN 7.09% 2032,194576385,100,No,0,0,0,,
709TN35-SG,SDL TN 7.09% 2035,7571201,100,No,0,0,0,,
709TN35A-SG,SDL TN 7.09% 2035,194197505,100,No,0,0,0,,
709TN55-SG,SDL TN 7.09% 2055,193934849,100,No,0,0,0,,
709TS34-SG,SDL TS 7.09% 2034,1367809,100,No,0,0,0,,
709TS40-SG,SDL TS 7.09% 2040,1535489,100,No,0,0,0,,
709TS58-SG,SDL TS 7.09% 2058,193738241,100,No,0,0,0,,
709TS59-SG,SDL TS 7.09% 2059,193738497,100,No,0,0,0,,
709TS60-SG,SDL TS 7.09% 2060,193738753,100,No,0,0,0,,
709TS60A-SG,SDL TS 7.09% 2060,194031873,100,No,0,0,0,,
709TS61-SG,SDL TS 7.09% 2061,193739009,100,No,0,0,0,,
709TS63-SG,SDL TS 7.09% 2063,194028545,100,No,0,0,0,,
709UP30-SG,SDL UP 7.09% 2030,5656577,100,No,0,0,0,,
709WB40-SG,SDL WB 7.09% 2040,120833,100,No,0,0,0,,
70AP38-SG,SDL AP 7.0% 2038,962049,100,No,0,0,0,,
70AP38A-SG,SDL AP 7.0% 2038,1680129,100,No,0,0,0,,
70AP39-SG,SDL AP 7.0% 2039,81409,100,No,0,0,0,,
70AP39A-SG,SDL AP 7.0% 2039,1425153,100,No,0,0,0,,
70AP39B-SG,SDL AP 7.0% 2039,1680385,100,No,0,0,0,,
70CG29-SG,SDL CG 7.0% 2029,6489857,100,No,0,0,0,,
70GA31-SG,SDL GA 7.0% 2031,1659649,100,No,0,0,0,,
70GA31A-SG,SDL GA 7.0% 2031,1923329,100,No,0,0,0,,
70JH33-SG,SDL JH 7.0% 2033,1531649,100,No,0,0,0,,
70JK33-SG,SDL JK 7.0% 2033,1870593,100,No,0,0,0,,
70KA30-SG,SDL KA 7.0% 2030,6579201,100,No,0,0,0,,
70MH28-SG,SDL MH 7.0% 2028,5617665,100,No,0,0,0,,
70MN31-SG,SDL MN 7.0% 2031,1250561,100,No,0,0,0,,
70MN31A-SG,SDL MN 7.0% 2031,1561857,100,No,0,0,0,,
70MN31B-SG,SDL MN 7.0% 2031,1927681,100,No,0,0,0,,
70MP31-SG,SDL MP 7.0% 2031,1288705,100,No,0,0,0,,
70MZ34-SG,SDL MZ 7.0% 2034,1423105,100,No,0,0,0,,
70NL31-SG,SDL NL 7.0% 2031,1562369,100,No,0,0,0,,
70NL31A-SG,SDL NL 7.0% 2031,1872897,100,No,0,0,0,,
70OR30-SG,SDL OR 7.0% 2030,7556609,100,No,0,0,0,,
70RJ31-SG,SDL RJ 7.0% 2031,1289217,100,No,0,0,0,,
70TN29-SG,SDL TN 7.0% 2029,7705345,100,No,0,0,0,,
70TN31-SG,SDL TN 7.0% 2031,1366017,100,No,0,0,0,,
70TN31A-SG,SDL TN 7.0% 2031,194230273,100,No,0,0,0,,
70TS36-SG,SDL TS 7.0% 2036,1425409,100,No,0,0,0,,
70TS51-SG,SDL TS 7.0% 2051,570113,100,No,0,0,0,,
70UK31-SG,SDL UK 7.0% 2031,1290241,100,No,0,0,0,,
70UP30-SG,SDL UP 7.0% 2030,5654529,100,No,0,0,0,,
70WB31-SG,SDL WB 7.0% 2031,1339137,100,No,0,0,0,,
70WB31A-SG,SDL WB 7.0% 2031,1659393,100,No,0,0,0,,
710AP34-SG,SDL AP 7.10% 2034,6995969,100,No,0,0,0,,
710GJ30-SG,SDL GJ 7.10% 2030,5145345,100,No,0,0,0,,
710GR2028-GS,GOI LOAN  7.10% 2028,3832577,1,No,0,0,0,,
710GS2029-GS,GOI LOAN 7.10% 2029,2316033,1,No,0,0,0,,
710JK44-SG,SDL JK 7.10% 2044,6993153,100,No,0,0,0,,
710JK49-SG,SDL JK 7.10% 2049,7239169,100,No,0,0,0,,
710KA32-SG,SDL KA 7.10% 2032,7436289,100,No,0,0,0,,
710KA33-SG,SDL KA 7.10% 2033,7437313,100,No,0,0,0,,
710KA35-SG,SDL KA 7.10% 2035,6626305,100,No,0,0,0,,
710KL42-SG,SDL KL 7.10% 2042,7233537,100,No,0,0,0,,
710PFCL35-N0,,7069953,1,No,0,0,0,,
710PFCL40-N0,,194450945,1,No,0,0,0,,
710RECL35-N0,,7290625,1,No,0,0,0,,
710RJ46-SG,SDL RJ 7.10% 2046,7236353,100,No,0,0,0,,
710RJ50-SG,SDL RJ 7.10% 2050,7499777,100,No,0,0,0,,
710RJ51-SG,SDL RJ 7.10% 2051,7500801,100,No,0,0,0,,
710TN34-SG,SDL TN 7.10% 2034,7081985,100,No,0,0,0,,
710TN54-SG,SDL TN 7.10% 2054,7239425,100,No,0,0,0,,
710TS44-SG,SDL TS 7.10% 2044,6994945,100,No,0,0,0,,
710TS45-SG,SDL TS 7.10% 2045,6995201,100,No,0,0,0,,
710TS46-SG,SDL TS 7.10% 2046,7237633,100,No,0,0,0,,
710TS47-SG,SDL TS 7.10% 2047,7238913,100,No,0,0,0,,
710TS50-SG,SDL TS 7.10% 2050,7500545,100,No,0,0,0,,
710TS57-SG,SDL TS 7.10% 2057,194031617,100,No,0,0,0,,
710UK30-SG,SDL UK 7.10% 2030,5673985,100,No,0,0,0,,
710UP30-SG,SDL UP 7.10% 2030,5653249,100,No,0,0,0,,
710UP32-SG,SDL UP 7.10% 2032,6951425,100,No,0,0,0,,
711AP38-SG,SDL AP 7.11% 2038,6575361,100,No,0,0,0,,
711AP38A-SG,SDL AP 7.11% 2038,6992897,100,No,0,0,0,,
711AP38B-SG,SDL AP 7.11% 2038,7553281,100,No,0,0,0,,
711AP39-SG,SDL AP 7.11% 2039,6994689,100,No,0,0,0,,
711AR44-SG,SDL AR 7.11% 2044,7234561,100,No,0,0,0,,
711AS30-SG,SDL AS 7.11% 2030,5145601,100,No,0,0,0,,
711AS45-SG,SDL AS 7.11% 2045,7499265,100,No,0,0,0,,
711BR33-SG,SDL BR 7.11% 2033,6490369,100,No,0,0,0,,
711BR33A-SG,SDL BR 7.11% 2033,6579457,100,No,0,0,0,,
711BR33B-SG,SDL BR 7.11% 2033,6626049,100,No,0,0,0,,
711BR45-SG,SDL BR 7.11% 2045,7499009,100,No,0,0,0,,
711CG30-SG,SDL CG 7.11% 2030,5672193,100,No,0,0,0,,
711GJ31-SG,SDL GJ 7.11% 2031,696577,100,No,0,0,0,,
711GJ33-SG,SDL GJ 7.11% 2033,7376641,100,No,0,0,0,,
711HP28-SG,SDL HP 7.11% 2028,5130497,100,No,0,0,0,,
711HP30-SG,SDL HP 7.11% 2030,5130241,100,No,0,0,0,,
711HP34-SG,SDL HP 7.11% 2034,6992129,100,No,0,0,0,,
711JK55-SG,SDL JK 7.11% 2055,7424257,100,No,0,0,0,,
711KA33-SG,SDL KA 7.11% 2033,7570689,100,No,0,0,0,,
711KA35-SG,SDL KA 7.11% 2035,7224321,100,No,0,0,0,,
711KA35A-SG,SDL KA 7.11% 2035,7552001,100,No,0,0,0,,
711MH29-SG,SDL MH 7.11% 2029,2287361,100,No,0,0,0,,
711MH36-SG,SDL MH 7.11% 2036,6527745,100,No,0,0,0,,
711MH38-SG,SDL MH 7.11% 2038,7439617,100,No,0,0,0,,
711ML33-SG,SDL ML 7.11% 2033,7220481,100,No,0,0,0,,
711MP30-SG,SDL MP 7.11% 2030,5622529,100,No,0,0,0,,
711MZ30-SG,SDL MZ 7.11% 2030,5637121,100,No,0,0,0,,
711OR37-SG,SDL OR 7.11% 2037,7553025,100,No,0,0,0,,
711PFCL40-N0,,7065089,1,No,0,0,0,,
711PN44-SG,SDL PN 7.11% 2044,6613249,100,No,0,0,0,,
711RJ34-SG,SDL RJ 7.11% 2034,7222017,100,No,0,0,0,,
711SDIL30-N0,,194457857,1,No,0,0,0,,
711TN34-SG,SDL TN 7.11% 2034,6951169,100,No,0,0,0,,
711TN34A-SG,SDL TN 7.11% 2034,7379201,100,No,0,0,0,,
711TN45-SG,SDL TN 7.11% 2045,7498753,100,No,0,0,0,,
711TN55-SG,SDL TN 7.11% 2055,7442433,100,No,0,0,0,,
711TS45-SG,SDL TS 7.11% 2045,6613505,100,No,0,0,0,,
711TS47-SG,SDL TS 7.11% 2047,7500033,100,No,0,0,0,,
711TS55-SG,SDL TS 7.11% 2055,7442177,100,No,0,0,0,,
711UK30-SG,SDL UK 7.11% 2030,5675265,100,No,0,0,0,,
711WB44-SG,SDL WB 7.11% 2044,193974529,100,No,0,0,0,,
711WB47-SG,SDL WB 7.11% 2047,193737985,100,No,0,0,0,,
7123TCHF27-N0,,193746689,1,No,0,0,0,,
712AP35-SG,SDL AP 7.12% 2035,1290497,100,No,0,0,0,,
712AP37-SG,SDL AP 7.12% 2037,1225985,100,No,0,0,0,,
712AS32-SG,SDL AS 7.12% 2032,1968897,100,No,0,0,0,,
712AS32A-SG,SDL AS 7.12% 2032,2123521,100,No,0,0,0,,
712AS34-SG,SDL AS 7.12% 2034,6993409,100,No,0,0,0,,
712BR33-SG,SDL BR 7.12% 2033,6526209,100,No,0,0,0,,
712BR34-SG,SDL BR 7.12% 2034,7222529,100,No,0,0,0,,
712BR37-SG,SDL BR 7.12% 2037,7496193,100,No,0,0,0,,
712BR37A-SG,SDL BR 7.12% 2037,7552513,100,No,0,0,0,,
712EXIM30-N0,,7805185,1,No,0,0,0,,
712GA34-SG,SDL GA 7.12% 2034,6527489,100,No,0,0,0,,
712GA34A-SG,SDL GA 7.12% 2034,6626561,100,No,0,0,0,,
712GA35-SG,SDL GA 7.12% 2035,6580225,100,No,0,0,0,,
712GA36-SG,SDL GA 7.12% 2036,194152449,100,No,0,0,0,,
712GJ32-SG,SDL GJ 7.12% 2032,2130945,100,No,0,0,0,,
712GJ35-SG,SDL GJ 7.12% 2035,7484673,100,No,0,0,0,,
712GJ37A-SG,SDL GJ 7.12% 2037,7601665,100,No,0,0,0,,
712HP36-SG,SDL HP 7.12% 2036,7225857,100,No,0,0,0,,
712HR36-SG,SDL HR 7.12% 2036,6528257,100,No,0,0,0,,
712HR36A-SG,SDL HR 7.12% 2036,6580481,100,No,0,0,0,,
712HR37-SG,SDL HR 7.12% 2037,6941953,100,No,0,0,0,,
712HR40-SG,SDL HR 7.12% 2040,5318401,100,No,0,0,0,,
712HR41-SG,SDL HR 7.12% 2041,193958657,100,No,0,0,0,,
712INBK34-N0,,6638337,1,No,0,0,0,,
712JK37-SG,SDL JK 7.12% 2037,2133505,100,No,0,0,0,,
712KA33-SG,SDL KA 7.12% 2033,6596353,100,No,0,0,0,,
712KA34-SG,SDL KA 7.12% 2034,1929985,100,No,0,0,0,,
712KA36-SG,SDL KA 7.12% 2036,7227649,100,No,0,0,0,,
712KA37-SG,SDL KA 7.12% 2037,2098177,100,No,0,0,0,,
712KL35-SG,SDL KL 7.12% 2035,6992641,100,No,0,0,0,,
712LTFL27-N0,,194040321,1,No,0,0,0,,
712LTFL28-N0,,194003969,1,No,0,0,0,,
712MH36-SG,SDL MH 7.12% 2036,6491137,100,No,0,0,0,,
712MH36A-SG,SDL MH 7.12% 2036,7552257,100,No,0,0,0,,
712MH38-SG,SDL MH 7.12% 2038,6528513,100,No,0,0,0,,
712MH38A-SG,SDL MH 7.12% 2038,7553793,100,No,0,0,0,,
712MH43-SG,SDL MH 7.12% 2043,6521857,100,No,0,0,0,,
712MH47-SG,SDL MH 7.12% 2047,194029569,100,No,0,0,0,,
712ML34-SG,SDL ML 7.12% 2034,6579969,100,No,0,0,0,,
712MN40-SG,SDL MN 7.12% 2040,7793665,100,No,0,0,0,,
712MP35-SG,SDL MP 7.12% 2035,5623297,100,No,0,0,0,,
712MP36-SG,SDL MP 7.12% 2036,6528001,100,No,0,0,0,,
712MP47-SG,SDL MP 7.12% 2047,7425281,100,No,0,0,0,,
712MPL28-N0,,194535169,1,No,0,0,0,,
712MZ34-SG,SDL MZ 7.12% 2034,1280769,100,No,0,0,0,,
712OIT40-N0,,194438657,1,No,0,0,0,,
712PGCIL34-N0,,7325441,1,No,0,0,0,,
712PN36-SG,SDL PN 7.12% 2036,6994433,100,No,0,0,0,,
712PN37-SG,SDL PN 7.12% 2037,2098433,100,No,0,0,0,,
712PN45-SG,SDL PN 7.12% 2045,7499521,100,No,0,0,0,,
712RJ39-SG,SDL RJ 7.12% 2039,7228161,100,No,0,0,0,,
712SHFL30-N0,,194084609,1,No,0,0,0,,
712TACA28-N0,,194518017,1,No,0,0,0,,
712TN30-SG,SDL TN 7.12% 2030,2138113,100,No,0,0,0,,
712TN34-SG,SDL TN 7.12% 2034,6596865,100,No,0,0,0,,
712TN34A-SG,SDL TN 7.12% 2034,6912769,100,No,0,0,0,,
712TN55-SG,SDL TN 7.12% 2055,7485953,100,No,0,0,0,,
712TS39-SG,SDL TS 7.12% 2039,6575617,100,No,0,0,0,,
712TS51-SG,SDL TS 7.12% 2051,7425537,100,No,0,0,0,,
712TS54-SG,SDL TS 7.12% 2054,7441921,100,No,0,0,0,,
712UP32-SG,SDL UP 7.12% 2032,1973505,100,No,0,0,0,,
712UP33-SG,SDL UP 7.12% 2033,194197249,100,No,0,0,0,,
712UP33A-SG,SDL UP 7.12% 2033,194382593,100,No,0,0,0,,
712UP33B-SG,SDL UP 7.12% 2033,194522369,100,No,0,0,0,,
712WB36-SG,SDL WB 7.12% 2036,1932289,100,No,0,0,0,,
712WB51-SG,SDL WB 7.12% 2051,1418753,100,No,0,0,0,,
713AP36-SG,SDL AP 7.13% 2036,1220097,100,No,0,0,0,,
713AP36A-SG,SDL AP 7.13% 2036,1564673,100,No,0,0,0,,
713AP39-SG,SDL AP 7.13% 2039,2133761,100,No,0,0,0,,
713AP40-SG,SDL AP 7.13% 2040,2097409,100,No,0,0,0,,
713AP41-SG,SDL AP 7.13% 2041,2097665,100,No,0,0,0,,
713AS31-SG,SDL AS 7.13% 2031,194230529,100,No,0,0,0,,
713AS34-SG,SDL AS 7.13% 2034,6490881,100,No,0,0,0,,
713AS34A-SG,SDL AS 7.13% 2034,6597121,100,No,0,0,0,,
713AS39-SG,SDL AS 7.13% 2039,6576897,100,No,0,0,0,,
713BR32-SG,SDL BR 7.13% 2032,2124289,100,No,0,0,0,,
713BR34-SG,SDL BR 7.13% 2034,6912513,100,No,0,0,0,,
713BR34A-SG,SDL BR 7.13% 2034,6950145,100,No,0,0,0,,
713BR34B-SG,SDL BR 7.13% 2034,6993665,100,No,0,0,0,,
713GA34-SG,SDL GA 7.13% 2034,6950401,100,No,0,0,0,,
713HP39-SG,SDL HP 7.13% 2039,6941697,100,No,0,0,0,,
713HR32-SG,SDL HR 7.13% 2032,1969153,100,No,0,0,0,,
713HR36-SG,SDL HR 7.13% 2036,6491905,100,No,0,0,0,,
713HR36A-SG,SDL HR 7.13% 2036,6913025,100,No,0,0,0,,
713HR42-SG,SDL HR 7.13% 2042,2134017,100,No,0,0,0,,
713JK34-SG,SDL JK 7.13% 2034,2097153,100,No,0,0,0,,
713KA34A-SG,SDL KA 7.13% 2034,7605505,100,No,0,0,0,,
713KA38-SG,SDL KA 7.13% 2038,2125057,100,No,0,0,0,,
713KA39-SG,SDL KA 7.13% 2039,2125313,100,No,0,0,0,,
713KA41-SG,SDL KA 7.13% 2041,7496961,100,No,0,0,0,,
713KL46-SG,SDL KL 7.13% 2046,1253633,100,No,0,0,0,,
713KL58-SG,SDL KL 7.13% 2058,193982465,100,No,0,0,0,,
713MH37-SG,SDL MH 7.13% 2037,6492161,100,No,0,0,0,,
713MH37A-SG,SDL MH 7.13% 2037,6597889,100,No,0,0,0,,
713MH37B-SG,SDL MH 7.13% 2037,7552769,100,No,0,0,0,,
713MH43-SG,SDL MH 7.13% 2043,6493185,100,No,0,0,0,,
713MH48-SG,SDL MH 7.13% 2048,194031361,100,No,0,0,0,,
713MZ39-SG,SDL MZ 7.13% 2039,7229697,100,No,0,0,0,,
713PN50-SG,SDL PN 7.13% 2050,193904385,100,No,0,0,0,,
713RJ29-SG,SDL RJ 7.13% 2029,2222081,100,No,0,0,0,,
713RJ31-SG,SDL RJ 7.13% 2031,684289,100,No,0,0,0,,
713RJ34-SG,SDL RJ 7.13% 2034,6644993,100,No,0,0,0,,
713RJ35-SG,SDL RJ 7.13% 2035,7495681,100,No,0,0,0,,
713RJ39-SG,SDL RJ 7.13% 2039,6521345,100,No,0,0,0,,
713RJ41-SG,SDL RJ 7.13% 2041,1246465,100,No,0,0,0,,
713RJ46-SG,SDL RJ 7.13% 2046,6523137,100,No,0,0,0,,
713TN30-SG,SDL TN 7.13% 2030,2193921,100,No,0,0,0,,
713TN34-SG,SDL TN 7.13% 2034,6644737,100,No,0,0,0,,
713TN47-SG,SDL TN 7.13% 2047,2098689,100,No,0,0,0,,
713TS34-SG,SDL TS 7.13% 2034,2133249,100,No,0,0,0,,
713TS36-SG,SDL TS 7.13% 2036,6491393,100,No,0,0,0,,
713TS37-SG,SDL TS 7.13% 2037,2124545,100,No,0,0,0,,
713TS39-SG,SDL TS 7.13% 2039,6941441,100,No,0,0,0,,
713TS49-SG,SDL TS 7.13% 2049,7441665,100,No,0,0,0,,
713TS55-SG,SDL TS 7.13% 2055,193959937,100,No,0,0,0,,
713UK32-SG,SDL UK 7.13% 2032,7436545,100,No,0,0,0,,
713WB40-SG,SDL WB 7.13% 2040,7232001,100,No,0,0,0,,
713WB42-SG,SDL WB 7.13% 2042,7497217,100,No,0,0,0,,
713WB44-SG,SDL WB 7.13% 2044,7498497,100,No,0,0,0,,
714AP33-SG,SDL AP 7.14% 2033,194402817,100,No,0,0,0,,
714AP34-SG,SDL AP 7.14% 2034,5124865,100,No,0,0,0,,
714AP34A-SG,SDL AP 7.14% 2034,6959873,100,No,0,0,0,,
714AP35-SG,SDL AP 7.14% 2035,1930241,100,No,0,0,0,,
714AP36-SG,SDL AP 7.14% 2036,1291265,100,No,0,0,0,,
714AP37-SG,SDL AP 7.14% 2037,1339905,100,No,0,0,0,,
714AP40-SG,SDL AP 7.14% 2040,1932545,100,No,0,0,0,,
714AP41-SG,SDL AP 7.14% 2041,1340417,100,No,0,0,0,,
714AP41A-SG,SDL AP 7.14% 2041,1565441,100,No,0,0,0,,
714AP41B-SG,SDL AP 7.14% 2041,1932801,100,No,0,0,0,,
714AP44-SG,SDL AP 7.14% 2044,6578177,100,No,0,0,0,,
714AP48-SG,SDL AP 7.14% 2048,6578689,100,No,0,0,0,,
714BR30-SG,SDL BR 7.14% 2030,5124097,100,No,0,0,0,,
714BR33-SG,SDL BR 7.14% 2033,6596609,100,No,0,0,0,,
714BR37-SG,SDL BR 7.14% 2037,7568641,100,No,0,0,0,,
714BR45-SG,SDL BR 7.14% 2045,7484417,100,No,0,0,0,,
714CG32-SG,SDL CG 7.14% 2032,7726337,100,No,0,0,0,,
714CG33-SG,SDL CG 7.14% 2033,7569153,100,No,0,0,0,,
714EXIM29-N0,,7119617,1,No,0,0,0,,
714GA30-SG,SDL GA 7.14% 2030,5290753,100,No,0,0,0,,
714HP33-SG,SDL HP 7.14% 2033,1929217,100,No,0,0,0,,
714HR31-SG,SDL HR 7.14% 2031,702209,100,No,0,0,0,,
714HR38-SG,SDL HR 7.14% 2038,7484929,100,No,0,0,0,,
714HR38A-SG,SDL HR 7.14% 2038,7496449,100,No,0,0,0,,
714HR38B-SG,SDL HR 7.14% 2038,7569921,100,No,0,0,0,,
714JK36-SG,SDL JK 7.14% 2036,1931009,100,No,0,0,0,,
714JK40-SG,SDL JK 7.14% 2040,193952769,100,No,0,0,0,,
714JK51-SG,SDL JK 7.14% 2051,7377153,100,No,0,0,0,,
714KA29-SG,SDL KA 7.14% 2029,5687809,100,No,0,0,0,,
714KA29A-SG,SDL KA 7.14% 2029,5689601,100,No,0,0,0,,
714KA32-SG,SDL KA 7.14% 2032,2000129,100,No,0,0,0,,
714KL35-SG,SDL KL 7.14% 2035,1930497,100,No,0,0,0,,
714KL45-SG,SDL KL 7.14% 2045,7485441,100,No,0,0,0,,
714KL47-SG,SDL KL 7.14% 2047,6493441,100,No,0,0,0,,
714MH29-SG,SDL MH 7.14% 2029,5616897,100,No,0,0,0,,
714MH39-SG,SDL MH 7.14% 2039,7554049,100,No,0,0,0,,
714MH43-SG,SDL MH 7.14% 2043,7440385,100,No,0,0,0,,
714MH45-SG,SDL MH 7.14% 2045,193959425,100,No,0,0,0,,
714MH46-SG,SDL MH 7.14% 2046,193959681,100,No,0,0,0,,
714MP32-SG,SDL MP 7.14% 2032,7725825,100,No,0,0,0,,
714MP41-SG,SDL MP 7.14% 2041,193958913,100,No,0,0,0,,
714MP43-SG,SDL MP 7.14% 2043,6522113,100,No,0,0,0,,
714MP45-SG,SDL MP 7.14% 2045,7377921,100,No,0,0,0,,
714MZ33-SG,SDL MZ 7.14% 2033,194492929,100,No,0,0,0,,
714MZ40-SG,SDL MZ 7.14% 2040,193958401,100,No,0,0,0,,
714NHB34-N0,,6945281,1,No,0,0,0,,
714NL30-SG,SDL NL 7.14% 2030,194346497,100,No,0,0,0,,
714NL30A-SG,SDL NL 7.14% 2030,194646017,100,No,0,0,0,,
714NPC39-N0,,7262977,1,No,0,0,0,,
714PN32-SG,SDL PN 7.14% 2032,1973249,100,No,0,0,0,,
714PN36-SG,SDL PN 7.14% 2036,1931265,100,No,0,0,0,,
714PN49-SG,SDL PN 7.14% 2049,6523649,100,No,0,0,0,,
714PY30-SG,SDL PY 7.14% 2030,194645761,100,No,0,0,0,,
714PY31A-SG,SDL PY 7.14% 2031,7604993,100,No,0,0,0,,
714PY35-SG,SDL PY 7.14% 2035,7378689,100,No,0,0,0,,
714RJ30-SG,SDL RJ 7.14% 2030,5650945,100,No,0,0,0,,
714RJ32-SG,SDL RJ 7.14% 2032,2001665,100,No,0,0,0,,
714RJ37A-SG,SDL RJ 7.14% 2037,7601921,100,No,0,0,0,,
714SDIL32-N0,,194089217,1,No,0,0,0,,
714SECIL35-N0,,194546945,1,No,0,0,0,,
714SK30-SG,SDL SK 7.14% 2030,5671425,100,No,0,0,0,,
714SK34-SG,SDL SK 7.14% 2034,6597377,100,No,0,0,0,,
714TN32-SG,SDL TN 7.14% 2032,2131201,100,No,0,0,0,,
714TN34-SG,SDL TN 7.14% 2034,6960641,100,No,0,0,0,,
714TN34A-SG,SDL TN 7.14% 2034,194563329,100,No,0,0,0,,
714TN35-SG,SDL TN 7.14% 2035,194256897,100,No,0,0,0,,
714TN35A-SG,SDL TN 7.14% 2035,194444545,100,No,0,0,0,,
714TN44-SG,SDL TN 7.14% 2044,7379457,100,No,0,0,0,,
714TS33-SG,SDL TS 7.14% 2033,1929729,100,No,0,0,0,,
714TS41-SG,SDL TS 7.14% 2041,1340673,100,No,0,0,0,,
714TS42-SG,SDL TS 7.14% 2042,6577153,100,No,0,0,0,,
714TS49-SG,SDL TS 7.14% 2049,193981441,100,No,0,0,0,,
714TS55-SG,SDL TS 7.14% 2055,193982209,100,No,0,0,0,,
714UK32-SG,SDL UK 7.14% 2032,7556865,100,No,0,0,0,,
714UP30-SG,SDL UP 7.14% 2030,5656321,100,No,0,0,0,,
714WB32-SG,SDL WB 7.14% 2032,1973761,100,No,0,0,0,,
715AP31-SG,SDL AP 7.15% 2031,5317633,100,No,0,0,0,,
715AP32-SG,SDL AP 7.15% 2032,5317889,100,No,0,0,0,,
715AP36-SG,SDL AP 7.15% 2036,5355265,100,No,0,0,0,,
715AP37-SG,SDL AP 7.15% 2037,1281025,100,No,0,0,0,,
715AP39-SG,SDL AP 7.15% 2039,6646273,100,No,0,0,0,,
715AP42-SG,SDL AP 7.15% 2042,6913793,100,No,0,0,0,,
715AP47-SG,SDL AP 7.15% 2047,6914305,100,No,0,0,0,,
715AS35-SG,SDL AS 7.15% 2035,7438849,100,No,0,0,0,,
715AS35B-SG,SDL AS 7.15% 2035,7601153,100,No,0,0,0,,
715BR34-SG,SDL BR 7.15% 2034,6645249,100,No,0,0,0,,
715BR34A-SG,SDL BR 7.15% 2034,7376385,100,No,0,0,0,,
715BR35-SG,SDL BR 7.15% 2035,7439105,100,No,0,0,0,,
715BR37-SG,SDL BR 7.15% 2037,7484161,100,No,0,0,0,,
715BR37B-SG,SDL BR 7.15% 2037,7604225,100,No,0,0,0,,
715BR40-SG,SDL BR 7.15% 2040,7440129,100,No,0,0,0,,
715GA30-SG,SDL GA 7.15% 2030,5259777,100,No,0,0,0,,
715GA32-SG,SDL GA 7.15% 2032,2131457,100,No,0,0,0,,
715HP50-SG,SDL HP 7.15% 2050,193981697,100,No,0,0,0,,
715HR28-SG,SDL HR 7.15% 2028,2389249,100,No,0,0,0,,
715HR38-SG,SDL HR 7.15% 2038,7439361,100,No,0,0,0,,
715HR40-SG,SDL HR 7.15% 2040,193984513,100,No,0,0,0,,
715IRFC34-N0,,7397121,1,No,0,0,0,,
715IRFC39-N0,,6942977,1,No,0,0,0,,
715JK32-SG,SDL JK 7.15% 2032,116993,100,No,0,0,0,,
715KA36-SG,SDL KA 7.15% 2036,6645505,100,No,0,0,0,,
715KA38-SG,SDL KA 7.15% 2038,7485185,100,No,0,0,0,,
715KA42-SG,SDL KA 7.15% 2042,7424513,100,No,0,0,0,,
715KA43-SG,SDL KA 7.15% 2043,7424769,100,No,0,0,0,,
715KL39-SG,SDL KL 7.15% 2039,6645761,100,No,0,0,0,,
715KL40-SG,SDL KL 7.15% 2040,6913281,100,No,0,0,0,,
715MH45-SG,SDL MH 7.15% 2045,193980673,100,No,0,0,0,,
715MH46-SG,SDL MH 7.15% 2046,193980929,100,No,0,0,0,,
715MH47-SG,SDL MH 7.15% 2047,193981185,100,No,0,0,0,,
715MH49-SG,SDL MH 7.15% 2049,194029825,100,No,0,0,0,,
715MN39-SG,SDL MN 7.15% 2039,6646017,100,No,0,0,0,,
715MN39A-SG,SDL MN 7.15% 2039,7378177,100,No,0,0,0,,
715MP35-SG,SDL MP 7.15% 2035,6597633,100,No,0,0,0,,
715MP43-SG,SDL MP 7.15% 2043,6598657,100,No,0,0,0,,
715MP43A-SG,SDL MP 7.15% 2043,193959169,100,No,0,0,0,,
715MZ39-SG,SDL MZ 7.15% 2039,6598145,100,No,0,0,0,,
715MZ40-SG,SDL MZ 7.15% 2040,6913537,100,No,0,0,0,,
715NBFID35-N0,,193579265,1,No,0,0,0,,
715NBFID40-N0,,194491649,1,No,0,0,0,,
715NL34-SG,SDL NL 7.15% 2034,7378433,100,No,0,0,0,,
715OR38-SG,SDL OR 7.15% 2038,6950913,100,No,0,0,0,,
715PN44-SG,SDL PN 7.15% 2044,6522625,100,No,0,0,0,,
715PY39A-SG,SDL PY 7.15% 2039,7605761,100,No,0,0,0,,
715RJ30-SG,SDL RJ 7.15% 2030,5645825,100,No,0,0,0,,
715RJ31-SG,SDL RJ 7.15% 2031,651521,100,No,0,0,0,,
715RJ31A-SG,SDL RJ 7.15% 2031,702465,100,No,0,0,0,,
715RJ35-SG,SDL RJ 7.15% 2035,7720705,100,No,0,0,0,,
715RJ42-SG,SDL RJ 7.15% 2042,6521601,100,No,0,0,0,,
715RJ53-SG,SDL RJ 7.15% 2053,194005249,100,No,0,0,0,,
715SHFL28-N0,,194021377,1,No,0,0,0,,
715SHFL30-N0,,193804033,1,No,0,0,0,,
715TN27-SG,SDL TN 7.15% 2027,5662721,100,No,0,0,0,,
715TN32-SG,SDL TN 7.15% 2032,194350337,100,No,0,0,0,,
715TN33-SG,SDL TN 7.15% 2033,7726593,100,No,0,0,0,,
715TN35-SG,SDL TN 7.15% 2035,7485697,100,No,0,0,0,,
715UK30-SG,SDL UK 7.15% 2030,7379969,100,No,0,0,0,,
715UP32-SG,SDL UP 7.15% 2032,2002177,100,No,0,0,0,,
715UP35-SG,SDL UP 7.15% 2035,194257409,100,No,0,0,0,,
715UP37-SG,SDL UP 7.15% 2037,7425793,100,No,0,0,0,,
715UP37A-SG,SDL UP 7.15% 2037,7720961,100,No,0,0,0,,
715WB35-SG,SDL WB 7.15% 2035,5670401,100,No,0,0,0,,
715WB40-SG,SDL WB 7.15% 2040,7426305,100,No,0,0,0,,
715WB44-SG,SDL WB 7.15% 2044,6522369,100,No,0,0,0,,
715WB44A-SG,SDL WB 7.15% 2044,6578433,100,No,0,0,0,,
715WB45-SG,SDL WB 7.15% 2045,6522881,100,No,0,0,0,,
715WB52-SG,SDL WB 7.15% 2052,193981953,100,No,0,0,0,,
716AP40-SG,SDL AP 7.16% 2040,7555073,100,No,0,0,0,,
716AP47-SG,SDL AP 7.16% 2047,6647297,100,No,0,0,0,,
716AR44-SG,SDL AR 7.16% 2044,6964481,100,No,0,0,0,,
716AS40-SG,SDL AS 7.16% 2040,7555329,100,No,0,0,0,,
716CG33-SG,SDL CG 7.16% 2033,7727105,100,No,0,0,0,,
716CG34-SG,SDL CG 7.16% 2034,7727361,100,No,0,0,0,,
716GA31-SG,SDL GA 7.16% 2031,702977,100,No,0,0,0,,
716GJ31-SG,SDL GJ 7.16% 2031,194688513,100,No,0,0,0,,
716GS2050-GS,GOI LOAN 7.16% 2050,4751617,1,No,0,0,0,,
716HR27-SG,SDL HR 7.16% 2027,4087297,100,No,0,0,0,,
716HR37-SG,SDL HR 7.16% 2037,7376897,100,No,0,0,0,,
716HR38A-SG,SDL HR 7.16% 2038,7604737,100,No,0,0,0,,
716JK49-SG,SDL JK 7.16% 2049,6598401,100,No,0,0,0,,
716KA30-SG,SDL KA 7.16% 2030,5336321,100,No,0,0,0,,
716KA32-SG,SDL KA 7.16% 2032,7657729,100,No,0,0,0,,
716KA36-SG,SDL KA 7.16% 2036,2096641,100,No,0,0,0,,
716KA36B-SG,SDL KA 7.16% 2036,7601409,100,No,0,0,0,,
716KA40-SG,SDL KA 7.16% 2040,7377409,100,No,0,0,0,,
716KL30-SG,SDL KL 7.16% 2030,5609985,100,No,0,0,0,,
716KL38-SG,SDL KL 7.16% 2038,7553537,100,No,0,0,0,,
716MH50-SG,SDL MH 7.16% 2050,194030081,100,No,0,0,0,,
716MH55-SG,SDL MH 7.16% 2055,194098945,100,No,0,0,0,,
716ML31-SG,SDL ML 7.16% 2031,705537,100,No,0,0,0,,
716MP37A-SG,SDL MP 7.16% 2037,7604481,100,No,0,0,0,,
716MP40A-SG,SDL MP 7.16% 2040,7603457,100,No,0,0,0,,
716MP44-SG,SDL MP 7.16% 2044,6964737,100,No,0,0,0,,
716MZ35-SG,SDL MZ 7.16% 2035,7570945,100,No,0,0,0,,
716OR50-SG,SDL OR 7.16% 2050,194004737,100,No,0,0,0,,
716PFCL40-N0,,7369217,1,No,0,0,0,,
716PY40A-SG,SDL PY 7.16% 2040,7603201,100,No,0,0,0,,
716RJ34-SG,SDL RJ 7.16% 2034,6960385,100,No,0,0,0,,
716RJ35-SG,SDL RJ 7.16% 2035,194523137,100,No,0,0,0,,
716RJ45-SG,SDL RJ 7.16% 2045,6647041,100,No,0,0,0,,
716TN32-SG,SDL TN 7.16% 2032,194646273,100,No,0,0,0,,
716TN35-SG,SDL TN 7.16% 2035,194522625,100,No,0,0,0,,
716TN54-SG,SDL TN 7.16% 2054,6648065,100,No,0,0,0,,
716TN54A-SG,SDL TN 7.16% 2054,6964993,100,No,0,0,0,,
716TS47-SG,SDL TS 7.16% 2047,6647553,100,No,0,0,0,,
716TS49-SG,SDL TS 7.16% 2049,6647809,100,No,0,0,0,,
716UP29-SG,SDL UP 7.16% 2029,5655041,100,No,0,0,0,,
716UP31-SG,SDL UP 7.16% 2031,706305,100,No,0,0,0,,
716UP39-SG,SDL UP 7.16% 2039,7379713,100,No,0,0,0,,
716UP39B-SG,SDL UP 7.16% 2039,7602945,100,No,0,0,0,,
716WB39-SG,SDL WB 7.16% 2039,7380225,100,No,0,0,0,,
716WB42-SG,SDL WB 7.16% 2042,7426561,100,No,0,0,0,,
717AP32-SG,SDL AP 7.17% 2032,7551233,100,No,0,0,0,,
717AP37-SG,SDL AP 7.17% 2037,7421953,100,No,0,0,0,,
717AP38-SG,SDL AP 7.17% 2038,7422209,100,No,0,0,0,,
717AP39-SG,SDL AP 7.17% 2039,7422721,100,No,0,0,0,,
717AP43-SG,SDL AP 7.17% 2043,6646529,100,No,0,0,0,,
717AS31-SG,SDL AS 7.17% 2031,652289,100,No,0,0,0,,
717BR30-SG,SDL BR 7.17% 2030,5687297,100,No,0,0,0,,
717BR30A-SG,SDL BR 7.17% 2030,5689089,100,No,0,0,0,,
717BR32-SG,SDL BR 7.17% 2032,2131713,100,No,0,0,0,,
717CG30-SG,SDL CG 7.17% 2030,5672961,100,No,0,0,0,,
717GA35-SG,SDL GA 7.17% 2035,6962433,100,No,0,0,0,,
717GA35A-SG,SDL GA 7.17% 2035,194197761,100,No,0,0,0,,
717GJ30-SG,SDL GJ 7.17% 2030,5686785,100,No,0,0,0,,
717GJ30A-SG,SDL GJ 7.17% 2030,5688833,100,No,0,0,0,,
717GJ34-SG,SDL GJ 7.17% 2034,194577153,100,No,0,0,0,,
717GS2028-GS,GOI LOAN 7.17% 2028,1845249,1,No,0,0,0,,
717GS2030-GS,GOI LOAN  7.17% 2030,3852801,1,No,0,0,0,,
717HP30-SG,SDL HP 7.17% 2030,5336577,100,No,0,0,0,,
717HR29-SG,SDL HR 7.17% 2029,5199361,100,No,0,0,0,,
717HR30-SG,SDL HR 7.17% 2030,5337345,100,No,0,0,0,,
717IRFC35-N0,,7804673,1,No,0,0,0,,
717KA29-SG,SDL KA 7.17% 2029,5266689,100,No,0,0,0,,
717KA30-SG,SDL KA 7.17% 2030,5355009,100,No,0,0,0,,
717KL32-SG,SDL KL 7.17% 2032,2132225,100,No,0,0,0,,
717KL38-SG,SDL KL 7.17% 2038,7721217,100,No,0,0,0,,
717KL51-SG,SDL KL 7.17% 2051,194004993,100,No,0,0,0,,
717MH37-SG,SDL MH 7.17% 2037,7661057,100,No,0,0,0,,
717MH54-SG,SDL MH 7.17% 2054,194098689,100,No,0,0,0,,
717ML31-SG,SDL ML 7.17% 2031,653057,100,No,0,0,0,,
717MP29-SG,SDL MP 7.17% 2029,5625857,100,No,0,0,0,,
717MP31-SG,SDL MP 7.17% 2031,7701761,100,No,0,0,0,,
717MP35-SG,SDL MP 7.17% 2035,5625089,100,No,0,0,0,,
717MP38-SG,SDL MP 7.17% 2038,7425025,100,No,0,0,0,,
717MP41-SG,SDL MP 7.17% 2041,7377665,100,No,0,0,0,,
717OR30-SG,SDL OR 7.17% 2030,7703297,100,No,0,0,0,,
717OR40-SG,SDL OR 7.17% 2040,7721985,100,No,0,0,0,,
717PN30-SG,SDL PN 7.17% 2030,5686273,100,No,0,0,0,,
717PN30A-SG,SDL PN 7.17% 2030,5688321,100,No,0,0,0,,
717PN44-SG,SDL PN 7.17% 2044,6646785,100,No,0,0,0,,
717RJ30-SG,SDL RJ 7.17% 2030,5643265,100,No,0,0,0,,
717RJ32-SG,SDL RJ 7.17% 2032,2132737,100,No,0,0,0,,
717RJ35-SG,SDL RJ 7.17% 2035,7659521,100,No,0,0,0,,
717RJ52-SG,SDL RJ 7.17% 2052,194098433,100,No,0,0,0,,
717SHFL30-N0,,193936641,1,No,0,0,0,,
717SIHF28-N0,,194271233,1,No,0,0,0,,
717TCHFL30-N0,,193747201,1,No,0,0,0,,
717TN29-SG,SDL TN 7.17% 2029,5663489,100,No,0,0,0,,
717TN30-SG,SDL TN 7.17% 2030,2222337,100,No,0,0,0,,
717TN33-SG,SDL TN 7.17% 2033,7657985,100,No,0,0,0,,
717TN45-SG,SDL TN 7.17% 2045,7571457,100,No,0,0,0,,
717TR30-SG,SDL TR 7.17% 2030,5667841,100,No,0,0,0,,
717TS41-SG,SDL TS 7.17% 2041,1303041,100,No,0,0,0,,
717UK29-SG,SDL UK 7.17% 2029,5674753,100,No,0,0,0,,
717UK32-SG,SDL UK 7.17% 2032,7726081,100,No,0,0,0,,
717UP31-SG,SDL UP 7.17% 2031,685057,100,No,0,0,0,,
717UP33-SG,SDL UP 7.17% 2033,7726849,100,No,0,0,0,,
717UP39-SG,SDL UP 7.17% 2039,7721473,100,No,0,0,0,,
717WB32-SG,SDL WB 7.17% 2032,2132993,100,No,0,0,0,,
717WB42-SG,SDL WB 7.17% 2042,7380737,100,No,0,0,0,,
718AP28-SG,SDL AP 7.18% 2028,5199105,100,No,0,0,0,,
718AP33-SG,SDL AP 7.18% 2033,5125121,100,No,0,0,0,,
718AP40-SG,SDL AP 7.18% 2040,1974529,100,No,0,0,0,,
718AP40A-SG,SDL AP 7.18% 2040,6963969,100,No,0,0,0,,
718AS29-SG,SDL AS 7.18% 2029,5199617,100,No,0,0,0,,
718AS30-SG,SDL AS 7.18% 2030,5157377,100,No,0,0,0,,
718BR30-SG,SDL BR 7.18% 2030,5147905,100,No,0,0,0,,
718BR34-SG,SDL BR 7.18% 2034,6960129,100,No,0,0,0,,
718BR45-SG,SDL BR 7.18% 2045,7568897,100,No,0,0,0,,
718BR45B-SG,SDL BR 7.18% 2045,7603713,100,No,0,0,0,,
718CG27-SG,SDL CG 7.18% 2027,5673217,100,No,0,0,0,,
718CG30-SG,SDL CG 7.18% 2030,5673729,100,No,0,0,0,,
718GJ28-SG,SDL GJ 7.18% 2028,4262657,100,No,0,0,0,,
718GJ30-SG,SDL GJ 7.18% 2030,5298177,100,No,0,0,0,,
718GS2033-GS,GOI LOAN  7.18% 2033,4614401,1,No,0,0,0,,
718GS2037-GS,GOI LOAN  7.18% 2037,4453889,1,No,0,0,0,,
718HP32-SG,SDL HP 7.18% 2032,5147649,100,No,0,0,0,,
718HR38-SG,SDL HR 7.18% 2038,7422977,100,No,0,0,0,,
718HR41-SG,SDL HR 7.18% 2041,616193,100,No,0,0,0,,
718JK45-SG,SDL JK 7.18% 2045,7570177,100,No,0,0,0,,
718JK45A-SG,SDL JK 7.18% 2045,194029313,100,No,0,0,0,,
718KA33-SG,SDL KA 7.18% 2033,1969665,100,No,0,0,0,,
718KL29-SG,SDL KL 7.18% 2029,5609473,100,No,0,0,0,,
718KL50-SG,SDL KL 7.18% 2050,7557889,100,No,0,0,0,,
718KL50A-SG,SDL KL 7.18% 2050,7724033,100,No,0,0,0,,
718MH30-SG,SDL MH 7.18% 2030,2287105,100,No,0,0,0,,
718MH33-SG,SDL MH 7.18% 2033,194264321,100,No,0,0,0,,
718MH38-SG,SDL MH 7.18% 2038,7661825,100,No,0,0,0,,
718MH39-SG,SDL MH 7.18% 2039,7662081,100,No,0,0,0,,
718MN31-SG,SDL MN 7.18% 2031,685825,100,No,0,0,0,,
718MP30-SG,SDL MP 7.18% 2030,5624833,100,No,0,0,0,,
718MP46-SG,SDL MP 7.18% 2046,7722753,100,No,0,0,0,,
718MP48A-SG,SDL MP 7.18% 2048,7603969,100,No,0,0,0,,
718MP49-SG,SDL MP 7.18% 2049,7723777,100,No,0,0,0,,
718MZ40-SG,SDL MZ 7.18% 2040,7721729,100,No,0,0,0,,
718OR46-SG,SDL OR 7.18% 2046,7723009,100,No,0,0,0,,
718RJ29-SG,SDL RJ 7.18% 2029,5647361,100,No,0,0,0,,
718RJ30-SG,SDL RJ 7.18% 2030,5650433,100,No,0,0,0,,
718RJ38-SG,SDL RJ 7.18% 2038,6963457,100,No,0,0,0,,
718SFL28-N0,,194022401,1,No,0,0,0,,
718SK31-SG,SDL SK 7.18% 2031,686337,100,No,0,0,0,,
718TN33-SG,SDL TN 7.18% 2033,194576641,100,No,0,0,0,,
718TN35-SG,SDL TN 7.18% 2035,7697921,100,No,0,0,0,,
718TN36-SG,SDL TN 7.18% 2036,7660545,100,No,0,0,0,,
718TN45-SG,SDL TN 7.18% 2045,7722241,100,No,0,0,0,,
718TN55-SG,SDL TN 7.18% 2055,7558145,100,No,0,0,0,,
718TN55A-SG,SDL TN 7.18% 2055,7572225,100,No,0,0,0,,
718TN55B-SG,SDL TN 7.18% 2055,7724289,100,No,0,0,0,,
718TS33-SG,SDL TS 7.18% 2033,1968641,100,No,0,0,0,,
718TS47-SG,SDL TS 7.18% 2047,7557377,100,No,0,0,0,,
718TS49-SG,SDL TS 7.18% 2049,7557633,100,No,0,0,0,,
718TS51-SG,SDL TS 7.18% 2051,1254401,100,No,0,0,0,,
718UP30-SG,SDL UP 7.18% 2030,5686529,100,No,0,0,0,,
718UP30A-SG,SDL UP 7.18% 2030,5688577,100,No,0,0,0,,
718UP35-SG,SDL UP 7.18% 2035,194522881,100,No,0,0,0,,
718WB35-SG,SDL WB 7.18% 2035,5668865,100,No,0,0,0,,
718WB39-SG,SDL WB 7.18% 2039,6963713,100,No,0,0,0,,
718WB41-SG,SDL WB 7.18% 2041,6964225,100,No,0,0,0,,
718WB45-SG,SDL WB 7.18% 2045,7722497,100,No,0,0,0,,
718WB46-SG,SDL WB 7.18% 2046,7723265,100,No,0,0,0,,
718WB47-SG,SDL WB 7.18% 2047,7723521,100,No,0,0,0,,
719AP34-SG,SDL AP 7.19% 2034,5157633,100,No,0,0,0,,
719AP38-SG,SDL AP 7.19% 2038,1281281,100,No,0,0,0,,
719AS34-SG,SDL AS 7.19% 2034,7376129,100,No,0,0,0,,
719BR45-SG,SDL BR 7.19% 2045,7555585,100,No,0,0,0,,
719CG35-SG,SDL CG 7.19% 2035,7660033,100,No,0,0,0,,
719CG35A-SG,SDL CG 7.19% 2035,194563585,100,No,0,0,0,,
719GJ33-SG,SDL GJ 7.19% 2033,194630401,100,No,0,0,0,,
719GS2060-GS,GOI LOAN 7.19% 2060,4729345,1,No,0,0,0,,
719HR37-SG,SDL HR 7.19% 2037,6962945,100,No,0,0,0,,
719HUDCO28-N7,,7590401,1,No,0,0,0,,
719JCL28-N0,,194021889,1,No,0,0,0,,
719JK29-SG,SDL JK 7.19% 2029,5365505,100,No,0,0,0,,
719KA32-SG,SDL KA 7.19% 2032,194688769,100,No,0,0,0,,
719KA39-SG,SDL KA 7.19% 2039,708609,100,No,0,0,0,,
719KA40-SG,SDL KA 7.19% 2040,709377,100,No,0,0,0,,
719KL51-SG,SDL KL 7.19% 2051,1402625,100,No,0,0,0,,
719LT34-N0,,7008257,1,No,0,0,0,,
719MH40-SG,SDL MH 7.19% 2040,7662593,100,No,0,0,0,,
719ML41-SG,SDL ML 7.19% 2041,1253121,100,No,0,0,0,,
719MP38-SG,SDL MP 7.19% 2038,6963201,100,No,0,0,0,,
719MP40-SG,SDL MP 7.19% 2040,5623553,100,No,0,0,0,,
719OR35-SG,SDL OR 7.19% 2035,7659265,100,No,0,0,0,,
719OR40-SG,SDL OR 7.19% 2040,7663361,100,No,0,0,0,,
719PN37-SG,SDL PN 7.19% 2037,1974785,100,No,0,0,0,,
719PN40-SG,SDL PN 7.19% 2040,193992705,100,No,0,0,0,,
719PN45-SG,SDL PN 7.19% 2045,7555841,100,No,0,0,0,,
719PN49-SG,SDL PN 7.19% 2049,194025985,100,No,0,0,0,,
719RJ35-SG,SDL RJ 7.19% 2035,7704833,100,No,0,0,0,,
719SK31-SG,SDL SK 7.19% 2031,610305,100,No,0,0,0,,
719TN30-SG,SDL TN 7.19% 2030,5664001,100,No,0,0,0,,
719TN32-SG,SDL TN 7.19% 2032,2173697,100,No,0,0,0,,
719TN32A-SG,SDL TN 7.19% 2032,6427137,100,No,0,0,0,,
719TN33-SG,SDL TN 7.19% 2033,194350593,100,No,0,0,0,,
719TN34-SG,SDL TN 7.19% 2034,6373121,100,No,0,0,0,,
719TN35-SG,SDL TN 7.19% 2035,5660161,100,No,0,0,0,,
719TN42-SG,SDL TN 7.19% 2042,2134273,100,No,0,0,0,,
719TS44-SG,SDL TS 7.19% 2044,194097665,100,No,0,0,0,,
719TS46-SG,SDL TS 7.19% 2046,7556097,100,No,0,0,0,,
719TS49-SG,SDL TS 7.19% 2049,194098177,100,No,0,0,0,,
719UP29-SG,SDL UP 7.19% 2029,5655553,100,No,0,0,0,,
719UP31-SG,SDL UP 7.19% 2031,653313,100,No,0,0,0,,
719UP36-SG,SDL UP 7.19% 2036,6962689,100,No,0,0,0,,
719WB29-SG,SDL WB 7.19% 2029,5669889,100,No,0,0,0,,
719WB36-SG,SDL WB 7.19% 2036,707073,100,No,0,0,0,,
71ABHFL27-N0,,194046721,1,No,0,0,0,,
71AP37-SG,SDL AP 7.1% 2037,120065,100,No,0,0,0,,
71AS45-SG,SDL AS 7.1% 2045,7794433,100,No,0,0,0,,
71GS2034-GS,GOI LOAN  7.1% 2034,6006529,1,No,0,0,0,,
71HP40-SG,SDL HP 7.1% 2040,7793153,100,No,0,0,0,,
71HR33-SG,SDL HR 7.1% 2033,194359553,100,No,0,0,0,,
71JK30-SG,SDL JK 7.1% 2030,5124609,100,No,0,0,0,,
71JK33-SG,SDL JK 7.1% 2033,1252865,100,No,0,0,0,,
71JK33A-SG,SDL JK 7.1% 2033,1367553,100,No,0,0,0,,
71KA32-SG,SDL KA 7.1% 2032,1969409,100,No,0,0,0,,
71KA32A-SG,SDL KA 7.1% 2032,6596097,100,No,0,0,0,,
71KL34-SG,SDL KL 7.1% 2034,6579713,100,No,0,0,0,,
71KL43-SG,SDL KL 7.1% 2043,7793921,100,No,0,0,0,,
71KL45-SG,SDL KL 7.1% 2045,193974785,100,No,0,0,0,,
71MH32-SG,SDL MH 7.1% 2032,80129,100,No,0,0,0,,
71MH32A-SG,SDL MH 7.1% 2032,6595585,100,No,0,0,0,,
71MH33-SG,SDL MH 7.1% 2033,6490113,100,No,0,0,0,,
71MH36-SG,SDL MH 7.1% 2036,1339393,100,No,0,0,0,,
71MN40-SG,SDL MN 7.1% 2040,193974273,100,No,0,0,0,,
71NL35-SG,SDL NL 7.1% 2035,7790593,100,No,0,0,0,,
71PN45-SG,SDL PN 7.1% 2045,7794689,100,No,0,0,0,,
71RJ34-SG,SDL RJ 7.1% 2034,6526465,100,No,0,0,0,,
71RJ43-SG,SDL RJ 7.1% 2043,7794177,100,No,0,0,0,,
71SK35-SG,SDL SK 7.1% 2035,7791361,100,No,0,0,0,,
71TN32-SG,SDL TN 7.1% 2032,2122753,100,No,0,0,0,,
71TN32A-SG,SDL TN 7.1% 2032,6959617,100,No,0,0,0,,
71TN34-SG,SDL TN 7.1% 2034,6490625,100,No,0,0,0,,
71TS55-SG,SDL TS 7.1% 2055,193904641,100,No,0,0,0,,
71WB30-SG,SDL WB 7.1% 2030,5670657,100,No,0,0,0,,
71WB45-SG,SDL WB 7.1% 2045,7794945,100,No,0,0,0,,
71WB46-SG,SDL WB 7.1% 2046,7795201,100,No,0,0,0,,
71WB47-SG,SDL WB 7.1% 2047,7795457,100,No,0,0,0,,
71WB50-SG,SDL WB 7.1% 2050,193934081,100,No,0,0,0,,
71WB51-SG,SDL WB 7.1% 2051,193934337,100,No,0,0,0,,
72092LTF27-N0,,193803521,1,No,0,0,0,,
720AR30-SG,SDL AR 7.20% 2030,5252609,100,No,0,0,0,,
720AS30-SG,SDL AS 7.20% 2030,5211649,100,No,0,0,0,,
720CL30-N0,,194695169,1,No,0,0,0,,
720LT35-N0,,7483649,1,No,0,0,0,,
720MH34-SG,SDL MH 7.20% 2034,6402561,100,No,0,0,0,,
720ML30-SG,SDL ML 7.20% 2030,5634561,100,No,0,0,0,,
720MZ30-SG,SDL MZ 7.20% 2030,5635841,100,No,0,0,0,,
720NHB31-N0,,7294209,1,No,0,0,0,,
720NHPC35-N0,,7492097,1,No,0,0,0,,
720RECL35-N0,,7463681,1,No,0,0,0,,
72190LTFL2-N0,,194614017,1,No,0,0,0,,
721AP31-SG,SDL AP 7.21% 2031,5267201,100,No,0,0,0,,
721BR33-SG,SDL BR 7.21% 2033,6454785,100,No,0,0,0,,
721GJ35-SG,SDL GJ 7.21% 2035,7681281,100,No,0,0,0,,
721KA32-SG,SDL KA 7.21% 2032,2051073,100,No,0,0,0,,
721MH35-SG,SDL MH 7.21% 2035,6370561,100,No,0,0,0,,
721MP34-SG,SDL MP 7.21% 2034,5626113,100,No,0,0,0,,
721PY28-SG,SDL PY 7.21% 2028,5638145,100,No,0,0,0,,
721RJ32-SG,SDL RJ 7.21% 2032,2051329,100,No,0,0,0,,
721SK35-SG,SDL SK 7.21% 2035,194563841,100,No,0,0,0,,
721TN32-SG,SDL TN 7.21% 2032,7679745,100,No,0,0,0,,
721TN34-SG,SDL TN 7.21% 2034,6359297,100,No,0,0,0,,
721TR29-SG,SDL TR 7.21% 2029,5667585,100,No,0,0,0,,
721TS47-SG,SDL TS 7.21% 2047,194079489,100,No,0,0,0,,
721TS48-SG,SDL TS 7.21% 2048,194097921,100,No,0,0,0,,
722AP28-SG,SDL AP 7.22% 2028,5639937,100,No,0,0,0,,
722AP30-SG,SDL AP 7.22% 2030,5639681,100,No,0,0,0,,
722AP31-SG,SDL AP 7.22% 2031,5687041,100,No,0,0,0,,
722AP31A-SG,SDL AP 7.22% 2031,5640193,100,No,0,0,0,,
722AP34-SG,SDL AP 7.22% 2034,7680257,100,No,0,0,0,,
722AP35-SG,SDL AP 7.22% 2035,7680769,100,No,0,0,0,,
722AP37-SG,SDL AP 7.22% 2037,613121,100,No,0,0,0,,
722AP42-SG,SDL AP 7.22% 2042,1975041,100,No,0,0,0,,
722AS29-SG,SDL AS 7.22% 2029,5354241,100,No,0,0,0,,
722AS30-SG,SDL AS 7.22% 2030,5337601,100,No,0,0,0,,
722BR35-SG,SDL BR 7.22% 2035,7457793,100,No,0,0,0,,
722BR40-SG,SDL BR 7.22% 2040,7454977,100,No,0,0,0,,
722BR40A-SG,SDL BR 7.22% 2040,194096641,100,No,0,0,0,,
722GA29-SG,SDL GA 7.22% 2029,5354497,100,No,0,0,0,,
722GJ28-SG,SDL GJ 7.22% 2028,4295937,100,No,0,0,0,,
722GJ35-SG,SDL GJ 7.22% 2035,7451393,100,No,0,0,0,,
722HP39-SG,SDL HP 7.22% 2039,6455041,100,No,0,0,0,,
722HPCL29-N0,,6403585,1,No,0,0,0,,
722HR38-SG,SDL HR 7.22% 2038,7454721,100,No,0,0,0,,
722HR38A-SG,SDL HR 7.22% 2038,7661569,100,No,0,0,0,,
722JK32-SG,SDL JK 7.22% 2032,7698433,100,No,0,0,0,,
722KA32-SG,SDL KA 7.22% 2032,7679233,100,No,0,0,0,,
722KA35-SG,SDL KA 7.22% 2035,1972993,100,No,0,0,0,,
722KA35A-SG,SDL KA 7.22% 2035,7682049,100,No,0,0,0,,
722KA36-SG,SDL KA 7.22% 2036,7453185,100,No,0,0,0,,
722KA38-SG,SDL KA 7.22% 2038,613889,100,No,0,0,0,,
722KA38A-SG,SDL KA 7.22% 2038,659969,100,No,0,0,0,,
722KL59-SG,SDL KL 7.22% 2059,6401281,100,No,0,0,0,,
722MH34-SG,SDL MH 7.22% 2034,6336513,100,No,0,0,0,,
722MH45-SG,SDL MH 7.22% 2045,6371841,100,No,0,0,0,,
722MH49-SG,SDL MH 7.22% 2049,6399233,100,No,0,0,0,,
722MH50-SG,SDL MH 7.22% 2050,6372097,100,No,0,0,0,,
722MP42-SG,SDL MP 7.22% 2042,7702017,100,No,0,0,0,,
722MP43-SG,SDL MP 7.22% 2043,194097409,100,No,0,0,0,,
722MP45-SG,SDL MP 7.22% 2045,6398465,100,No,0,0,0,,
722MP48-SG,SDL MP 7.22% 2048,194095873,100,No,0,0,0,,
722OR36-SG,SDL OR 7.22% 2036,7682561,100,No,0,0,0,,
722PFCL39-N0,,6511873,1,No,0,0,0,,
722PN32-SG,SDL PN 7.22% 2032,5604609,100,No,0,0,0,,
722RJ32-SG,SDL RJ 7.22% 2032,2173953,100,No,0,0,0,,
722RJ34-SG,SDL RJ 7.22% 2034,6402817,100,No,0,0,0,,
722RJ35-SG,SDL RJ 7.22% 2035,7681537,100,No,0,0,0,,
722RJ41-SG,SDL RJ 7.22% 2041,617729,100,No,0,0,0,,
722TFSI28-N0,,194670337,1,No,0,0,0,,
722TN33-SG,SDL TN 7.22% 2033,7680001,100,No,0,0,0,,
722TN35-SG,SDL TN 7.22% 2035,7451649,100,No,0,0,0,,
722TN54-SG,SDL TN 7.22% 2054,6400257,100,No,0,0,0,,
722TN54A-SG,SDL TN 7.22% 2054,6455553,100,No,0,0,0,,
722TS38-SG,SDL TS 7.22% 2038,6454529,100,No,0,0,0,,
722UCL34-N0,,6958337,1,No,0,0,0,,
722UP30-SG,SDL UP 7.22% 2030,5654785,100,No,0,0,0,,
723AP34-SG,SDL AP 7.23% 2034,6427393,100,No,0,0,0,,
723AP46-SG,SDL AP 7.23% 2046,6398721,100,No,0,0,0,,
723BOB35-N0,,7466753,1,No,0,0,0,,
723BOI35-N0,,194868737,1,No,0,0,0,,
723DMEDL34-N0,,7094017,1,No,0,0,0,,
723GA32-SG,SDL GA 7.23% 2032,2014977,100,No,0,0,0,,
723GA34-SG,SDL GA 7.23% 2034,6402305,100,No,0,0,0,,
723GJ27-SG,SDL GJ 7.23% 2027,6168577,100,No,0,0,0,,
723GS2039-GS,GOI LOAN  7.23% 2039,6020609,1,No,0,0,0,,
723HR39-SG,SDL HR 7.23% 2039,7700737,100,No,0,0,0,,
723JK51-SG,SDL JK 7.23% 2051,6372353,100,No,0,0,0,,
723JK54-SG,SDL JK 7.23% 2054,6400001,100,No,0,0,0,,
723KA28-SG,SDL KA 7.23% 2028,5557761,100,No,0,0,0,,
723KL45-SG,SDL KL 7.23% 2045,6455297,100,No,0,0,0,,
723LTFL28-N0,,194124289,1,No,0,0,0,,
723MH35-SG,SDL MH 7.23% 2035,6423041,100,No,0,0,0,,
723MH40-SG,SDL MH 7.23% 2040,6371329,100,No,0,0,0,,
723MH41-SG,SDL MH 7.23% 2041,7455489,100,No,0,0,0,,
723MN32-SG,SDL MN 7.23% 2032,2010881,100,No,0,0,0,,
723MP42-SG,SDL MP 7.23% 2042,193992961,100,No,0,0,0,,
723MP47-SG,SDL MP 7.23% 2047,7702273,100,No,0,0,0,,
723MZ38-SG,SDL MZ 7.23% 2038,6455809,100,No,0,0,0,,
723MZ40-SG,SDL MZ 7.23% 2040,7455233,100,No,0,0,0,,
723OR47-SG,SDL OR 7.23% 2047,7704577,100,No,0,0,0,,
723PN31-SG,SDL PN 7.23% 2031,654593,100,No,0,0,0,,
723PN37-SG,SDL PN 7.23% 2037,7453441,100,No,0,0,0,,
723RJ33-SG,SDL RJ 7.23% 2033,6402049,100,No,0,0,0,,
723RJ35-SG,SDL RJ 7.23% 2035,194257921,100,No,0,0,0,,
723RJ38-SG,SDL RJ 7.23% 2038,7705089,100,No,0,0,0,,
723RJ46-SG,SDL RJ 7.23% 2046,6398977,100,No,0,0,0,,
723SBI39-N0,,6944769,1,No,0,0,0,,
723SK35-SG,SDL SK 7.23% 2035,194359809,100,No,0,0,0,,
723TN32-SG,SDL TN 7.23% 2032,2194689,100,No,0,0,0,,
723TN34-SG,SDL TN 7.23% 2034,6336769,100,No,0,0,0,,
723TN35-SG,SDL TN 7.23% 2035,194647297,100,No,0,0,0,,
723TN55-SG,SDL TN 7.23% 2055,7701249,100,No,0,0,0,,
723TS49-SG,SDL TS 7.23% 2049,7699713,100,No,0,0,0,,
723TS52-SG,SDL TS 7.23% 2052,7705601,100,No,0,0,0,,
723TS53-SG,SDL TS 7.23% 2053,7700225,100,No,0,0,0,,
723UK32-SG,SDL UK 7.23% 2032,7699201,100,No,0,0,0,,
723WB30-SG,SDL WB 7.23% 2030,5669633,100,No,0,0,0,,
723WB32-SG,SDL WB 7.23% 2032,2011393,100,No,0,0,0,,
723WB41-SG,SDL WB 7.23% 2041,617985,100,No,0,0,0,,
723WB49-SG,SDL WB 7.23% 2049,6399489,100,No,0,0,0,,
724AP33-SG,SDL AP 7.24% 2033,5540865,100,No,0,0,0,,
724AP35-SG,SDL AP 7.24% 2035,5541121,100,No,0,0,0,,
724AP36-SG,SDL AP 7.24% 2036,6403073,100,No,0,0,0,,
724AP38-SG,SDL AP 7.24% 2038,1974017,100,No,0,0,0,,
724AR45-SG,SDL AR 7.24% 2045,7699969,100,No,0,0,0,,
724AS30-SG,SDL AS 7.24% 2030,5354753,100,No,0,0,0,,
724AS31-SG,SDL AS 7.24% 2031,611585,100,No,0,0,0,,
724AS45-SG,SDL AS 7.24% 2045,7705857,100,No,0,0,0,,
724BR31-SG,SDL BR 7.24% 2031,194284801,100,No,0,0,0,,
724BR32-SG,SDL BR 7.24% 2032,2014721,100,No,0,0,0,,
724BR33-SG,SDL BR 7.24% 2033,6372865,100,No,0,0,0,,
724BR37-SG,SDL BR 7.24% 2037,7660801,100,No,0,0,0,,
724CANF28-N0,,194091777,1,No,0,0,0,,
724GJ29-SG,SDL GJ 7.24% 2029,5419265,100,No,0,0,0,,
724GR2033-GS,GOI LOAN 7.24% 2033,5234689,1,No,0,0,0,,
724GS2055-GS,GOI LOAN  7.24% 2055,194220545,1,No,0,0,0,,
724HR29-SG,SDL HR 7.24% 2029,5252865,100,No,0,0,0,,
724HR36-SG,SDL HR 7.24% 2036,6370817,100,No,0,0,0,,
724HR36A-SG,SDL HR 7.24% 2036,6403329,100,No,0,0,0,,
724INBK34-N0,,6481409,1,No,0,0,0,,
724JK36-SG,SDL JK 7.24% 2036,656129,100,No,0,0,0,,
724KA37-SG,SDL KA 7.24% 2037,688897,100,No,0,0,0,,
724KA38-SG,SDL KA 7.24% 2038,689409,100,No,0,0,0,,
724KL40-SG,SDL KL 7.24% 2040,6424833,100,No,0,0,0,,
724KL41-SG,SDL KL 7.24% 2041,194097153,100,No,0,0,0,,
724KL43-SG,SDL KL 7.24% 2043,7700993,100,No,0,0,0,,
724KL44-SG,SDL KL 7.24% 2044,7456257,100,No,0,0,0,,
724MH34-SG,SDL MH 7.24% 2034,194264577,100,No,0,0,0,,
724MH39-SG,SDL MH 7.24% 2039,6397441,100,No,0,0,0,,
724MH40-SG,SDL MH 7.24% 2040,6425089,100,No,0,0,0,,
724MH44-SG,SDL MH 7.24% 2044,7456001,100,No,0,0,0,,
724MP45-SG,SDL MP 7.24% 2045,194079233,100,No,0,0,0,,
724OR32-SG,SDL OR 7.24% 2032,194689025,100,No,0,0,0,,
724PFCL35-N0,,7561473,1,No,0,0,0,,
724RJ31-SG,SDL RJ 7.24% 2031,194683137,100,No,0,0,0,,
724RJ32-SG,SDL RJ 7.24% 2032,2022145,100,No,0,0,0,,
724RJ32A-SG,SDL RJ 7.24% 2032,2082817,100,No,0,0,0,,
724RJ32B-SG,SDL RJ 7.24% 2032,2194945,100,No,0,0,0,,
724RJ34-SG,SDL RJ 7.24% 2034,6427905,100,No,0,0,0,,
724RJ35-SG,SDL RJ 7.24% 2035,194583297,100,No,0,0,0,,
724RJ36-SG,SDL RJ 7.24% 2036,655361,100,No,0,0,0,,
724RJ36A-SG,SDL RJ 7.24% 2036,194564097,100,No,0,0,0,,
724SK32-SG,SDL SK 7.24% 2032,2174209,100,No,0,0,0,,
724TFSIL27-N0,,194393345,1,No,0,0,0,,
724TN30-SG,SDL TN 7.24% 2030,6314241,100,No,0,0,0,,
724TN32-SG,SDL TN 7.24% 2032,2023425,100,No,0,0,0,,
724TN51-SG,SDL TN 7.24% 2051,1303297,100,No,0,0,0,,
724TS51-SG,SDL TS 7.24% 2051,1291521,100,No,0,0,0,,
724UP32-SG,SDL UP 7.24% 2032,2011137,100,No,0,0,0,,
724UP33-SG,SDL UP 7.24% 2033,194630657,100,No,0,0,0,,
724UP36-SG,SDL UP 7.24% 2036,194493185,100,No,0,0,0,,
724UP40-SG,SDL UP 7.24% 2040,7698177,100,No,0,0,0,,
724WB42-SG,SDL WB 7.24% 2042,6371585,100,No,0,0,0,,
725AP37-SG,SDL AP 7.25% 2037,6424321,100,No,0,0,0,,
725AP44-SG,SDL AP 7.25% 2044,6425345,100,No,0,0,0,,
725AP47-SG,SDL AP 7.25% 2047,6426625,100,No,0,0,0,,
725AS44-SG,SDL AS 7.25% 2044,6425601,100,No,0,0,0,,
725BACL28-N0,,194768641,1,No,0,0,0,,
725BR33-SG,SDL BR 7.25% 2033,6401793,100,No,0,0,0,,
725GA35-SG,SDL GA 7.25% 2035,6422785,100,No,0,0,0,,
725GA36-SG,SDL GA 7.25% 2036,194444801,100,No,0,0,0,,
725GJ26-SG,SDL GJ 7.25% 2026,5786369,100,No,0,0,0,,
725GJ32-SG,SDL GJ 7.25% 2032,2138625,100,No,0,0,0,,
725GJ34-SG,SDL GJ 7.25% 2034,194231297,100,No,0,0,0,,
725GR2028-GS,GOI LOAN   7.25% 2028,5158657,1,No,0,0,0,,
725GS2063-GS,GOI LOAN  7.25% 2063,4283649,1,No,0,0,0,,
725HP33-SG,SDL HP 7.25% 2033,6336257,100,No,0,0,0,,
725HR32-SG,SDL HR 7.25% 2032,2138881,100,No,0,0,0,,
725HR36-SG,SDL HR 7.25% 2036,6424065,100,No,0,0,0,,
725HR39-SG,SDL HR 7.25% 2039,6371073,100,No,0,0,0,,
725IOCL30-N0,,7432961,1,No,0,0,0,,
725IRFC34-N0,,6407937,1,No,0,0,0,,
725IRFC35-NH,,3007489,1,No,0,0,0,,
725IRFC35B-N0,,7470081,1,No,0,0,0,,
725MH37-SG,SDL MH 7.25% 2037,194493441,100,No,0,0,0,,
725MH44-SG,SDL MH 7.25% 2044,6398209,100,No,0,0,0,,
725MH45-SG,SDL MH 7.25% 2045,6425857,100,No,0,0,0,,
725ML34-SG,SDL ML 7.25% 2034,6427649,100,No,0,0,0,,
725MPL29-N0,,194534657,1,No,0,0,0,,
725MZ34-SG,SDL MZ 7.25% 2034,2139905,100,No,0,0,0,,
725NBFI40-N0,,7558401,1,No,0,0,0,,
725OR33-SG,SDL OR 7.25% 2033,194230785,100,No,0,0,0,,
725PFCL45-N0,,7561985,1,No,0,0,0,,
725SIHF28-N0,,194122753,1,No,0,0,0,,
725TN27-SG,SDL TN 7.25% 2027,5664513,100,No,0,0,0,,
725TN32-SG,SDL TN 7.25% 2032,2139393,100,No,0,0,0,,
725TS28-SG,SDL TS 7.25% 2028,5685761,100,No,0,0,0,,
725TS38-SG,SDL TS 7.25% 2038,6424577,100,No,0,0,0,,
725TS41-SG,SDL TS 7.25% 2041,660737,100,No,0,0,0,,
725TS46-SG,SDL TS 7.25% 2046,6426369,100,No,0,0,0,,
725UK32-SG,SDL UK 7.25% 2032,2024193,100,No,0,0,0,,
725UP39-SG,SDL UP 7.25% 2039,7685377,100,No,0,0,0,,
725WB41-SG,SDL WB 7.25% 2041,680193,100,No,0,0,0,,
725WB45-SG,SDL WB 7.25% 2045,6426113,100,No,0,0,0,,
726AS29-SG,SDL AS 7.26% 2029,5384705,100,No,0,0,0,,
726AS39-SG,SDL AS 7.26% 2039,6396929,100,No,0,0,0,,
726BOB34-N0,,6445057,1,No,0,0,0,,
726BR33-SG,SDL BR 7.26% 2033,6359041,100,No,0,0,0,,
726GJ29-SG,SDL GJ 7.26% 2029,5384193,100,No,0,0,0,,
726GS2029-GS,GOI LOAN 7.26% 2029,2054913,1,No,0,0,0,,
726GS2032-GS,GOI LOAN  7.26% 2032,2744833,1,No,0,0,0,,
726GS2033-GS,GOI LOAN  7.26% 2033,3597057,1,No,0,0,0,,
726HP29-SG,SDL HP 7.26% 2029,4259329,100,No,0,0,0,,
726HP35-SG,SDL HP 7.26% 2035,7701505,100,No,0,0,0,,
726HR32-SG,SDL HR 7.26% 2032,2195201,100,No,0,0,0,,
726HR36-SG,SDL HR 7.26% 2036,6337281,100,No,0,0,0,,
726HR39-SG,SDL HR 7.26% 2039,7683585,100,No,0,0,0,,
726IIFCL34-N0,,6921729,1,No,0,0,0,,
726IRMT45-N0,,193721345,1,No,0,0,0,,
726JCL30-N0,,194527233,1,No,0,0,0,,
726JH27-SG,SDL JH 7.26% 2027,5682177,100,No,0,0,0,,
726KL39-SG,SDL KL 7.26% 2039,6397185,100,No,0,0,0,,
726MH30-SG,SDL MH 7.26% 2030,4089089,100,No,0,0,0,,
726MH41-SG,SDL MH 7.26% 2041,194403585,100,No,0,0,0,,
726MH42-SG,SDL MH 7.26% 2042,194404097,100,No,0,0,0,,
726MH49-SG,SDL MH 7.26% 2049,6339329,100,No,0,0,0,,
726MH50-SG,SDL MH 7.26% 2050,6428161,100,No,0,0,0,,
726MP35-SG,SDL MP 7.26% 2035,6337025,100,No,0,0,0,,
726MP38-SG,SDL MP 7.26% 2038,6396673,100,No,0,0,0,,
726MP39-SG,SDL MP 7.26% 2039,7684865,100,No,0,0,0,,
726MZ40-SG,SDL MZ 7.26% 2040,194096897,100,No,0,0,0,,
726NTPC40-N0,,7747329,1,No,0,0,0,,
726PN36-SG,SDL PN 7.26% 2036,6396161,100,No,0,0,0,,
726PN37-SG,SDL PN 7.26% 2037,6396417,100,No,0,0,0,,
726TN35-SG,SDL TN 7.26% 2035,194310913,100,No,0,0,0,,
726TN55-SG,SDL TN 7.26% 2055,7686401,100,No,0,0,0,,
726TS35-SG,SDL TS 7.26% 2035,6359553,100,No,0,0,0,,
726UP29-SG,SDL UP 7.26% 2029,5652993,100,No,0,0,0,,
726WB34-SG,SDL WB 7.26% 2034,5669377,100,No,0,0,0,,
727ABL35-N0,,194569473,1,No,0,0,0,,
727AP36-SG,SDL AP 7.27% 2036,194403073,100,No,0,0,0,,
727AP41-SG,SDL AP 7.27% 2041,6397697,100,No,0,0,0,,
727AR32-SG,SDL AR 7.27% 2032,2021633,100,No,0,0,0,,
727AS29-SG,SDL AS 7.27% 2029,5516801,100,No,0,0,0,,
727CG35-SG,SDL CG 7.27% 2035,7681793,100,No,0,0,0,,
727GJ31-SG,SDL GJ 7.27% 2031,4030465,100,No,0,0,0,,
727GJ34-SG,SDL GJ 7.27% 2034,194646785,100,No,0,0,0,,
727GS2026-GS,GOI LOAN 7.27% 2026,2441473,1,No,0,0,0,,
727HP35-SG,SDL HP 7.27% 2035,194231553,100,No,0,0,0,,
727HR30-SG,SDL HR 7.27% 2030,2392065,100,No,0,0,0,,
727JK49-SG,SDL JK 7.27% 2049,6358273,100,No,0,0,0,,
727KL59-SG,SDL KL 7.27% 2059,6339585,100,No,0,0,0,,
727MH30-SG,SDL MH 7.27% 2030,5617153,100,No,0,0,0,,
727MH34-SG,SDL MH 7.27% 2034,6309633,100,No,0,0,0,,
727MH36-SG,SDL MH 7.27% 2036,194311425,100,No,0,0,0,,
727MH39-SG,SDL MH 7.27% 2039,6337537,100,No,0,0,0,,
727MH44-SG,SDL MH 7.27% 2044,6338305,100,No,0,0,0,,
727ML32-SG,SDL ML 7.27% 2032,2195457,100,No,0,0,0,,
727MN36-SG,SDL MN 7.27% 2036,6395905,100,No,0,0,0,,
727MP45-SG,SDL MP 7.27% 2045,7677697,100,No,0,0,0,,
727MP48-SG,SDL MP 7.27% 2048,7678209,100,No,0,0,0,,
727MZ33-SG,SDL MZ 7.27% 2033,686849,100,No,0,0,0,,
727NL35-SG,SDL NL 7.27% 2035,7702529,100,No,0,0,0,,
727OR41-SG,SDL OR 7.27% 2041,7686145,100,No,0,0,0,,
727PFCL31-N0,,6511361,1,No,0,0,0,,
727PY33-SG,SDL PY 7.27% 2033,7699457,100,No,0,0,0,,
727RJ29-SG,SDL RJ 7.27% 2029,5640705,100,No,0,0,0,,
727RJ30-SG,SDL RJ 7.27% 2030,5648385,100,No,0,0,0,,
727RJ42-SG,SDL RJ 7.27% 2042,6397953,100,No,0,0,0,,
727SHFL27-N0,,193537537,1,No,0,0,0,,
727SK32-SG,SDL SK 7.27% 2032,2022401,100,No,0,0,0,,
727TCHFL28-N0,,193790465,1,No,0,0,0,,
727TN32-SG,SDL TN 7.27% 2032,6309377,100,No,0,0,0,,
727TN54-SG,SDL TN 7.27% 2054,6196225,100,No,0,0,0,,
727TS47-SG,SDL TS 7.27% 2047,7677953,100,No,0,0,0,,
727TS49-SG,SDL TS 7.27% 2049,7678465,100,No,0,0,0,,
727UP41-SG,SDL UP 7.27% 2041,7677185,100,No,0,0,0,,
72841ABH30-N0,,194527745,1,No,0,0,0,,
728AP36-SG,SDL AP 7.28% 2036,7682305,100,No,0,0,0,,
728CG34-SG,SDL CG 7.28% 2034,7680513,100,No,0,0,0,,
728GA37-SG,SDL GA 7.28% 2037,194360065,100,No,0,0,0,,
728GJ29-SG,SDL GJ 7.28% 2029,5430785,100,No,0,0,0,,
728HP47-SG,SDL HP 7.28% 2047,194004481,100,No,0,0,0,,
728IREDA35-N0,,7474177,1,No,0,0,0,,
728IRFC30-NG,,3002881,1,No,0,0,0,,
728IRFC40-N0,,7588097,1,No,0,0,0,,
728JH36-SG,SDL JH 7.28% 2036,688129,100,No,0,0,0,,
728JH37-SG,SDL JH 7.28% 2037,2140161,100,No,0,0,0,,
728JK30-SG,SDL JK 7.28% 2030,5541377,100,No,0,0,0,,
728JK54-SG,SDL JK 7.28% 2054,6196481,100,No,0,0,0,,
728KL30-SG,SDL KL 7.28% 2030,5608449,100,No,0,0,0,,
728MP45-SG,SDL MP 7.28% 2045,6338561,100,No,0,0,0,,
728NTPC30B-N9,,2749697,1,No,0,0,0,,
728OR49-SG,SDL OR 7.28% 2049,194400513,100,No,0,0,0,,
728PHFL28-N0,,194611201,1,No,0,0,0,,
728RECL40-N0,,7585025,1,No,0,0,0,,
728SK30-SG,SDL SK 7.28% 2030,5671681,100,No,0,0,0,,
728TFSIL28-N0,,194579969,1,No,0,0,0,,
728TS35-SG,SDL TS 7.28% 2035,2000641,100,No,0,0,0,,
728TS38-SG,SDL TS 7.28% 2038,6359809,100,No,0,0,0,,
728TS45-SG,SDL TS 7.28% 2045,6358017,100,No,0,0,0,,
728TS46-SG,SDL TS 7.28% 2046,6339073,100,No,0,0,0,,
728UP29-SG,SDL UP 7.28% 2029,5657089,100,No,0,0,0,,
728UP32-SG,SDL UP 7.28% 2032,2023681,100,No,0,0,0,,
728WB39-SG,SDL WB 7.28% 2039,7698945,100,No,0,0,0,,
72959ABC28-N0,,193898241,1,No,0,0,0,,
729AP30-SG,SDL AP 7.29% 2030,5540609,100,No,0,0,0,,
729AP34-SG,SDL AP 7.29% 2034,2286081,100,No,0,0,0,,
729BR30-SG,SDL BR 7.29% 2030,5540353,100,No,0,0,0,,
729CG30-SG,SDL CG 7.29% 2030,4259841,100,No,0,0,0,,
729GA29-SG,SDL GA 7.29% 2029,5687553,100,No,0,0,0,,
729GA29A-SG,SDL GA 7.29% 2029,5689345,100,No,0,0,0,,
729GJ32-SG,SDL GJ 7.29% 2032,2222849,100,No,0,0,0,,
729GR2033-GS,GOI LOAN  7.29% 2033,3833089,1,No,0,0,0,,
729HP31-SG,SDL HP 7.29% 2031,4260097,100,No,0,0,0,,
729HR29-SG,SDL HR 7.29% 2029,4152321,100,No,0,0,0,,
729HR37-SG,SDL HR 7.29% 2037,194360321,100,No,0,0,0,,
729IRFC26-NN,,3874305,1,No,0,0,0,,
729JK45-SG,SDL JK 7.29% 2045,6338817,100,No,0,0,0,,
729KA34-SG,SDL KA 7.29% 2034,2002689,100,No,0,0,0,,
729KA36-SG,SDL KA 7.29% 2036,656897,100,No,0,0,0,,
729KA37-SG,SDL KA 7.29% 2037,659201,100,No,0,0,0,,
729KA39-SG,SDL KA 7.29% 2039,679937,100,No,0,0,0,,
729KL49-SG,SDL KL 7.29% 2049,4119553,100,No,0,0,0,,
729KL51-SG,SDL KL 7.29% 2051,4263681,100,No,0,0,0,,
729MH35-SG,SDL MH 7.29% 2035,194633985,100,No,0,0,0,,
729MH50-SG,SDL MH 7.29% 2050,194260993,100,No,0,0,0,,
729ML29-SG,SDL ML 7.29% 2029,5635329,100,No,0,0,0,,
729MP30-SG,SDL MP 7.29% 2030,5626881,100,No,0,0,0,,
729MP35-SG,SDL MP 7.29% 2035,5619201,100,No,0,0,0,,
729MZ33-SG,SDL MZ 7.29% 2033,2021889,100,No,0,0,0,,
729NHAI26-NC,,3711745,1,No,0,0,0,,
729NHB31-N0,,7492609,1,No,0,0,0,,
729NL29-SG,SDL NL 7.29% 2029,5631489,100,No,0,0,0,,
729PN33-SG,SDL PN 7.29% 2033,194563073,100,No,0,0,0,,
729PY26-SG,SDL PY 7.29% 2026,5910529,100,No,0,0,0,,
729RJ32-SG,SDL RJ 7.29% 2032,2223105,100,No,0,0,0,,
729RJ34-SG,SDL RJ 7.29% 2034,6309889,100,No,0,0,0,,
729RJ37-SG,SDL RJ 7.29% 2037,194523649,100,No,0,0,0,,
729TN53-SG,SDL TN 7.29% 2053,4263937,100,No,0,0,0,,
729TN54-SG,SDL TN 7.29% 2054,6313985,100,No,0,0,0,,
729TR36-SG,SDL TR 7.29% 2036,688641,100,No,0,0,0,,
729TS40-SG,SDL TS 7.29% 2040,6340097,100,No,0,0,0,,
729TS42-SG,SDL TS 7.29% 2042,6338049,100,No,0,0,0,,
729UK29-SG,SDL UK 7.29% 2029,5675777,100,No,0,0,0,,
729UP29-SG,SDL UP 7.29% 2029,5657345,100,No,0,0,0,,
729WB29-SG,SDL WB 7.29% 2029,5671169,100,No,0,0,0,,
729WB38-SG,SDL WB 7.29% 2038,7698689,100,No,0,0,0,,
72AP30-SG,SDL AP 7.2% 2030,5266945,100,No,0,0,0,,
72AP36-SG,SDL AP 7.2% 2036,7660289,100,No,0,0,0,,
72AS29-SG,SDL AS 7.2% 2029,5365761,100,No,0,0,0,,
72AS40-SG,SDL AS 7.2% 2040,7662337,100,No,0,0,0,,
72AS45-SG,SDL AS 7.2% 2045,7664385,100,No,0,0,0,,
72CG34-SG,SDL CG 7.2% 2034,7658753,100,No,0,0,0,,
72GA31-SG,SDL GA 7.2% 2031,610817,100,No,0,0,0,,
72HP35-SG,SDL HP 7.2% 2035,5336065,100,No,0,0,0,,
72JH35-SG,SDL JH 7.2% 2035,612097,100,No,0,0,0,,
72JK29-SG,SDL JK 7.2% 2029,5199873,100,No,0,0,0,,
72JK47-SG,SDL JK 7.2% 2047,7457537,100,No,0,0,0,,
72KA31-SG,SDL KA 7.2% 2031,5124353,100,No,0,0,0,,
72KA37-SG,SDL KA 7.2% 2037,7661313,100,No,0,0,0,,
72KL42-SG,SDL KL 7.2% 2042,7663873,100,No,0,0,0,,
72KL56-SG,SDL KL 7.2% 2056,1254145,100,No,0,0,0,,
72MH28-SG,SDL MH 7.2% 2028,4088577,100,No,0,0,0,,
72MH34-SG,SDL MH 7.2% 2034,194577409,100,No,0,0,0,,
72MH36-SG,SDL MH 7.2% 2036,194256641,100,No,0,0,0,,
72ML29-SG,SDL ML 7.2% 2029,5634817,100,No,0,0,0,,
72MN40-SG,SDL MN 7.2% 2040,7662849,100,No,0,0,0,,
72MP33-SG,SDL MP 7.2% 2033,194576897,100,No,0,0,0,,
72MZ29-SG,SDL MZ 7.2% 2029,5636609,100,No,0,0,0,,
72MZ31-SG,SDL MZ 7.2% 2031,6372609,100,No,0,0,0,,
72NL29-SG,SDL NL 7.2% 2029,5630977,100,No,0,0,0,,
72OR32-SG,SDL OR 7.2% 2032,7678977,100,No,0,0,0,,
72OR45-SG,SDL OR 7.2% 2045,7664641,100,No,0,0,0,,
72RJ42-SG,SDL RJ 7.2% 2042,7664129,100,No,0,0,0,,
72RJ46-SG,SDL RJ 7.2% 2046,661505,100,No,0,0,0,,
72SK35-SG,SDL SK 7.2% 2035,7659777,100,No,0,0,0,,
72TN31-SG,SDL TN 7.2% 2031,5663745,100,No,0,0,0,,
72TN35-SG,SDL TN 7.2% 2035,194577665,100,No,0,0,0,,
72TN36-SG,SDL TN 7.2% 2036,194523393,100,No,0,0,0,,
72TN55-SG,SDL TN 7.2% 2055,7664897,100,No,0,0,0,,
72TS51-SG,SDL TS 7.2% 2051,680705,100,No,0,0,0,,
72UP31-SG,SDL UP 7.2% 2031,611073,100,No,0,0,0,,
72UP40-SG,SDL UP 7.2% 2040,7663617,100,No,0,0,0,,
72WB30-SG,SDL WB 7.2% 2030,5668353,100,No,0,0,0,,
73064ABH28-N0,,193732865,1,No,0,0,0,,
730AS29-SG,SDL AS 7.30% 2029,5430529,100,No,0,0,0,,
730BTL27-N0,,194539521,1,No,0,0,0,,
730JK29-SG,SDL JK 7.30% 2029,5542657,100,No,0,0,0,,
730KA32-SG,SDL KA 7.30% 2032,2083073,100,No,0,0,0,,
730KL52-SG,SDL KL 7.30% 2052,6313729,100,No,0,0,0,,
730MH38-SG,SDL MH 7.30% 2038,6310657,100,No,0,0,0,,
730MH39-SG,SDL MH 7.30% 2039,6311169,100,No,0,0,0,,
730NIIF28-N0,,193937153,1,No,0,0,0,,
730PFCL34-N0,,6431489,1,No,0,0,0,,
730PN31-SG,SDL PN 7.30% 2031,5604865,100,No,0,0,0,,
730SICC28-N0,,193927937,1,No,0,0,0,,
730SICC28A-N0,,193944321,1,No,0,0,0,,
730SIHF28-N0,,194427393,1,No,0,0,0,,
730WB29-SG,SDL WB 7.30% 2029,5670913,100,No,0,0,0,,
731AP42-SG,SDL AP 7.31% 2042,2141697,100,No,0,0,0,,
731AP44-SG,SDL AP 7.31% 2044,6195713,100,No,0,0,0,,
731BR45-SG,SDL BR 7.31% 2045,194383105,100,No,0,0,0,,
731JK45-SG,SDL JK 7.31% 2045,194383361,100,No,0,0,0,,
731KA35-SG,SDL KA 7.31% 2035,2000897,100,No,0,0,0,,
731KL32-SG,SDL KL 7.31% 2032,2223617,100,No,0,0,0,,
731KL40-SG,SDL KL 7.31% 2040,6337793,100,No,0,0,0,,
731MN37-SG,SDL MN 7.31% 2037,194564353,100,No,0,0,0,,
731MZ41-SG,SDL MZ 7.31% 2041,194403841,100,No,0,0,0,,
731PY35-SG,SDL PY 7.31% 2035,2002433,100,No,0,0,0,,
731RECL39-N0,,6394625,1,No,0,0,0,,
731SDIL40-N0,,193761281,1,No,0,0,0,,
731TN34-SG,SDL TN 7.31% 2034,194286081,100,No,0,0,0,,
731TN54-SG,SDL TN 7.31% 2054,6252545,100,No,0,0,0,,
731TS42-SG,SDL TS 7.31% 2042,6193153,100,No,0,0,0,,
731TS50-SG,SDL TS 7.31% 2050,6313473,100,No,0,0,0,,
731TS60-SG,SDL TS 7.31% 2060,5684737,100,No,0,0,0,,
731WB34-SG,SDL WB 7.31% 2034,5668097,100,No,0,0,0,,
732AP43-SG,SDL AP 7.32% 2043,4039681,100,No,0,0,0,,
732AS32-SG,SDL AS 7.32% 2032,2083329,100,No,0,0,0,,
732CG37-SG,SDL CG 7.32% 2037,7682817,100,No,0,0,0,,
732GS2030-GS,GOI LOAN  7.32% 2030,5154817,1,No,0,0,0,,
732HR33-SG,SDL HR 7.32% 2033,4261889,100,No,0,0,0,,
732HR36-SG,SDL HR 7.32% 2036,6251521,100,No,0,0,0,,
732HR36A-SG,SDL HR 7.32% 2036,6268929,100,No,0,0,0,,
732IREDA29-N0,,6653185,1,No,0,0,0,,
732KA33-SG,SDL KA 7.32% 2033,194689537,100,No,0,0,0,,
732KA34-SG,SDL KA 7.32% 2034,2049537,100,No,0,0,0,,
732KL41-SG,SDL KL 7.32% 2041,6192897,100,No,0,0,0,,
732KL53-SG,SDL KL 7.32% 2053,4197889,100,No,0,0,0,,
732MH32-SG,SDL MH 7.32% 2032,4154113,100,No,0,0,0,,
732MPL30-N0,,194535681,1,No,0,0,0,,
732PFCL39-N0,,6374145,1,No,0,0,0,,
732RJ34-SG,SDL RJ 7.32% 2034,6252033,100,No,0,0,0,,
732RJ35-SG,SDL RJ 7.32% 2035,194311169,100,No,0,0,0,,
732RL35-N0,,7730689,1,No,0,0,0,,
732TN33-SG,SDL TN 7.32% 2033,4103425,100,No,0,0,0,,
732TN53-SG,SDL TN 7.32% 2053,4166145,100,No,0,0,0,,
732TS36-SG,SDL TS 7.32% 2036,6268673,100,No,0,0,0,,
732TS48-SG,SDL TS 7.32% 2048,4040449,100,No,0,0,0,,
732TS49-SG,SDL TS 7.32% 2049,4197633,100,No,0,0,0,,
732WB38-SG,SDL WB 7.32% 2038,7683329,100,No,0,0,0,,
733AP33-SG,SDL AP 7.33% 2033,4261633,100,No,0,0,0,,
733AP39-SG,SDL AP 7.33% 2039,6310913,100,No,0,0,0,,
733AP40-SG,SDL AP 7.33% 2040,6269697,100,No,0,0,0,,
733AP42-SG,SDL AP 7.33% 2042,4263169,100,No,0,0,0,,
733AP43-SG,SDL AP 7.33% 2043,4263425,100,No,0,0,0,,
733AP43A-SG,SDL AP 7.33% 2043,6270209,100,No,0,0,0,,
733AS32-SG,SDL AS 7.33% 2032,2224129,100,No,0,0,0,,
733GA39-SG,SDL GA 7.33% 2039,6251265,100,No,0,0,0,,
733GS2026-GS,GOI LOAN  7.33% 2026,5039361,1,No,0,0,0,,
733HR36-SG,SDL HR 7.33% 2036,6190849,100,No,0,0,0,,
733JH34-SG,SDL JH 7.33% 2034,194350849,100,No,0,0,0,,
733JK51-SG,SDL JK 7.33% 2051,6170881,100,No,0,0,0,,
733KA37-SG,SDL KA 7.33% 2037,2011649,100,No,0,0,0,,
733KA40-SG,SDL KA 7.33% 2040,2011905,100,No,0,0,0,,
733KL54-SG,SDL KL 7.33% 2054,6290177,100,No,0,0,0,,
733MH31-SG,SDL MH 7.33% 2031,4153345,100,No,0,0,0,,
733MH44-SG,SDL MH 7.33% 2044,6312193,100,No,0,0,0,,
733MP42-SG,SDL MP 7.33% 2042,2012417,100,No,0,0,0,,
733NL33-SG,SDL NL 7.33% 2033,4104961,100,No,0,0,0,,
733RJ43-SG,SDL RJ 7.33% 2043,6194689,100,No,0,0,0,,
733RJ44-SG,SDL RJ 7.33% 2044,6195969,100,No,0,0,0,,
733TN32-SG,SDL TN 7.33% 2032,6287873,100,No,0,0,0,,
733TN33-SG,SDL TN 7.33% 2033,4031745,100,No,0,0,0,,
733TN52-SG,SDL TN 7.33% 2052,2049793,100,No,0,0,0,,
733TN52A-SG,SDL TN 7.33% 2052,2142977,100,No,0,0,0,,
733TN54-SG,SDL TN 7.33% 2054,5661441,100,No,0,0,0,,
733TN57-SG,SDL TN 7.33% 2057,2143233,100,No,0,0,0,,
733TS40-SG,SDL TS 7.33% 2040,6269441,100,No,0,0,0,,
733TS42-SG,SDL TS 7.33% 2042,6289921,100,No,0,0,0,,
733TS60-SG,SDL TS 7.33% 2060,194153217,100,No,0,0,0,,
733UP33-SG,SDL UP 7.33% 2033,4108545,100,No,0,0,0,,
734AP29-SG,SDL AP 7.34% 2029,3961601,100,No,0,0,0,,
734AP35-SG,SDL AP 7.34% 2035,6190593,100,No,0,0,0,,
734AP40-SG,SDL AP 7.34% 2040,2286593,100,No,0,0,0,,
734AP44-SG,SDL AP 7.34% 2044,6311937,100,No,0,0,0,,
734AP48-SG,SDL AP 7.34% 2048,6114049,100,No,0,0,0,,
734AP49-SG,SDL AP 7.34% 2049,6114305,100,No,0,0,0,,
734AP49A-SG,SDL AP 7.34% 2049,6312961,100,No,0,0,0,,
734AS33-SG,SDL AS 7.34% 2033,4100865,100,No,0,0,0,,
734AS33A-SG,SDL AS 7.34% 2033,4261121,100,No,0,0,0,,
734AS35-SG,SDL AS 7.34% 2035,7681025,100,No,0,0,0,,
734CG40-SG,SDL CG 7.34% 2040,194257153,100,No,0,0,0,,
734GA32-SG,SDL GA 7.34% 2032,2225153,100,No,0,0,0,,
734GA35-SG,SDL GA 7.34% 2035,194647041,100,No,0,0,0,,
734GS2064-GS,GOI LOAN  7.34% 2064,6030849,1,No,0,0,0,,
734HR31-SG,SDL HR 7.34% 2031,4296705,100,No,0,0,0,,
734HR36-SG,SDL HR 7.34% 2036,6310401,100,No,0,0,0,,
734IRFC28-N4,,7506689,1,No,0,0,0,,
734JK54-SG,SDL JK 7.34% 2054,6113793,100,No,0,0,0,,
734KL55-SG,SDL KL 7.34% 2055,6112257,100,No,0,0,0,,
734MH31-SG,SDL MH 7.34% 2031,4296193,100,No,0,0,0,,
734MN32-SG,SDL MN 7.34% 2032,2083841,100,No,0,0,0,,
734MN32A-SG,SDL MN 7.34% 2032,2225921,100,No,0,0,0,,
734NL32-SG,SDL NL 7.34% 2032,2226689,100,No,0,0,0,,
734NRL35-N0,,194322177,1,No,0,0,0,,
734PN32-SG,SDL PN 7.34% 2032,6314497,100,No,0,0,0,,
734PN35-SG,SDL PN 7.34% 2035,6310145,100,No,0,0,0,,
734RJ33-SG,SDL RJ 7.34% 2033,4111873,100,No,0,0,0,,
734RJ33A-SG,SDL RJ 7.34% 2033,4261377,100,No,0,0,0,,
734RJ34-SG,SDL RJ 7.34% 2034,6190337,100,No,0,0,0,,
734RJ45-SG,SDL RJ 7.34% 2045,6113537,100,No,0,0,0,,
734RJ45A-SG,SDL RJ 7.34% 2045,6312449,100,No,0,0,0,,
734RL30-N0,,6927105,1,No,0,0,0,,
734SIDBI29-N0,,6551297,1,No,0,0,0,,
734TN29-SG,SDL TN 7.34% 2029,6110465,100,No,0,0,0,,
734TN34-SG,SDL TN 7.34% 2034,6288129,100,No,0,0,0,,
734TN34A-SG,SDL TN 7.34% 2034,194690049,100,No,0,0,0,,
734TN43-SG,SDL TN 7.34% 2043,4336385,100,No,0,0,0,,
734TR36-SG,SDL TR 7.34% 2036,612865,100,No,0,0,0,,
734TS34-SG,SDL TS 7.34% 2034,2015745,100,No,0,0,0,,
734TS35-SG,SDL TS 7.34% 2035,2174721,100,No,0,0,0,,
734TS37-SG,SDL TS 7.34% 2037,6288897,100,No,0,0,0,,
734TS38-SG,SDL TS 7.34% 2038,194564609,100,No,0,0,0,,
734TS44-SG,SDL TS 7.34% 2044,4435969,100,No,0,0,0,,
734TS46-SG,SDL TS 7.34% 2046,4436225,100,No,0,0,0,,
734UCL28-N0,,7689985,1,No,0,0,0,,
734UCL30-N0,,7688705,1,No,0,0,0,,
734UK32-SG,SDL UK 7.34% 2032,2224385,100,No,0,0,0,,
734UP32-SG,SDL UP 7.34% 2032,2225409,100,No,0,0,0,,
734WB39-SG,SDL WB 7.34% 2039,6191361,100,No,0,0,0,,
734WB42-SG,SDL WB 7.34% 2042,6194433,100,No,0,0,0,,
735AP36-SG,SDL AP 7.35% 2036,194584321,100,No,0,0,0,,
735AP39-SG,SDL AP 7.35% 2039,4034305,100,No,0,0,0,,
735AP40-SG,SDL AP 7.35% 2040,4335361,100,No,0,0,0,,
735AS39-SG,SDL AS 7.35% 2039,6289153,100,No,0,0,0,,
735BTL27-N0,,194373377,1,No,0,0,0,,
735CG30-SG,SDL CG 7.35% 2030,5673473,100,No,0,0,0,,
735EXIM28-N0,,7491585,1,No,0,0,0,,
735GJ26-SG,SDL GJ 7.35% 2026,3746305,100,No,0,0,0,,
735HP34-SG,SDL HP 7.35% 2034,6268417,100,No,0,0,0,,
735HR33-SG,SDL HR 7.35% 2033,4112385,100,No,0,0,0,,
735HR39-SG,SDL HR 7.35% 2039,194360577,100,No,0,0,0,,
735IRFC31-NM,,3868673,1,No,0,0,0,,
735JH38-SG,SDL JH 7.35% 2038,2175489,100,No,0,0,0,,
735JK40-SG,SDL JK 7.35% 2040,194152705,100,No,0,0,0,,
735JK46-SG,SDL JK 7.35% 2046,6312705,100,No,0,0,0,,
735JK49-SG,SDL JK 7.35% 2049,6156801,100,No,0,0,0,,
735JK51-SG,SDL JK 7.35% 2051,6269953,100,No,0,0,0,,
735KA36-SG,SDL KA 7.35% 2036,2015233,100,No,0,0,0,,
735KA39-SG,SDL KA 7.35% 2039,614401,100,No,0,0,0,,
735KA40-SG,SDL KA 7.35% 2040,615425,100,No,0,0,0,,
735MH32-SG,SDL MH 7.35% 2032,4296961,100,No,0,0,0,,
735MP29-SG,SDL MP 7.35% 2029,5627393,100,No,0,0,0,,
735MZ37-SG,SDL MZ 7.35% 2037,6269185,100,No,0,0,0,,
735NABAR31-N1,,5128193,1,No,0,0,0,,
735NHAI31-N9,,3060225,1,No,0,0,0,,
735NHB32-N0,,7668225,1,No,0,0,0,,
735PFCL35-N1,,5112833,1,No,0,0,0,,
735PGCIL34-N1,,5903617,1,No,0,0,0,,
735PY27-SG,SDL PY 7.35% 2027,5821697,100,No,0,0,0,,
735PY30-SG,SDL PY 7.35% 2030,5639169,100,No,0,0,0,,
735PY33-SG,SDL PY 7.35% 2033,2139649,100,No,0,0,0,,
735RECL34-NS,,6163201,1,No,0,0,0,,
735RJ43-SG,SDL RJ 7.35% 2043,4191745,100,No,0,0,0,,
735RJ49-SG,SDL RJ 7.35% 2049,6313217,100,No,0,0,0,,
735SFL27-N0,,193538049,1,No,0,0,0,,
735SK32-SG,SDL SK 7.35% 2032,2226945,100,No,0,0,0,,
735TCHFL35-N0,,194360833,1,No,0,0,0,,
735TN33-SG,SDL TN 7.35% 2033,4299777,100,No,0,0,0,,
735TN33A-SG,SDL TN 7.35% 2033,4434689,100,No,0,0,0,,
735TN34-SG,SDL TN 7.35% 2034,6228993,100,No,0,0,0,,
735TN43-SG,SDL TN 7.35% 2043,4304385,100,No,0,0,0,,
735TS30-SG,SDL TS 7.35% 2030,5685249,100,No,0,0,0,,
735TS36-SG,SDL TS 7.35% 2036,6170113,100,No,0,0,0,,
735TS38-SG,SDL TS 7.35% 2038,6170625,100,No,0,0,0,,
735TS40-SG,SDL TS 7.35% 2040,6289409,100,No,0,0,0,,
735TS45-SG,SDL TS 7.35% 2045,4304641,100,No,0,0,0,,
735UK30-SG,SDL UK 7.35% 2030,5683713,100,No,0,0,0,,
735UP34-SG,SDL UP 7.35% 2034,2227713,100,No,0,0,0,,
735UP39-SG,SDL UP 7.35% 2039,194362881,100,No,0,0,0,,
735WB30-SG,SDL WB 7.35% 2030,5677313,100,No,0,0,0,,
735WB40-SG,SDL WB 7.35% 2040,6311425,100,No,0,0,0,,
735WB43-SG,SDL WB 7.35% 2043,6311681,100,No,0,0,0,,
736AP34-SG,SDL AP 7.36% 2034,4112897,100,No,0,0,0,,
736AP37-SG,SDL AP 7.36% 2037,4262145,100,No,0,0,0,,
736AP38-SG,SDL AP 7.36% 2038,4302849,100,No,0,0,0,,
736AP38A-SG,SDL AP 7.36% 2038,4435201,100,No,0,0,0,,
736AP41-SG,SDL AP 7.36% 2041,6230529,100,No,0,0,0,,
736AP45-SG,SDL AP 7.36% 2045,6231041,100,No,0,0,0,,
736AP48-SG,SDL AP 7.36% 2048,6231809,100,No,0,0,0,,
736CIFL28-N0,,194587137,1,No,0,0,0,,
736GA33-SG,SDL GA 7.36% 2033,4300033,100,No,0,0,0,,
736GA34-SG,SDL GA 7.36% 2034,6288385,100,No,0,0,0,,
736GS2052-GS,GOI LOAN  7.36% 2052,2798337,1,No,0,0,0,,
736HR33-SG,SDL HR 7.36% 2033,4189185,100,No,0,0,0,,
736HR33A-SG,SDL HR 7.36% 2033,4301057,100,No,0,0,0,,
736HR34-SG,SDL HR 7.36% 2034,6169857,100,No,0,0,0,,
736IOCL29-N0,,6267905,1,No,0,0,0,,
736IRED39-N0,,6451457,1,No,0,0,0,,
736JK35-SG,SDL JK 7.36% 2035,4333825,100,No,0,0,0,,
736JK46-SG,SDL JK 7.36% 2046,6231297,100,No,0,0,0,,
736JK49-SG,SDL JK 7.36% 2049,5914113,100,No,0,0,0,,
736KA34-SG,SDL KA 7.36% 2034,5909249,100,No,0,0,0,,
736KA39-SG,SDL KA 7.36% 2039,2024961,100,No,0,0,0,,
736KL36-SG,SDL KL 7.36% 2036,6111745,100,No,0,0,0,,
736KL38-SG,SDL KL 7.36% 2038,4435713,100,No,0,0,0,,
736KL41-SG,SDL KL 7.36% 2041,4469505,100,No,0,0,0,,
736KL54-SG,SDL KL 7.36% 2054,5914625,100,No,0,0,0,,
736MH28-SG,SDL MH 7.36% 2028,3842305,100,No,0,0,0,,
736ML32-SG,SDL ML 7.36% 2032,4169985,100,No,0,0,0,,
736MP33-SG,SDL MP 7.36% 2033,4154625,100,No,0,0,0,,
736MZ38-SG,SDL MZ 7.36% 2038,4335105,100,No,0,0,0,,
736MZ38A-SG,SDL MZ 7.36% 2038,4435457,100,No,0,0,0,,
736MZ39-SG,SDL MZ 7.36% 2039,6191617,100,No,0,0,0,,
736NBFID44-N0,,6357505,1,No,0,0,0,,
736PFCL28-N2,,5113345,1,No,0,0,0,,
736RJ33-SG,SDL RJ 7.36% 2033,4184577,100,No,0,0,0,,
736RJ34-SG,SDL RJ 7.36% 2034,6288641,100,No,0,0,0,,
736RJ37-SG,SDL RJ 7.36% 2037,6112513,100,No,0,0,0,,
736RJ41-SG,SDL RJ 7.36% 2041,4469761,100,No,0,0,0,,
736RJ46-SG,SDL RJ 7.36% 2046,6252289,100,No,0,0,0,,
736SBI39-N0,,6260481,1,No,0,0,0,,
736SBOI39-N0,,6216193,1,No,0,0,0,,
736TN43-SG,SDL TN 7.36% 2043,4470529,100,No,0,0,0,,
736TN54-SG,SDL TN 7.36% 2054,5914881,100,No,0,0,0,,
736TS36-SG,SDL TS 7.36% 2036,2227969,100,No,0,0,0,,
736TS37-SG,SDL TS 7.36% 2037,6230273,100,No,0,0,0,,
736TS41-SG,SDL TS 7.36% 2041,4303105,100,No,0,0,0,,
736TS50-SG,SDL TS 7.36% 2050,5914369,100,No,0,0,0,,
736UK26-SG,SDL UK 7.36% 2026,5975041,100,No,0,0,0,,
736UP36-SG,SDL UP 7.36% 2036,194584577,100,No,0,0,0,,
736WB32-SG,SDL WB 7.36% 2032,2227457,100,No,0,0,0,,
736WB40-SG,SDL WB 7.36% 2040,6289665,100,No,0,0,0,,
736WB41-SG,SDL WB 7.36% 2041,4470017,100,No,0,0,0,,
736WB43-SG,SDL WB 7.36% 2043,4193025,100,No,0,0,0,,
737AP33-SG,SDL AP 7.37% 2033,4170241,100,No,0,0,0,,
737AP33A-SG,SDL AP 7.37% 2033,6228481,100,No,0,0,0,,
737AP34-SG,SDL AP 7.37% 2034,194628097,100,No,0,0,0,,
737AP36-SG,SDL AP 7.37% 2036,6229761,100,No,0,0,0,,
737AP38-SG,SDL AP 7.37% 2038,2079233,100,No,0,0,0,,
737AP42-SG,SDL AP 7.37% 2042,2079489,100,No,0,0,0,,
737AP43-SG,SDL AP 7.37% 2043,3987969,100,No,0,0,0,,
737AS33-SG,SDL AS 7.37% 2033,4032001,100,No,0,0,0,,
737AS34-SG,SDL AS 7.37% 2034,6110977,100,No,0,0,0,,
737BR30-SG,SDL BR 7.37% 2030,4434433,100,No,0,0,0,,
737CG33-SG,SDL CG 7.37% 2033,194646529,100,No,0,0,0,,
737GA36-SG,SDL GA 7.37% 2036,194385921,100,No,0,0,0,,
737GR2054-GS,GOI LOAN   7.37% 2054,5564161,1,No,0,0,0,,
737GS2028-GS,GOI LOAN  7.37% 2028,5008897,1,No,0,0,0,,
737IREDA31-N0,,6969857,1,No,0,0,0,,
737IRFC29-N0,,6316033,1,No,0,0,0,,
737JH31-SG,SDL JH 7.37% 2031,5682433,100,No,0,0,0,,
737JK35-SG,SDL JK 7.37% 2035,4113665,100,No,0,0,0,,
737JK38-SG,SDL JK 7.37% 2038,4262401,100,No,0,0,0,,
737KA37-SG,SDL KA 7.37% 2037,5911297,100,No,0,0,0,,
737KA38-SG,SDL KA 7.37% 2038,2024449,100,No,0,0,0,,
737KA38A-SG,SDL KA 7.37% 2038,5911553,100,No,0,0,0,,
737MZ39-SG,SDL MZ 7.37% 2039,6112769,100,No,0,0,0,,
737NBRD35-N0,,7666433,1,No,0,0,0,,
737NL33-SG,SDL NL 7.37% 2033,4156161,100,No,0,0,0,,
737NL33A-SG,SDL NL 7.37% 2033,4301313,100,No,0,0,0,,
737NTPC35C-NA,,2750465,1,No,0,0,0,,
737PN36-SG,SDL PN 7.37% 2036,6112001,100,No,0,0,0,,
737PN38-SG,SDL PN 7.37% 2038,4189953,100,No,0,0,0,,
737PN42-SG,SDL PN 7.37% 2042,2231809,100,No,0,0,0,,
737RJ34-SG,SDL RJ 7.37% 2034,2195969,100,No,0,0,0,,
737RJ34A-SG,SDL RJ 7.37% 2034,5908993,100,No,0,0,0,,
737RJ34B-SG,SDL RJ 7.37% 2034,6111233,100,No,0,0,0,,
737RJ39-SG,SDL RJ 7.37% 2039,6113025,100,No,0,0,0,,
737RJ45-SG,SDL RJ 7.37% 2045,5913857,100,No,0,0,0,,
737SK33-SG,SDL SK 7.37% 2033,4157185,100,No,0,0,0,,
737TS36-SG,SDL TS 7.37% 2036,2078977,100,No,0,0,0,,
737TS41-SG,SDL TS 7.37% 2041,5912577,100,No,0,0,0,,
737TS42-SG,SDL TS 7.37% 2042,6230785,100,No,0,0,0,,
737WB40-SG,SDL WB 7.37% 2040,6113281,100,No,0,0,0,,
738ABCL28-N0,,193829889,1,No,0,0,0,,
738AP35-SG,SDL AP 7.38% 2035,4158465,100,No,0,0,0,,
738AP40-SG,SDL AP 7.38% 2040,3986433,100,No,0,0,0,,
738AP44-SG,SDL AP 7.38% 2044,6097409,100,No,0,0,0,,
738AP49-SG,SDL AP 7.38% 2049,6144513,100,No,0,0,0,,
738CG32-SG,SDL CG 7.38% 2032,5907969,100,No,0,0,0,,
738CG34-SG,SDL CG 7.38% 2034,5908481,100,No,0,0,0,,
738CIFL27-N0,,193879809,1,No,0,0,0,,
738GA33-SG,SDL GA 7.38% 2033,4434945,100,No,0,0,0,,
738GJ30-SG,SDL GJ 7.38% 2030,3906561,100,No,0,0,0,,
738GJ30A-SG,SDL GJ 7.38% 2030,4345089,100,No,0,0,0,,
738GS2027-GS,GOI LOAN 7.38% 2027,2537729,1,No,0,0,0,,
738HR34-SG,SDL HR 7.38% 2034,6158337,100,No,0,0,0,,
738HR35-SG,SDL HR 7.38% 2035,5910273,100,No,0,0,0,,
738HR41-SG,SDL HR 7.38% 2041,194363393,100,No,0,0,0,,
738JK49-SG,SDL JK 7.38% 2049,6251777,100,No,0,0,0,,
738JK51-SG,SDL JK 7.38% 2051,6095873,100,No,0,0,0,,
738KL44-SG,SDL KL 7.38% 2044,5913345,100,No,0,0,0,,
738KL55-SG,SDL KL 7.38% 2055,6144769,100,No,0,0,0,,
738PFC32-N0,,7608577,1,No,0,0,0,,
738PGCIL34-N0,,6287361,1,No,0,0,0,,
738PN33-SG,SDL PN 7.38% 2033,6228737,100,No,0,0,0,,
738PN34-SG,SDL PN 7.38% 2034,6229249,100,No,0,0,0,,
738PY38-SG,SDL PY 7.38% 2038,5911809,100,No,0,0,0,,
738PY38A-SG,SDL PY 7.38% 2038,6156289,100,No,0,0,0,,
738REC27TF-N2,,7452417,1,No,0,0,0,,
738RJ33-SG,SDL RJ 7.38% 2033,6169089,100,No,0,0,0,,
738TFSIL28-N0,,194235905,1,No,0,0,0,,
738TN33-SG,SDL TN 7.38% 2033,6110721,100,No,0,0,0,,
738TN34-SG,SDL TN 7.38% 2034,6111489,100,No,0,0,0,,
738TN54-SG,SDL TN 7.38% 2054,5888001,100,No,0,0,0,,
738TS43-SG,SDL TS 7.38% 2043,5884929,100,No,0,0,0,,
738TS49-SG,SDL TS 7.38% 2049,5887745,100,No,0,0,0,,
738UP34-SG,SDL UP 7.38% 2034,5910017,100,No,0,0,0,,
738UP36-SG,SDL UP 7.38% 2036,5910785,100,No,0,0,0,,
739AP29-SG,SDL AP 7.39% 2029,5786625,100,No,0,0,0,,
739AP30-SG,SDL AP 7.39% 2030,5995777,100,No,0,0,0,,
739AP33-SG,SDL AP 7.39% 2033,3974657,100,No,0,0,0,,
739AP35-SG,SDL AP 7.39% 2035,4302337,100,No,0,0,0,,
739BR39-SG,SDL BR 7.39% 2039,5912321,100,No,0,0,0,,
739CG33-SG,SDL CG 7.39% 2033,5908225,100,No,0,0,0,,
739GA35-SG,SDL GA 7.39% 2035,194351105,100,No,0,0,0,,
739HP34-SG,SDL HP 7.39% 2034,5908737,100,No,0,0,0,,
739HR29-SG,SDL HR 7.39% 2029,3905537,100,No,0,0,0,,
739HR31-SG,SDL HR 7.39% 2031,3968001,100,No,0,0,0,,
739IREDA39-N0,,6292481,1,No,0,0,0,,
739IRFC34-N0,,6265345,1,No,0,0,0,,
739JK37-SG,SDL JK 7.39% 2037,2174977,100,No,0,0,0,,
739JK37A-SG,SDL JK 7.39% 2037,194403329,100,No,0,0,0,,
739KL34-SG,SDL KL 7.39% 2034,5909761,100,No,0,0,0,,
739KL52-SG,SDL KL 7.39% 2052,4351489,100,No,0,0,0,,
739ML26-SG,SDL ML 7.39% 2026,3145985,100,No,0,0,0,,
739ML34-SG,SDL ML 7.39% 2034,6229505,100,No,0,0,0,,
739MN35-SG,SDL MN 7.39% 2035,4160001,100,No,0,0,0,,
739MN36-SG,SDL MN 7.39% 2036,6230017,100,No,0,0,0,,
739NHAI31A-ND,,3717633,1,No,0,0,0,,
739PN33-SG,SDL PN 7.39% 2033,6169345,100,No,0,0,0,,
739RJ48-SG,SDL RJ 7.39% 2048,4350721,100,No,0,0,0,,
739SIDBI30-N0,,7748353,1,No,0,0,0,,
739TN32-SG,SDL TN 7.39% 2032,6157825,100,No,0,0,0,,
739TN33-SG,SDL TN 7.39% 2033,3968769,100,No,0,0,0,,
739TN33A-SG,SDL TN 7.39% 2033,4333569,100,No,0,0,0,,
739TN33B-SG,SDL TN 7.39% 2033,4468225,100,No,0,0,0,,
739TN42-SG,SDL TN 7.39% 2042,2232065,100,No,0,0,0,,
739TN52-SG,SDL TN 7.39% 2052,2176513,100,No,0,0,0,,
739TN53-SG,SDL TN 7.39% 2053,4352769,100,No,0,0,0,,
739TPL28-N0,,194593537,1,No,0,0,0,,
739TS39-SG,SDL TS 7.39% 2039,4262913,100,No,0,0,0,,
739TS51-SG,SDL TS 7.39% 2051,4351233,100,No,0,0,0,,
739TS59-SG,SDL TS 7.39% 2059,5683969,100,No,0,0,0,,
739UK30-SG,SDL UK 7.39% 2030,6157057,100,No,0,0,0,,
739UP37-SG,SDL UP 7.39% 2037,2228481,100,No,0,0,0,,
739WB42-SG,SDL WB 7.39% 2042,5913089,100,No,0,0,0,,
739WB44-SG,SDL WB 7.39% 2044,5913601,100,No,0,0,0,,
73AP37-SG,SDL AP 7.3% 2037,194456065,100,No,0,0,0,,
73AP38-SG,SDL AP 7.3% 2038,4114177,100,No,0,0,0,,
73AS39-SG,SDL AS 7.3% 2039,6339841,100,No,0,0,0,,
73BOB34-N0,,6393601,1,No,0,0,0,,
73GS2053-GS,GOI LOAN  7.3% 2053,4317441,1,No,0,0,0,,
73HP30-SG,SDL HP 7.3% 2030,5389057,100,No,0,0,0,,
73OR39-SG,SDL OR 7.3% 2039,7685121,100,No,0,0,0,,
73PN34-SG,SDL PN 7.3% 2034,5559553,100,No,0,0,0,,
73RJ30-SG,SDL RJ 7.3% 2030,5648897,100,No,0,0,0,,
73RJ51-SG,SDL RJ 7.3% 2051,194257665,100,No,0,0,0,,
73TACA30-N0,,194518529,1,No,0,0,0,,
73TFSIL29-N0,,194660609,1,No,0,0,0,,
73TN32-SG,SDL TN 7.3% 2032,2223361,100,No,0,0,0,,
73TS51-SG,SDL TS 7.3% 2051,194400769,100,No,0,0,0,,
73UK32-SG,SDL UK 7.3% 2032,194385665,100,No,0,0,0,,
73UP30-SG,SDL UP 7.3% 2030,5655297,100,No,0,0,0,,
73WB39-SG,SDL WB 7.3% 2039,7685633,100,No,0,0,0,,
740BTL29-N0,,194540033,1,No,0,0,0,,
740EXIM29-N1,,5900801,1,No,0,0,0,,
740IIFCL33-N1,,5133313,1,No,0,0,0,,
740IREDA36-N0,,7665153,1,No,0,0,0,,
740SIHF28-N0,,193799425,1,No,0,0,0,,
741AP30-SG,SDL AP 7.41% 2030,3907073,100,No,0,0,0,,
741AP47-SG,SDL AP 7.41% 2047,6082305,100,No,0,0,0,,
741AR34-SG,SDL AR 7.41% 2034,5909505,100,No,0,0,0,,
741BOI34-N0,,6983169,1,No,0,0,0,,
741GA33-SG,SDL GA 7.41% 2033,4468481,100,No,0,0,0,,
741GJ26-SG,SDL GJ 7.41% 2026,2966529,100,No,0,0,0,,
741GS2036-GS,GOI LOAN  7.41% 2036,3377665,1,No,0,0,0,,
741HP36-SG,SDL HP 7.41% 2036,5911041,100,No,0,0,0,,
741HR40-SG,SDL HR 7.41% 2040,194564865,100,No,0,0,0,,
741JK42-SG,SDL JK 7.41% 2042,194429697,100,No,0,0,0,,
741JK49-SG,SDL JK 7.41% 2049,6082561,100,No,0,0,0,,
741JK53-SG,SDL JK 7.41% 2053,4783873,100,No,0,0,0,,
741KA36-SG,SDL KA 7.41% 2036,5886977,100,No,0,0,0,,
741MN35-SG,SDL MN 7.41% 2035,4469249,100,No,0,0,0,,
741NIIF31-N0,,194681345,1,No,0,0,0,,
741PN34-SG,SDL PN 7.41% 2034,4301825,100,No,0,0,0,,
741PN34A-SG,SDL PN 7.41% 2034,6158593,100,No,0,0,0,,
741PN42-SG,SDL PN 7.41% 2042,2176257,100,No,0,0,0,,
741RJ33-SG,SDL RJ 7.41% 2033,4468737,100,No,0,0,0,,
741RJ34-SG,SDL RJ 7.41% 2034,6096385,100,No,0,0,0,,
741RJ39-SG,SDL RJ 7.41% 2039,4693761,100,No,0,0,0,,
741SK35-SG,SDL SK 7.41% 2035,194351361,100,No,0,0,0,,
741UP34-SG,SDL UP 7.41% 2034,4301569,100,No,0,0,0,,
741WB39-SG,SDL WB 7.41% 2039,4693505,100,No,0,0,0,,
741WB42-SG,SDL WB 7.41% 2042,4783617,100,No,0,0,0,,
74242ABC30-N0,,193898753,1,No,0,0,0,,
7425NIIF30-N0,,194340865,1,No,0,0,0,,
742AP41-SG,SDL AP 7.42% 2041,4348929,100,No,0,0,0,,
742AP43-SG,SDL AP 7.42% 2043,4350209,100,No,0,0,0,,
742AP43A-SG,SDL AP 7.42% 2043,6062081,100,No,0,0,0,,
742AP44-SG,SDL AP 7.42% 2044,6062337,100,No,0,0,0,,
742AP45-SG,SDL AP 7.42% 2045,6081793,100,No,0,0,0,,
742AP46-SG,SDL AP 7.42% 2046,6082049,100,No,0,0,0,,
742AS34-SG,SDL AS 7.42% 2034,5885697,100,No,0,0,0,,
742BR31-SG,SDL BR 7.42% 2031,194624769,100,No,0,0,0,,
742CG31-SG,SDL CG 7.42% 2031,4345857,100,No,0,0,0,,
742GJ31-SG,SDL GJ 7.42% 2031,5787649,100,No,0,0,0,,
742GJ33-SG,SDL GJ 7.42% 2033,5810433,100,No,0,0,0,,
742HP38-SG,SDL HP 7.42% 2038,4712705,100,No,0,0,0,,
742HR34-SG,SDL HR 7.42% 2034,6096641,100,No,0,0,0,,
742HR35-SG,SDL HR 7.42% 2035,5886465,100,No,0,0,0,,
742KA32-SG,SDL KA 7.42% 2032,5975553,100,No,0,0,0,,
742KA35-SG,SDL KA 7.42% 2035,5886209,100,No,0,0,0,,
742KA35A-SG,SDL KA 7.42% 2035,194690305,100,No,0,0,0,,
742KA39-SG,SDL KA 7.42% 2039,5857281,100,No,0,0,0,,
742KL34-SG,SDL KL 7.42% 2034,2196225,100,No,0,0,0,,
742KL43-SG,SDL KL 7.42% 2043,4417793,100,No,0,0,0,,
742KL46-SG,SDL KL 7.42% 2046,6231553,100,No,0,0,0,,
742KL49-SG,SDL KL 7.42% 2049,5943297,100,No,0,0,0,,
742KL64-SG,SDL KL 7.42% 2064,5943809,100,No,0,0,0,,
742MH34-SG,SDL MH 7.42% 2034,6026241,100,No,0,0,0,,
742MH37-SG,SDL MH 7.42% 2037,6026497,100,No,0,0,0,,
742ML32-SG,SDL ML 7.42% 2032,4346113,100,No,0,0,0,,
742MP44-SG,SDL MP 7.42% 2044,5855233,100,No,0,0,0,,
742MP45-SG,SDL MP 7.42% 2045,5857537,100,No,0,0,0,,
742MP46-SG,SDL MP 7.42% 2046,5857793,100,No,0,0,0,,
742PFC28-N0,,7608065,1,No,0,0,0,,
742RJ32-SG,SDL RJ 7.42% 2032,6096129,100,No,0,0,0,,
742RJ39-SG,SDL RJ 7.42% 2039,5854465,100,No,0,0,0,,
742SIDBI29-N0,,7577601,1,No,0,0,0,,
742TN33-SG,SDL TN 7.42% 2033,4408577,100,No,0,0,0,,
742TN34-SG,SDL TN 7.42% 2034,5853697,100,No,0,0,0,,
742TN34A-SG,SDL TN 7.42% 2034,5996289,100,No,0,0,0,,
742TN35-SG,SDL TN 7.42% 2035,194628353,100,No,0,0,0,,
742TN43-SG,SDL TN 7.42% 2043,4349953,100,No,0,0,0,,
742TS41-SG,SDL TS 7.42% 2041,5941761,100,No,0,0,0,,
742TS48-SG,SDL TS 7.42% 2048,6062849,100,No,0,0,0,,
742WB36-SG,SDL WB 7.42% 2036,194311681,100,No,0,0,0,,
74342PHF30-N0,,193971713,1,No,0,0,0,,
743AP31-SG,SDL AP 7.43% 2031,3907585,100,No,0,0,0,,
743AP35-SG,SDL AP 7.43% 2035,4468993,100,No,0,0,0,,
743AP39-SG,SDL AP 7.43% 2039,4348673,100,No,0,0,0,,
743AP41-SG,SDL AP 7.43% 2041,4416001,100,No,0,0,0,,
743AP42-SG,SDL AP 7.43% 2042,4416257,100,No,0,0,0,,
743AP42A-SG,SDL AP 7.43% 2042,6061825,100,No,0,0,0,,
743AP42B-SG,SDL AP 7.43% 2042,6146561,100,No,0,0,0,,
743AP44-SG,SDL AP 7.43% 2044,6147073,100,No,0,0,0,,
743AP46-SG,SDL AP 7.43% 2046,6144257,100,No,0,0,0,,
743BR39-SG,SDL BR 7.43% 2039,5854721,100,No,0,0,0,,
743BR55-SG,SDL BR 7.43% 2055,194152961,100,No,0,0,0,,
743CG29-SG,SDL CG 7.43% 2029,5809665,100,No,0,0,0,,
743GJ27-SG,SDL GJ 7.43% 2027,5410049,100,No,0,0,0,,
743GJ31-SG,SDL GJ 7.43% 2031,5809409,100,No,0,0,0,,
743HP28-SG,SDL HP 7.43% 2028,2703105,100,No,0,0,0,,
743HR34-SG,SDL HR 7.43% 2034,6145281,100,No,0,0,0,,
743HR39-SG,SDL HR 7.43% 2039,194352129,100,No,0,0,0,,
743HR39A-SG,SDL HR 7.43% 2039,194386689,100,No,0,0,0,,
743HR41-SG,SDL HR 7.43% 2041,2141185,100,No,0,0,0,,
743JK46-SG,SDL JK 7.43% 2046,6147329,100,No,0,0,0,,
743JK53-SG,SDL JK 7.43% 2053,4569601,100,No,0,0,0,,
743JK53A-SG,SDL JK 7.43% 2053,4740865,100,No,0,0,0,,
743MH35-SG,SDL MH 7.43% 2035,5856513,100,No,0,0,0,,
743MH36-SG,SDL MH 7.43% 2036,5856769,100,No,0,0,0,,
743MH39-SG,SDL MH 7.43% 2039,5997825,100,No,0,0,0,,
743MH40-SG,SDL MH 7.43% 2040,194578433,100,No,0,0,0,,
743MN36-SG,SDL MN 7.43% 2036,6096897,100,No,0,0,0,,
743MP43-SG,SDL MP 7.43% 2043,194311937,100,No,0,0,0,,
743MZ36-SG,SDL MZ 7.43% 2036,4162817,100,No,0,0,0,,
743MZ37-SG,SDL MZ 7.43% 2037,4164609,100,No,0,0,0,,
743NBFID34-N0,,6237185,1,No,0,0,0,,
743NIIF30-N0,,193937665,1,No,0,0,0,,
743OR40-SG,SDL OR 7.43% 2040,194352385,100,No,0,0,0,,
743PHFL28-N0,,194544385,1,No,0,0,0,,
743PN48-SG,SDL PN 7.43% 2048,4381185,100,No,0,0,0,,
743PN48A-SG,SDL PN 7.43% 2048,4567297,100,No,0,0,0,,
743REC35-NH,,5101057,1,No,0,0,0,,
743RJ34-SG,SDL RJ 7.43% 2034,6143233,100,No,0,0,0,,
743RJ44-SG,SDL RJ 7.43% 2044,5855489,100,No,0,0,0,,
743RJ48-SG,SDL RJ 7.43% 2048,4380929,100,No,0,0,0,,
743RJ49-SG,SDL RJ 7.43% 2049,4842497,100,No,0,0,0,,
743TN32-SG,SDL TN 7.43% 2032,6145025,100,No,0,0,0,,
743TN33-SG,SDL TN 7.43% 2033,4711425,100,No,0,0,0,,
743TN34-SG,SDL TN 7.43% 2034,5971457,100,No,0,0,0,,
743TN34A-SG,SDL TN 7.43% 2034,6060545,100,No,0,0,0,,
743TN43-SG,SDL TN 7.43% 2043,4523521,100,No,0,0,0,,
743TN47-SG,SDL TN 7.43% 2047,2198273,100,No,0,0,0,,
743TN53-SG,SDL TN 7.43% 2053,4523777,100,No,0,0,0,,
743TN53A-SG,SDL TN 7.43% 2053,4844033,100,No,0,0,0,,
743TS33-SG,SDL TS 7.43% 2033,3907841,100,No,0,0,0,,
743TS41-SG,SDL TS 7.43% 2041,4567041,100,No,0,0,0,,
743TS41A-SG,SDL TS 7.43% 2041,6061569,100,No,0,0,0,,
743TS43-SG,SDL TS 7.43% 2043,6146817,100,No,0,0,0,,
743TS50-SG,SDL TS 7.43% 2050,4381441,100,No,0,0,0,,
743TS54-SG,SDL TS 7.43% 2054,5686017,100,No,0,0,0,,
744AP33-SG,SDL AP 7.44% 2033,4710401,100,No,0,0,0,,
744AP35-SG,SDL AP 7.44% 2035,194628609,100,No,0,0,0,,
744AP36-SG,SDL AP 7.44% 2036,4782337,100,No,0,0,0,,
744AP39-SG,SDL AP 7.44% 2039,5811457,100,No,0,0,0,,
744AP39A-SG,SDL AP 7.44% 2039,5825025,100,No,0,0,0,,
744AP40-SG,SDL AP 7.44% 2040,4713217,100,No,0,0,0,,
744AP42-SG,SDL AP 7.44% 2042,2232577,100,No,0,0,0,,
744AP43-SG,SDL AP 7.44% 2043,4523265,100,No,0,0,0,,
744BR40-SG,SDL BR 7.44% 2040,194493697,100,No,0,0,0,,
744CG29-SG,SDL CG 7.44% 2029,5821953,100,No,0,0,0,,
744CG30-SG,SDL CG 7.44% 2030,5809153,100,No,0,0,0,,
744GA33-SG,SDL GA 7.44% 2033,4691713,100,No,0,0,0,,
744HP34-SG,SDL HP 7.44% 2034,6143745,100,No,0,0,0,,
744HR27-SG,SDL HR 7.44% 2027,3240193,100,No,0,0,0,,
744HR32-SG,SDL HR 7.44% 2032,4408321,100,No,0,0,0,,
744HR33-SG,SDL HR 7.44% 2033,4690689,100,No,0,0,0,,
744HR35-SG,SDL HR 7.44% 2035,4712193,100,No,0,0,0,,
744HR36-SG,SDL HR 7.44% 2036,5857025,100,No,0,0,0,,
744HR41-SG,SDL HR 7.44% 2041,194387201,100,No,0,0,0,,
744IREDA34-N0,,6189825,1,No,0,0,0,,
744IRF34-N0,,6160641,1,No,0,0,0,,
744IRFC34-NR,,5859073,1,No,0,0,0,,
744JH41-SG,SDL JH 7.44% 2041,194352897,100,No,0,0,0,,
744JK38-SG,SDL JK 7.44% 2038,4409089,100,No,0,0,0,,
744JK53-SG,SDL JK 7.44% 2053,4524033,100,No,0,0,0,,
744KA33-SG,SDL KA 7.44% 2033,5976065,100,No,0,0,0,,
744KA34-SG,SDL KA 7.44% 2034,5854209,100,No,0,0,0,,
744KA35-SG,SDL KA 7.44% 2035,2078721,100,No,0,0,0,,
744KL50-SG,SDL KL 7.44% 2050,194313473,100,No,0,0,0,,
744MH41-SG,SDL MH 7.44% 2041,5998081,100,No,0,0,0,,
744MH42-SG,SDL MH 7.44% 2042,5998593,100,No,0,0,0,,
744MH42A-SG,SDL MH 7.44% 2042,6014977,100,No,0,0,0,,
744ML31-SG,SDL ML 7.44% 2031,4381697,100,No,0,0,0,,
744ML35-SG,SDL ML 7.44% 2035,194583809,100,No,0,0,0,,
744MN35-SG,SDL MN 7.44% 2035,4711937,100,No,0,0,0,,
744MP35-SG,SDL MP 7.44% 2035,4787969,100,No,0,0,0,,
744MP38-SG,SDL MP 7.44% 2038,194577921,100,No,0,0,0,,
744MP40-SG,SDL MP 7.44% 2040,5825537,100,No,0,0,0,,
744MP46-SG,SDL MP 7.44% 2046,194312449,100,No,0,0,0,,
744NBRD28-N0,,6512897,1,No,0,0,0,,
744PFCL30-N0,,7672065,1,No,0,0,0,,
744PFCL34-NB,,6123521,1,No,0,0,0,,
744RJ33-SG,SDL RJ 7.44% 2033,4383233,100,No,0,0,0,,
744RJ33A-SG,SDL RJ 7.44% 2033,4690433,100,No,0,0,0,,
744RJ34-SG,SDL RJ 7.44% 2034,5853953,100,No,0,0,0,,
744RJ34A-SG,SDL RJ 7.44% 2034,5976577,100,No,0,0,0,,
744RJ36-SG,SDL RJ 7.44% 2036,4712449,100,No,0,0,0,,
744RL28-N0,,7730177,1,No,0,0,0,,
744SIDBI28-N0,,6627841,1,No,0,0,0,,
744TN33-SG,SDL TN 7.44% 2033,3919361,100,No,0,0,0,,
744TN33A-SG,SDL TN 7.44% 2033,4382465,100,No,0,0,0,,
744TN33B-SG,SDL TN 7.44% 2033,4565761,100,No,0,0,0,,
744TN34-SG,SDL TN 7.44% 2034,5823233,100,No,0,0,0,,
744TN34A-SG,SDL TN 7.44% 2034,5937409,100,No,0,0,0,,
744TN34B-SG,SDL TN 7.44% 2034,6143489,100,No,0,0,0,,
744TN44-SG,SDL TN 7.44% 2044,5942529,100,No,0,0,0,,
744TN55-SG,SDL TN 7.44% 2055,194196993,100,No,0,0,0,,
744TN55A-SG,SDL TN 7.44% 2055,194390273,100,No,0,0,0,,
744TN55B-SG,SDL TN 7.44% 2055,194566913,100,No,0,0,0,,
744TS30-SG,SDL TS 7.44% 2030,5936385,100,No,0,0,0,,
744TS36-SG,SDL TS 7.44% 2036,5997313,100,No,0,0,0,,
744TS39-SG,SDL TS 7.44% 2039,4409345,100,No,0,0,0,,
744TS39A-SG,SDL TS 7.44% 2039,4712961,100,No,0,0,0,,
744TS40-SG,SDL TS 7.44% 2040,6142977,100,No,0,0,0,,
744TS41-SG,SDL TS 7.44% 2041,6081537,100,No,0,0,0,,
744TS45-SG,SDL TS 7.44% 2045,4745729,100,No,0,0,0,,
744TS46-SG,SDL TS 7.44% 2046,5812737,100,No,0,0,0,,
744TS47-SG,SDL TS 7.44% 2047,194312705,100,No,0,0,0,,
744TS48-SG,SDL TS 7.44% 2048,194312961,100,No,0,0,0,,
744TS49-SG,SDL TS 7.44% 2049,194313217,100,No,0,0,0,,
744TS51-SG,SDL TS 7.44% 2051,6015233,100,No,0,0,0,,
744TS51A-SG,SDL TS 7.44% 2051,194313985,100,No,0,0,0,,
744TS53-SG,SDL TS 7.44% 2053,6015489,100,No,0,0,0,,
744TS56-SG,SDL TS 7.44% 2056,194390529,100,No,0,0,0,,
744TS56A-SG,SDL TS 7.44% 2056,194494977,100,No,0,0,0,,
744TS58-SG,SDL TS 7.44% 2058,194385409,100,No,0,0,0,,
744WB41-SG,SDL WB 7.44% 2041,5854977,100,No,0,0,0,,
744WB42-SG,SDL WB 7.44% 2042,4864001,100,No,0,0,0,,
744WB44-SG,SDL WB 7.44% 2044,5855745,100,No,0,0,0,,
745ABL34-N0,,6436609,1,No,0,0,0,,
745AP33-SG,SDL AP 7.45% 2033,4516609,100,No,0,0,0,,
745AP33A-SG,SDL AP 7.45% 2033,6081025,100,No,0,0,0,,
745AP34-SG,SDL AP 7.45% 2034,4692993,100,No,0,0,0,,
745AP37-SG,SDL AP 7.45% 2037,2392321,100,No,0,0,0,,
745AP38-SG,SDL AP 7.45% 2038,5811201,100,No,0,0,0,,
745AP40-SG,SDL AP 7.45% 2040,2806273,100,No,0,0,0,,
745AP40A-SG,SDL AP 7.45% 2040,4523009,100,No,0,0,0,,
745AP40B-SG,SDL AP 7.45% 2040,6081281,100,No,0,0,0,,
745AP42-SG,SDL AP 7.45% 2042,2806529,100,No,0,0,0,,
745AS31-SG,SDL AS 7.45% 2031,5809921,100,No,0,0,0,,
745AS33-SG,SDL AS 7.45% 2033,4381953,100,No,0,0,0,,
745AS33A-SG,SDL AS 7.45% 2033,4516353,100,No,0,0,0,,
745BR31-SG,SDL BR 7.45% 2031,4689921,100,No,0,0,0,,
745BR32-SG,SDL BR 7.45% 2032,2804737,100,No,0,0,0,,
745BR34-SG,SDL BR 7.45% 2034,194264833,100,No,0,0,0,,
745BR45-SG,SDL BR 7.45% 2045,194312193,100,No,0,0,0,,
745BR50-SG,SDL BR 7.45% 2050,194313729,100,No,0,0,0,,
745BTL28-N0,,194373889,1,No,0,0,0,,
745CG33-SG,SDL CG 7.45% 2033,5853185,100,No,0,0,0,,
745EXIM28-N0,,5801217,1,No,0,0,0,,
745GJ30-SG,SDL GJ 7.45% 2030,5190913,100,No,0,0,0,,
745GJ31-SG,SDL GJ 7.45% 2031,4848129,100,No,0,0,0,,
745HP33-SG,SDL HP 7.45% 2033,4382209,100,No,0,0,0,,
745HP40-SG,SDL HP 7.45% 2040,194523905,100,No,0,0,0,,
745HP44-SG,SDL HP 7.45% 2044,5996545,100,No,0,0,0,,
745HR32-SG,SDL HR 7.45% 2032,2804481,100,No,0,0,0,,
745HR33-SG,SDL HR 7.45% 2033,4785665,100,No,0,0,0,,
745HR35-SG,SDL HR 7.45% 2035,4693249,100,No,0,0,0,,
745HR35A-SG,SDL HR 7.45% 2035,4782081,100,No,0,0,0,,
745HR35B-SG,SDL HR 7.45% 2035,5939713,100,No,0,0,0,,
745HR42-SG,SDL HR 7.45% 2042,194353153,100,No,0,0,0,,
745IGT26-NC,,876033,1,No,0,0,0,,
745ISL28-N0,,194561281,1,No,0,0,0,,
745JK53-SG,SDL JK 7.45% 2053,4634881,100,No,0,0,0,,
745JK54-SG,SDL JK 7.45% 2054,5826561,100,No,0,0,0,,
745KA35-SG,SDL KA 7.45% 2035,5939457,100,No,0,0,0,,
745KA37-SG,SDL KA 7.45% 2037,5940481,100,No,0,0,0,,
745KA40-SG,SDL KA 7.45% 2040,5825793,100,No,0,0,0,,
745KL39-SG,SDL KL 7.45% 2039,4863745,100,No,0,0,0,,
745KL40-SG,SDL KL 7.45% 2040,4519169,100,No,0,0,0,,
745KL50-SG,SDL KL 7.45% 2050,194566401,100,No,0,0,0,,
745MH37-SG,SDL MH 7.45% 2037,5940737,100,No,0,0,0,,
745MH38-SG,SDL MH 7.45% 2038,5941249,100,No,0,0,0,,
745MH38A-SG,SDL MH 7.45% 2038,6025217,100,No,0,0,0,,
745MH39-SG,SDL MH 7.45% 2039,5978625,100,No,0,0,0,,
745MH39A-SG,SDL MH 7.45% 2039,6025473,100,No,0,0,0,,
745MH41-SG,SDL MH 7.45% 2041,6014721,100,No,0,0,0,,
745ML34-SG,SDL ML 7.45% 2034,6145537,100,No,0,0,0,,
745MP41-SG,SDL MP 7.45% 2041,194493953,100,No,0,0,0,,
745MP44-SG,SDL MP 7.45% 2044,4841473,100,No,0,0,0,,
745MP44A-SG,SDL MP 7.45% 2044,5826049,100,No,0,0,0,,
745MP44B-SG,SDL MP 7.45% 2044,194494465,100,No,0,0,0,,
745MP45-SG,SDL MP 7.45% 2045,5826305,100,No,0,0,0,,
745NL34-SG,SDL NL 7.45% 2034,6144001,100,No,0,0,0,,
745PFCL28-N0,,7716865,1,No,0,0,0,,
745PN34-SG,SDL PN 7.45% 2034,4347137,100,No,0,0,0,,
745PN34A-SG,SDL PN 7.45% 2034,4711681,100,No,0,0,0,,
745RECL35-N0,,6272513,1,No,0,0,0,,
745RJ30-SG,SDL RJ 7.45% 2030,5641217,100,No,0,0,0,,
745RJ33-SG,SDL RJ 7.45% 2033,3919105,100,No,0,0,0,,
745RJ40-SG,SDL RJ 7.45% 2040,6146305,100,No,0,0,0,,
745RJ44-SG,SDL RJ 7.45% 2044,4841217,100,No,0,0,0,,
745RL34-NN,,6024193,1,No,0,0,0,,
745SICCL30-N0,,194291201,1,No,0,0,0,,
745SK32-SG,SDL SK 7.45% 2032,2807297,100,No,0,0,0,,
745TIL35-N0,,194007553,1,No,0,0,0,,
745TN43-SG,SDL TN 7.45% 2043,4380673,100,No,0,0,0,,
745TN55-SG,SDL TN 7.45% 2055,194659329,100,No,0,0,0,,
745TS30-SG,SDL TS 7.45% 2030,2790913,100,No,0,0,0,,
745TS30A-SG,SDL TS 7.45% 2030,4515073,100,No,0,0,0,,
745TS40-SG,SDL TS 7.45% 2040,4522753,100,No,0,0,0,,
745TS47-SG,SDL TS 7.45% 2047,4633089,100,No,0,0,0,,
745TS48-SG,SDL TS 7.45% 2048,194566145,100,No,0,0,0,,
745TS53-SG,SDL TS 7.45% 2053,194566657,100,No,0,0,0,,
745TS57-SG,SDL TS 7.45% 2057,194456833,100,No,0,0,0,,
745UK30-SG,SDL UK 7.45% 2030,5674241,100,No,0,0,0,,
745UP33-SG,SDL UP 7.45% 2033,3920385,100,No,0,0,0,,
745WB42-SG,SDL WB 7.45% 2042,5942017,100,No,0,0,0,,
745WB44-SG,SDL WB 7.45% 2044,5942785,100,No,0,0,0,,
745WB44A-SG,SDL WB 7.45% 2044,194196737,100,No,0,0,0,,
746AP27-SG,SDL AP 7.46% 2027,2439681,100,No,0,0,0,,
746AP34-SG,SDL AP 7.46% 2034,4383745,100,No,0,0,0,,
746AP38-SG,SDL AP 7.46% 2038,4663297,100,No,0,0,0,,
746AP38A-SG,SDL AP 7.46% 2038,6062593,100,No,0,0,0,,
746AP41-SG,SDL AP 7.46% 2041,4745985,100,No,0,0,0,,
746AP41A-SG,SDL AP 7.46% 2041,5791233,100,No,0,0,0,,
746AP41B-SG,SDL AP 7.46% 2041,5998337,100,No,0,0,0,,
746AP42-SG,SDL AP 7.46% 2042,5998849,100,No,0,0,0,,
746AP43-SG,SDL AP 7.46% 2043,4380417,100,No,0,0,0,,
746AP43A-SG,SDL AP 7.46% 2043,5999105,100,No,0,0,0,,
746AP44-SG,SDL AP 7.46% 2044,5996801,100,No,0,0,0,,
746AS31-SG,SDL AS 7.46% 2031,5975297,100,No,0,0,0,,
746BR45-SG,SDL BR 7.46% 2045,194565889,100,No,0,0,0,,
746CG31-SG,SDL CG 7.46% 2031,5810177,100,No,0,0,0,,
746CG32-SG,SDL CG 7.46% 2032,5936641,100,No,0,0,0,,
746CG33-SG,SDL CG 7.46% 2033,5810689,100,No,0,0,0,,
746GA33-SG,SDL GA 7.46% 2033,4786177,100,No,0,0,0,,
746GA38-SG,SDL GA 7.46% 2038,4741633,100,No,0,0,0,,
746GS2073-GS,GOI LOAN  7.46% 2073,5070849,1,No,0,0,0,,
746HP36-SG,SDL HP 7.46% 2036,6142721,100,No,0,0,0,,
746IRFC29-NS,,5928193,1,No,0,0,0,,
746JK45-SG,SDL JK 7.46% 2045,194494721,100,No,0,0,0,,
746JK49-SG,SDL JK 7.46% 2049,5812993,100,No,0,0,0,,
746KA36-SG,SDL KA 7.46% 2036,194628865,100,No,0,0,0,,
746KA38-SG,SDL KA 7.46% 2038,5941505,100,No,0,0,0,,
746KL48-SG,SDL KL 7.46% 2048,3922945,100,No,0,0,0,,
746MH33-SG,SDL MH 7.46% 2033,4743937,100,No,0,0,0,,
746MH35-SG,SDL MH 7.46% 2035,5824257,100,No,0,0,0,,
746MH41-SG,SDL MH 7.46% 2041,5972481,100,No,0,0,0,,
746ML34-SG,SDL ML 7.46% 2034,5997057,100,No,0,0,0,,
746MP32-SG,SDL MP 7.46% 2032,2804993,100,No,0,0,0,,
746MP38-SG,SDL MP 7.46% 2038,4742913,100,No,0,0,0,,
746MP38A-SG,SDL MP 7.46% 2038,4862465,100,No,0,0,0,,
746MP39-SG,SDL MP 7.46% 2039,4745217,100,No,0,0,0,,
746MP43-SG,SDL MP 7.46% 2043,194494209,100,No,0,0,0,,
746MZ39-SG,SDL MZ 7.46% 2039,4664577,100,No,0,0,0,,
746PN33-SG,SDL PN 7.46% 2033,5853441,100,No,0,0,0,,
746RJ33-SG,SDL RJ 7.46% 2033,4848385,100,No,0,0,0,,
746RJ34-SG,SDL RJ 7.46% 2034,5937665,100,No,0,0,0,,
746RJ38-SG,SDL RJ 7.46% 2038,194386433,100,No,0,0,0,,
746RJ42-SG,SDL RJ 7.46% 2042,5942273,100,No,0,0,0,,
746RJ51-SG,SDL RJ 7.46% 2051,194389505,100,No,0,0,0,,
746SK33-SG,SDL SK 7.46% 2033,4787457,100,No,0,0,0,,
746TN55-SG,SDL TN 7.46% 2055,194456577,100,No,0,0,0,,
746TS30-SG,SDL TS 7.46% 2030,4784641,100,No,0,0,0,,
746TS42-SG,SDL TS 7.46% 2042,4745473,100,No,0,0,0,,
746TS42A-SG,SDL TS 7.46% 2042,194565377,100,No,0,0,0,,
746TS45-SG,SDL TS 7.46% 2045,5792001,100,No,0,0,0,,
746TS48-SG,SDL TS 7.46% 2048,2806785,100,No,0,0,0,,
746TS48A-SG,SDL TS 7.46% 2048,3925249,100,No,0,0,0,,
746TS49-SG,SDL TS 7.46% 2049,2807041,100,No,0,0,0,,
746TS53-SG,SDL TS 7.46% 2053,194354177,100,No,0,0,0,,
746UK34-SG,SDL UK 7.46% 2034,5856001,100,No,0,0,0,,
746UP32-SG,SDL UP 7.46% 2032,5936897,100,No,0,0,0,,
746UP34-SG,SDL UP 7.46% 2034,5856257,100,No,0,0,0,,
746UP37-SG,SDL UP 7.46% 2037,194658049,100,No,0,0,0,,
746UP39-SG,SDL UP 7.46% 2039,6026753,100,No,0,0,0,,
746WB39-SG,SDL WB 7.46% 2039,4863489,100,No,0,0,0,,
746WB40-SG,SDL WB 7.46% 2040,2175745,100,No,0,0,0,,
746WB46-SG,SDL WB 7.46% 2046,3922689,100,No,0,0,0,,
747ABCL29-N0,,193829377,1,No,0,0,0,,
747AP32-SG,SDL AP 7.47% 2032,4570113,100,No,0,0,0,,
747AP37-SG,SDL AP 7.47% 2037,3908353,100,No,0,0,0,,
747AP37A-SG,SDL AP 7.47% 2037,6061313,100,No,0,0,0,,
747AS28-SG,SDL AS 7.47% 2028,4659969,100,No,0,0,0,,
747AS33-SG,SDL AS 7.47% 2033,4710657,100,No,0,0,0,,
747AS34-SG,SDL AS 7.47% 2034,5938433,100,No,0,0,0,,
747AS45-SG,SDL AS 7.47% 2045,194353665,100,No,0,0,0,,
747BR39-SG,SDL BR 7.47% 2039,5825281,100,No,0,0,0,,
747CG30-SG,SDL CG 7.47% 2030,4784385,100,No,0,0,0,,
747CG30A-SG,SDL CG 7.47% 2030,5822209,100,No,0,0,0,,
747CG31-SG,SDL CG 7.47% 2031,5822465,100,No,0,0,0,,
747CG32-SG,SDL CG 7.47% 2032,5975809,100,No,0,0,0,,
747CG33-SG,SDL CG 7.47% 2033,5937153,100,No,0,0,0,,
747CG33A-SG,SDL CG 7.47% 2033,5976321,100,No,0,0,0,,
747CG34-SG,SDL CG 7.47% 2034,5937921,100,No,0,0,0,,
747CG34A-SG,SDL CG 7.47% 2034,5976833,100,No,0,0,0,,
747GA33-SG,SDL GA 7.47% 2033,4711169,100,No,0,0,0,,
747GA34-SG,SDL GA 7.47% 2034,5938689,100,No,0,0,0,,
747GA38-SG,SDL GA 7.47% 2038,4347393,100,No,0,0,0,,
747GJ28-SG,SDL GJ 7.47% 2028,5414913,100,No,0,0,0,,
747HP33-SG,SDL HP 7.47% 2033,6060289,100,No,0,0,0,,
747HR33-SG,SDL HR 7.47% 2033,4743425,100,No,0,0,0,,
747HR33A-SG,SDL HR 7.47% 2033,4850177,100,No,0,0,0,,
747HR35-SG,SDL HR 7.47% 2035,4408833,100,No,0,0,0,,
747HR36-SG,SDL HR 7.47% 2036,5810945,100,No,0,0,0,,
747HR40-SG,SDL HR 7.47% 2040,194265601,100,No,0,0,0,,
747IIFCL27-N0,,6920961,1,No,0,0,0,,
747JK40-SG,SDL JK 7.47% 2040,194352641,100,No,0,0,0,,
747JK44-SG,SDL JK 7.47% 2044,5943041,100,No,0,0,0,,
747KL37-SG,SDL KL 7.47% 2037,4663041,100,No,0,0,0,,
747KL39-SG,SDL KL 7.47% 2039,4632833,100,No,0,0,0,,
747KL42-SG,SDL KL 7.47% 2042,4378625,100,No,0,0,0,,
747KL50-SG,SDL KL 7.47% 2050,6052609,100,No,0,0,0,,
747MH34-SG,SDL MH 7.47% 2034,4743169,100,No,0,0,0,,
747MH36-SG,SDL MH 7.47% 2036,5824513,100,No,0,0,0,,
747OR36-SG,SDL OR 7.47% 2036,194690817,100,No,0,0,0,,
747PN32-SG,SDL PN 7.47% 2032,6080769,100,No,0,0,0,,
747PN34-SG,SDL PN 7.47% 2034,4384513,100,No,0,0,0,,
747PN37-SG,SDL PN 7.47% 2037,6146049,100,No,0,0,0,,
747PN43-SG,SDL PN 7.47% 2043,3921665,100,No,0,0,0,,
747PY37-SG,SDL PY 7.47% 2037,5824769,100,No,0,0,0,,
747RJ33-SG,SDL RJ 7.47% 2033,5971201,100,No,0,0,0,,
747RL34-NL,,5840129,1,No,0,0,0,,
747SIDBI29-N0,,6433793,1,No,0,0,0,,
747TN36-SG,SDL TN 7.47% 2036,194691073,100,No,0,0,0,,
747TS31-SG,SDL TS 7.47% 2031,2791425,100,No,0,0,0,,
747TS32-SG,SDL TS 7.47% 2032,4565505,100,No,0,0,0,,
747TS36-SG,SDL TS 7.47% 2036,6061057,100,No,0,0,0,,
747TS41-SG,SDL TS 7.47% 2041,4378369,100,No,0,0,0,,
747UK33-SG,SDL UK 7.47% 2033,4710913,100,No,0,0,0,,
747UK34-SG,SDL UK 7.47% 2034,5938177,100,No,0,0,0,,
747WB43-SG,SDL WB 7.47% 2043,3921921,100,No,0,0,0,,
747WB44-SG,SDL WB 7.47% 2044,194353409,100,No,0,0,0,,
747WB46-SG,SDL WB 7.47% 2046,194353921,100,No,0,0,0,,
748AP33-SG,SDL AP 7.48% 2033,194285569,100,No,0,0,0,,
748AP34-SG,SDL AP 7.48% 2034,194285825,100,No,0,0,0,,
748AP38-SG,SDL AP 7.48% 2038,2140929,100,No,0,0,0,,
748AP38A-SG,SDL AP 7.48% 2038,4740609,100,No,0,0,0,,
748AP44-SG,SDL AP 7.48% 2044,5812225,100,No,0,0,0,,
748AP44A-SG,SDL AP 7.48% 2044,6038785,100,No,0,0,0,,
748BR39-SG,SDL BR 7.48% 2039,194196481,100,No,0,0,0,,
748CG32-SG,SDL CG 7.48% 2032,5822721,100,No,0,0,0,,
748GA36-SG,SDL GA 7.48% 2036,194265345,100,No,0,0,0,,
748HP33-SG,SDL HP 7.48% 2033,2805249,100,No,0,0,0,,
748HR34-SG,SDL HR 7.48% 2034,6028033,100,No,0,0,0,,
748HR35-SG,SDL HR 7.48% 2035,4852225,100,No,0,0,0,,
748IRFC34A-NQ,,5820161,1,No,0,0,0,,
748JK54-SG,SDL JK 7.48% 2054,5792257,100,No,0,0,0,,
748KA33-SG,SDL KA 7.48% 2033,5822977,100,No,0,0,0,,
748KL45-SG,SDL KL 7.48% 2045,194456321,100,No,0,0,0,,
748MH35-SG,SDL MH 7.48% 2035,5788929,100,No,0,0,0,,
748MH42-SG,SDL MH 7.48% 2042,5972737,100,No,0,0,0,,
748MH45-SG,SDL MH 7.48% 2045,194635521,100,No,0,0,0,,
748ML34-SG,SDL ML 7.48% 2034,6060801,100,No,0,0,0,,
748MP29-SG,SDL MP 7.48% 2029,4844289,100,No,0,0,0,,
748MP40-SG,SDL MP 7.48% 2040,5790721,100,No,0,0,0,,
748MP41-SG,SDL MP 7.48% 2041,5791489,100,No,0,0,0,,
748MP42-SG,SDL MP 7.48% 2042,194274049,100,No,0,0,0,,
748MP45-SG,SDL MP 7.48% 2045,194388481,100,No,0,0,0,,
748MZ36-SG,SDL MZ 7.48% 2036,194351617,100,No,0,0,0,,
748NABF28-N0,,7747841,1,No,0,0,0,,
748NIIF33-N0,,194768129,1,No,0,0,0,,
748NL34-SG,SDL NL 7.48% 2034,5938945,100,No,0,0,0,,
748PN34-SG,SDL PN 7.48% 2034,4741377,100,No,0,0,0,,
748PN35-SG,SDL PN 7.48% 2035,6145793,100,No,0,0,0,,
748PN37-SG,SDL PN 7.48% 2037,5997569,100,No,0,0,0,,
748PN42-SG,SDL PN 7.48% 2042,2329345,100,No,0,0,0,,
748PY36-SG,SDL PY 7.48% 2036,194351873,100,No,0,0,0,,
748RJ34-SG,SDL RJ 7.48% 2034,5823489,100,No,0,0,0,,
748RJ37-SG,SDL RJ 7.48% 2037,5940993,100,No,0,0,0,,
748SIDBI29-N0,,7371521,1,No,0,0,0,,
748TS42-SG,SDL TS 7.48% 2042,6038529,100,No,0,0,0,,
748TS50-SG,SDL TS 7.48% 2050,5973761,100,No,0,0,0,,
748UK33-SG,SDL UK 7.48% 2033,4744193,100,No,0,0,0,,
748UP34-SG,SDL UP 7.48% 2034,5823745,100,No,0,0,0,,
748UP36-SG,SDL UP 7.48% 2036,5939969,100,No,0,0,0,,
748UP40-SG,SDL UP 7.48% 2040,6027009,100,No,0,0,0,,
748UP42-SG,SDL UP 7.48% 2042,6027265,100,No,0,0,0,,
748UP44-SG,SDL UP 7.48% 2044,6027521,100,No,0,0,0,,
748WB37-SG,SDL WB 7.48% 2037,2025217,100,No,0,0,0,,
748WB43-SG,SDL WB 7.48% 2043,5811969,100,No,0,0,0,,
748WB44-SG,SDL WB 7.48% 2044,5812481,100,No,0,0,0,,
748WB44A-SG,SDL WB 7.48% 2044,194565633,100,No,0,0,0,,
749AP36-SG,SDL AP 7.49% 2036,5789441,100,No,0,0,0,,
749AP39-SG,SDL AP 7.49% 2039,5790209,100,No,0,0,0,,
749AP40-SG,SDL AP 7.49% 2040,6038273,100,No,0,0,0,,
749AP44-SG,SDL AP 7.49% 2044,6052097,100,No,0,0,0,,
749BR31-SG,SDL BR 7.49% 2031,4660225,100,No,0,0,0,,
749BR31A-SG,SDL BR 7.49% 2031,4784897,100,No,0,0,0,,
749BR39-SG,SDL BR 7.49% 2039,5811713,100,No,0,0,0,,
749CG30-SG,SDL CG 7.49% 2030,4846593,100,No,0,0,0,,
749CG35-SG,SDL CG 7.49% 2035,5977345,100,No,0,0,0,,
749GA33-SG,SDL GA 7.49% 2033,4661505,100,No,0,0,0,,
749GA33A-SG,SDL GA 7.49% 2033,4849921,100,No,0,0,0,,
749GJ26-SG,SDL GJ 7.49% 2026,2885889,100,No,0,0,0,,
749GJ28-SG,SDL GJ 7.49% 2028,3791873,100,No,0,0,0,,
749HP34-SG,SDL HP 7.49% 2034,2805505,100,No,0,0,0,,
749HR33-SG,SDL HR 7.49% 2033,4628737,100,No,0,0,0,,
749HR35-SG,SDL HR 7.49% 2035,5977089,100,No,0,0,0,,
749HR36-SG,SDL HR 7.49% 2036,5789697,100,No,0,0,0,,
749IGT28-NG,,881153,1,No,0,0,0,,
749KL36-SG,SDL KL 7.49% 2036,5977857,100,No,0,0,0,,
749KL39-SG,SDL KL 7.49% 2039,6038017,100,No,0,0,0,,
749KL40-SG,SDL KL 7.49% 2040,194386945,100,No,0,0,0,,
749KL45-SG,SDL KL 7.49% 2045,4909569,100,No,0,0,0,,
749KL56-SG,SDL KL 7.49% 2056,194198017,100,No,0,0,0,,
749MH30-SG,SDL MH 7.49% 2030,3843841,100,No,0,0,0,,
749MH36-SG,SDL MH 7.49% 2036,5789953,100,No,0,0,0,,
749ML27-SG,SDL ML 7.49% 2027,3389185,100,No,0,0,0,,
749MN35-SG,SDL MN 7.49% 2035,3920641,100,No,0,0,0,,
749NL34-SG,SDL NL 7.49% 2034,5824001,100,No,0,0,0,,
749PFC34-N9,,5835521,1,No,0,0,0,,
749PN32-SG,SDL PN 7.49% 2032,5996033,100,No,0,0,0,,
749PN35-SG,SDL PN 7.49% 2035,4862209,100,No,0,0,0,,
749PN35A-SG,SDL PN 7.49% 2035,194584065,100,No,0,0,0,,
749PN37-SG,SDL PN 7.49% 2037,4630529,100,No,0,0,0,,
749PN40-SG,SDL PN 7.49% 2040,194363137,100,No,0,0,0,,
749RCFL28-N0,,193986817,1,No,0,0,0,,
749RJ34-SG,SDL RJ 7.49% 2034,4518913,100,No,0,0,0,,
749RJ35-SG,SDL RJ 7.49% 2035,194231809,100,No,0,0,0,,
749RJ40-SG,SDL RJ 7.49% 2040,5971713,100,No,0,0,0,,
749RJ44-SG,SDL RJ 7.49% 2044,6052353,100,No,0,0,0,,
749SIDBI29-N0,,7666945,1,No,0,0,0,,
749TN34-SG,SDL TN 7.49% 2034,6037505,100,No,0,0,0,,
749TN44-SG,SDL TN 7.49% 2044,6051841,100,No,0,0,0,,
749TS35-SG,SDL TS 7.49% 2035,5789185,100,No,0,0,0,,
749TS39-SG,SDL TS 7.49% 2039,194578177,100,No,0,0,0,,
749TS44-SG,SDL TS 7.49% 2044,4909313,100,No,0,0,0,,
749UP34-SG,SDL UP 7.49% 2034,4661761,100,No,0,0,0,,
749UP34A-SG,SDL UP 7.49% 2034,5788161,100,No,0,0,0,,
749UP36-SG,SDL UP 7.49% 2036,5977601,100,No,0,0,0,,
74AP31-SG,SDL AP 7.4% 2031,3962113,100,No,0,0,0,,
74AP32-SG,SDL AP 7.4% 2032,4332289,100,No,0,0,0,,
74AP41-SG,SDL AP 7.4% 2041,6097153,100,No,0,0,0,,
74AP43-SG,SDL AP 7.4% 2043,4713729,100,No,0,0,0,,
74AS33-SG,SDL AS 7.4% 2033,3970049,100,No,0,0,0,,
74BR30-SG,SDL BR 7.4% 2030,4466177,100,No,0,0,0,,
74BR35-SG,SDL BR 7.4% 2035,194583553,100,No,0,0,0,,
74BR39-SG,SDL BR 7.4% 2039,5884417,100,No,0,0,0,,
74CB34-N0,,6275585,1,No,0,0,0,,
74CG30-SG,SDL CG 7.4% 2030,4345345,100,No,0,0,0,,
74GA37-SG,SDL GA 7.4% 2037,194232065,100,No,0,0,0,,
74GJ26-SG,SDL GJ 7.4% 2026,5357057,100,No,0,0,0,,
74GJ27-SG,SDL GJ 7.4% 2027,4784129,100,No,0,0,0,,
74GS2035-GS,GOI LOAN 7.40% 2035,1759745,1,No,0,0,0,,
74GS2062-GS,GOI LOAN  7.4% 2062,2811137,1,No,0,0,0,,
74HR33-SG,SDL HR 7.4% 2033,4346625,100,No,0,0,0,,
74HR37-SG,SDL HR 7.4% 2037,2196481,100,No,0,0,0,,
74JK44-SG,SDL JK 7.4% 2044,5887233,100,No,0,0,0,,
74KL37-SG,SDL KL 7.4% 2037,2230529,100,No,0,0,0,,
74KL41-SG,SDL KL 7.4% 2041,4694017,100,No,0,0,0,,
74MH31-SG,SDL MH 7.4% 2031,4345601,100,No,0,0,0,,
74MH32-SG,SDL MH 7.4% 2032,4346369,100,No,0,0,0,,
74MH35-SG,SDL MH 7.4% 2035,5885953,100,No,0,0,0,,
74MH36-SG,SDL MH 7.4% 2036,5886721,100,No,0,0,0,,
74ML27-SG,SDL ML 7.4% 2027,3358209,100,No,0,0,0,,
74MP34-SG,SDL MP 7.4% 2034,4302081,100,No,0,0,0,,
74MP46-SG,SDL MP 7.4% 2046,194429953,100,No,0,0,0,,
74MP47-SG,SDL MP 7.4% 2047,194430209,100,No,0,0,0,,
74MZ39-SG,SDL MZ 7.4% 2039,5884161,100,No,0,0,0,,
74PFCL30-N0,,7370497,1,No,0,0,0,,
74PFCL35-N0,,7672577,1,No,0,0,0,,
74PY30-SG,SDL PY 7.4% 2030,6157569,100,No,0,0,0,,
74RJ41-SG,SDL RJ 7.4% 2041,4694273,100,No,0,0,0,,
74RJ42-SG,SDL RJ 7.4% 2042,5884673,100,No,0,0,0,,
74TN34-SG,SDL TN 7.4% 2034,5885441,100,No,0,0,0,,
74TN42-SG,SDL TN 7.4% 2042,2199041,100,No,0,0,0,,
74TN54-SG,SDL TN 7.4% 2054,5943553,100,No,0,0,0,,
74TS43-SG,SDL TS 7.4% 2043,4713473,100,No,0,0,0,,
74TS45-SG,SDL TS 7.4% 2045,4350465,100,No,0,0,0,,
74UP33-SG,SDL UP 7.4% 2033,4467969,100,No,0,0,0,,
74WB38-SG,SDL WB 7.4% 2038,2197505,100,No,0,0,0,,
74WB42-SG,SDL WB 7.4% 2042,4680449,100,No,0,0,0,,
74WB44-SG,SDL WB 7.4% 2044,5885185,100,No,0,0,0,,
750AS30-SG,SDL AS 7.50% 2030,5191169,100,No,0,0,0,,
750BOI35-N0,,7599361,1,No,0,0,0,,
750GA30-SG,SDL GA 7.50% 2030,5175809,100,No,0,0,0,,
750IRFC35-NK,,3009793,1,No,0,0,0,,
750MZ30-SG,SDL MZ 7.50% 2030,5636097,100,No,0,0,0,,
750TCSL28-N0,,193986305,1,No,0,0,0,,
750TN29-SG,SDL TN 7.50% 2029,5659393,100,No,0,0,0,,
750TS28-SG,SDL TS 7.50% 2028,5680385,100,No,0,0,0,,
751AP41-SG,SDL AP 7.51% 2041,6051585,100,No,0,0,0,,
751CG32-SG,SDL CG 7.51% 2032,5787905,100,No,0,0,0,,
751HR29-SG,SDL HR 7.51% 2029,3359233,100,No,0,0,0,,
751HR41-SG,SDL HR 7.51% 2041,194265857,100,No,0,0,0,,
751HUDCO28-N5,,7503873,1,No,0,0,0,,
751JK40-SG,SDL JK 7.51% 2040,194565121,100,No,0,0,0,,
751JK45-SG,SDL JK 7.51% 2045,194274561,100,No,0,0,0,,
751JK54-SG,SDL JK 7.51% 2054,5974529,100,No,0,0,0,,
751MN35-SG,SDL MN 7.51% 2035,4629505,100,No,0,0,0,,
751MP38-SG,SDL MP 7.51% 2038,4907265,100,No,0,0,0,,
751MP48-SG,SDL MP 7.51% 2048,194388993,100,No,0,0,0,,
751NHB31-NC,,6048257,1,No,0,0,0,,
751PN36-SG,SDL PN 7.51% 2036,4630273,100,No,0,0,0,,
751PN37-SG,SDL PN 7.51% 2037,6037761,100,No,0,0,0,,
751RJ34-SG,SDL RJ 7.51% 2034,5788417,100,No,0,0,0,,
751SIDBI28-N0,,6966017,1,No,0,0,0,,
751UP38-SG,SDL UP 7.51% 2038,5978369,100,No,0,0,0,,
751UP39-SG,SDL UP 7.51% 2039,194658305,100,No,0,0,0,,
751UP40-SG,SDL UP 7.51% 2040,5972225,100,No,0,0,0,,
751UP40A-SG,SDL UP 7.51% 2040,194580993,100,No,0,0,0,,
752ABCL30-N0,,194321665,1,No,0,0,0,,
752AP37-SG,SDL AP 7.52% 2037,194672897,100,No,0,0,0,,
752AP38-SG,SDL AP 7.52% 2038,2297345,100,No,0,0,0,,
752AP39-SG,SDL AP 7.52% 2039,4378113,100,No,0,0,0,,
752AP42-SG,SDL AP 7.52% 2042,2298113,100,No,0,0,0,,
752AP43-SG,SDL AP 7.52% 2043,5791745,100,No,0,0,0,,
752AS34-SG,SDL AS 7.52% 2034,5788673,100,No,0,0,0,,
752BR31-SG,SDL BR 7.52% 2031,4846849,100,No,0,0,0,,
752BR36-SG,SDL BR 7.52% 2036,194265089,100,No,0,0,0,,
752BR39-SG,SDL BR 7.52% 2039,5790465,100,No,0,0,0,,
752GA39-SG,SDL GA 7.52% 2039,5979393,100,No,0,0,0,,
752HP39-SG,SDL HP 7.52% 2039,5978881,100,No,0,0,0,,
752HR34-SG,SDL HR 7.52% 2034,6049793,100,No,0,0,0,,
752HR39-SG,SDL HR 7.52% 2039,194232321,100,No,0,0,0,,
752HR41-SG,SDL HR 7.52% 2041,194635009,100,No,0,0,0,,
752HR42-SG,SDL HR 7.52% 2042,194635265,100,No,0,0,0,,
752KA37-SG,SDL KA 7.52% 2037,194691585,100,No,0,0,0,,
752KL33-SG,SDL KL 7.52% 2033,194231041,100,No,0,0,0,,
752MZ40-SG,SDL MZ 7.52% 2040,5790977,100,No,0,0,0,,
752PN35-SG,SDL PN 7.52% 2035,4629249,100,No,0,0,0,,
752RJ34-SG,SDL RJ 7.52% 2034,6050049,100,No,0,0,0,,
752RJ37-SG,SDL RJ 7.52% 2037,6051073,100,No,0,0,0,,
752RJ39-SG,SDL RJ 7.52% 2039,6051329,100,No,0,0,0,,
752RJ44-SG,SDL RJ 7.52% 2044,5973249,100,No,0,0,0,,
752TN33-SG,SDL TN 7.52% 2033,4905473,100,No,0,0,0,,
752TN55-SG,SDL TN 7.52% 2055,194583041,100,No,0,0,0,,
752TS36-SG,SDL TS 7.52% 2036,194629377,100,No,0,0,0,,
752TS52-SG,SDL TS 7.52% 2052,194582785,100,No,0,0,0,,
752TS54-SG,SDL TS 7.52% 2054,194390017,100,No,0,0,0,,
752UP39-SG,SDL UP 7.52% 2039,5979137,100,No,0,0,0,,
752WB39-SG,SDL WB 7.52% 2039,5971969,100,No,0,0,0,,
752WB44-SG,SDL WB 7.52% 2044,194659073,100,No,0,0,0,,
753AP36-SG,SDL AP 7.53% 2036,6050305,100,No,0,0,0,,
753AP40-SG,SDL AP 7.53% 2040,194581249,100,No,0,0,0,,
753AS27-SG,SDL AS 7.53% 2027,2609921,100,No,0,0,0,,
753AS29-SG,SDL AS 7.53% 2029,5442305,100,No,0,0,0,,
753AS32-SG,SDL AS 7.53% 2032,2791937,100,No,0,0,0,,
753BR32-SG,SDL BR 7.53% 2032,2796289,100,No,0,0,0,,
753HR30-SG,SDL HR 7.53% 2030,2778881,100,No,0,0,0,,
753HR33-SG,SDL HR 7.53% 2033,4909825,100,No,0,0,0,,
753ICICI34-N0,,6227969,1,No,0,0,0,,
753IRED34-NA,,5889537,1,No,0,0,0,,
753IRFC30-NJ,,3009025,1,No,0,0,0,,
753KA38-SG,SDL KA 7.53% 2038,194673153,100,No,0,0,0,,
753KL50-SG,SDL KL 7.53% 2050,5974017,100,No,0,0,0,,
753NTPC30E-NC,,2751745,1,No,0,0,0,,
753PHFL30-N0,,193746177,1,No,0,0,0,,
753PN36-SG,SDL PN 7.53% 2036,6050561,100,No,0,0,0,,
753PN37-SG,SDL PN 7.53% 2037,6050817,100,No,0,0,0,,
753RECL34-NP,,6079745,1,No,0,0,0,,
753TN53-SG,SDL TN 7.53% 2053,3655681,100,No,0,0,0,,
753TS47-SG,SDL TS 7.53% 2047,3341057,100,No,0,0,0,,
753TS52-SG,SDL TS 7.53% 2052,194389761,100,No,0,0,0,,
753WB44-SG,SDL WB 7.53% 2044,5973505,100,No,0,0,0,,
754AP29-SG,SDL AP 7.54% 2029,3510273,100,No,0,0,0,,
754AP42-SG,SDL AP 7.54% 2042,194674433,100,No,0,0,0,,
754AS28-SG,SDL AS 7.54% 2028,2725377,100,No,0,0,0,,
754AS28A-SG,SDL AS 7.54% 2028,5304833,100,No,0,0,0,,
754AS34-SG,SDL AS 7.54% 2034,6049537,100,No,0,0,0,,
754BOI34-N0,,6276097,1,No,0,0,0,,
754BR33-SG,SDL BR 7.54% 2033,194285313,100,No,0,0,0,,
754CG31-SG,SDL CG 7.54% 2031,4910081,100,No,0,0,0,,
754GIL29-N0,,193759745,1,No,0,0,0,,
754GS2036-GS,GOI LOAN  7.54% 2036,2453761,1,No,0,0,0,,
754HR40-SG,SDL HR 7.54% 2040,194673665,100,No,0,0,0,,
754KA41-SG,SDL KA 7.54% 2041,3340801,100,No,0,0,0,,
754KL55-SG,SDL KL 7.54% 2055,5974785,100,No,0,0,0,,
754MN38-SG,SDL MN 7.54% 2038,194673409,100,No,0,0,0,,
754MP46-SG,SDL MP 7.54% 2046,194681857,100,No,0,0,0,,
754MP48-SG,SDL MP 7.54% 2048,194582529,100,No,0,0,0,,
754PN32-SG,SDL PN 7.54% 2032,6049281,100,No,0,0,0,,
754RJ33-SG,SDL RJ 7.54% 2033,4912897,100,No,0,0,0,,
754RJ35-SG,SDL RJ 7.54% 2035,194690561,100,No,0,0,0,,
754RJ36-SG,SDL RJ 7.54% 2036,194691329,100,No,0,0,0,,
754RJ53-SG,SDL RJ 7.54% 2053,194218241,100,No,0,0,0,,
754TR40-SG,SDL TR 7.54% 2040,194673921,100,No,0,0,0,,
754TS51-SG,SDL TS 7.54% 2051,194217985,100,No,0,0,0,,
754TS53-SG,SDL TS 7.54% 2053,194218497,100,No,0,0,0,,
754TS55-SG,SDL TS 7.54% 2055,194229761,100,No,0,0,0,,
754UK33-SG,SDL UK 7.54% 2033,4905729,100,No,0,0,0,,
755AP29-SG,SDL AP 7.55% 2029,3241217,100,No,0,0,0,,
755AR45-SG,SDL AR 7.55% 2045,194635777,100,No,0,0,0,,
755AS32-SG,SDL AS 7.55% 2032,2840321,100,No,0,0,0,,
755BR32-SG,SDL BR 7.55% 2032,2840065,100,No,0,0,0,,
755BR32A-SG,SDL BR 7.55% 2032,3337729,100,No,0,0,0,,
755DDL39-N0,,5873665,1,No,0,0,0,,
755GA32-SG,SDL GA 7.55% 2032,3359745,100,No,0,0,0,,
755GJ30-SG,SDL GJ 7.55% 2030,3421697,100,No,0,0,0,,
755GJ31-SG,SDL GJ 7.55% 2031,5305345,100,No,0,0,0,,
755JK38-SG,SDL JK 7.55% 2038,3527425,100,No,0,0,0,,
755MP35-SG,SDL MP 7.55% 2035,4906241,100,No,0,0,0,,
755PFC27-NA,,5915905,1,No,0,0,0,,
755PGCI34-N2,,6034177,1,No,0,0,0,,
755PN32-SG,SDL PN 7.55% 2032,6037249,100,No,0,0,0,,
755RECL26-N0,,6350081,1,No,0,0,0,,
755TCSL28-N0,,194341377,1,No,0,0,0,,
755TN53-SG,SDL TN 7.55% 2053,3613953,100,No,0,0,0,,
755TN54-SG,SDL TN 7.55% 2054,5762305,100,No,0,0,0,,
755TPREL40-N0,,193789953,1,No,0,0,0,,
755TS30-SG,SDL TS 7.55% 2030,3525121,100,No,0,0,0,,
755TS32-SG,SDL TS 7.55% 2032,4911361,100,No,0,0,0,,
755TS46-SG,SDL TS 7.55% 2046,194582273,100,No,0,0,0,,
756AS45-SG,SDL AS 7.56% 2045,194681089,100,No,0,0,0,,
756HP40-SG,SDL HP 7.56% 2040,194232577,100,No,0,0,0,,
756HP40A-SG,SDL HP 7.56% 2040,194674177,100,No,0,0,0,,
756IIFCL28-N0,,7585537,1,No,0,0,0,,
756JK48-SG,SDL JK 7.56% 2048,5178881,100,No,0,0,0,,
756JK53-SG,SDL JK 7.56% 2053,4997377,100,No,0,0,0,,
756KL44-SG,SDL KL 7.56% 2044,194680833,100,No,0,0,0,,
756PY35-SG,SDL PY 7.56% 2035,194657793,100,No,0,0,0,,
756RECL27-N0,,6272001,1,No,0,0,0,,
756RJ33-SG,SDL RJ 7.56% 2033,3864321,100,No,0,0,0,,
756RJ41-SG,SDL RJ 7.56% 2041,194387457,100,No,0,0,0,,
756RJ48-SG,SDL RJ 7.56% 2048,3612929,100,No,0,0,0,,
756TN53-SG,SDL TN 7.56% 2053,3675393,100,No,0,0,0,,
756TN53A-SG,SDL TN 7.56% 2053,5358849,100,No,0,0,0,,
756TN54-SG,SDL TN 7.56% 2054,5516289,100,No,0,0,0,,
756TS40-SG,SDL TS 7.56% 2040,2856961,100,No,0,0,0,,
756TS48-SG,SDL TS 7.56% 2048,3612673,100,No,0,0,0,,
756UP35-SG,SDL UP 7.56% 2035,4907009,100,No,0,0,0,,
756WB39-SG,SDL WB 7.56% 2039,2856705,100,No,0,0,0,,
756WB42-SG,SDL WB 7.56% 2042,2857217,100,No,0,0,0,,
756WB42A-SG,SDL WB 7.56% 2042,194581505,100,No,0,0,0,,
756WB45-SG,SDL WB 7.56% 2045,194387969,100,No,0,0,0,,
757AS32-SG,SDL AS 7.57% 2032,3356673,100,No,0,0,0,,
757BOB24-N0,,5691905,1,No,0,0,0,,
757BR49-SG,SDL BR 7.57% 2049,194389249,100,No,0,0,0,,
757GJ26-SG,SDL GJ 7.57% 2026,3037697,100,No,0,0,0,,
757GJ31-SG,SDL GJ 7.57% 2031,3422465,100,No,0,0,0,,
757GJ32-SG,SDL GJ 7.57% 2032,3525889,100,No,0,0,0,,
757GS2033-GS,GOI LOAN 7.57% 2033,2571777,1,No,0,0,0,,
757HP31-SG,SDL HP 7.57% 2031,2694657,100,No,0,0,0,,
757HP32-SG,SDL HP 7.57% 2032,3357953,100,No,0,0,0,,
757HR30-SG,SDL HR 7.57% 2030,3241985,100,No,0,0,0,,
757IREDL29-NB,,5927681,1,No,0,0,0,,
757IRFC29-NP,,5534977,1,No,0,0,0,,
757JK34-SG,SDL JK 7.57% 2034,2840577,100,No,0,0,0,,
757LICH29-N0,,6617345,1,No,0,0,0,,
757MH31-SG,SDL MH 7.57% 2031,3561729,100,No,0,0,0,,
757ML34-SG,SDL ML 7.57% 2034,194633729,100,No,0,0,0,,
757MP43-SG,SDL MP 7.57% 2043,194233345,100,No,0,0,0,,
757MP45-SG,SDL MP 7.57% 2045,194233601,100,No,0,0,0,,
757NHB31-N8,,5476865,1,No,0,0,0,,
757PN37-SG,SDL PN 7.57% 2037,194386177,100,No,0,0,0,,
757RJ43-SG,SDL RJ 7.57% 2043,194233089,100,No,0,0,0,,
757TN33-SG,SDL TN 7.57% 2033,3511041,100,No,0,0,0,,
757TN53-SG,SDL TN 7.57% 2053,3700481,100,No,0,0,0,,
757TS31-SG,SDL TS 7.57% 2031,3525633,100,No,0,0,0,,
757WB46-SG,SDL WB 7.57% 2046,194682113,100,No,0,0,0,,
758ABHFL35-N0,,194084097,1,No,0,0,0,,
758AP40-SG,SDL AP 7.58% 2040,2793217,100,No,0,0,0,,
758AP42-SG,SDL AP 7.58% 2042,2793729,100,No,0,0,0,,
758AS33-SG,SDL AS 7.58% 2033,3844097,100,No,0,0,0,,
758BR32-SG,SDL BR 7.58% 2032,3356929,100,No,0,0,0,,
758BR43-SG,SDL BR 7.58% 2043,194387713,100,No,0,0,0,,
758CIFL30-N0,,194428417,1,No,0,0,0,,
758GA37-SG,SDL GA 7.58% 2037,2793473,100,No,0,0,0,,
758GA37A-SG,SDL GA 7.58% 2037,2840833,100,No,0,0,0,,
758GJ26-SG,SDL GJ 7.58% 2026,5213953,100,No,0,0,0,,
758GJ32-SG,SDL GJ 7.58% 2032,5357313,100,No,0,0,0,,
758HR30-SG,SDL HR 7.58% 2030,3389697,100,No,0,0,0,,
758JH31-SG,SDL JH 7.58% 2031,3422209,100,No,0,0,0,,
758JK50-SG,SDL JK 7.58% 2050,5096193,100,No,0,0,0,,
758KL49-SG,SDL KL 7.58% 2049,3674881,100,No,0,0,0,,
758KL50-SG,SDL KL 7.58% 2050,194234369,100,No,0,0,0,,
758LICH35-N0,,7475201,1,No,0,0,0,,
758LICH35A-N0,,7750913,1,No,0,0,0,,
758NL33-SG,SDL NL 7.58% 2033,3845377,100,No,0,0,0,,
758PN42-SG,SDL PN 7.58% 2042,2792193,100,No,0,0,0,,
758RECL29-NQ,,6116865,1,No,0,0,0,,
758RJ48-SG,SDL RJ 7.58% 2048,3674625,100,No,0,0,0,,
758SDIL31-N0,,6651393,1,No,0,0,0,,
758TN54-SG,SDL TN 7.58% 2054,5591297,100,No,0,0,0,,
758TS41-SG,SDL TS 7.58% 2041,5310721,100,No,0,0,0,,
758TS45-SG,SDL TS 7.58% 2045,3674369,100,No,0,0,0,,
758TS53-SG,SDL TS 7.58% 2053,194693889,100,No,0,0,0,,
758WB42-SG,SDL WB 7.58% 2042,194680577,100,No,0,0,0,,
759AP33-SG,SDL AP 7.59% 2033,3511553,100,No,0,0,0,,
759AP44-SG,SDL AP 7.59% 2044,194581761,100,No,0,0,0,,
759AS39-SG,SDL AS 7.59% 2039,194658561,100,No,0,0,0,,
759CG30-SG,SDL CG 7.59% 2030,5672449,100,No,0,0,0,,
759GIL30-N0,,193760257,1,No,0,0,0,,
759GS2026-GS,GOI LOAN 7.59% 2026,1827585,1,No,0,0,0,,
759GS2029-GS,GOI LOAN 7.59% 2029,1825281,1,No,0,0,0,,
759HP38-SG,SDL HP 7.59% 2038,3654657,100,No,0,0,0,,
759HR35-SG,SDL HR 7.59% 2035,4906497,100,No,0,0,0,,
759IRDA34-NC,,5952001,1,No,0,0,0,,
759IREDA34-N0,,5841921,1,No,0,0,0,,
759KA38-SG,SDL KA 7.59% 2038,3340545,100,No,0,0,0,,
759LTFL28-N0,,193542401,1,No,0,0,0,,
759MN35-SG,SDL MN 7.59% 2035,4861697,100,No,0,0,0,,
759MP38-SG,SDL MP 7.59% 2038,3654913,100,No,0,0,0,,
759NH27-NE,,6173185,1,No,0,0,0,,
759NHB27-ND,,6121729,1,No,0,0,0,,
759PN33-SG,SDL PN 7.59% 2033,3844865,100,No,0,0,0,,
759PN39-SG,SDL PN 7.59% 2039,3655425,100,No,0,0,0,,
759PY41-SG,SDL PY 7.59% 2041,3627009,100,No,0,0,0,,
759RJ46-SG,SDL RJ 7.59% 2046,5095937,100,No,0,0,0,,
759RJ48-SG,SDL RJ 7.59% 2048,3867905,100,No,0,0,0,,
759RL27-NO,,6024705,1,No,0,0,0,,
759TN44-SG,SDL TN 7.59% 2044,5588225,100,No,0,0,0,,
759TS37-SG,SDL TS 7.59% 2037,3512065,100,No,0,0,0,,
759TS40-SG,SDL TS 7.59% 2040,3512577,100,No,0,0,0,,
759TS40A-SG,SDL TS 7.59% 2040,3626753,100,No,0,0,0,,
759TS46-SG,SDL TS 7.59% 2046,5588481,100,No,0,0,0,,
759TS48-SG,SDL TS 7.59% 2048,194693633,100,No,0,0,0,,
759UP41-SG,SDL UP 7.59% 2041,194691841,100,No,0,0,0,,
759WB39-SG,SDL WB 7.59% 2039,4908033,100,No,0,0,0,,
759WB47-SG,SDL WB 7.59% 2047,194693377,100,No,0,0,0,,
75AP28-SG,SDL AP 7.5% 2028,3240961,100,No,0,0,0,,
75AP32-SG,SDL AP 7.5% 2032,6036993,100,No,0,0,0,,
75AP41-SG,SDL AP 7.5% 2041,4908545,100,No,0,0,0,,
75AP45-SG,SDL AP 7.5% 2045,194388225,100,No,0,0,0,,
75AP46-SG,SDL AP 7.5% 2046,194388737,100,No,0,0,0,,
75AR45-SG,SDL AR 7.5% 2045,194524161,100,No,0,0,0,,
75AS34-SG,SDL AS 7.5% 2034,6014465,100,No,0,0,0,,
75BR31-SG,SDL BR 7.5% 2031,4628481,100,No,0,0,0,,
75GA33-SG,SDL GA 7.5% 2033,4628993,100,No,0,0,0,,
75GFL28-N0,,194042881,1,No,0,0,0,,
75GFL30-N0,,194042369,1,No,0,0,0,,
75GS2034-GS,GOI LOAN 7.50% 2034,1759489,1,No,0,0,0,,
75HP36-SG,SDL HP 7.5% 2036,2805761,100,No,0,0,0,,
75HP37-SG,SDL HP 7.5% 2037,2806017,100,No,0,0,0,,
75HP38-SG,SDL HP 7.5% 2038,4377857,100,No,0,0,0,,
75HR29-SG,SDL HR 7.5% 2029,3480065,100,No,0,0,0,,
75HR30-SG,SDL HR 7.5% 2030,3865089,100,No,0,0,0,,
75IREDA34-ND,,6149889,1,No,0,0,0,,
75MH44-SG,SDL MH 7.5% 2044,5972993,100,No,0,0,0,,
75MN36-SG,SDL MN 7.5% 2036,5940225,100,No,0,0,0,,
75MN36A-SG,SDL MN 7.5% 2036,5978113,100,No,0,0,0,,
75MP36-SG,SDL MP 7.5% 2036,194629121,100,No,0,0,0,,
75MP44-SG,SDL MP 7.5% 2044,194274305,100,No,0,0,0,,
75SK34-SG,SDL SK 7.5% 2034,5939201,100,No,0,0,0,,
75TN31-SG,SDL TN 7.5% 2031,6036737,100,No,0,0,0,,
75TN54-SG,SDL TN 7.5% 2054,5974273,100,No,0,0,0,,
75TR30-SG,SDL TR 7.5% 2030,5667073,100,No,0,0,0,,
75TS51-SG,SDL TS 7.5% 2051,194524417,100,No,0,0,0,,
75TS52-SG,SDL TS 7.5% 2052,194524673,100,No,0,0,0,,
75UK29-SG,SDL UK 7.5% 2029,6027777,100,No,0,0,0,,
75UP35-SG,SDL UP 7.5% 2035,4629761,100,No,0,0,0,,
75WB37-SG,SDL WB 7.5% 2037,194584833,100,No,0,0,0,,
760ABCL35-N0,,193977089,1,No,0,0,0,,
760CIT38-N0,,7689217,1,No,0,0,0,,
760GFL30-N0,,193885441,1,No,0,0,0,,
760PFC29-N0,,5835009,1,No,0,0,0,,
760PFCL35-N3,,5113857,1,No,0,0,0,,
761ABCL35A-N0,,194380801,1,No,0,0,0,,
761AP43-SG,SDL AP 7.61% 2043,5005313,100,No,0,0,0,,
761GJ32-SG,SDL GJ 7.61% 2032,2695937,100,No,0,0,0,,
761GS2030-GS,GOI LOAN 7.61% 2030,1828353,1,No,0,0,0,,
761HP38-SG,SDL HP 7.61% 2038,5309953,100,No,0,0,0,,
761HR32-SG,SDL HR 7.61% 2032,2778369,100,No,0,0,0,,
761JK42-SG,SDL JK 7.61% 2042,3362561,100,No,0,0,0,,
761LIC34-N0,,6410753,1,No,0,0,0,,
761MH29-SG,SDL MH 7.61% 2029,2415361,100,No,0,0,0,,
761RJ32-SG,SDL RJ 7.61% 2032,3424513,100,No,0,0,0,,
761RJ43-SG,SDL RJ 7.61% 2043,3866881,100,No,0,0,0,,
761TN32-SG,SDL TN 7.61% 2032,2778113,100,No,0,0,0,,
761TN32A-SG,SDL TN 7.61% 2032,3425025,100,No,0,0,0,,
761TS32-SG,SDL TS 7.61% 2032,3606529,100,No,0,0,0,,
761TS44-SG,SDL TS 7.61% 2044,3867137,100,No,0,0,0,,
761WB41-SG,SDL WB 7.61% 2041,194658817,100,No,0,0,0,,
762AP36-SG,SDL AP 7.62% 2036,194286849,100,No,0,0,0,,
762AR32-SG,SDL AR 7.62% 2032,3423233,100,No,0,0,0,,
762AS32-SG,SDL AS 7.62% 2032,3242497,100,No,0,0,0,,
762AS33-SG,SDL AS 7.62% 2033,4911617,100,No,0,0,0,,
762BR31-SG,SDL BR 7.62% 2031,4910337,100,No,0,0,0,,
762BR32-SG,SDL BR 7.62% 2032,2778625,100,No,0,0,0,,
762GA32-SG,SDL GA 7.62% 2032,3245569,100,No,0,0,0,,
762GA32A-SG,SDL GA 7.62% 2032,3423489,100,No,0,0,0,,
762GJ28-SG,SDL GJ 7.62% 2028,4986881,100,No,0,0,0,,
762GJ29-SG,SDL GJ 7.62% 2029,2966785,100,No,0,0,0,,
762GS2039-GS,GOI LOAN 7.62% 2039,2441729,1,No,0,0,0,,
762HP43-SG,SDL HP 7.62% 2043,4996865,100,No,0,0,0,,
762HR31-SG,SDL HR 7.62% 2031,3481601,100,No,0,0,0,,
762KL38-SG,SDL KL 7.62% 2038,5309185,100,No,0,0,0,,
762KL44-SG,SDL KL 7.62% 2044,5362689,100,No,0,0,0,,
762KL53-SG,SDL KL 7.62% 2053,3487745,100,No,0,0,0,,
762MH30-SG,SDL MH 7.62% 2030,2481921,100,No,0,0,0,,
762MH30A-SG,SDL MH 7.62% 2030,2886913,100,No,0,0,0,,
762MN35-SG,SDL MN 7.62% 2035,3626241,100,No,0,0,0,,
762MP34-SG,SDL MP 7.62% 2034,3625729,100,No,0,0,0,,
762MZ36-SG,SDL MZ 7.62% 2036,3626497,100,No,0,0,0,,
762MZ38-SG,SDL MZ 7.62% 2038,194634753,100,No,0,0,0,,
762NABAR29-N3,,5953025,1,No,0,0,0,,
762NTPC35F-ND,,2752257,1,No,0,0,0,,
762PN32-SG,SDL PN 7.62% 2032,3244289,100,No,0,0,0,,
762PN38-SG,SDL PN 7.62% 2038,3865601,100,No,0,0,0,,
762PY35-SG,SDL PY 7.62% 2035,3625985,100,No,0,0,0,,
762RJ43-SG,SDL RJ 7.62% 2043,4996609,100,No,0,0,0,,
762TCL30-N0,,193533441,1,No,0,0,0,,
762TN33-SG,SDL TN 7.62% 2033,3482113,100,No,0,0,0,,
762TN34-SG,SDL TN 7.62% 2034,5759745,100,No,0,0,0,,
762TN43-SG,SDL TN 7.62% 2043,3560449,100,No,0,0,0,,
762TN53-SG,SDL TN 7.62% 2053,4988929,100,No,0,0,0,,
762UK33-SG,SDL UK 7.62% 2033,3511297,100,No,0,0,0,,
762UP33-SG,SDL UP 7.62% 2033,5307393,100,No,0,0,0,,
762UP34-SG,SDL UP 7.62% 2034,5308161,100,No,0,0,0,,
762UP35-SG,SDL UP 7.62% 2035,3527169,100,No,0,0,0,,
762WB41-SG,SDL WB 7.62% 2041,194692097,100,No,0,0,0,,
76377AIF29-N0,,194224897,1,No,0,0,0,,
763AP30-SG,SDL AP 7.63% 2030,2439937,100,No,0,0,0,,
763AP37-SG,SDL AP 7.63% 2037,194287361,100,No,0,0,0,,
763AR33-SG,SDL AR 7.63% 2033,5307905,100,No,0,0,0,,
763AS35-SG,SDL AS 7.63% 2035,194286337,100,No,0,0,0,,
763BR38-SG,SDL BR 7.63% 2038,5309697,100,No,0,0,0,,
763GA33-SG,SDL GA 7.63% 2033,5307649,100,No,0,0,0,,
763GJ32-SG,SDL GJ 7.63% 2032,3562497,100,No,0,0,0,,
763GJ33-SG,SDL GJ 7.63% 2033,5595137,100,No,0,0,0,,
763GJ34-SG,SDL GJ 7.63% 2034,5595649,100,No,0,0,0,,
763GS2059-GS,GOI LOAN 7.63% 2059,2536193,1,No,0,0,0,,
763HLICL35-N0,,194647553,1,No,0,0,0,,
763HP37-SG,SDL HP 7.63% 2037,3360513,100,No,0,0,0,,
763HR28-SG,SDL HR 7.63% 2028,2501121,100,No,0,0,0,,
763HR29-SG,SDL HR 7.63% 2029,2414849,100,No,0,0,0,,
763HR32-SG,SDL HR 7.63% 2032,3390465,100,No,0,0,0,,
763HR33-SG,SDL HR 7.63% 2033,3488513,100,No,0,0,0,,
763JH30-SG,SDL JH 7.63% 2030,3606273,100,No,0,0,0,,
763JK53-SG,SDL JK 7.63% 2053,5053953,100,No,0,0,0,,
763JK53A-SG,SDL JK 7.63% 2053,5243649,100,No,0,0,0,,
763KA37-SG,SDL KA 7.63% 2037,3249153,100,No,0,0,0,,
763KA39-SG,SDL KA 7.63% 2039,3360769,100,No,0,0,0,,
763KA40-SG,SDL KA 7.63% 2040,3362305,100,No,0,0,0,,
763KA42-SG,SDL KA 7.63% 2042,3253761,100,No,0,0,0,,
763KL32-SG,SDL KL 7.63% 2032,3424001,100,No,0,0,0,,
763KL43-SG,SDL KL 7.63% 2043,3257857,100,No,0,0,0,,
763MH30-SG,SDL MH 7.63% 2030,2415873,100,No,0,0,0,,
763MH35-SG,SDL MH 7.63% 2035,5760001,100,No,0,0,0,,
763MH36-SG,SDL MH 7.63% 2036,5760513,100,No,0,0,0,,
763ML32-SG,SDL ML 7.63% 2032,5307137,100,No,0,0,0,,
763PN39-SG,SDL PN 7.63% 2039,3252737,100,No,0,0,0,,
763PY32-SG,SDL PY 7.63% 2032,3425793,100,No,0,0,0,,
763RJ41-SG,SDL RJ 7.63% 2041,5761281,100,No,0,0,0,,
763TN47-SG,SDL TN 7.63% 2047,3160321,100,No,0,0,0,,
763TS36-SG,SDL TS 7.63% 2036,3511809,100,No,0,0,0,,
763TS43-SG,SDL TS 7.63% 2043,3154177,100,No,0,0,0,,
763TS44-SG,SDL TS 7.63% 2044,3155969,100,No,0,0,0,,
763WB38-SG,SDL WB 7.63% 2038,5310209,100,No,0,0,0,,
7645LICH30-N0,,7613953,1,No,0,0,0,,
764ABL34-N0,,5898497,1,No,0,0,0,,
764AP31-SG,SDL AP 7.64% 2031,5502465,100,No,0,0,0,,
764AP33-SG,SDL AP 7.64% 2033,3248385,100,No,0,0,0,,
764AR30-SG,SDL AR 7.64% 2030,5265921,100,No,0,0,0,,
764BR32-SG,SDL BR 7.64% 2032,3389953,100,No,0,0,0,,
764GA30-SG,SDL GA 7.64% 2030,5266177,100,No,0,0,0,,
764GA33-SG,SDL GA 7.64% 2033,3555073,100,No,0,0,0,,
764GA38-SG,SDL GA 7.64% 2038,3486465,100,No,0,0,0,,
764GJ31-SG,SDL GJ 7.64% 2031,5443073,100,No,0,0,0,,
764GJ33-SG,SDL GJ 7.64% 2033,5504001,100,No,0,0,0,,
764GJ34-SG,SDL GJ 7.64% 2034,5504769,100,No,0,0,0,,
764HP39-SG,SDL HP 7.64% 2039,5507073,100,No,0,0,0,,
764HR31-SG,SDL HR 7.64% 2031,3562241,100,No,0,0,0,,
764HUDCO31-N8,,5101569,1,No,0,0,0,,
764IRFC31-NO,,3883009,1,No,0,0,0,,
764JK50-SG,SDL JK 7.64% 2050,5222913,100,No,0,0,0,,
764KA32-SG,SDL KA 7.64% 2032,4997889,100,No,0,0,0,,
764KA39-SG,SDL KA 7.64% 2039,5310465,100,No,0,0,0,,
764KL34-SG,SDL KL 7.64% 2034,3483137,100,No,0,0,0,,
764MH32-SG,SDL MH 7.64% 2032,2888961,100,No,0,0,0,,
764MH33-SG,SDL MH 7.64% 2033,3554817,100,No,0,0,0,,
764MP33-SG,SDL MP 7.64% 2033,3607809,100,No,0,0,0,,
764NABAR31-N2,,5128705,1,No,0,0,0,,
764REC34-NK,,5500161,1,No,0,0,0,,
764RJ38-SG,SDL RJ 7.64% 2038,3558913,100,No,0,0,0,,
764RJ49-SG,SDL RJ 7.64% 2049,5213697,100,No,0,0,0,,
764RL27-NM,,5840641,1,No,0,0,0,,
764TN29-SG,SDL TN 7.64% 2029,2675713,100,No,0,0,0,,
764TN32-SG,SDL TN 7.64% 2032,2699265,100,No,0,0,0,,
764TS33-SG,SDL TS 7.64% 2033,3608833,100,No,0,0,0,,
764UK32-SG,SDL UK 7.64% 2032,194689281,100,No,0,0,0,,
764UP36-SG,SDL UP 7.64% 2036,3611905,100,No,0,0,0,,
764WB32-SG,SDL WB 7.64% 2032,3391489,100,No,0,0,0,,
764WB42-SG,SDL WB 7.64% 2042,3486977,100,No,0,0,0,,
764WB43-SG,SDL WB 7.64% 2043,4997121,100,No,0,0,0,,
764WB43A-SG,SDL WB 7.64% 2043,5362177,100,No,0,0,0,,
765AS32-SG,SDL AS 7.65% 2032,2755841,100,No,0,0,0,,
765BR32-SG,SDL BR 7.65% 2032,2695425,100,No,0,0,0,,
765BR32A-SG,SDL BR 7.65% 2032,2744577,100,No,0,0,0,,
765BR33-SG,SDL BR 7.65% 2033,194689793,100,No,0,0,0,,
765CG33-SG,SDL CG 7.65% 2033,5758465,100,No,0,0,0,,
765GA32-SG,SDL GA 7.65% 2032,3390209,100,No,0,0,0,,
765GA33-SG,SDL GA 7.65% 2033,5180929,100,No,0,0,0,,
765GA34-SG,SDL GA 7.65% 2034,5758977,100,No,0,0,0,,
765GJ29-SG,SDL GJ 7.65% 2029,2619649,100,No,0,0,0,,
765GJ29A-SG,SDL GJ 7.65% 2029,5214209,100,No,0,0,0,,
765GJ33-SG,SDL GJ 7.65% 2033,3574785,100,No,0,0,0,,
765HDFC34-N1,,5944833,1,No,0,0,0,,
765HP35-SG,SDL HP 7.65% 2035,5308929,100,No,0,0,0,,
765HR30-SG,SDL HR 7.65% 2030,3572993,100,No,0,0,0,,
765HR33-SG,SDL HR 7.65% 2033,3553793,100,No,0,0,0,,
765HR33A-SG,SDL HR 7.65% 2033,3653633,100,No,0,0,0,,
765HR33B-SG,SDL HR 7.65% 2033,5181441,100,No,0,0,0,,
765JK37-SG,SDL JK 7.65% 2037,194634497,100,No,0,0,0,,
765KA34-SG,SDL KA 7.65% 2034,3426305,100,No,0,0,0,,
765KL48-SG,SDL KL 7.65% 2048,3582977,100,No,0,0,0,,
765LICH31-N0,,6496257,1,No,0,0,0,,
765NBFID38-N0,,5335297,1,No,0,0,0,,
765NL32-SG,SDL NL 7.65% 2032,3391233,100,No,0,0,0,,
765PGCIL34-N0,,5456641,1,No,0,0,0,,
765PN42-SG,SDL PN 7.65% 2042,3067137,100,No,0,0,0,,
765RJ32-SG,SDL RJ 7.65% 2032,2699009,100,No,0,0,0,,
765RJ32A-SG,SDL RJ 7.65% 2032,2889729,100,No,0,0,0,,
765RJ33-SG,SDL RJ 7.65% 2033,3553537,100,No,0,0,0,,
765RJ48-SG,SDL RJ 7.65% 2048,5053441,100,No,0,0,0,,
765SHFL29-N0,,6642689,1,No,0,0,0,,
765TMCV27-N0,,194505473,1,No,0,0,0,,
765TMCV28-N0,,194511617,1,No,0,0,0,,
765TML28-N0,,193581825,1,No,0,0,0,,
765TN29-SG,SDL TN 7.65% 2029,2619905,100,No,0,0,0,,
765TN30-SG,SDL TN 7.65% 2030,5096449,100,No,0,0,0,,
765TN33-SG,SDL TN 7.65% 2033,3551745,100,No,0,0,0,,
765TN33A-SG,SDL TN 7.65% 2033,4998145,100,No,0,0,0,,
765TN53-SG,SDL TN 7.65% 2053,3583233,100,No,0,0,0,,
765TPREL40-N0,,194301697,1,No,0,0,0,,
765TS30-SG,SDL TS 7.65% 2030,5680129,100,No,0,0,0,,
765TS39-SG,SDL TS 7.65% 2039,5004801,100,No,0,0,0,,
765UP30-SG,SDL UP 7.65% 2030,5654017,100,No,0,0,0,,
765UP34-SG,SDL UP 7.65% 2034,5361409,100,No,0,0,0,,
766AP32-SG,SDL AP 7.66% 2032,3573249,100,No,0,0,0,,
766AP37-SG,SDL AP 7.66% 2037,5001729,100,No,0,0,0,,
766AP42-SG,SDL AP 7.66% 2042,5022977,100,No,0,0,0,,
766BR33-SG,SDL BR 7.66% 2033,3609089,100,No,0,0,0,,
766GJ30-SG,SDL GJ 7.66% 2030,3652865,100,No,0,0,0,,
766GJ30A-SG,SDL GJ 7.66% 2030,5242625,100,No,0,0,0,,
766GJ32-SG,SDL GJ 7.66% 2032,5443585,100,No,0,0,0,,
766HR29-SG,SDL HR 7.66% 2029,3746561,100,No,0,0,0,,
766HR35-SG,SDL HR 7.66% 2035,5000449,100,No,0,0,0,,
766HR36-SG,SDL HR 7.66% 2036,5760257,100,No,0,0,0,,
766KA42-SG,SDL KA 7.66% 2042,3152129,100,No,0,0,0,,
766KL46-SG,SDL KL 7.66% 2046,5052673,100,No,0,0,0,,
766KL50-SG,SDL KL 7.66% 2050,3728129,100,No,0,0,0,,
766LICH29-N0,,7502081,1,No,0,0,0,,
766MH33-SG,SDL MH 7.66% 2033,3724545,100,No,0,0,0,,
766ML32-SG,SDL ML 7.66% 2032,5179137,100,No,0,0,0,,
766MP48-SG,SDL MP 7.66% 2048,3727105,100,No,0,0,0,,
766RJ31-SG,SDL RJ 7.66% 2031,5591553,100,No,0,0,0,,
766RJ33-SG,SDL RJ 7.66% 2033,3573761,100,No,0,0,0,,
766RJ33A-SG,SDL RJ 7.66% 2033,5758721,100,No,0,0,0,,
766RJ34-SG,SDL RJ 7.66% 2034,5759233,100,No,0,0,0,,
766RJ43-SG,SDL RJ 7.66% 2043,3582465,100,No,0,0,0,,
766SK33-SG,SDL SK 7.66% 2033,3654145,100,No,0,0,0,,
766TN33-SG,SDL TN 7.66% 2033,5357569,100,No,0,0,0,,
766TN43-SG,SDL TN 7.66% 2043,5023233,100,No,0,0,0,,
766TS34-SG,SDL TS 7.66% 2034,3427073,100,No,0,0,0,,
766TS44-SG,SDL TS 7.66% 2044,3582721,100,No,0,0,0,,
766UP32-SG,SDL UP 7.66% 2032,2757377,100,No,0,0,0,,
766UP33-SG,SDL UP 7.66% 2033,3625473,100,No,0,0,0,,
766UP33A-SG,SDL UP 7.66% 2033,3653889,100,No,0,0,0,,
766WB39-SG,SDL WB 7.66% 2039,3559937,100,No,0,0,0,,
766WB43-SG,SDL WB 7.66% 2043,5587713,100,No,0,0,0,,
767AP31-SG,SDL AP 7.67% 2031,2482177,100,No,0,0,0,,
767AP38-SG,SDL AP 7.67% 2038,4988673,100,No,0,0,0,,
767AP38A-SG,SDL AP 7.67% 2038,5506561,100,No,0,0,0,,
767AS32-SG,SDL AS 7.67% 2032,3066881,100,No,0,0,0,,
767AS33-SG,SDL AS 7.67% 2033,3552513,100,No,0,0,0,,
767AS33A-SG,SDL AS 7.67% 2033,3607553,100,No,0,0,0,,
767AS33B-SG,SDL AS 7.67% 2033,4998657,100,No,0,0,0,,
767CG31-SG,SDL CG 7.67% 2031,5593345,100,No,0,0,0,,
767CG33-SG,SDL CG 7.67% 2033,5504513,100,No,0,0,0,,
767GA33-SG,SDL GA 7.67% 2033,4998913,100,No,0,0,0,,
767GA33A-SG,SDL GA 7.67% 2033,5359873,100,No,0,0,0,,
767HP34-SG,SDL HP 7.67% 2034,5506305,100,No,0,0,0,,
767HR32-SG,SDL HR 7.67% 2032,2888705,100,No,0,0,0,,
767HR35-SG,SDL HR 7.67% 2035,5361665,100,No,0,0,0,,
767JH37-SG,SDL JH 7.67% 2037,3393793,100,No,0,0,0,,
767KA32-SG,SDL KA 7.67% 2032,3067905,100,No,0,0,0,,
767KA36-SG,SDL KA 7.67% 2036,5176833,100,No,0,0,0,,
767KA42-SG,SDL KA 7.67% 2042,5585921,100,No,0,0,0,,
767KL34-SG,SDL KL 7.67% 2034,2777857,100,No,0,0,0,,
767KL43-SG,SDL KL 7.67% 2043,5761537,100,No,0,0,0,,
767MP33-SG,SDL MP 7.67% 2033,3575041,100,No,0,0,0,,
767NL32-SG,SDL NL 7.67% 2032,2698497,100,No,0,0,0,,
767NL33-SG,SDL NL 7.67% 2033,3488257,100,No,0,0,0,,
767NL33A-SG,SDL NL 7.67% 2033,3575553,100,No,0,0,0,,
767NL33B-SG,SDL NL 7.67% 2033,5182209,100,No,0,0,0,,
767PN35-SG,SDL PN 7.67% 2035,4906753,100,No,0,0,0,,
767RJ33-SG,SDL RJ 7.67% 2033,5361153,100,No,0,0,0,,
767RJ34-SG,SDL RJ 7.67% 2034,5596929,100,No,0,0,0,,
767TN30-SG,SDL TN 7.67% 2030,5240321,100,No,0,0,0,,
767TN53-SG,SDL TN 7.67% 2053,3728385,100,No,0,0,0,,
767TS35-SG,SDL TS 7.67% 2035,3427585,100,No,0,0,0,,
767TS45-SG,SDL TS 7.67% 2045,5051649,100,No,0,0,0,,
767UK33-SG,SDL UK 7.67% 2033,3610113,100,No,0,0,0,,
767UK33A-SG,SDL UK 7.67% 2033,5358337,100,No,0,0,0,,
767UP33-SG,SDL UP 7.67% 2033,5360129,100,No,0,0,0,,
767WB37-SG,SDL WB 7.67% 2037,3388673,100,No,0,0,0,,
767WB39-SG,SDL WB 7.67% 2039,3430145,100,No,0,0,0,,
767WB41-SG,SDL WB 7.67% 2041,3430657,100,No,0,0,0,,
767WB43-SG,SDL WB 7.67% 2043,5761793,100,No,0,0,0,,
767WB44-SG,SDL WB 7.67% 2044,5762049,100,No,0,0,0,,
76825AIFL2-N0,,194613505,1,No,0,0,0,,
7685TCHF28-N0,,7383041,1,No,0,0,0,,
768AP37-SG,SDL AP 7.68% 2037,5598721,100,No,0,0,0,,
768AR33-SG,SDL AR 7.68% 2033,5182465,100,No,0,0,0,,
768AS31-SG,SDL AS 7.68% 2031,5502977,100,No,0,0,0,,
768AS32-SG,SDL AS 7.68% 2032,2695169,100,No,0,0,0,,
768BR32-SG,SDL BR 7.68% 2032,3068161,100,No,0,0,0,,
768BR33-SG,SDL BR 7.68% 2033,3653377,100,No,0,0,0,,
768CG32-SG,SDL CG 7.68% 2032,5503745,100,No,0,0,0,,
768GJ30-SG,SDL GJ 7.68% 2030,3623937,100,No,0,0,0,,
768GJ33-SG,SDL GJ 7.68% 2033,3724289,100,No,0,0,0,,
768GSGL28-N0,,194049793,1,No,0,0,0,,
768GSGL28A-N0,,194050305,1,No,0,0,0,,
768GSGL28B-N0,,194050817,1,No,0,0,0,,
768GSGL28C-N0,,194051329,1,No,0,0,0,,
768HR31-SG,SDL HR 7.68% 2031,3147521,100,No,0,0,0,,
768HR33-SG,SDL HR 7.68% 2033,3575809,100,No,0,0,0,,
768IREDA33-N8,,5337089,1,No,0,0,0,,
768JH32-SG,SDL JH 7.68% 2032,5593857,100,No,0,0,0,,
768JK37-SG,SDL JK 7.68% 2037,3251457,100,No,0,0,0,,
768JK44-SG,SDL JK 7.68% 2044,5449729,100,No,0,0,0,,
768KA31-SG,SDL KA 7.68% 2031,3066369,100,No,0,0,0,,
768KA34-SG,SDL KA 7.68% 2034,3393025,100,No,0,0,0,,
768KA37-SG,SDL KA 7.68% 2037,5361921,100,No,0,0,0,,
768KA39-SG,SDL KA 7.68% 2039,5507329,100,No,0,0,0,,
768LIC34-N4,,6120193,1,No,0,0,0,,
768MP34-SG,SDL MP 7.68% 2034,5022465,100,No,0,0,0,,
768PN39-SG,SDL PN 7.68% 2039,3429889,100,No,0,0,0,,
768PN42-SG,SDL PN 7.68% 2042,2886657,100,No,0,0,0,,
768SID27-N0,,6187777,1,No,0,0,0,,
768SIDB27-N2,,5803009,1,No,0,0,0,,
768SIDBI27-N3,,5952513,1,No,0,0,0,,
768TN30-SG,SDL TN 7.68% 2030,5021185,100,No,0,0,0,,
768TN30A-SG,SDL TN 7.68% 2030,5054721,100,No,0,0,0,,
768TN30B-SG,SDL TN 7.68% 2030,5205761,100,No,0,0,0,,
768TS37-SG,SDL TS 7.68% 2037,5177601,100,No,0,0,0,,
768TS42-SG,SDL TS 7.68% 2042,3582209,100,No,0,0,0,,
768TS44-SG,SDL TS 7.68% 2044,194582017,100,No,0,0,0,,
768UP32-SG,SDL UP 7.68% 2032,2889985,100,No,0,0,0,,
768UP34-SG,SDL UP 7.68% 2034,5000193,100,No,0,0,0,,
768UP34A-SG,SDL UP 7.68% 2034,5176321,100,No,0,0,0,,
768WB32-SG,SDL WB 7.68% 2032,2890497,100,No,0,0,0,,
769AP35-SG,SDL AP 7.69% 2035,3552769,100,No,0,0,0,,
769AP42-SG,SDL AP 7.69% 2042,5168641,100,No,0,0,0,,
769AP43-SG,SDL AP 7.69% 2043,3673857,100,No,0,0,0,,
769AS33-SG,SDL AS 7.69% 2033,3573505,100,No,0,0,0,,
769BR32-SG,SDL BR 7.69% 2032,2888193,100,No,0,0,0,,
769BR39-SG,SDL BR 7.69% 2039,5761025,100,No,0,0,0,,
769GA32-SG,SDL GA 7.69% 2032,2888449,100,No,0,0,0,,
769GA32A-SG,SDL GA 7.69% 2032,3149057,100,No,0,0,0,,
769GA34-SG,SDL GA 7.69% 2034,5597441,100,No,0,0,0,,
769GS2043-GS,GOI LOAN 7.69% 2043,2531329,1,No,0,0,0,,
769HR27-SG,SDL HR 7.69% 2027,2527489,100,No,0,0,0,,
769HUDCO31-N9,,5102081,1,No,0,0,0,,
769ICPR35-N0,,194767617,1,No,0,0,0,,
769IGT28-NH,,883457,1,No,0,0,0,,
769KA33-SG,SDL KA 7.69% 2033,5021441,100,No,0,0,0,,
769KA33A-SG,SDL KA 7.69% 2033,5220353,100,No,0,0,0,,
769KA40-SG,SDL KA 7.69% 2040,5514241,100,No,0,0,0,,
769KL40-SG,SDL KL 7.69% 2040,2890753,100,No,0,0,0,,
769LIC34-N0,,5794049,1,No,0,0,0,,
769LICH26-N0,,7104001,1,No,0,0,0,,
769MH31-SG,SDL MH 7.69% 2031,3719937,100,No,0,0,0,,
769ML35-SG,SDL ML 7.69% 2035,194286593,100,No,0,0,0,,
769MN34-SG,SDL MN 7.69% 2034,3392513,100,No,0,0,0,,
769MP43-SG,SDL MP 7.69% 2043,3674113,100,No,0,0,0,,
769MZ31-SG,SDL MZ 7.69% 2031,2485249,100,No,0,0,0,,
769MZ37-SG,SDL MZ 7.69% 2037,3557633,100,No,0,0,0,,
769NHAI31-NE,,3719425,1,No,0,0,0,,
769PN36-SG,SDL PN 7.69% 2036,5760769,100,No,0,0,0,,
769PN39-SG,SDL PN 7.69% 2039,3681537,100,No,0,0,0,,
769PY37-SG,SDL PY 7.69% 2037,3429633,100,No,0,0,0,,
769RJ39-SG,SDL RJ 7.69% 2039,3681281,100,No,0,0,0,,
769TFSIL28-N0,,193774081,1,No,0,0,0,,
769TN37-SG,SDL TN 7.69% 2037,3428609,100,No,0,0,0,,
769TN43-SG,SDL TN 7.69% 2043,3673345,100,No,0,0,0,,
769TS32-SG,SDL TS 7.69% 2032,3720449,100,No,0,0,0,,
769UP35-SG,SDL UP 7.69% 2035,3556097,100,No,0,0,0,,
769UP35A-SG,SDL UP 7.69% 2035,4988161,100,No,0,0,0,,
769WB39-SG,SDL WB 7.69% 2039,3671041,100,No,0,0,0,,
769WB42-SG,SDL WB 7.69% 2042,3672833,100,No,0,0,0,,
76AP28-SG,SDL AP 7.6% 2028,2892545,100,No,0,0,0,,
76AP29-SG,SDL AP 7.6% 2029,3828225,100,No,0,0,0,,
76AP34-SG,SDL AP 7.6% 2034,4905985,100,No,0,0,0,,
76AP44-SG,SDL AP 7.6% 2044,5515009,100,No,0,0,0,,
76BR37-SG,SDL BR 7.6% 2037,194634241,100,No,0,0,0,,
76GJ32-SG,SDL GJ 7.6% 2032,3242753,100,No,0,0,0,,
76GJ33-SG,SDL GJ 7.6% 2033,5758209,100,No,0,0,0,,
76GJ35-SG,SDL GJ 7.6% 2035,3611393,100,No,0,0,0,,
76IGT26-ND,,876801,1,No,0,0,0,,
76JK35-SG,SDL JK 7.6% 2035,3610369,100,No,0,0,0,,
76JK45-SG,SDL JK 7.6% 2045,194693121,100,No,0,0,0,,
76JK53-SG,SDL JK 7.6% 2053,5023489,100,No,0,0,0,,
76JK53A-SG,SDL JK 7.6% 2053,5170433,100,No,0,0,0,,
76KA32-SG,SDL KA 7.6% 2032,3390721,100,No,0,0,0,,
76KA32A-SG,SDL KA 7.6% 2032,3423745,100,No,0,0,0,,
76KA33-SG,SDL KA 7.6% 2033,3481857,100,No,0,0,0,,
76KA38-SG,SDL KA 7.6% 2038,5309441,100,No,0,0,0,,
76KL42-SG,SDL KL 7.6% 2042,194692609,100,No,0,0,0,,
76KL45-SG,SDL KL 7.6% 2045,3561217,100,No,0,0,0,,
76MH30-SG,SDL MH 7.6% 2030,5615105,100,No,0,0,0,,
76NHAI31-NA,,3072769,1,No,0,0,0,,
76RCFL29-N0,,194308353,1,No,0,0,0,,
76TN31-SG,SDL TN 7.6% 2031,5757953,100,No,0,0,0,,
76TN32-SG,SDL TN 7.6% 2032,2744321,100,No,0,0,0,,
76TS42-SG,SDL TS 7.6% 2042,194692353,100,No,0,0,0,,
76TS43-SG,SDL TS 7.6% 2043,5514753,100,No,0,0,0,,
76TS47-SG,SDL TS 7.6% 2047,5516033,100,No,0,0,0,,
76WB45-SG,SDL WB 7.6% 2045,194692865,100,No,0,0,0,,
770AIFL26-N0,,194273281,1,No,0,0,0,,
770AIFL29-N0,,194272769,1,No,0,0,0,,
770MH32-SG,SDL MH 7.70% 2032,2488833,100,No,0,0,0,,
770NABAR27-N4,,6092033,1,No,0,0,0,,
770RECL26-NR,,6117377,1,No,0,0,0,,
770SHFL27-N0,,193579777,1,No,0,0,0,,
770SHFL29-N0,,6952449,1,No,0,0,0,,
770SUNF28-N0,,7467265,1,No,0,0,0,,
770TPREL34-N0,,7372033,1,No,0,0,0,,
7712TCHF28-N0,,6615041,1,No,0,0,0,,
771AP31-SG,SDL AP 7.71% 2031,5240833,100,No,0,0,0,,
771AP32-SG,SDL AP 7.71% 2032,2486017,100,No,0,0,0,,
771AP33-SG,SDL AP 7.71% 2033,3653121,100,No,0,0,0,,
771AP33A-SG,SDL AP 7.71% 2033,3829505,100,No,0,0,0,,
771AP34-SG,SDL AP 7.71% 2034,2887937,100,No,0,0,0,,
771AP36-SG,SDL AP 7.71% 2036,3576833,100,No,0,0,0,,
771AP37-SG,SDL AP 7.71% 2037,2777089,100,No,0,0,0,,
771AP37A-SG,SDL AP 7.71% 2037,5221889,100,No,0,0,0,,
771AP39-SG,SDL AP 7.71% 2039,2776833,100,No,0,0,0,,
771AP42-SG,SDL AP 7.71% 2042,2776577,100,No,0,0,0,,
771AS33-SG,SDL AS 7.71% 2033,3624961,100,No,0,0,0,,
771BR33-SG,SDL BR 7.71% 2033,3694337,100,No,0,0,0,,
771GJ33-SG,SDL GJ 7.71% 2033,3679745,100,No,0,0,0,,
771GJ34-SG,SDL GJ 7.71% 2034,3694593,100,No,0,0,0,,
771HDFCB33-N0,,5312769,1,No,0,0,0,,
771HR33-SG,SDL HR 7.71% 2033,5208065,100,No,0,0,0,,
771HR33A-SG,SDL HR 7.71% 2033,5241601,100,No,0,0,0,,
771JK48-SG,SDL JK 7.71% 2048,5310977,100,No,0,0,0,,
771KA36-SG,SDL KA 7.71% 2036,5242369,100,No,0,0,0,,
771KA38-SG,SDL KA 7.71% 2038,5448449,100,No,0,0,0,,
771KL42-SG,SDL KL 7.71% 2042,2776321,100,No,0,0,0,,
771KL43-SG,SDL KL 7.71% 2043,5213185,100,No,0,0,0,,
771MH33-SG,SDL MH 7.71% 2033,5097217,100,No,0,0,0,,
771MN32-SG,SDL MN 7.71% 2032,2889217,100,No,0,0,0,,
771MP40-SG,SDL MP 7.71% 2040,5601025,100,No,0,0,0,,
771NIIF35-N0,,193502977,1,No,0,0,0,,
771REC27-NJ,,5496321,1,No,0,0,0,,
771RJ33-SG,SDL RJ 7.71% 2033,5021953,100,No,0,0,0,,
771SIHF35-N0,,194528769,1,No,0,0,0,,
771UK33-SG,SDL UK 7.71% 2033,4987393,100,No,0,0,0,,
771UP33-SG,SDL UP 7.71% 2033,5055489,100,No,0,0,0,,
771WB39-SG,SDL WB 7.71% 2039,3581697,100,No,0,0,0,,
771WB41-SG,SDL WB 7.71% 2041,5212673,100,No,0,0,0,,
771WB43-SG,SDL WB 7.71% 2043,5212929,100,No,0,0,0,,
772AP34-SG,SDL AP 7.72% 2034,2694913,100,No,0,0,0,,
772AP35-SG,SDL AP 7.72% 2035,2743809,100,No,0,0,0,,
772AP36-SG,SDL AP 7.72% 2036,5022721,100,No,0,0,0,,
772AP38-SG,SDL AP 7.72% 2038,5166849,100,No,0,0,0,,
772AP41-SG,SDL AP 7.72% 2041,5050625,100,No,0,0,0,,
772AS33-SG,SDL AS 7.72% 2033,3721985,100,No,0,0,0,,
772BR33-SG,SDL BR 7.72% 2033,3625217,100,No,0,0,0,,
772BR33A-SG,SDL BR 7.72% 2033,3680001,100,No,0,0,0,,
772GJ34-SG,SDL GJ 7.72% 2034,3748609,100,No,0,0,0,,
772GJ35-SG,SDL GJ 7.72% 2035,3725569,100,No,0,0,0,,
772GS2049-GS,GOI LOAN 7.72% 2049,2458625,1,No,0,0,0,,
772GS2055-GS,GOI LOAN 7.72% 2055,1826817,1,No,0,0,0,,
772HP31-SG,SDL HP 7.72% 2031,3747073,100,No,0,0,0,,
772HR32-SG,SDL HR 7.72% 2032,3747329,100,No,0,0,0,,
772HR33-SG,SDL HR 7.72% 2033,5220609,100,No,0,0,0,,
772HR35-SG,SDL HR 7.72% 2035,5094657,100,No,0,0,0,,
772IGT31-NK,,888321,1,No,0,0,0,,
772JK32-SG,SDL JK 7.72% 2032,2487553,100,No,0,0,0,,
772JK43-SG,SDL JK 7.72% 2043,5362433,100,No,0,0,0,,
772KA35-SG,SDL KA 7.72% 2035,5221377,100,No,0,0,0,,
772KA35A-SG,SDL KA 7.72% 2035,5242113,100,No,0,0,0,,
772KA37-SG,SDL KA 7.72% 2037,5447937,100,No,0,0,0,,
772MH31-SG,SDL MH 7.72% 2031,3677953,100,No,0,0,0,,
772MH32-SG,SDL MH 7.72% 2032,3747585,100,No,0,0,0,,
772MH34-SG,SDL MH 7.72% 2034,2489345,100,No,0,0,0,,
772MH35-SG,SDL MH 7.72% 2035,5445377,100,No,0,0,0,,
772ML31-SG,SDL ML 7.72% 2031,4996353,100,No,0,0,0,,
772MN32-SG,SDL MN 7.72% 2032,2487809,100,No,0,0,0,,
772MN37-SG,SDL MN 7.72% 2037,194287105,100,No,0,0,0,,
772MP38-SG,SDL MP 7.72% 2038,3578113,100,No,0,0,0,,
772MZ38-SG,SDL MZ 7.72% 2038,5001985,100,No,0,0,0,,
772RJ33-SG,SDL RJ 7.72% 2033,5097473,100,No,0,0,0,,
772RJ35-SG,SDL RJ 7.72% 2035,2489601,100,No,0,0,0,,
772TIL34-N0,,6419969,1,No,0,0,0,,
772TN33-SG,SDL TN 7.72% 2033,5022209,100,No,0,0,0,,
772TN34-SG,SDL TN 7.72% 2034,5444865,100,No,0,0,0,,
772TS35-SG,SDL TS 7.72% 2035,5019905,100,No,0,0,0,,
772TS36-SG,SDL TS 7.72% 2036,5094913,100,No,0,0,0,,
772TS46-SG,SDL TS 7.72% 2046,3699713,100,No,0,0,0,,
772TS57-SG,SDL TS 7.72% 2057,194283521,100,No,0,0,0,,
772TS63-SG,SDL TS 7.72% 2063,194284033,100,No,0,0,0,,
772UP34-SG,SDL UP 7.72% 2034,5094401,100,No,0,0,0,,
772UP36-SG,SDL UP 7.72% 2036,3577089,100,No,0,0,0,,
772WB37-SG,SDL WB 7.72% 2037,5222145,100,No,0,0,0,,
772WB38-SG,SDL WB 7.72% 2038,2891521,100,No,0,0,0,,
773AIFL26-N0,,194271745,1,No,0,0,0,,
773AIFL28-N0,,194272257,1,No,0,0,0,,
773AIFL30-N0,,194224385,1,No,0,0,0,,
773AP32-SG,SDL AP 7.73% 2032,3747841,100,No,0,0,0,,
773AP32A-SG,SDL AP 7.73% 2032,5220097,100,No,0,0,0,,
773BR32-SG,SDL BR 7.73% 2032,2969089,100,No,0,0,0,,
773BR33-SG,SDL BR 7.73% 2033,3720705,100,No,0,0,0,,
773BR38-SG,SDL BR 7.73% 2038,5095425,100,No,0,0,0,,
773BR39-SG,SDL BR 7.73% 2039,5418753,100,No,0,0,0,,
773BR39A-SG,SDL BR 7.73% 2039,5513985,100,No,0,0,0,,
773CG31-SG,SDL CG 7.73% 2031,5054977,100,No,0,0,0,,
773GA33-SG,SDL GA 7.73% 2033,5047553,100,No,0,0,0,,
773GJ29-SG,SDL GJ 7.73% 2029,5388545,100,No,0,0,0,,
773GJ32-SG,SDL GJ 7.73% 2032,2725889,100,No,0,0,0,,
773GJ36-SG,SDL GJ 7.73% 2036,3750913,100,No,0,0,0,,
773GS2034-GS,GOI LOAN 7.73% 2034,1824513,1,No,0,0,0,,
773HR32-SG,SDL HR 7.73% 2032,3678465,100,No,0,0,0,,
773HR33-SG,SDL HR 7.73% 2033,2416897,100,No,0,0,0,,
773KA34-SG,SDL KA 7.73% 2034,5209601,100,No,0,0,0,,
773KA35-SG,SDL KA 7.73% 2035,5048577,100,No,0,0,0,,
773KA35A-SG,SDL KA 7.73% 2035,5417729,100,No,0,0,0,,
773KA36-SG,SDL KA 7.73% 2036,5049089,100,No,0,0,0,,
773KA41-SG,SDL KA 7.73% 2041,5585409,100,No,0,0,0,,
773LIC34-N2,,5951489,1,No,0,0,0,,
773LICH27-N0,,7718145,1,No,0,0,0,,
773MH32-SG,SDL MH 7.73% 2032,3793665,100,No,0,0,0,,
773MH34-SG,SDL MH 7.73% 2034,3749121,100,No,0,0,0,,
773MH36-SG,SDL MH 7.73% 2036,5445889,100,No,0,0,0,,
773MN35-SG,SDL MN 7.73% 2035,5020417,100,No,0,0,0,,
773MZ39-SG,SDL MZ 7.73% 2039,5599233,100,No,0,0,0,,
773PN32-SG,SDL PN 7.73% 2032,194285057,100,No,0,0,0,,
773RJ33-SG,SDL RJ 7.73% 2033,5047297,100,No,0,0,0,,
773RJ38-SG,SDL RJ 7.73% 2038,3578625,100,No,0,0,0,,
773RJ55-SG,SDL RJ 7.73% 2055,194283265,100,No,0,0,0,,
773TCHFL30-N0,,7450369,1,No,0,0,0,,
773TIL35-N0,,7597057,1,No,0,0,0,,
773TS34-SG,SDL TS 7.73% 2034,3695617,100,No,0,0,0,,
773TS40-SG,SDL TS 7.73% 2040,5168385,100,No,0,0,0,,
773UP33-SG,SDL UP 7.73% 2033,3721729,100,No,0,0,0,,
773UP33A-SG,SDL UP 7.73% 2033,5092097,100,No,0,0,0,,
773UP34-SG,SDL UP 7.73% 2034,5165825,100,No,0,0,0,,
773UP35-SG,SDL UP 7.73% 2035,5166081,100,No,0,0,0,,
773WB32-SG,SDL WB 7.73% 2032,2488065,100,No,0,0,0,,
774AP31-SG,SDL AP 7.74% 2031,2725633,100,No,0,0,0,,
774AP32-SG,SDL AP 7.74% 2032,3679489,100,No,0,0,0,,
774AP32A-SG,SDL AP 7.74% 2032,5415169,100,No,0,0,0,,
774AP36-SG,SDL AP 7.74% 2036,5049345,100,No,0,0,0,,
774AP36A-SG,SDL AP 7.74% 2036,5417985,100,No,0,0,0,,
774AP38-SG,SDL AP 7.74% 2038,2744065,100,No,0,0,0,,
774AP42-SG,SDL AP 7.74% 2042,2922753,100,No,0,0,0,,
774AS33-SG,SDL AS 7.74% 2033,5092353,100,No,0,0,0,,
774AS33A-SG,SDL AS 7.74% 2033,5241857,100,No,0,0,0,,
774BR38-SG,SDL BR 7.74% 2038,5222657,100,No,0,0,0,,
774BR39-SG,SDL BR 7.74% 2039,5600513,100,No,0,0,0,,
774CG31-SG,SDL CG 7.74% 2031,5207553,100,No,0,0,0,,
774GA32-SG,SDL GA 7.74% 2032,2968833,100,No,0,0,0,,
774HP38-SG,SDL HP 7.74% 2038,5167105,100,No,0,0,0,,
774HR29-SG,SDL HR 7.74% 2029,2989057,100,No,0,0,0,,
774HR31-SG,SDL HR 7.74% 2031,3792385,100,No,0,0,0,,
774HR35-SG,SDL HR 7.74% 2035,2417665,100,No,0,0,0,,
774IREDA31-N7,,5127681,1,No,0,0,0,,
774IREDA35-N0,,7802625,1,No,0,0,0,,
774JK43-SG,SDL JK 7.74% 2043,5213441,100,No,0,0,0,,
774KA34-SG,SDL KA 7.74% 2034,5415681,100,No,0,0,0,,
774KA36-SG,SDL KA 7.74% 2036,5446145,100,No,0,0,0,,
774KA37-SG,SDL KA 7.74% 2037,3151617,100,No,0,0,0,,
774KL60-SG,SDL KL 7.74% 2060,194283777,100,No,0,0,0,,
774LIC28-N0,,6412033,1,No,0,0,0,,
774LICH27-N0,,6983681,1,No,0,0,0,,
774MH33-SG,SDL MH 7.74% 2033,3680769,100,No,0,0,0,,
774MP43-SG,SDL MP 7.74% 2043,3751937,100,No,0,0,0,,
774MZ33-SG,SDL MZ 7.74% 2033,2698241,100,No,0,0,0,,
774MZ38-SG,SDL MZ 7.74% 2038,3726849,100,No,0,0,0,,
774PN39-SG,SDL PN 7.74% 2039,3751169,100,No,0,0,0,,
774PSB34-N0,,7308801,1,No,0,0,0,,
774RJ33-SG,SDL RJ 7.74% 2033,5208833,100,No,0,0,0,,
774RJ33A-SG,SDL RJ 7.74% 2033,5220865,100,No,0,0,0,,
774RJ34-SG,SDL RJ 7.74% 2034,5415937,100,No,0,0,0,,
774RJ39-SG,SDL RJ 7.74% 2039,5050369,100,No,0,0,0,,
774RJ40-SG,SDL RJ 7.74% 2040,3751425,100,No,0,0,0,,
774RJ42-SG,SDL RJ 7.74% 2042,2923009,100,No,0,0,0,,
774RJ49-SG,SDL RJ 7.74% 2049,3753729,100,No,0,0,0,,
774TS35-SG,SDL TS 7.74% 2035,5210113,100,No,0,0,0,,
774TS45-SG,SDL TS 7.74% 2045,2760449,100,No,0,0,0,,
774TS46-SG,SDL TS 7.74% 2046,2760705,100,No,0,0,0,,
774TS48-SG,SDL TS 7.74% 2048,3752961,100,No,0,0,0,,
774TS51-SG,SDL TS 7.74% 2051,194287873,100,No,0,0,0,,
774TS55-SG,SDL TS 7.74% 2055,194283009,100,No,0,0,0,,
774UK33-SG,SDL UK 7.74% 2033,3680257,100,No,0,0,0,,
774UP37-SG,SDL UP 7.74% 2037,3725825,100,No,0,0,0,,
774WB39-SG,SDL WB 7.74% 2039,2971393,100,No,0,0,0,,
774WB41-SG,SDL WB 7.74% 2041,3751681,100,No,0,0,0,,
774WB43-SG,SDL WB 7.74% 2043,3752449,100,No,0,0,0,,
775AP29-SG,SDL AP 7.75% 2029,3010561,100,No,0,0,0,,
775CG31-SG,SDL CG 7.75% 2031,3792897,100,No,0,0,0,,
775CIT38-N0,,7565057,1,No,0,0,0,,
775GA33-SG,SDL GA 7.75% 2033,5209089,100,No,0,0,0,,
775GJ32-SG,SDL GJ 7.75% 2032,2918401,100,No,0,0,0,,
775HP32-SG,SDL HP 7.75% 2032,3793409,100,No,0,0,0,,
775HR35-SG,SDL HR 7.75% 2035,5048833,100,No,0,0,0,,
775HR35A-SG,SDL HR 7.75% 2035,5210369,100,No,0,0,0,,
775LICH29-N0,,6385153,1,No,0,0,0,,
775LTFL27-N0,,7117569,1,No,0,0,0,,
775NL33-SG,SDL NL 7.75% 2033,3794177,100,No,0,0,0,,
775PFCL26A-N0,,7716353,1,No,0,0,0,,
775PN36-SG,SDL PN 7.75% 2036,4988417,100,No,0,0,0,,
775PN42-SG,SDL PN 7.75% 2042,2760193,100,No,0,0,0,,
775RJ35-SG,SDL RJ 7.75% 2035,5210625,100,No,0,0,0,,
775RJ36-SG,SDL RJ 7.75% 2036,5095169,100,No,0,0,0,,
775SFL26-N0,,7149569,1,No,0,0,0,,
775SIDBI27-N1,,5565697,1,No,0,0,0,,
775SK33-SG,SDL SK 7.75% 2033,3794433,100,No,0,0,0,,
775SK33A-SG,SDL SK 7.75% 2033,4987649,100,No,0,0,0,,
775TN30-SG,SDL TN 7.75% 2030,5658625,100,No,0,0,0,,
775TN32-SG,SDL TN 7.75% 2032,2726657,100,No,0,0,0,,
775TS37-SG,SDL TS 7.75% 2037,5049601,100,No,0,0,0,,
775UP33-SG,SDL UP 7.75% 2033,5209345,100,No,0,0,0,,
775UP34-SG,SDL UP 7.75% 2034,5209857,100,No,0,0,0,,
775UP35-SG,SDL UP 7.75% 2035,3696897,100,No,0,0,0,,
775UP38-SG,SDL UP 7.75% 2038,3697153,100,No,0,0,0,,
775WB39-SG,SDL WB 7.75% 2039,3698177,100,No,0,0,0,,
775WB47-SG,SDL WB 7.75% 2047,194234113,100,No,0,0,0,,
776AP32-SG,SDL AP 7.76% 2032,2416129,100,No,0,0,0,,
776AP37-SG,SDL AP 7.76% 2037,5049857,100,No,0,0,0,,
776FEDB34-N0,,6936065,1,No,0,0,0,,
776HP30-SG,SDL HP 7.76% 2030,2620161,100,No,0,0,0,,
776HP33-SG,SDL HP 7.76% 2033,3748097,100,No,0,0,0,,
776HR30-SG,SDL HR 7.76% 2030,3037953,100,No,0,0,0,,
776KL35-SG,SDL KL 7.76% 2035,5445633,100,No,0,0,0,,
776KL38-SG,SDL KL 7.76% 2038,2757889,100,No,0,0,0,,
776KL51-SG,SDL KL 7.76% 2051,3802881,100,No,0,0,0,,
776KL58-SG,SDL KL 7.76% 2058,3804417,100,No,0,0,0,,
776MH30-SG,SDL MH 7.76% 2030,2915841,100,No,0,0,0,,
776MN35-SG,SDL MN 7.76% 2035,3681025,100,No,0,0,0,,
776MP37-SG,SDL MP 7.76% 2037,5050113,100,No,0,0,0,,
776MP37A-SG,SDL MP 7.76% 2037,5211393,100,No,0,0,0,,
776PN37-SG,SDL PN 7.76% 2037,2418945,100,No,0,0,0,,
776TIL34-N1,,6116353,1,No,0,0,0,,
776TN53-SG,SDL TN 7.76% 2053,3804161,100,No,0,0,0,,
776UK33-SG,SDL UK 7.76% 2033,3793921,100,No,0,0,0,,
777AP35-SG,SDL AP 7.77% 2035,5210881,100,No,0,0,0,,
777AP40-SG,SDL AP 7.77% 2040,3671297,100,No,0,0,0,,
777GJ31-SG,SDL GJ 7.77% 2031,2501377,100,No,0,0,0,,
777GJ32-SG,SDL GJ 7.77% 2032,2677505,100,No,0,0,0,,
777HR32-SG,SDL HR 7.77% 2032,2726913,100,No,0,0,0,,
777HR33-SG,SDL HR 7.77% 2033,3795201,100,No,0,0,0,,
777HR36-SG,SDL HR 7.77% 2036,5446657,100,No,0,0,0,,
777IREDA27-N9,,5454849,1,No,0,0,0,,
777JK35-SG,SDL JK 7.77% 2035,3695873,100,No,0,0,0,,
777JK37-SG,SDL JK 7.77% 2037,2970625,100,No,0,0,0,,
777MN38-SG,SDL MN 7.77% 2038,5212417,100,No,0,0,0,,
777MP43-SG,SDL MP 7.77% 2043,3699457,100,No,0,0,0,,
777MP47-SG,SDL MP 7.77% 2047,3801601,100,No,0,0,0,,
777PN33-SG,SDL PN 7.77% 2033,5048321,100,No,0,0,0,,
777PN36-SG,SDL PN 7.77% 2036,5221633,100,No,0,0,0,,
777RJ32-SG,SDL RJ 7.77% 2032,2723329,100,No,0,0,0,,
777RJ33-SG,SDL RJ 7.77% 2033,3748353,100,No,0,0,0,,
777WB46-SG,SDL WB 7.77% 2046,194233857,100,No,0,0,0,,
778ABSL35-N0,,193907969,1,No,0,0,0,,
778AIFL30-N0,,193955585,1,No,0,0,0,,
778AP41-SG,SDL AP 7.78% 2041,2419201,100,No,0,0,0,,
778AP42-SG,SDL AP 7.78% 2042,2419457,100,No,0,0,0,,
778AS34-SG,SDL AS 7.78% 2034,5445121,100,No,0,0,0,,
778BR31-SG,SDL BR 7.78% 2031,5055233,100,No,0,0,0,,
778KL45-SG,SDL KL 7.78% 2045,194287617,100,No,0,0,0,,
778MH29-SG,SDL MH 7.78% 2029,5614849,100,No,0,0,0,,
778MH30-SG,SDL MH 7.78% 2030,2989569,100,No,0,0,0,,
778ML31-SG,SDL ML 7.78% 2031,2644481,100,No,0,0,0,,
778MZ32-SG,SDL MZ 7.78% 2032,2918657,100,No,0,0,0,,
778MZ37-SG,SDL MZ 7.78% 2037,2891265,100,No,0,0,0,,
778NHB27-NA,,5904129,1,No,0,0,0,,
778NL33-SG,SDL NL 7.78% 2033,5221121,100,No,0,0,0,,
778PN37-SG,SDL PN 7.78% 2037,5418241,100,No,0,0,0,,
778PY36-SG,SDL PY 7.78% 2036,5446913,100,No,0,0,0,,
778RJ33-SG,SDL RJ 7.78% 2033,3794945,100,No,0,0,0,,
778SHFL28-N0,,6984193,1,No,0,0,0,,
778TS34-SG,SDL TS 7.78% 2034,3749633,100,No,0,0,0,,
778UP35-SG,SDL UP 7.78% 2035,3750145,100,No,0,0,0,,
778UP36-SG,SDL UP 7.78% 2036,3750657,100,No,0,0,0,,
7798LTFH29-N0,,6640385,1,No,0,0,0,,
779AP31-SG,SDL AP 7.79% 2031,2677249,100,No,0,0,0,,
779HP38-SG,SDL HP 7.79% 2038,3798785,100,No,0,0,0,,
779JK35-SG,SDL JK 7.79% 2035,3750401,100,No,0,0,0,,
779LTFL30-N0,,7588609,1,No,0,0,0,,
779PN36-SG,SDL PN 7.79% 2036,5211137,100,No,0,0,0,,
779PN37-SG,SDL PN 7.79% 2037,5212161,100,No,0,0,0,,
779PN38-SG,SDL PN 7.79% 2038,5418497,100,No,0,0,0,,
779RJ32-SG,SDL RJ 7.79% 2032,2919425,100,No,0,0,0,,
779SIDBI27-N0,,5335809,1,No,0,0,0,,
779TN32-SG,SDL TN 7.79% 2032,2919681,100,No,0,0,0,,
779UP33-SG,SDL UP 7.79% 2033,3796225,100,No,0,0,0,,
779WB40-SG,SDL WB 7.79% 2040,5095681,100,No,0,0,0,,
779WB42-SG,SDL WB 7.79% 2042,3698433,100,No,0,0,0,,
77AP28-SG,SDL AP 7.7% 2028,3675905,100,No,0,0,0,,
77AP29-SG,SDL AP 7.7% 2029,3691777,100,No,0,0,0,,
77AP29A-SG,SDL AP 7.7% 2029,5219841,100,No,0,0,0,,
77AP30-SG,SDL AP 7.7% 2030,3652609,100,No,0,0,0,,
77AP30A-SG,SDL AP 7.7% 2030,3746817,100,No,0,0,0,,
77AP32-SG,SDL AP 7.7% 2032,3829249,100,No,0,0,0,,
77AP38-SG,SDL AP 7.7% 2038,5243393,100,No,0,0,0,,
77AP42-SG,SDL AP 7.7% 2042,5587201,100,No,0,0,0,,
77AP43-SG,SDL AP 7.7% 2043,5050881,100,No,0,0,0,,
77AP43A-SG,SDL AP 7.7% 2043,5419009,100,No,0,0,0,,
77BR31-SG,SDL BR 7.7% 2031,4997633,100,No,0,0,0,,
77BR32-SG,SDL BR 7.7% 2032,3148801,100,No,0,0,0,,
77BR38-SG,SDL BR 7.7% 2038,5177857,100,No,0,0,0,,
77GA33-SG,SDL GA 7.7% 2033,4987137,100,No,0,0,0,,
77GA33A-SG,SDL GA 7.7% 2033,5096961,100,No,0,0,0,,
77GA33B-SG,SDL GA 7.7% 2033,5163777,100,No,0,0,0,,
77HP36-SG,SDL HP 7.7% 2036,3557377,100,No,0,0,0,,
77HP38-SG,SDL HP 7.7% 2038,3558657,100,No,0,0,0,,
77HR31-SG,SDL HR 7.7% 2031,3624705,100,No,0,0,0,,
77HR32-SG,SDL HR 7.7% 2032,3720193,100,No,0,0,0,,
77HR34-SG,SDL HR 7.7% 2034,3149569,100,No,0,0,0,,
77IGT28-NE,,877569,1,No,0,0,0,,
77JK37-SG,SDL JK 7.7% 2037,3428353,100,No,0,0,0,,
77KA33-SG,SDL KA 7.7% 2033,5096705,100,No,0,0,0,,
77KA34-SG,SDL KA 7.7% 2034,5019137,100,No,0,0,0,,
77KL47-SG,SDL KL 7.7% 2047,2924545,100,No,0,0,0,,
77MH30-SG,SDL MH 7.7% 2030,2967041,100,No,0,0,0,,
77MH31-SG,SDL MH 7.7% 2031,3692545,100,No,0,0,0,,
77MH33-SG,SDL MH 7.7% 2033,3692801,100,No,0,0,0,,
77MH33A-SG,SDL MH 7.7% 2033,5164033,100,No,0,0,0,,
77MH34-SG,SDL MH 7.7% 2034,5094145,100,No,0,0,0,,
77MH34A-SG,SDL MH 7.7% 2034,5164289,100,No,0,0,0,,
77MN35-SG,SDL MN 7.7% 2035,3556353,100,No,0,0,0,,
77MZ35-SG,SDL MZ 7.7% 2035,3393537,100,No,0,0,0,,
77NVCL28-N0,,194507521,1,No,0,0,0,,
77PN40-SG,SDL PN 7.7% 2040,3581953,100,No,0,0,0,,
77PN42-SG,SDL PN 7.7% 2042,2922497,100,No,0,0,0,,
77RJ32-SG,SDL RJ 7.7% 2032,2440193,100,No,0,0,0,,
77RJ43-SG,SDL RJ 7.7% 2043,5051393,100,No,0,0,0,,
77SK34-SG,SDL SK 7.7% 2034,5759489,100,No,0,0,0,,
77TN42-SG,SDL TN 7.7% 2042,2776065,100,No,0,0,0,,
77TS38-SG,SDL TS 7.7% 2038,5242881,100,No,0,0,0,,
77UP33-SG,SDL UP 7.7% 2033,5021697,100,No,0,0,0,,
77UP34-SG,SDL UP 7.7% 2034,4987905,100,No,0,0,0,,
77UP35-SG,SDL UP 7.7% 2035,5176577,100,No,0,0,0,,
780AP33-SG,SDL AP 7.80% 2033,5388801,100,No,0,0,0,,
780BFL27-N0,,5949441,1,No,0,0,0,,
780HFL27-N0,,194594049,1,No,0,0,0,,
780HR30-SG,SDL HR 7.80% 2030,5176065,100,No,0,0,0,,
780KA30-SG,SDL KA 7.80% 2030,5366785,100,No,0,0,0,,
780SICC29-N0,,7144193,1,No,0,0,0,,
781GA32-SG,SDL GA 7.81% 2032,2503425,100,No,0,0,0,,
781GJ32-SG,SDL GJ 7.81% 2032,2945537,100,No,0,0,0,,
781HR32-SG,SDL HR 7.81% 2032,2503681,100,No,0,0,0,,
781HR32A-SG,SDL HR 7.81% 2032,2644737,100,No,0,0,0,,
781HR32B-SG,SDL HR 7.81% 2032,2678017,100,No,0,0,0,,
781HR32C-SG,SDL HR 7.81% 2032,2992641,100,No,0,0,0,,
781KL44-SG,SDL KL 7.81% 2044,2996737,100,No,0,0,0,,
781MZ37-SG,SDL MZ 7.81% 2037,5222401,100,No,0,0,0,,
781RJ32-SG,SDL RJ 7.81% 2032,2678273,100,No,0,0,0,,
781RJ47-SG,SDL RJ 7.81% 2047,2616065,100,No,0,0,0,,
781TCHE27-N0,,6370049,1,No,0,0,0,,
781TN52-SG,SDL TN 7.81% 2052,2608641,100,No,0,0,0,,
781UP32-SG,SDL UP 7.81% 2032,2920449,100,No,0,0,0,,
781UP34-SG,SDL UP 7.81% 2034,2970369,100,No,0,0,0,,
781UP34A-SG,SDL UP 7.81% 2034,3796481,100,No,0,0,0,,
78241ABH29-N0,,6920449,1,No,0,0,0,,
782AP35-SG,SDL AP 7.82% 2035,2921473,100,No,0,0,0,,
782AP42-SG,SDL AP 7.82% 2042,2702081,100,No,0,0,0,,
782AS32-SG,SDL AS 7.82% 2032,2622977,100,No,0,0,0,,
782AS32A-SG,SDL AS 7.82% 2032,3011585,100,No,0,0,0,,
782GJ32-SG,SDL GJ 7.82% 2032,2610177,100,No,0,0,0,,
782HP32-SG,SDL HP 7.82% 2032,2623233,100,No,0,0,0,,
782JK42-SG,SDL JK 7.82% 2042,194232833,100,No,0,0,0,,
782MN32-SG,SDL MN 7.82% 2032,2503937,100,No,0,0,0,,
782NL32-SG,SDL NL 7.82% 2032,2678529,100,No,0,0,0,,
782NL32A-SG,SDL NL 7.82% 2032,3041537,100,No,0,0,0,,
782PN42-SG,SDL PN 7.82% 2042,2702849,100,No,0,0,0,,
782RJ32-SG,SDL RJ 7.82% 2032,3011841,100,No,0,0,0,,
782RJ44-SG,SDL RJ 7.82% 2044,2694401,100,No,0,0,0,,
782SK32-SG,SDL SK 7.82% 2032,2680321,100,No,0,0,0,,
782SK32A-SG,SDL SK 7.82% 2032,3040769,100,No,0,0,0,,
782TN32-SG,SDL TN 7.82% 2032,2993409,100,No,0,0,0,,
782WB32-SG,SDL WB 7.82% 2032,2624513,100,No,0,0,0,,
7835LIC27-N1,,5880577,1,No,0,0,0,,
783AS32-SG,SDL AS 7.83% 2032,2651393,100,No,0,0,0,,
783BR32-SG,SDL BR 7.83% 2032,3041793,100,No,0,0,0,,
783GA32-SG,SDL GA 7.83% 2032,2990849,100,No,0,0,0,,
783HR32-SG,SDL HR 7.83% 2032,2945793,100,No,0,0,0,,
783KL39-SG,SDL KL 7.83% 2039,3799041,100,No,0,0,0,,
783MH30-SG,SDL MH 7.83% 2030,5616641,100,No,0,0,0,,
783MN32-SG,SDL MN 7.83% 2032,2654209,100,No,0,0,0,,
783NHB27-N9,,5836033,1,No,0,0,0,,
783PN42-SG,SDL PN 7.83% 2042,3012865,100,No,0,0,0,,
783RJ32-SG,SDL RJ 7.83% 2032,2538241,100,No,0,0,0,,
783RJ50-SG,SDL RJ 7.83% 2050,3802625,100,No,0,0,0,,
783TN42-SG,SDL TN 7.83% 2042,2996225,100,No,0,0,0,,
783TS35-SG,SDL TS 7.83% 2035,2921729,100,No,0,0,0,,
783TS36-SG,SDL TS 7.83% 2036,2922241,100,No,0,0,0,,
783WB32-SG,SDL WB 7.83% 2032,2504193,100,No,0,0,0,,
784AS32-SG,SDL AS 7.84% 2032,2989825,100,No,0,0,0,,
784HP37-SG,SDL HP 7.84% 2037,3039745,100,No,0,0,0,,
784RJ32-SG,SDL RJ 7.84% 2032,2992897,100,No,0,0,0,,
784RJ41-SG,SDL RJ 7.84% 2041,3800321,100,No,0,0,0,,
784TN52-SG,SDL TN 7.84% 2052,2547969,100,No,0,0,0,,
784TS34-SG,SDL TS 7.84% 2034,2920705,100,No,0,0,0,,
784TS36-SG,SDL TS 7.84% 2036,2699521,100,No,0,0,0,,
784TS39-SG,SDL TS 7.84% 2039,3012353,100,No,0,0,0,,
784TS40-SG,SDL TS 7.84% 2040,3012609,100,No,0,0,0,,
78537ABH30-N0,,7472641,1,No,0,0,0,,
785ABHFL28-N0,,7094529,1,No,0,0,0,,
785AP37-SG,SDL AP 7.85% 2037,2541569,100,No,0,0,0,,
785AP40-SG,SDL AP 7.85% 2040,2947585,100,No,0,0,0,,
785AS32-SG,SDL AS 7.85% 2032,2610433,100,No,0,0,0,,
785AS32A-SG,SDL AS 7.85% 2032,2945281,100,No,0,0,0,,
785BR32-SG,SDL BR 7.85% 2032,2947329,100,No,0,0,0,,
785BR32A-SG,SDL BR 7.85% 2032,2990593,100,No,0,0,0,,
785HP36-SG,SDL HP 7.85% 2036,3038721,100,No,0,0,0,,
785IIFL27-N0,,6414849,1,No,0,0,0,,
785KL34-SG,SDL KL 7.85% 2034,2505729,100,No,0,0,0,,
785KL35-SG,SDL KL 7.85% 2035,2696193,100,No,0,0,0,,
785MFL29-N0,,194769665,1,No,0,0,0,,
785MP32-SG,SDL MP 7.85% 2032,2610689,100,No,0,0,0,,
785PN32-SG,SDL PN 7.85% 2032,2660865,100,No,0,0,0,,
785PN42-SG,SDL PN 7.85% 2042,2947841,100,No,0,0,0,,
785RJ37-SG,SDL RJ 7.85% 2037,2545409,100,No,0,0,0,,
785RJ39-SG,SDL RJ 7.85% 2039,2547713,100,No,0,0,0,,
785SK32-SG,SDL SK 7.85% 2032,2946305,100,No,0,0,0,,
785TRPEL34-N0,,6495233,1,No,0,0,0,,
785UK30-SG,SDL UK 7.85% 2030,5683457,100,No,0,0,0,,
785UK32-SG,SDL UK 7.85% 2032,2946561,100,No,0,0,0,,
785WB42-SG,SDL WB 7.85% 2042,3801345,100,No,0,0,0,,
78618ABH28-N0,,193547009,1,No,0,0,0,,
7865LICH26-N0,,6264833,1,No,0,0,0,,
786ABHFL28-N0,,7567105,1,No,0,0,0,,
786AP33-SG,SDL AP 7.86% 2033,3010305,100,No,0,0,0,,
786AS32-SG,SDL AS 7.86% 2032,2538497,100,No,0,0,0,,
786HR32-SG,SDL HR 7.86% 2032,2611713,100,No,0,0,0,,
786JH34-SG,SDL JH 7.86% 2034,3042561,100,No,0,0,0,,
786MH30-SG,SDL MH 7.86% 2030,2514177,100,No,0,0,0,,
786MZ32-SG,SDL MZ 7.86% 2032,2540033,100,No,0,0,0,,
786TCHFL29-N0,,6512385,1,No,0,0,0,,
7875NIIF30-N0,,6638849,1,No,0,0,0,,
787HP34-SG,SDL HP 7.87% 2034,3042817,100,No,0,0,0,,
787HP35-SG,SDL HP 7.87% 2035,3038465,100,No,0,0,0,,
787LDL29-N0,,194348545,1,No,0,0,0,,
787LIC29-N3,,6080257,1,No,0,0,0,,
787MZ36-SG,SDL MZ 7.87% 2036,3039489,100,No,0,0,0,,
787RJ40-SG,SDL RJ 7.87% 2040,2995457,100,No,0,0,0,,
787SDIL30-N0,,6333697,1,No,0,0,0,,
787TN33-SG,SDL TN 7.87% 2033,2646529,100,No,0,0,0,,
788GA30-SG,SDL GA 7.88% 2030,5388033,100,No,0,0,0,,
788GS2030-GS,GOI LOAN 7.88% 2030,1823233,1,No,0,0,0,,
788MFL28-N0,,194431489,1,No,0,0,0,,
788MP33-SG,SDL MP 7.88% 2033,2993921,100,No,0,0,0,,
788NL32-SG,SDL NL 7.88% 2032,2540289,100,No,0,0,0,,
788RJ32-SG,SDL RJ 7.88% 2032,5648641,100,No,0,0,0,,
789GIL30-N0,,194341889,1,No,0,0,0,,
789GIL31-N0,,194342401,1,No,0,0,0,,
789HP37-SG,SDL HP 7.89% 2037,2701057,100,No,0,0,0,,
789MH32-SG,SDL MH 7.89% 2032,2514433,100,No,0,0,0,,
789SDIL29-N1,,6055937,1,No,0,0,0,,
789TS34-SG,SDL TS 7.89% 2034,2645505,100,No,0,0,0,,
789TS36-SG,SDL TS 7.89% 2036,2994177,100,No,0,0,0,,
789WB37-SG,SDL WB 7.89% 2037,2701569,100,No,0,0,0,,
789WB40-SG,SDL WB 7.89% 2040,3800065,100,No,0,0,0,,
78ABCL33-N1,,193520641,1,No,0,0,0,,
78AP31-SG,SDL AP 7.8% 2031,2501889,100,No,0,0,0,,
78AP31A-SG,SDL AP 7.8% 2031,2537985,100,No,0,0,0,,
78GJ32-SG,SDL GJ 7.8% 2032,2502913,100,No,0,0,0,,
78GJ32A-SG,SDL GJ 7.8% 2032,2653953,100,No,0,0,0,,
78JK35-SG,SDL JK 7.8% 2035,3797505,100,No,0,0,0,,
78KL45-SG,SDL KL 7.8% 2045,3013121,100,No,0,0,0,,
78ML31-SG,SDL ML 7.8% 2031,2502145,100,No,0,0,0,,
78NABARD27-N0,,5437185,1,No,0,0,0,,
78TN32-SG,SDL TN 7.8% 2032,2502657,100,No,0,0,0,,
78TN32A-SG,SDL TN 7.8% 2032,2677761,100,No,0,0,0,,
78TN42-SG,SDL TN 7.8% 2042,3040513,100,No,0,0,0,,
790ABHFL27-N0,,7566593,1,No,0,0,0,,
790ABHFL28-N0,,7696129,1,No,0,0,0,,
790CANF30-N0,,7540993,1,No,0,0,0,,
790IHFL27-N0,,194769153,1,No,0,0,0,,
790LTFL34-N0,,7195905,1,No,0,0,0,,
790RJ26-SG,SDL RJ 7.90% 2026,5647617,100,No,0,0,0,,
790TIL28-N0,,194214401,1,No,0,0,0,,
79123SHF26-N0,,6404097,1,No,0,0,0,,
791ABCL34-N7,,193522177,1,No,0,0,0,,
791KL30-SG,SDL KL 7.91% 2030,5607425,100,No,0,0,0,,
791TS43-SG,SDL TS 7.91% 2043,2628865,100,No,0,0,0,,
791UP37-SG,SDL UP 7.91% 2037,2994433,100,No,0,0,0,,
792AP41-SG,SDL AP 7.92% 2041,2646273,100,No,0,0,0,,
792AP42-SG,SDL AP 7.92% 2042,2615809,100,No,0,0,0,,
792AP42A-SG,SDL AP 7.92% 2042,2625793,100,No,0,0,0,,
792LIC27-N5,,6162689,1,No,0,0,0,,
792TCHF34-N0,,6242049,1,No,0,0,0,,
792TCHFL34-NF,,5950977,1,No,0,0,0,,
792TS45-SG,SDL TS 7.92% 2045,2629633,100,No,0,0,0,,
793AP33-SG,SDL AP 7.93% 2033,2611969,100,No,0,0,0,,
793KA31-SG,SDL KA 7.93% 2031,5367041,100,No,0,0,0,,
793NIIF30-N0,,6989825,1,No,0,0,0,,
793NIIF32-N0,,7731201,1,No,0,0,0,,
793RJ45-SG,SDL RJ 7.93% 2045,2725121,100,No,0,0,0,,
793THDC34-N0,,5494529,1,No,0,0,0,,
793TN42-SG,SDL TN 7.93% 2042,2724865,100,No,0,0,0,,
793TPRE29-N0,,6209793,1,No,0,0,0,,
793TPRE34-N0,,6209281,1,No,0,0,0,,
793TS34-SG,SDL TS 7.93% 2034,2612225,100,No,0,0,0,,
793TS35-SG,SDL TS 7.93% 2035,2612993,100,No,0,0,0,,
793UP30-SG,SDL UP 7.93% 2030,5653505,100,No,0,0,0,,
793WB37-SG,SDL WB 7.93% 2037,2994689,100,No,0,0,0,,
79413ABC28-N8,,193522433,1,No,0,0,0,,
794AP34-SG,SDL AP 7.94% 2034,2612737,100,No,0,0,0,,
794HR34-SG,SDL HR 7.94% 2034,2612481,100,No,0,0,0,,
794PN42-SG,SDL PN 7.94% 2042,2645249,100,No,0,0,0,,
794TN32-SG,SDL TN 7.94% 2032,2526465,100,No,0,0,0,,
794TS36-SG,SDL TS 7.94% 2036,2614273,100,No,0,0,0,,
795AMLIL35-N0,,194322689,1,No,0,0,0,,
795AP38-SG,SDL AP 7.95% 2038,2614785,100,No,0,0,0,,
795AP39-SG,SDL AP 7.95% 2039,2615041,100,No,0,0,0,,
795AP40-SG,SDL AP 7.95% 2040,2615297,100,No,0,0,0,,
795AP40A-SG,SDL AP 7.95% 2040,2625281,100,No,0,0,0,,
795GS2032-GS,GOI LOAN 7.95% 2032,1749761,1,No,0,0,0,,
795HR32-SG,SDL HR 7.95% 2032,2526721,100,No,0,0,0,,
795HR37-SG,SDL HR 7.95% 2037,2723841,100,No,0,0,0,,
795IGT31-NI,,884993,1,No,0,0,0,,
795JK30-SG,SDL JK 7.95% 2030,5387777,100,No,0,0,0,,
795NIIF36-N2,,5923841,1,No,0,0,0,,
795SHFL34-N2,,6032129,1,No,0,0,0,,
795TS35-SG,SDL TS 7.95% 2035,2657793,100,No,0,0,0,,
795TS37-SG,SDL TS 7.95% 2037,2724353,100,No,0,0,0,,
795WB39-SG,SDL WB 7.95% 2039,2995201,100,No,0,0,0,,
796AP40-SG,SDL AP 7.96% 2040,2724609,100,No,0,0,0,,
796TIL29-N0,,194214913,1,No,0,0,0,,
796WB37-SG,SDL WB 7.96% 2037,2614529,100,No,0,0,0,,
79742SIC30-N0,,7543553,1,No,0,0,0,,
797ABCL28-N9,,193522689,1,No,0,0,0,,
797AP36-SG,SDL AP 7.97% 2036,2723585,100,No,0,0,0,,
797AP39-SG,SDL AP 7.97% 2039,2646017,100,No,0,0,0,,
797HR42-SG,SDL HR 7.97% 2042,2682625,100,No,0,0,0,,
797IGT31-NL,,889857,1,No,0,0,0,,
797PN38-SG,SDL PN 7.97% 2038,3798017,100,No,0,0,0,,
797RJ42-SG,SDL RJ 7.97% 2042,2682881,100,No,0,0,0,,
797SFL30-N0,,5867777,1,No,0,0,0,,
797WB42-SG,SDL WB 7.97% 2042,2676225,100,No,0,0,0,,
798AP31-SG,SDL AP 7.98% 2031,5366017,100,No,0,0,0,,
798RJ42-SG,SDL RJ 7.98% 2042,2657537,100,No,0,0,0,,
798SHFL26-N0,,6328321,1,No,0,0,0,,
799GSGL28-N0,,194544897,1,No,0,0,0,,
799GSGL29-N0,,194545409,1,No,0,0,0,,
799HFL27-N0,,194102273,1,No,0,0,0,,
799LTFH27-N0,,6438657,1,No,0,0,0,,
799NIIF29-N0,,6499841,1,No,0,0,0,,
799NIIF37-N0,,7669761,1,No,0,0,0,,
799RCFL27-N0,,6342401,1,No,0,0,0,,
799TCL29-NE,,5807105,1,No,0,0,0,,
799TCL34-ND,,5796609,1,No,0,0,0,,
799TFSIL27-N0,,7305985,1,No,0,0,0,,
799TN42-SG,SDL TN 7.99% 2042,2517505,100,No,0,0,0,,
799TS30-SG,SDL TS 7.99% 2030,5684481,100,No,0,0,0,,
799TS35-SG,SDL TS 7.99% 2035,5684225,100,No,0,0,0,,
799WB35-SG,SDL WB 7.99% 2035,5676801,100,No,0,0,0,,
79ABCL28-NA,,193522945,1,No,0,0,0,,
79AP33-SG,SDL AP 7.9% 2033,2504961,100,No,0,0,0,,
79AP34-SG,SDL AP 7.9% 2034,2508033,100,No,0,0,0,,
79HR34-SG,SDL HR 7.9% 2034,2644993,100,No,0,0,0,,
79IGT28-NF,,878849,1,No,0,0,0,,
79NHIT35-N1,,2984449,1,No,0,0,0,,
79NHIT40-N2,,2986241,1,No,0,0,0,,
79NHIT47-N3,,2987265,1,No,0,0,0,,
79RJ42-SG,SDL RJ 7.9% 2042,2508801,100,No,0,0,0,,
79SHFL27-N0,,6551809,1,No,0,0,0,,
79TS44-SG,SDL TS 7.9% 2044,2629377,100,No,0,0,0,,
7IREDAL30-N0,,193760769,1,No,0,0,0,,
8016ABCL29-NB,,193523201,1,No,0,0,0,,
801ABCL28-NC,,193523457,1,No,0,0,0,,
801TCH28-N7,,4310529,1,No,0,0,0,,
801TCL34-N0,,6286849,1,No,0,0,0,,
801WB41-SG,SDL WB 8.01% 2041,2660609,100,No,0,0,0,,
80208ABC30-ND,,193523713,1,No,0,0,0,,
802ABHF28-N1,,5270529,1,No,0,0,0,,
802AP38-SG,SDL AP 8.02% 2038,2658049,100,No,0,0,0,,
802MZ36-SG,SDL MZ 8.02% 2036,2655745,100,No,0,0,0,,
802TS35-SG,SDL TS 8.02% 2035,2514945,100,No,0,0,0,,
802WB37-SG,SDL WB 8.02% 2037,2658305,100,No,0,0,0,,
8034ABCL34-NE,,193523969,1,No,0,0,0,,
803ABCL33-NF,,193524225,1,No,0,0,0,,
803ABCL35-N0,,193761793,1,No,0,0,0,,
803ABHF27-N2,,5271041,1,No,0,0,0,,
803ABHFL29-N0,,6458113,1,No,0,0,0,,
803ABHFL35-N0,,193554177,1,No,0,0,0,,
803AP35-SG,SDL AP 8.03% 2035,2515457,100,No,0,0,0,,
803AP36-SG,SDL AP 8.03% 2036,2650881,100,No,0,0,0,,
803ICPR34-N0,,7300865,1,No,0,0,0,,
803MFL31-N0,,194534145,1,No,0,0,0,,
803TIL30-N0,,194215425,1,No,0,0,0,,
80409TCH27-NC,,5321217,1,No,0,0,0,,
8049ABHF27-N0,,6437121,1,No,0,0,0,,
804AP37-SG,SDL AP 8.04% 2037,2680577,100,No,0,0,0,,
804AP41-SG,SDL AP 8.04% 2041,2526977,100,No,0,0,0,,
804AP42-SG,SDL AP 8.04% 2042,2527233,100,No,0,0,0,,
804PN42-SG,SDL PN 8.04% 2042,2628609,100,No,0,0,0,,
805ABCL28-N5,,193521665,1,No,0,0,0,,
805AIFL32-N0,,194458369,1,No,0,0,0,,
805HLICL34-N0,,6603009,1,No,0,0,0,,
805MFL27-N0,,193923329,1,No,0,0,0,,
805MFL30-N0,,194432001,1,No,0,0,0,,
805NIT32-N0,,7372545,1,No,0,0,0,,
805PHFL30-N0,,7560961,1,No,0,0,0,,
805RJ37-SG,SDL RJ 8.05% 2037,2681345,100,No,0,0,0,,
805SHFL29-N3,,6160129,1,No,0,0,0,,
805SICCL35-N0,,194640385,1,No,0,0,0,,
805TCHFL29-NG,,6166785,1,No,0,0,0,,
805TFSIL28-N0,,7806977,1,No,0,0,0,,
80650SFL26-N1,,6101505,1,No,0,0,0,,
806JK37-SG,SDL JK 8.06% 2037,2682113,100,No,0,0,0,,
806SDIL29-N0,,5763841,1,No,0,0,0,,
806TFSIL28-N0,,7475713,1,No,0,0,0,,
807AP36-SG,SDL AP 8.07% 2036,2516481,100,No,0,0,0,,
807NIIF29-N3,,6177025,1,No,0,0,0,,
807NIIF39-N1,,5738497,1,No,0,0,0,,
807SMFG27-N0,,6458625,1,No,0,0,0,,
807WB38-SG,SDL WB 8.07% 2038,2682369,100,No,0,0,0,,
80956ABH26-N0,,6341889,1,No,0,0,0,,
80980TCL27-N0,,7673089,1,No,0,0,0,,
809CANF27-N0,,7691521,1,No,0,0,0,,
80NL30-SG,SDL NL 8.0% 2030,5630721,100,No,0,0,0,,
8104PHFL28-N0,,7442689,1,No,0,0,0,,
810ABHF28-N0,,5270017,1,No,0,0,0,,
810GIL28-N0,,6952961,1,No,0,0,0,,
810HLICL35-N0,,7587585,1,No,0,0,0,,
810IRFC27-N2,,7968769,1,No,0,0,0,,
810JH32-SG,SDL JH 8.10% 2032,5682945,100,No,0,0,0,,
810KL32-SG,SDL KL 8.10% 2032,5607681,100,No,0,0,0,,
810NIIF34-N0,,5750017,1,No,0,0,0,,
810NIT40-N0,,7429633,1,No,0,0,0,,
810SIHF35-N0,,194639873,1,No,0,0,0,,
810TCHFL27-ND,,5828609,1,No,0,0,0,,
812ABCL28-NG,,193524481,1,No,0,0,0,,
812ABHF29-N0,,6263297,1,No,0,0,0,,
812REC27-NI,,5100545,1,No,0,0,0,,
812SFL27-N2,,6177537,1,No,0,0,0,,
8137TCL24-NH,,6095105,1,No,0,0,0,,
813ABHF28-N3,,5272321,1,No,0,0,0,,
813AIFL32-N0,,194225921,1,No,0,0,0,,
813GS2045-GS,GOI LOAN 8.13% 2045,1823745,1,No,0,0,0,,
813LTF29-NP,,5755393,1,No,0,0,0,,
813PNBH33-N0,,5351169,1,No,0,0,0,,
814KSFP36-N0,,194047233,1,No,0,0,0,,
814TPL27-N0,,6600193,1,No,0,0,0,,
815ANN29-N0,,193544449,1,No,0,0,0,,
815ANN30-N0,,193542913,1,No,0,0,0,,
815ANN31-N0,,193543937,1,No,0,0,0,,
815ANN32-N0,,193543425,1,No,0,0,0,,
815GHFL35-N0,,193620225,1,No,0,0,0,,
815GIL29-N0,,6953729,1,No,0,0,0,,
815GS2026-GS,GOI LOAN 8.15% 2026,1821185,1,No,0,0,0,,
815JK30-SG,SDL JK 8.15% 2030,5678337,100,No,0,0,0,,
815LTF27-NO,,5435137,1,No,0,0,0,,
815MOFS28-N0,,194648065,1,No,0,0,0,,
815PHFL27-N0,,6606081,1,No,0,0,0,,
815PNB27-N0,,6980353,1,No,0,0,0,,
815SICC26-N0,,6516481,1,No,0,0,0,,
815SICC27-N0,,6515457,1,No,0,0,0,,
816ABCL29-NH,,193524737,1,No,0,0,0,,
816KSFP29-N0,,7296769,1,No,0,0,0,,
816LTFH27-N0,,6221313,1,No,0,0,0,,
817ABHF27-N0,,6262785,1,No,0,0,0,,
817GHFL30-N0,,7674625,1,No,0,0,0,,
817GS2044-GS,GOI LOAN 8.17% 2044,1821441,1,No,0,0,0,,
817TFSIL27-N3,,6138881,1,No,0,0,0,,
818CANF29-N1,,6002945,1,No,0,0,0,,
818GFL26-N0,,7415041,1,No,0,0,0,,
818TFSIL27-N0,,6321921,1,No,0,0,0,,
818TPL27-N0,,7013377,1,No,0,0,0,,
819CIFL26-N0,,7419137,1,No,0,0,0,,
819CIFL27-N0,,7805953,1,No,0,0,0,,
81ABCL29-NI,,193524993,1,No,0,0,0,,
81ABCL33-N4,,193521409,1,No,0,0,0,,
81TCHF28-N8,,4318721,1,No,0,0,0,,
820ABHF27-N5,,5868801,1,No,0,0,0,,
820ABHFL27-N6,,5946369,1,No,0,0,0,,
820ABSLI34-N0,,6257409,1,No,0,0,0,,
820CANF27-N0,,7729665,1,No,0,0,0,,
820CIFL28-N0,,7598849,1,No,0,0,0,,
820IIFL27-N9,,1957889,1,No,0,0,0,,
820KSFP36-N0,,193964545,1,No,0,0,0,,
820MFL30-N0,,193718785,1,No,0,0,0,,
820TFSIL29-N0,,6267393,1,No,0,0,0,,
820TPL26-N2,,5277953,1,No,0,0,0,,
823SFL34-N0,,6238721,1,No,0,0,0,,
824GS2027-GS,GOI LOAN 8.24%2027,1762305,1,No,0,0,0,,
824GS2033-GS,GOI LOAN 8.24% 2033,1819137,1,No,0,0,0,,
824LTF27-NQ,,5927169,1,No,0,0,0,,
824PHFL28-N0,,6530049,1,No,0,0,0,,
8254KSFP29-N1,,5931521,1,No,0,0,0,,
8258TCL27-NF,,5867265,1,No,0,0,0,,
825BTL27-N0,,6918913,1,No,0,0,0,,
825CFHL27-N0,,5842433,1,No,0,0,0,,
825NOM27-N0,,6189313,1,No,0,0,0,,
825SMFG27-N1,,6117889,1,No,0,0,0,,
825TCSL27-N0,,7417089,1,No,0,0,0,,
825TCSL28-N0,,7670529,1,No,0,0,0,,
825TPL27-N6,,6152961,1,No,0,0,0,,
826GS2027-GS,GOI LOAN 8.26% 2027,1765889,1,No,0,0,0,,
8277SMF27-N5,,6139393,1,No,0,0,0,,
828GS2027-GS,GOI LOAN 8.28% 2027,1771777,1,No,0,0,0,,
828GS2032-GS,GOI LOAN 8.28%2032,1762561,1,No,0,0,0,,
828PHFL26-N0,,6347777,1,No,0,0,0,,
828SICC26-N0,,6329345,1,No,0,0,0,,
829PFL29-N6,,2553601,1,No,0,0,0,,
82HUDCO27-N2,,7997441,1,No,0,0,0,,
82IGT31-NJ,,886785,1,No,0,0,0,,
83044SMF29-N3,,5890305,1,No,0,0,0,,
830ABCL26-NJ,,193525249,1,No,0,0,0,,
830ABHFL34-N0,,6306817,1,No,0,0,0,,
830CIFC26-N2,,3934721,1,No,0,0,0,,
830NHAI27-N2,,7946241,1,No,0,0,0,,
830PFCL27-N5,,5125633,1,No,0,0,0,,
830SICC27-N0,,6329089,1,No,0,0,0,,
830SMF29-N6,,6153985,1,No,0,0,0,,
830TFSIL27-N2,,5850625,1,No,0,0,0,,
830TPL28-N0,,7448577,1,No,0,0,0,,
831ABCL34-NK,,193525505,1,No,0,0,0,,
831RJ27-SG,SDL RJ 8.31% 2027,5647873,100,No,0,0,0,,
832GS2032-GS,GOI LOAN 8.32% 2032,1766145,1,No,0,0,0,,
832HHFL27-N0,,193719809,1,No,0,0,0,,
832HHFL27A-N0,,193719297,1,No,0,0,0,,
832TFSIL29-N0,,5570561,1,No,0,0,0,,
832TPL26-N4,,5859585,1,No,0,0,0,,
832TPL27-N5,,5860097,1,No,0,0,0,,
832TPL28-N6,,5860609,1,No,0,0,0,,
832TPL29-N7,,5861121,1,No,0,0,0,,
833ABCL27-NL,,193525761,1,No,0,0,0,,
833GS2026-GS,GOI LOAN 8.33% 2026,1796865,1,No,0,0,0,,
833GS2032-GS,GOI LOAN 8.33% 2032,1772033,1,No,0,0,0,,
833GS2036-GS,GOI LOAN 8.33% 2036,1762049,1,No,0,0,0,,
833PHFL29-N0,,6239233,1,No,0,0,0,,
833TPL27-N5,,5619969,1,No,0,0,0,,
834MLICL35-N0,,7607553,1,No,0,0,0,,
835GFL28-N0,,7745025,1,No,0,0,0,,
835KSFL27-N0,,5931009,1,No,0,0,0,,
835SCL23A-YH,,5382657,1,No,0,0,0,,
835SCL23B-YM,,5390337,1,No,0,0,0,,
835SMFG27-N0,,5522433,1,No,0,0,0,,
835TCSL27-N0,,6642177,1,No,0,0,0,,
835TPL27-N0,,6286337,1,No,0,0,0,,
83645TFS27-N1,,5572353,1,No,0,0,0,,
836GIL26-N0,,5863681,1,No,0,0,0,,
837REC33-N7,,7932417,1,No,0,0,0,,
837SMFG29-N2,,5779201,1,No,0,0,0,,
83GS2040-GS,GOI LOAN 8.30% 2040,1787137,1,No,0,0,0,,
83GS2042-GS,GOI LOAN 8.30% 2042,1800705,1,No,0,0,0,,
83TCHF28-N9,,4319233,1,No,0,0,0,,
840CIFCL27-NI,,5459201,1,No,0,0,0,,
840CIFCL28-N4,,3935745,1,No,0,0,0,,
840CIFL27-N0,,6500609,1,No,0,0,0,,
840CIFL32-N0,,194567937,1,No,0,0,0,,
840GHFL28-N0,,6433281,1,No,0,0,0,,
840GIL27-N1,,5864193,1,No,0,0,0,,
840IRFC29-N8,,151297,1,No,0,0,0,,
840MCSL31-N0,,194430977,1,No,0,0,0,,
840NIRMA26-N6,,5839105,1,No,0,0,0,,
840TPL27-N1,,5549313,1,No,0,0,0,,
840TPL28-N2,,5535745,1,No,0,0,0,,
840TPL29-N3,,5551105,1,No,0,0,0,,
842GIL27-N0,,6208769,1,No,0,0,0,,
842HFL27-N0,,193916161,1,No,0,0,0,,
842IIFL26-NL,,1586433,1,No,0,0,0,,
842SCL27-N3,,193909505,1,No,0,0,0,,
843IHFL29-NC,,1963009,1,No,0,0,0,,
843SCFL27-YB,,1989633,1,No,0,0,0,,
843SCL27-YS,,2373889,1,No,0,0,0,,
843TPL26-N4,,5280769,1,No,0,0,0,,
845GHFL29-N0,,6495745,1,No,0,0,0,,
845NOM27-N0,,6374657,1,No,0,0,0,,
845NOM27A-N0,,6375169,1,No,0,0,0,,
846REC28-N6,,7931905,1,No,0,0,0,,
847TPL26-N1,,5277185,1,No,0,0,0,,
848NTPC28-N2,,8130561,1,No,0,0,0,,
849ABSLI34-N0,,6353665,1,No,0,0,0,,
84AIL28-N0,,194427905,1,No,0,0,0,,
84CIFCL28-NA,,4597249,1,No,0,0,0,,
84TCHF28-NA,,4319745,1,No,0,0,0,,
850CIFCL26-NE,,5231361,1,No,0,0,0,,
850CIFL27-N0,,6298625,1,No,0,0,0,,
850CIFL34-N0,,6935553,1,No,0,0,0,,
850HHFL27-N0,,193578241,1,No,0,0,0,,
850IIFL27-NA,,1961473,1,No,0,0,0,,
850IIFL28-N0,,194663169,1,No,0,0,0,,
850KGEL30-N0,,194499073,1,No,0,0,0,,
850NHAI29-N5,,47617,1,No,0,0,0,,
850NIRMA27-N7,,5839617,1,No,0,0,0,,
850SCL25A-NW,,1500929,1,No,0,0,0,,
850TIAP28A-N0,,193571073,1,No,0,0,0,,
850TIAP28B-N0,,194225409,1,No,0,0,0,,
850TIAPL28-N0,,193518081,1,No,0,0,0,,
850TPL26-N0,,5276673,1,No,0,0,0,,
851HUDCO28-NB,,5110785,1,No,0,0,0,,
852LTF27-NG,,5296385,1,No,0,0,0,,
852MFL28-N0,,193531905,1,No,0,0,0,,
852MFL28A-N0,,193532417,1,No,0,0,0,,
854NHPC28-N2,,8059649,1,No,0,0,0,,
855IREDA29-N2,,353281,1,No,0,0,0,,
855IREDA34-N3,,354049,1,No,0,0,0,,
855NCPL26-N0,,5785601,1,No,0,0,0,,
855TCAPS27-N7,,5425665,1,No,0,0,0,,
857CIFL32-N0,,193895425,1,No,0,0,0,,
857IHFL26-N0,,7502593,1,No,0,0,0,,
858CIF27-NU,,6075905,1,No,0,0,0,,
858HUDCO29-NC,,5111297,1,No,0,0,0,,
859CIFCL29-NT,,6056449,1,No,0,0,0,,
85CIFC27-NL,,5773057,1,No,0,0,0,,
85GHFL27-N0,,6315521,1,No,0,0,0,,
85IFL26-NX,,4358145,1,No,0,0,0,,
85LTF26-NM,,5302529,1,No,0,0,0,,
85PCHFL26-N7,,1317121,1,No,0,0,0,,
85PFL26A-N7,,2555393,1,No,0,0,0,,
860CIFC29-NQ,,5891073,1,No,0,0,0,,
860CIFCL28-NG,,5233409,1,No,0,0,0,,
860CIFCL29-NR,,5932033,1,No,0,0,0,,
860GFL27-N0,,6295809,1,No,0,0,0,,
860HFL29-N1,,5776385,1,No,0,0,0,,
860MFL28-N0,,7717633,1,No,0,0,0,,
860TPL31-N0,,7563521,1,No,0,0,0,,
861REC34-ND,,751361,1,No,0,0,0,,
862HHFL29-N0,,6265857,1,No,0,0,0,,
862REC33-NA,,7933953,1,No,0,0,0,,
863IRFC29-NC,,509697,1,No,0,0,0,,
863NHB29-N2,,8183297,1,No,0,0,0,,
863NHB34-N3,,8183553,1,No,0,0,0,,
863REC29-NC,,750849,1,No,0,0,0,,
864CIFL29-N0,,6210561,1,No,0,0,0,,
864CIFL29A-N0,,6232833,1,No,0,0,0,,
865BTL27-N0,,6917889,1,No,0,0,0,,
865CIF29-NV,,6102273,1,No,0,0,0,,
865CIFC865-NP,,5866753,1,No,0,0,0,,
865CIFL29-NW,,6118401,1,No,0,0,0,,
865HHFL30-N0,,193577729,1,No,0,0,0,,
865IFL28-NZ,,4361985,1,No,0,0,0,,
865IHFL27-N1,,7387137,1,No,0,0,0,,
865IIFL28-NS,,3546113,1,No,0,0,0,,
865IRFC29-NA,,154369,1,No,0,0,0,,
865LTF26-NN,,5303041,1,No,0,0,0,,
865MFL28-N0,,7544065,1,No,0,0,0,,
865NHB34-N4,,450817,1,No,0,0,0,,
865SCL24B-Z8,,2909441,1,No,0,0,0,,
865SCL26-N8,,4767745,1,No,0,0,0,,
865SCL27-N4,,193909761,1,No,0,0,0,,
865SCL28-N9,,193911041,1,No,0,0,0,,
865TCAPS27-N8,,5426433,1,No,0,0,0,,
865TVSH29-N0,,6154497,1,No,0,0,0,,
866IIFC34B-N3,,5134337,1,No,0,0,0,,
866NTPC33-N3,,8131073,1,No,0,0,0,,
866SFIL23A-NY,,3904257,1,No,0,0,0,,
867MUTF30-N0,,7471105,1,No,0,0,0,,
867NHPC33-N3,,8059905,1,No,0,0,0,,
867PFCL33-N7,,5126657,1,No,0,0,0,,
868NHB29-N3,,450049,1,No,0,0,0,,
86CIFC29-NN,,5774337,1,No,0,0,0,,
86GS2028-GS,GOI LOAN 8.6% 2028,1814529,1,No,0,0,0,,
871REC28-N9,,7933441,1,No,0,0,0,,
872MMFSL26-N1,,5131777,1,No,0,0,0,,
873NTPC28-N5,,8132097,1,No,0,0,0,,
875BTL28-N0,,6919425,1,No,0,0,0,,
875BTL29-N0,,6919937,1,No,0,0,0,,
875CIFC23B-NJ,,5770753,1,No,0,0,0,,
875CIFL32-N0,,193505025,1,No,0,0,0,,
875GFL27-N0,,5533441,1,No,0,0,0,,
875IHFL29-ND,,1963777,1,No,0,0,0,,
875IIFL26-NM,,1587201,1,No,0,0,0,,
875IIFL26A-NQ,,3544321,1,No,0,0,0,,
875MOF27-N0,,194661121,1,No,0,0,0,,
875NHAI29-N6,,49153,1,No,0,0,0,,
875PCHFL26-N8,,1318657,1,No,0,0,0,,
875PCHFL31-N9,,1319681,1,No,0,0,0,,
875PFL27-N0,,194424321,1,No,0,0,0,,
875SCFL27-Y9,,1987841,1,No,0,0,0,,
875SCL23A-YI,,5383169,1,No,0,0,0,,
875SCL27-YQ,,2369281,1,No,0,0,0,,
875SCL27A-N1,,193899265,1,No,0,0,0,,
875SFL27-ZF,,4392705,1,No,0,0,0,,
875TCAPS29-NB,,5434113,1,No,0,0,0,,
875TVSH30-N0,,7486721,1,No,0,0,0,,
876HUDCO28-ND,,5111809,1,No,0,0,0,,
878MFL27-NH,,5311745,1,No,0,0,0,,
878MUTF29-N0,,6589953,1,No,0,0,0,,
879NHPC28-N5,,8060417,1,No,0,0,0,,
879SCL26-NC,,4769793,1,No,0,0,0,,
879SCL30-N0,,194632705,1,No,0,0,0,,
87HFL26-N0,,7418625,1,No,0,0,0,,
87HFL27-N0,,7418113,1,No,0,0,0,,
87LTF27-NH,,5296897,1,No,0,0,0,,
87SCL27-Z6,,2907137,1,No,0,0,0,,
880IIFL26-N0,,193961729,1,No,0,0,0,,
880IREDA29-N5,,356097,1,No,0,0,0,,
880IREDA34-N6,,356609,1,No,0,0,0,,
880MOF27-N0,,194258945,1,No,0,0,0,,
880PFL28-N0,,194497025,1,No,0,0,0,,
883GS2041-GS,GOI LOAN 8.83% 2041,1795329,1,No,0,0,0,,
884LTF29-N6,,5285889,1,No,0,0,0,,
885AEL28-NB,,194014977,1,No,0,0,0,,
885CIFCL34-NS,,5950465,1,No,0,0,0,,
885IHL26-N1,,7386113,1,No,0,0,0,,
885LTF27-NE,,5291777,1,No,0,0,0,,
885MFL28-NI,,5312257,1,No,0,0,0,,
885MFL29-NJ,,5763329,1,No,0,0,0,,
885MOFSL26-N0,,6066689,1,No,0,0,0,,
885NACL28-N0,,194707713,1,No,0,0,0,,
885NOM28-N2,,6029057,1,No,0,0,0,,
885SCL26-N9,,4768257,1,No,0,0,0,,
885TCAPS29-NC,,5434625,1,No,0,0,0,,
885TIAPL29-N0,,194392833,1,No,0,0,0,,
886REC34-NG,,755969,1,No,0,0,0,,
886SCL30-N0,,194633217,1,No,0,0,0,,
8887HFL26-N0,,6439169,1,No,0,0,0,,
888ECL28-N1,,194553345,1,No,0,0,0,,
888IRFC29-NE,,511745,1,No,0,0,0,,
888NHB29-N5,,8184065,1,No,0,0,0,,
888REC29-NF,,754433,1,No,0,0,0,,
888SCL25D-NC,,5062145,1,No,0,0,0,,
888SCL25E-N4,,4839937,1,No,0,0,0,,
888SCL26-YP,,5960961,1,No,0,0,0,,
888SCL26A-ZC,,6126081,1,No,0,0,0,,
888SCL26X-N1,,7398401,1,No,0,0,0,,
888SCL28-NA,,193911297,1,No,0,0,0,,
889SCFL27-YC,,1990913,1,No,0,0,0,,
889SCL26-NS,,1498881,1,No,0,0,0,,
889SCL27-YT,,2374913,1,No,0,0,0,,
889SCL28-NU,,1499905,1,No,0,0,0,,
88TIAPL29-N0,,194686209,1,No,0,0,0,,
890ALSL27-N0,,193577217,1,No,0,0,0,,
890BTL31-N0,,6918401,1,No,0,0,0,,
890BTL34-N0,,6917377,1,No,0,0,0,,
890MFL27-NK,,5980417,1,No,0,0,0,,
890MFL27A-N0,,6347265,1,No,0,0,0,,
890NCPL28-N1,,5820673,1,No,0,0,0,,
890NHB34-N7,,452353,1,No,0,0,0,,
890SFIL23A-NZ,,3904769,1,No,0,0,0,,
891IIFCL34-N4,,5134849,1,No,0,0,0,,
891NTPC33-N6,,8132609,1,No,0,0,0,,
892CIFL34-N0,,6986753,1,No,0,0,0,,
892NHPC33-N6,,8060673,1,No,0,0,0,,
892PFCL33-N8,,5127169,1,No,0,0,0,,
893NHB29-N6,,451841,1,No,0,0,0,,
894SCL27-ZY,,3452673,1,No,0,0,0,,
895AEL27-N9,,194014465,1,No,0,0,0,,
895MFL27-NM,,6058753,1,No,0,0,0,,
895PAPL27-N0,,194678529,1,No,0,0,0,,
895PAPL28-N0,,194679041,1,No,0,0,0,,
895PAPL28A-N0,,194679553,1,No,0,0,0,,
895PAPL28B-N0,,194680065,1,No,0,0,0,,
896KL35-SG,SDL KL 8.96% 2035,5607937,100,No,0,0,0,,
897GS2030-GS,GOI LOAN 8.97% 2030,1794817,1,No,0,0,0,,
897MFL27-N0,,6275073,1,No,0,0,0,,
897MOFSL29-N4,,6068737,1,No,0,0,0,,
898LTF29-N7,,5287681,1,No,0,0,0,,
89IHFL29-N1,,7390465,1,No,0,0,0,,
89SCL24A-ZM,,3035393,1,No,0,0,0,,
8ABCL26-N2,,193520897,1,No,0,0,0,,
8ABHF34-N4,,5794561,1,No,0,0,0,,
8AR30-SG,SDL AR 8% 2030,5366529,100,No,0,0,0,,
8AS30-SG,SDL AS 8% 2030,5388289,100,No,0,0,0,,
8HR30-SG,SDL HR 8% 2030,5383937,100,No,0,0,0,,
8IHFL27-N0,,194089729,1,No,0,0,0,,
8MN30-SG,SDL MN 8% 2030,5612289,100,No,0,0,0,,
8SMC29-N1,,194615809,1,No,0,0,0,,
8SMC30-N2,,194616065,1,No,0,0,0,,
900CIFL35-N0,,7487745,1,No,0,0,0,,
901HUDCO34-NE,,5112321,1,No,0,0,0,,
901NHB34-N6,,8184321,1,No,0,0,0,,
902MFL27-NO,,6084609,1,No,0,0,0,,
902SCL2030-NG,,193912833,1,No,0,0,0,,
902SCL26-N8,,5059329,1,No,0,0,0,,
902SCL26A-NM,,5136641,1,No,0,0,0,,
902SCL26I-AW,,4485377,1,No,0,0,0,,
902SCL27-YU,,5963521,1,No,0,0,0,,
902SCL27A-ZI,,6130177,1,No,0,0,0,,
902SCL27C-N1,,6540801,1,No,0,0,0,,
902SCL27Q-N1,,7403521,1,No,0,0,0,,
902SCL28-N1,,7740929,1,No,0,0,0,,
902SCL30-NE,,193912321,1,No,0,0,0,,
903MFL29-NN,,6058241,1,No,0,0,0,,
903SFL28-YI,,127489,1,No,0,0,0,,
905CIFL32-N0,,7692033,1,No,0,0,0,,
905LTF27-NF,,5295873,1,No,0,0,0,,
905PFL26-N1,,194447873,1,No,0,0,0,,
905SC24B-Z9,,2910209,1,No,0,0,0,,
909MFL29-NP,,6140929,1,No,0,0,0,,
910CIFL31-N0,,6318593,1,No,0,0,0,,
910HFL35-N0,,193916673,1,No,0,0,0,,
910HFL36-N0,,194533121,1,No,0,0,0,,
910TCAP28-NA,,5433601,1,No,0,0,0,,
910TIAPL26-N0,,7806465,1,No,0,0,0,,
912PFL27-N0,,194447361,1,No,0,0,0,,
915AEL28-NC,,194015233,1,No,0,0,0,,
915APSBC26-N0,,194652673,1,No,0,0,0,,
915APSBC27-N0,,194653185,1,No,0,0,0,,
915APSBC28-N0,,194653697,1,No,0,0,0,,
915APSBC29-N0,,194654209,1,No,0,0,0,,
915APSBC30-N0,,194654721,1,No,0,0,0,,
915APSBC31-N0,,194655233,1,No,0,0,0,,
915APSBC32-N0,,194655745,1,No,0,0,0,,
915APSBC33-N0,,194656257,1,No,0,0,0,,
915APSBC34-N0,,194656769,1,No,0,0,0,,
915APSBC35-N0,,194657281,1,No,0,0,0,,
915PFL27-N0,,193780225,1,No,0,0,0,,
915SCL26-NE,,4770817,1,No,0,0,0,,
915SCL27-Z7,,2908417,1,No,0,0,0,,
915SCL27A-ZL,,3034625,1,No,0,0,0,,
915SCL30-N0,,194375425,1,No,0,0,0,,
918IHFL28-N0,,7559937,1,No,0,0,0,,
919PFL28-N0,,194447617,1,No,0,0,0,,
91D050326-TB,GOI TBILL 91D-05/03/26,194585089,100,No,0,0,0,,
91D060226-TB,GOI TBILL 91D-06/02/26,194457089,100,No,0,0,0,,
91D120226-TB,GOI TBILL 91D-12/02/26,194516225,100,No,0,0,0,,
91D120326-TB,GOI TBILL 91D-12/03/26,194636033,100,No,0,0,0,,
91D150126-TB,GOI TBILL 91D-15/01/26,194401025,100,No,0,0,0,,
91D190226-TB,GOI TBILL 91D-19/02/26,194525185,100,No,0,0,0,,
91D190326-TB,GOI TBILL 91D-19/03/26,194659585,100,No,0,0,0,,
91D230126-TB,GOI TBILL 91D-23/01/26,194261249,100,No,0,0,0,,
91D260226-TB,GOI TBILL 91D-26/02/26,194567169,100,No,0,0,0,,
91D270326-TB,GOI TBILL 91D-27/03/26,194694145,100,No,0,0,0,,
91D290126-TB,GOI TBILL 91D-29/01/26,194432513,100,No,0,0,0,,
91MOFSL27-N2,,6067713,1,No,0,0,0,,
91PFL27-N0,,193780737,1,No,0,0,0,,
91PFL30-N0,,194007297,1,No,0,0,0,,
91PFL35-N0,,194446849,1,No,0,0,0,,
91SFL27-ZI,,4396033,1,No,0,0,0,,
920DCBBL34-N0,,6945793,1,No,0,0,0,,
920HFL30-N0,,6559233,1,No,0,0,0,,
920IIFLS26-N8,,6178049,1,No,0,0,0,,
920PFL28-N2,,194448129,1,No,0,0,0,,
920SCL28-N0,,194083585,1,No,0,0,0,,
920SCL32-NK,,193913857,1,No,0,0,0,,
923GS2043-GS,GOI LOAN 9.23% 2043,1814273,1,No,0,0,0,,
925AEL26-N1,,6470913,1,No,0,0,0,,
925BCIL28-N0,,5878273,1,No,0,0,0,,
925BCIPL28-N1,,5878785,1,No,0,0,0,,
925CAGL26-N9,,4728577,1,No,0,0,0,,
925ECL28-N2,,194553601,1,No,0,0,0,,
925IHFL25E-N8,,4592641,1,No,0,0,0,,
925IHFL29-N1,,7391233,1,No,0,0,0,,
925IHFL31-N1,,7392257,1,No,0,0,0,,
925IIFL32-N0,,193938177,1,No,0,0,0,,
925IIFL32A-N0,,194684161,1,No,0,0,0,,
925ISF28-N0,,194869249,1,No,0,0,0,,
925PFL30-N0,,193779713,1,No,0,0,0,,
925SCFL27-YA,,1988865,1,No,0,0,0,,
925SCL2028-N8,,193910785,1,No,0,0,0,,
925SCL25G-NY,,5152001,1,No,0,0,0,,
925SCL26-NR,,1497601,1,No,0,0,0,,
925SCL26A-YN,,5959937,1,No,0,0,0,,
925SCL26B-YQ,,5961473,1,No,0,0,0,,
925SCL26C-ZA,,6125057,1,No,0,0,0,,
925SCL26D-ZD,,6126593,1,No,0,0,0,,
925SCL26E-N1,,6536193,1,No,0,0,0,,
925SCL26F-N1,,6537473,1,No,0,0,0,,
925SCL26G-N0,,6621697,1,No,0,0,0,,
925SCL26W-N1,,7398657,1,No,0,0,0,,
925SCL26Z-N1,,7397633,1,No,0,0,0,,
925SCL27-YR,,2371073,1,No,0,0,0,,
925SCL27A-N1,,7731713,1,No,0,0,0,,
925SCL27B-N1,,7736321,1,No,0,0,0,,
925SCL28-AM,,3766785,1,No,0,0,0,,
925SCL28A-NS,,5146625,1,No,0,0,0,,
925SCL28B-YC,,5380097,1,No,0,0,0,,
925SCL28C-BS,,4827905,1,No,0,0,0,,
925SCL28I-BA,,4491777,1,No,0,0,0,,
925SCL29-YZ,,5966081,1,No,0,0,0,,
925SCL29A-ZM,,6132481,1,No,0,0,0,,
925SCL29C-N1,,6543361,1,No,0,0,0,,
925SCL29S-N1,,7405057,1,No,0,0,0,,
925SCL30-NF,,193912577,1,No,0,0,0,,
925SCL30A-NH,,193913089,1,No,0,0,0,,
92GS2030-GS,GOI LOAN 9.20% 2030,1801985,1,No,0,0,0,,
92LTF29-N4,,5283329,1,No,0,0,0,,
92SFIL28-ND,,1265153,1,No,0,0,0,,
930AEL30-NF,,194016001,1,No,0,0,0,,
930APMD27-N0,,193837569,1,No,0,0,0,,
930APMD28-N0,,193838081,1,No,0,0,0,,
930APMD29-N0,,193838593,1,No,0,0,0,,
930APMD30-N0,,193839105,1,No,0,0,0,,
930APMD31-N0,,193839617,1,No,0,0,0,,
930APMD32-N0,,193835521,1,No,0,0,0,,
930APMD33-N0,,193836033,1,No,0,0,0,,
930APMD34-N0,,193836545,1,No,0,0,0,,
930APMD35-N0,,193837057,1,No,0,0,0,,
930IIFL27-NX,,193572097,1,No,0,0,0,,
930IIFL35-N0,,193938689,1,No,0,0,0,,
930IIFL35A-N0,,194686721,1,No,0,0,0,,
930PCHFL27-N0,,7433473,1,No,0,0,0,,
930PFL27A-N0,,193750529,1,No,0,0,0,,
930PFL29-N0,,194447105,1,No,0,0,0,,
930SCL2035-N0,,194374913,1,No,0,0,0,,
930SCL35-NN,,193919489,1,No,0,0,0,,
930SFL28-YP,,1574145,1,No,0,0,0,,
931SFIL26A-NA,,1261057,1,No,0,0,0,,
931SFL26-Z5,,3307265,1,No,0,0,0,,
932AEL27-N3,,6472449,1,No,0,0,0,,
935AKCF27-N0,,6072833,1,No,0,0,0,,
935IIFL28-NZ,,193572609,1,No,0,0,0,,
935LTF29-N5,,5284609,1,No,0,0,0,,
935MOFSL29-N5,,6069249,1,No,0,0,0,,
935PFL26-N0,,194446337,1,No,0,0,0,,
935PFL33-N3,,194448385,1,No,0,0,0,,
935SCL28-NV,,1500417,1,No,0,0,0,,
935TSI27-N0,,7049473,1,No,0,0,0,,
935TSI29-N0,,7016449,1,No,0,0,0,,
935TSI30-N0,,7026689,1,No,0,0,0,,
935TSI31-N0,,7053569,1,No,0,0,0,,
935TSI32-N0,,7022337,1,No,0,0,0,,
935TSI34-N0,,7024897,1,No,0,0,0,,
935TSIIC28-N0,,7019777,1,No,0,0,0,,
935TSIIC33-N0,,7046657,1,No,0,0,0,,
939SCL27-ZZ,,3453953,1,No,0,0,0,,
93HFL34-N0,,7417601,1,No,0,0,0,,
93MOFSL34-N6,,6069761,1,No,0,0,0,,
93SCL24A-ZN,,3036417,1,No,0,0,0,,
940CAGL27-NB,,4730881,1,No,0,0,0,,
940SCL26-N6,,5058049,1,No,0,0,0,,
940SCL26A-NK,,5131521,1,No,0,0,0,,
940SCL26B-Y6,,5372417,1,No,0,0,0,,
940SCL26C-AU,,4482049,1,No,0,0,0,,
940SCL27-YS,,5962497,1,No,0,0,0,,
940SCL27A-N1,,6539777,1,No,0,0,0,,
940SCL28-N1,,7733249,1,No,0,0,0,,
940SFIL28-NN,,3593217,1,No,0,0,0,,
943ECL28-NJ,,1097729,1,No,0,0,0,,
945SCL28-N0,,193948161,1,No,0,0,0,,
945SCL29-N0,,193948673,1,No,0,0,0,,
945SCL32-NL,,193914113,1,No,0,0,0,,
948SCL26-N9,,5060609,1,No,0,0,0,,
948SCL26A-NN,,5139201,1,No,0,0,0,,
948SCL26B-Y8,,5376001,1,No,0,0,0,,
948SCL26D-AI,,3768577,1,No,0,0,0,,
948SCL26I-AX,,4487169,1,No,0,0,0,,
948SCL27-YV,,5964033,1,No,0,0,0,,
948SCL27A-ZJ,,6130689,1,No,0,0,0,,
948SCL27D-N1,,6541313,1,No,0,0,0,,
948SCL27R-N1,,7403777,1,No,0,0,0,,
948SCL28-N1,,7741441,1,No,0,0,0,,
94SCL27-ZG,,6129153,1,No,0,0,0,,
94SCL27U-N1,,7401985,1,No,0,0,0,,
94SFL28-YL,,256257,1,No,0,0,0,,
950BCIPL28-N2,,5896705,1,No,0,0,0,,
950IIFL27-Y2,,5949953,1,No,0,0,0,,
950ISF26-N0,,6569473,1,No,0,0,0,,
950ISF26A-N0,,7428353,1,No,0,0,0,,
950ISF27-N0,,7560449,1,No,0,0,0,,
950ISF27A-N0,,193553665,1,No,0,0,0,,
950ISF27B-N0,,194136065,1,No,0,0,0,,
950ISF27C-N0,,193973249,1,No,0,0,0,,
950ISF35-N0,,194367745,1,No,0,0,0,,
950SCL30-N0,,193947137,1,No,0,0,0,,
955SCL35-NO,,193919745,1,No,0,0,0,,
956AEL29-N6,,6475265,1,No,0,0,0,,
957ICCL25-YW,,2208001,1,No,0,0,0,,
957IIFLS27-NA,,6179073,1,No,0,0,0,,
957ISFL26-N2,,5316865,1,No,0,0,0,,
957NIDO26-N5,,4573185,1,No,0,0,0,,
957SCL30-BX,,4833025,1,No,0,0,0,,
957SCL31-Z3,,5968129,1,No,0,0,0,,
957SFIL28-NW,,3902721,1,No,0,0,0,,
95PFL34-N0,,194446593,1,No,0,0,0,,
960IIFL30-Y2,,193575169,1,No,0,0,0,,
960IIFLS26-N9,,6178561,1,No,0,0,0,,
960SCL32-NI,,193913345,1,No,0,0,0,,
960SCL35-N0,,194377985,1,No,0,0,0,,
960SFL35-N0,,7695617,1,No,0,0,0,,
965AEL27-N4,,6473473,1,No,0,0,0,,
965IFSL26-N6,,3595521,1,No,0,0,0,,
965ISF28-N0,,194329601,1,No,0,0,0,,
965SCL25C-N0,,3455233,1,No,0,0,0,,
965SCL25F-NZ,,5153281,1,No,0,0,0,,
965SCL26-YO,,5960449,1,No,0,0,0,,
965SCL26A-ZB,,6125569,1,No,0,0,0,,
965SCL26F-N1,,6536705,1,No,0,0,0,,
965SCL26Y-N1,,7397889,1,No,0,0,0,,
965SCL27-N1,,7734785,1,No,0,0,0,,
965SCL28-AK,,3764225,1,No,0,0,0,,
965SCL28A-NQ,,5144065,1,No,0,0,0,,
965SCL28B-YB,,5378561,1,No,0,0,0,,
965SCL28C-BR,,4827137,1,No,0,0,0,,
965SCL29-YX,,5965057,1,No,0,0,0,,
965SCL29S-N1,,7404545,1,No,0,0,0,,
965SCL30-ND,,193912065,1,No,0,0,0,,
965SFL27-N0,,7151105,1,No,0,0,0,,
966SFIL25A-NI,,3590657,1,No,0,0,0,,
96IIFL28-N5,,1334785,1,No,0,0,0,,
96IIFL28A-NF,,736513,1,No,0,0,0,,
96SFIL24A-NB,,1262081,1,No,0,0,0,,
970CAGL28-ND,,4732673,1,No,0,0,0,,
970ISF28-N0,,7494657,1,No,0,0,0,,
971SCL28-AN,,3767809,1,No,0,0,0,,
971SCL28A-NT,,5147137,1,No,0,0,0,,
971SCL28B-YD,,5380865,1,No,0,0,0,,
971SCL28C-BU,,4828417,1,No,0,0,0,,
971SCL28I-BC,,4496385,1,No,0,0,0,,
971SCL29-Z0,,5966593,1,No,0,0,0,,
971SCL29A-ZN,,6133249,1,No,0,0,0,,
971SCL29B-N1,,6543873,1,No,0,0,0,,
971SCL29T-N1,,7405313,1,No,0,0,0,,
971SCL30-N1,,7738881,1,No,0,0,0,,
971SCL30A-N1,,7737345,1,No,0,0,0,,
975BNAL28-N0,,194770177,1,No,0,0,0,,
975CCSP28-N0,,194425345,1,No,0,0,0,,
975IIFL28-Y0,,193572865,1,No,0,0,0,,
975ISF28-N0,,194019841,1,No,0,0,0,,
975ISF35-N0,,194229249,1,No,0,0,0,,
975PCPL27-N0,,194430465,1,No,0,0,0,,
975PCPL28-N0,,194661633,1,No,0,0,0,,
975SCL27-Z9,,6007041,1,No,0,0,0,,
975SCL28-NT,,1499393,1,No,0,0,0,,
975SCL28A-N0,,6354177,1,No,0,0,0,,
975SCL29-N0,,6294273,1,No,0,0,0,,
975SCL29A-N0,,6621185,1,No,0,0,0,,
975SCL35-N0,,193947649,1,No,0,0,0,,
975SIPL27-N0,,6346753,1,No,0,0,0,,
975SIPL27A-N0,,6394113,1,No,0,0,0,,
975SIPL27B-N0,,6561537,1,No,0,0,0,,
975SIPL29-N0,,6955009,1,No,0,0,0,,
97MOFSL34-N7,,6070273,1,No,0,0,0,,
97SFIL26A-NC,,1263617,1,No,0,0,0,,
97SFL26-Z9,,3310849,1,No,0,0,0,,
97SFL28-YS,,1579009,1,No,0,0,0,,
97SFL29-YZ,,2212353,1,No,0,0,0,,
980SCL33-NX,,5150721,1,No,0,0,0,,
980SCL33A-N3,,4839425,1,No,0,0,0,,
980SCL33B-YL,,5387265,1,No,0,0,0,,
980SCL33C-ND,,5062657,1,No,0,0,0,,
980SCL33D-YG,,5382145,1,No,0,0,0,,
980SCL34-Z7,,5970177,1,No,0,0,0,,
980SCL34B-N1,,6546433,1,No,0,0,0,,
980SCL35-N1,,7732737,1,No,0,0,0,,
980SFIL28-NL,,3592193,1,No,0,0,0,,
980SFIL29-N0,,6439681,1,No,0,0,0,,
984SFIL26A-NK,,3591681,1,No,0,0,0,,
985CCSP27-N0,,194009089,1,No,0,0,0,,
985CCSP28-N0,,194455553,1,No,0,0,0,,
985ECL28-NK,,1098753,1,No,0,0,0,,
985SCL32-NJ,,193913601,1,No,0,0,0,,
985SFIL28-NO,,3593729,1,No,0,0,0,,
98SCL34-ZS,,6136833,1,No,0,0,0,,
98SCL34Z-N1,,7406593,1,No,0,0,0,,
98SFIL26-NU,,3900161,1,No,0,0,0,,
98VFPL28-N0,,6216705,1,No,0,0,0,,
990CCSP27-N0,,193825025,1,No,0,0,0,,
990IIFL26-N0,,7470593,1,No,0,0,0,,
990IIFL26A-N0,,7472129,1,No,0,0,0,,
990IIFL26B-N0,,7471617,1,No,0,0,0,,
990IIFL27-N0,,7313665,1,No,0,0,0,,
990IIFL27A-N0,,7695105,1,No,0,0,0,,
990SCFL26-AJ,,3762177,1,No,0,0,0,,
990SCL26-N7,,5058561,1,No,0,0,0,,
990SCL26A-NL,,5135617,1,No,0,0,0,,
990SCL26B-Y7,,5374721,1,No,0,0,0,,
990SCL26D-AH,,3768321,1,No,0,0,0,,
990SCL26I-AV,,4483841,1,No,0,0,0,,
990SCL27-YT,,5963009,1,No,0,0,0,,
990SCL27B-N1,,6540289,1,No,0,0,0,,
990SCL28-N1,,7736833,1,No,0,0,0,,
995CCSP27-N0,,193621249,1,No,0,0,0,,
995ISF28-N0,,193578753,1,No,0,0,0,,
995ISF28A-N0,,193504001,1,No,0,0,0,,
995ISF35-N0,,194122241,1,No,0,0,0,,
995SCL2035-NM,,193919233,1,No,0,0,0,,
995SCL35-N0,,7450881,1,No,0,0,0,,
99AEL29-N7,,6475777,1,No,0,0,0,,
99SCL27-ZH,,6129665,1,No,0,0,0,,
99SCL27V-N1,,7402241,1,No,0,0,0,,
9AEL30-NE,,194015745,1,No,0,0,0,,
9CIFL34-NX,,6141441,1,No,0,0,0,,
9HFL34-N0,,5435649,1,No,0,0,0,,
9IHFL27-N1,,7387649,1,No,0,0,0,,
9IIFL26-NV,,193571585,1,No,0,0,0,,
9IIFL28-Y0,,4362497,1,No,0,0,0,,
9IIFL28A-NT,,3546625,1,No,0,0,0,,
9MMFSML-N2,,5132289,1,No,0,0,0,,
9PCHFL31A-NA,,1320961,1,No,0,0,0,,
9PFL27-N0,,194006785,1,No,0,0,0,,
9SCL26B-ND,,4770305,1,No,0,0,0,,
9SCL26BA-NA,,4768769,1,No,0,0,0,,
9SCL27-N2,,193909249,1,No,0,0,0,,
9SCL28-N7,,193910529,1,No,0,0,0,,
9TCAP28-N9,,5432577,1,No,0,0,0,,
9TIAPL28-N0,,193580289,1,No,0,0,0,,
A2ZINFRA,A2Z INFRA ENGINEERING,5351937,1,No,0,0,0,,
AAATECH-BE,AAA TECHNOLOGIES,3210753,1,No,0,0,0,,
AADHARHFC,AADHAR HOUSING FINANCE L,6074625,1,No,0,0,0,,
AAFS27A-N0,,5799425,1,No,0,0,0,,
AAFS27B-N3,,6048769,1,No,0,0,0,,
AAFS27B-N4,,6059265,1,No,0,0,0,,
AAFS28-N0,,6225153,1,No,0,0,0,,
AAFS28A-N0,,6368513,1,No,0,0,0,,
AAFS28B-N0,,6518273,1,No,0,0,0,,
AAFS28C-N0,,6552321,1,No,0,0,0,,
AAFS29-N0,,193827841,1,No,0,0,0,,
AAFS29A-N0,,193779201,1,No,0,0,0,,
AAFS29B-N0,,194203649,1,No,0,0,0,,
AAFS29C-N0,,194161153,1,No,0,0,0,,
AAFS30-N0,,194266113,1,No,0,0,0,,
AAFS30A-N0,,194374401,1,No,0,0,0,,
AAFS30B-N0,,194632193,1,No,0,0,0,,
AAFS34-N2,,5869313,1,No,0,0,0,,
AAFS34A-N5,,6059777,1,No,0,0,0,,
AAKAAR-SM,AAKAAR MEDICAL TECHNO,193940225,1600,No,0,0,0,,
AAKASH,AAKASH EXPLORATION SER L,60161,1,No,0,0,0,,
AARADHYA-SM,AARADHYA DISPOSAL INDUS L,194078721,1200,No,0,0,0,,
AAREYDRUGS,AAREY DRUGS & PHARM,1342721,1,No,0,0,0,,
AARON,AARON INDUSTRIES,263681,1,No,0,0,0,,
AARTECH,AARTECH SOLONICS,4389121,1,No,0,0,0,,
AARTIDRUGS,AARTI DRUGS,1147137,1,No,0,0,0,,
AARTIIND,AARTI INDUSTRIES,1793,1,No,0,0,0,,
AARTIPHARM,AARTI PHARMALABS,3550209,1,No,0,0,0,,
AARTISURF,AARTI SURFACTANTS,4923649,1,No,0,0,0,,
AARTISURF-P1,AARTI SURFACTANTS,3102977,1,No,0,0,0,,
AARVI,AARVI ENCON,4882689,1,No,0,0,0,,
AATMAJ-SM,AATMAJ HEALTHCARE,4342017,2000,No,0,0,0,,
AAVAS,AAVAS FINANCIERS,1378561,1,No,0,0,0,,
ABAN-BE,ABAN OFFSHORE,1986305,1,No,0,0,0,,
ABB,ABB INDIA,3329,1,Yes,152,77,75,2026-01-27,2026-03-30
ABBOTINDIA,ABBOTT INDIA,4583169,1,No,0,0,0,,
ABCAPITAL,ADITYA BIRLA CAPITAL,5533185,1,Yes,103,51,52,2026-01-27,2026-03-30
ABCL020925-N0,,194302209,1,No,0,0,0,,
ABCL26-N3,,193521153,1,No,0,0,0,,
ABCL28-N6,,193521921,1,No,0,0,0,,
ABCOTS,A B COTSPIN INDIA,194337281,1,No,0,0,0,,
ABCRESET27-NM,,193526017,1,No,0,0,0,,
ABCRESET28-N0,,194321153,1,No,0,0,0,,
ABDL,ALLIED BLEND N DISTILS L,6222849,1,No,0,0,0,,
ABFRL,ADITYA BIRLA FASHION & RT,7707649,1,No,0,0,0,,
ABGSEC,BIRLASLAMC - ABGSEC,6247425,1,No,0,0,0,,
ABGSECINAV,BIRLASLAMC - ABGSECINAV,6249217,1,No,0,0,0,,
ABHAPOWER-SM,ABHA POWER N STEEL,6984705,1600,No,0,0,0,,
ABHF26625-N0,,193927425,1,No,0,0,0,,
ABINFRA,A B INFRABUILD,6917121,1,No,0,0,0,,
ABLBL,ADITYA BIRLA LIFES BRAN L,193751809,1,No,0,0,0,,
ABMINTLLTD,ABM INTERNATIONAL,1420545,1,No,0,0,0,,
ABNINT-IT,A B N INTERCORP,2198529,5000,No,0,0,0,,
ABREL,ADITYA BIRLA REAL EST,160001,1,No,0,0,0,,
ABSLAMC,ADIT BIRL SUN LIF AMC,1540609,1,No,0,0,0,,
ABSLBAINAV,ABSLBANETF INAV,2550785,1,No,0,0,0,,
ABSLBANETF,BIRLASLAMC - ABSLBANETF,3580673,1,No,0,0,0,,
ABSLLIQUID,BIRLASLAMC - ABSLLIQUID,3716609,1,No,0,0,0,,
ABSLLQINAV,BIRLASLAMC - ABSLLQINAV,3718145,1,No,0,0,0,,
ABSLNN50ET,BIRLASLAMC - ABSLNN50ET,1878785,1,No,0,0,0,,
ABSLNNINAV,ABSLNN50ET INAV,2553089,1,No,0,0,0,,
ABSLPSE,BIRLASLAMC-ABSLPSE,6094337,1,No,0,0,0,,
ABSMARINE-SM,ABS MARINE SERVICES,6088449,500,No,0,0,0,,
ABSPSEINAV,BIRLASLAMC-ABSPSEINAV,6095617,1,No,0,0,0,,
ACC,ACC,5633,1,No,0,0,0,,
ACCELYA,ACCELYA SOLN INDIA,1805569,1,No,0,0,0,,
ACCENTMIC-SM,ACCENT MICROCELL,5244929,500,No,0,0,0,,
ACCORD-SM,ACCORD SYNERGY,5431553,2000,No,0,0,0,,
ACCPL-ST,ACCRETION PHARMA,193798145,1200,No,0,0,0,,
ACCURACY,ACCURACY SHIPPING,375041,1,No,0,0,0,,
ACE,ACTION CONST EQUIP,3478273,1,No,0,0,0,,
ACEINTEG,ACE INTEGRATED SOLU.,3015425,1,No,0,0,0,,
ACI,ARCHEAN CHEMICAL IND,3078145,1,No,0,0,0,,
ACL,ANDHRA CEMENTS,3947521,1,No,0,0,0,,
ACMESOLAR,ACME SOLAR HOLDINGS,6927617,1,No,0,0,0,,
ACTIVEINFR-SM,ACTIVE INFRASTRUCTURES L,7798785,600,No,0,0,0,,
ACUTAAS,ACUTAAS CHEMICALS,1427969,1,No,0,0,0,,
ADANIENSOL,ADANI ENERGY SOLUTION,2615553,1,Yes,157,78,79,2026-01-27,2026-03-30
ADANIENT,ADANI ENTERPRISES,6401,1,Yes,179,88,91,2026-01-27,2026-03-30
ADANIGREEN,ADANI GREEN ENERGY,912129,1,Yes,160,81,79,2026-01-27,2026-03-30
ADANIPORTS,ADANI PORT & SEZ,3861249,1,Yes,120,61,59,2026-01-27,2026-03-30
ADANIPOWER,ADANI POWER,4451329,1,No,0,0,0,,
ADDICTIVE-SM,ADDICTIVE LEARNING TECH L,5751809,500,No,0,0,0,,
ADFFOODS,ADF FOODS,5058817,1,No,0,0,0,,
ADL,ARCHIDPLY DECOR,62721,1,No,0,0,0,,
ADOR,ADOR WELDING,8705,1,No,0,0,0,,
ADROITINFO,ADROIT INFOTECH,1267969,1,No,0,0,0,,
ADSL,ALLIED DIGITAL SERV.,3792129,1,No,0,0,0,,
ADVANCE,ADVANCE AGROLIFE,194406913,1,No,0,0,0,,
ADVANIHOTR,ADVANI HOT.& RES.(I),3774721,1,No,0,0,0,,
ADVENTHTL,ADVENT HOTELS INTERNATI L,194500865,1,No,0,0,0,,
ADVENZYMES,ADVANCED ENZYME TECH,4617985,1,No,0,0,0,,
AEGISLOG,AEGIS LOGISTICS,10241,1,No,0,0,0,,
AEGISVOPAK,AEGIS VOPAK TERMINALS,193878017,1,No,0,0,0,,
AEL120924-N2,,6471681,1,No,0,0,0,,
AEL120924A-N5,,6474753,1,No,0,0,0,,
AEL120924B-N8,,6476289,1,No,0,0,0,,
AEL170725-ND,,194015489,1,No,0,0,0,,
AEL170725A-NG,,194016257,1,No,0,0,0,,
AEL17725-NA,,194014721,1,No,0,0,0,,
AEQUS,AEQUS,194619905,1,No,0,0,0,,
AEROENTER,AEROFLEX ENTERPRISES,3075841,1,No,0,0,0,,
AEROFLEX,AEROFLEX INDUSTRIES,4676609,1,No,0,0,0,,
AERON-SM,AERON COMPOSITE,6416641,1000,No,0,0,0,,
AERONEU,AEROFLEX NEU,3504385,1,No,0,0,0,,
AESTHETIK-SM,AESTHETIK ENGINEERS,6356481,1000,No,0,0,0,,
AETHER,AETHER INDUSTRIES,2511361,1,No,0,0,0,,
AFCONS,AFCONS INFRASTRUCTURE,6650113,1,No,0,0,0,,
AFFLE,AFFLE 3I,2903809,1,No,0,0,0,,
AFFORDABLE,AFFORD ROBO & AUTO,6618881,1,No,0,0,0,,
AFIL,AKME FINTRADE (INDIA),6184705,1,No,0,0,0,,
AFSL,ABANS FINANCIAL SRVCS,3401729,1,No,0,0,0,,
AGARIND,AGARWAL INDS CORP,867585,1,No,0,0,0,,
AGARWALEYE,DR AGARWALS HEALTH CARE L,7539713,1,No,0,0,0,,
AGARWALFT-SM,AGARWAL FLOAT GLASS I,3651329,1500,No,0,0,0,,
AGARWALTUF-SM,AGARWAL TOUGH GLASS IND L,6991105,1200,No,0,0,0,,
AGI,AGI GREENPAC,361473,1,No,0,0,0,,
AGIIL,AGI INFRA,6257921,1,No,0,0,0,,
AGNI-SM,AGNI GREEN POWER,2685697,2500,No,0,0,0,,
AGRITECH-BE,AGRI-TECH (INDIA),2835457,1,No,0,0,0,,
AGROPHOS,AGRO PHOS INDIA,2315777,1,No,0,0,0,,
AGSTRA-BZ,AGS TRANSACT TECH,194355713,1,No,0,0,0,,
AGUL-SM,A G UNIVERSAL,3877633,2000,No,0,0,0,,
AHCL,ANLON HEALTHCARE,194295809,1,No,0,0,0,,
AHIMSA-ST,AHIMSA INDUSTRIES,2757121,3000,No,0,0,0,,
AHLADA,AHLADA ENGINEERS,513025,1,No,0,0,0,,
AHLEAST,ASIAN HOTELS (EAST),4976129,1,No,0,0,0,,
AHLUCONT,AHLUWALIA CONT IND,4565249,1,No,0,0,0,,
AIAENG,AIA ENGINEERING,3350017,1,No,0,0,0,,
AIIL,AUTHUM INVEST & INFRA,6029569,1,No,0,0,0,,
AILIMITED-SM,ABHISHEK INTEGRATIONS,1184257,1500,No,0,0,0,,
AIMTRON-ST,AIMTRON ELECTRONICS,6140673,200,No,0,0,0,,
AIRAN,AIRAN,2533633,1,No,0,0,0,,
AIROLAM,AIRO LAM,1553409,1,No,0,0,0,,
AIRTELPP-E1,AIRTEL RS. 1.25 PPD UP,1647361,1,No,0,0,0,,
AISL-SM,ANI INTEGRATED SERV,123393,600,No,0,0,0,,
AJANTPHARM,AJANTA PHARMA,2079745,1,No,0,0,0,,
AJAXENGG,AJAX ENGINEERING,7583745,1,No,0,0,0,,
AJMERA,AJMERA REALTY & INF I,4430593,1,No,0,0,0,,
AJOONI,AJOONI BIOTECH,871169,1,No,0,0,0,,
AKANKSHA-SM,AKANKSHA POWER N INFRA L,5406977,1000,No,0,0,0,,
AKASH,AKASH INFRA-PROJECTS,3458561,1,No,0,0,0,,
AKG,AKG EXIM,557057,1,No,0,0,0,,
AKI,AKI INDIA,3811841,1,No,0,0,0,,
AKIKO-ST,AKIKO GLOBAL SERVICES L,6222593,800,No,0,0,0,,
AKSHAR,AKSHAR SPINTEX,2446849,1,No,0,0,0,,
AKSHARCHEM,AKSHARCHEM INDIA,5165569,1,No,0,0,0,,
AKSHOPTFBR,AKSH OPTIFIBRE,2199297,1,No,0,0,0,,
AKUMS,AKUMS DRUGS AND PHARMA L,6327041,1,No,0,0,0,,
AKZOINDIA,AKZO NOBEL INDIA,375553,1,No,0,0,0,,
ALANKIT,ALANKIT,2539777,1,No,0,0,0,,
ALBERTDAVD,ALBERT DAVID,4417537,1,No,0,0,0,,
ALCODIS-SM,ALCOKRAFT DISTILLERIE,4803073,625,No,0,0,0,,
ALEMBICLTD,ALEMBIC,20225,1,No,0,0,0,,
ALGOQUANT,ALGOQUANT FINTECH,194885121,1,No,0,0,0,,
ALICON,ALICON CASTALLOY,3495937,1,No,0,0,0,,
ALIVUS,ALIVUS LIFE SCIENCES,1347841,1,No,0,0,0,,
ALKALI,ALKALI METALS,4341505,1,No,0,0,0,,
ALKEM,ALKEM LABORATORIES,2995969,1,Yes,159,80,79,2026-01-27,2026-03-30
ALKYLAMINE,ALKYL AMINES CHEM.,1148673,1,No,0,0,0,,
ALLCARGO,ALLCARGO LOGISTICS,3456257,1,No,0,0,0,,
ALLDIGI,ALLDIGI TECH,3020289,1,No,0,0,0,,
ALLETEC-SM,ALL E TECHNOLOGIES,3379969,400,No,0,0,0,,
ALLTIME,ALL TIME PLASTICS,194162689,1,No,0,0,0,,
ALMONDZ,ALMONDZ GLOBAL SEC,4280065,1,No,0,0,0,,
ALOKINDS,ALOK INDUSTRIES,4524801,1,No,0,0,0,,
ALPA,ALPA LABORATORIES,3801089,1,No,0,0,0,,
ALPEXSOLAR-SM,ALPEX SOLAR,5808129,100,No,0,0,0,,
ALPHA,KOTAKMAMC - KOTAKALPHA,1897473,1,No,0,0,0,,
ALPHA27-N1,,5851137,1,No,0,0,0,,
ALPHAETF,MIRAEAMC - ALPHAETF,5027841,1,No,0,0,0,,
ALPHAGEO,ALPHAGEO (INDIA),3736833,1,No,0,0,0,,
ALPHAINAV,MIRAEAMC - ALPHAINAV,5029121,1,No,0,0,0,,
ALPL30IETF,ICICIPRAMC - ICICIALPLV,5720065,1,No,0,0,0,,
ALUWIND-SM,ALUWIND INFRA-TECH,6009345,1500,No,0,0,0,,
AMANTA,AMANTA HEALTHCARE,194280705,1,No,0,0,0,,
AMBANIORGO-SM,AMBANI ORGOCHEM,1045249,1000,No,0,0,0,,
AMBER,AMBER ENTERPRISES (I),303361,1,Yes,128,62,66,2026-01-27,2026-03-30
AMBEY-SM,AMBEY LABORATORIES,6250241,2000,No,0,0,0,,
AMBICAAGAR,AMBICA AGAR & AROMAINDLTD,2942977,1,No,0,0,0,,
AMBIKCO,AMBIKA COTTON MILL,3899905,1,No,0,0,0,,
AMBUJACEM,AMBUJA CEMENTS,325121,1,Yes,165,82,83,2026-01-27,2026-03-30
AMCL-ST,ANB METAL CAST,194158081,800,No,0,0,0,,
AMDIND,AMD INDUSTRIES,3685889,1,No,0,0,0,,
AMEYA-SM,AMEYA PRECISION ENG,2789889,1000,No,0,0,0,,
AMIABLE-ST,AMIABLE LOGISTICS (I),3057153,1600,No,0,0,0,,
AMJLAND,AMJ LAND HOLDINGS,665089,1,No,0,0,0,,
AMJUMBO-SM,A AND M JUMBO BAGS,346369,8000,No,0,0,0,,
AMNPLST,AMINES & PLASTICIZERS,5085953,1,No,0,0,0,,
AMRUTANJAN,AMRUTAJAN HEALTH,4492033,1,No,0,0,0,,
ANANDRATHI,ANAND RATHI WEALTH,1829121,1,No,0,0,0,,
ANANTAM-IV,ANANTAM HIGHWAYS TRUST,194396929,1,No,0,0,0,,
ANANTRAJ,ANANT RAJ,3486721,1,No,0,0,0,,
ANDHRAPAP,ANDHRA PAPER,42497,1,No,0,0,0,,
ANDHRSUGAR,ANDHRA SUGARS,34817,1,No,0,0,0,,
ANGELONE,ANGEL ONE,82945,1,Yes,96,50,46,2026-01-27,2026-03-30
ANIKINDS,ANIK INDUSTRIES,4264193,1,No,0,0,0,,
ANKITMETAL-BZ,ANKIT MET & POW,6624769,1,No,0,0,0,,
ANLON-SM,ANLON TECHNOLOGY SOL,3496193,400,No,0,0,0,,
ANMOL,ANMOL INDIA,954113,1,No,0,0,0,,
ANNAPURNA-SM,ANNAPURNA SWADISHT,2866689,250,No,0,0,0,,
ANONDITA-ST,ANONDITA MEDICARE,194238209,1000,No,0,0,0,,
ANSALAPI-BZ,ANSAL PROP & INFRA,5037313,1,No,0,0,0,,
ANTELOPUS,ANTELOPUS SELAN ENRGY,3481089,1,No,0,0,0,,
ANTGRAPHIC,ANTARCTICA,1329665,1,No,0,0,0,,
ANTHEM,ANTHEM BIOSCIENCES,194018561,1,No,0,0,0,,
ANUHPHR,ANUH PHARMA,7248385,1,No,0,0,0,,
ANUP,THE ANUP ENGINEERING,2307585,1,No,0,0,0,,
ANURAS,ANUPAM RASAYAN INDIA,724225,1,No,0,0,0,,
ANURAS-W1,ANUPAM RASAYAN INDIA,6063873,1,No,0,0,0,,
ANYA-SM,ANYA POLYTECH & FERTI,7419649,5000,No,0,0,0,,
ANZEN-IV,ANZEN IND ENE YLD PLU TRU,3057921,25000,No,0,0,0,,
AOGOLDINAV,AONEAMC - AOGOLDINAV,7819009,1,No,0,0,0,,
AONE50INAV,AONEAMC - AONE50INAV,7827713,1,No,0,0,0,,
AONEGOLD,AONEAMC - AONEGOLD,194279425,1,No,0,0,0,,
AONELIINAV,AONEAMC - AONELIINAV,7801857,1,No,0,0,0,,
AONELIQUID,AONEAMC - AONELIQUID,7800833,1,No,0,0,0,,
AONENFINAV,AONEAMC - AONENFINAV,7809537,1,No,0,0,0,,
AONENIFTY,AONEAMC - AONENIFTY,193816577,1,No,0,0,0,,
AONETMMQ50,AONEAMC - AONETMMQ50,194557953,1,No,0,0,0,,
AONETOINAV,AONEAMC - AONETOINAV,7674369,1,No,0,0,0,,
AONETOTAL,AONEAMC - AONETOTAL,7673601,1,No,0,0,0,,
APARINDS,APAR INDUSTRIES,2941697,1,No,0,0,0,,
APCL,ANJANI PORTLAND CEM,5235969,1,No,0,0,0,,
APCOTEXIND,APCOTEX INDUSTRIES LIMITE,39425,1,No,0,0,0,,
APEX,APEX FROZEN FOODS,5535489,1,No,0,0,0,,
APEXECO-SM,APEX ECOTECH,6985729,800,No,0,0,0,,
APLAPOLLO,APL APOLLO TUBES,6599681,1,Yes,143,69,74,2026-01-27,2026-03-30
APLLTD,ALEMBIC PHARMA,6483969,1,No,0,0,0,,
APOLLO,APOLLO MICRO SYSTEMS,290305,1,No,0,0,0,,
APOLLOHOSP,APOLLO HOSPITALS ENTER. L,40193,1,Yes,196,100,96,2026-01-27,2026-03-30
APOLLOPIPE,APOLLO PIPES,3676417,1,No,0,0,0,,
APOLLOTYRE,APOLLO TYRES,41729,1,No,0,0,0,,
APOLSINHOT,APOLLO SINDOORI HOTEL,1613313,1,No,0,0,0,,
APRAMEYA-SM,APRAMEYA ENGINEERING,6307329,500,No,0,0,0,,
APS-SM,AUSTRALIAN PREM SOLAR I L,5491457,250,No,0,0,0,,
APTECHT,APTECH,2753281,1,No,0,0,0,,
APTUS,APTUS VALUE HSG FIN I,1391361,1,No,0,0,0,,
ARABIAN-SM,ARABIAN PETROLEUM,4928769,2000,No,0,0,0,,
ARCHIDPLY,ARCHIDPLY IND.,4299521,1,No,0,0,0,,
ARCHIES,ARCHIES,1456129,1,No,0,0,0,,
ARCIIL-SM,ARC INSULATION & INSU,194219521,1000,No,0,0,0,,
ARE&M,AMARA RAJA ENERGY MOB,25601,1,No,0,0,0,,
ARENTERP,RAJDARSHAN INDUSTRIES,46337,1,No,0,0,0,,
ARFIN,ARFIN INDIA,194227201,1,No,0,0,0,,
ARHAM-ST,ARHAM TECHNOLOGIES,3353089,1000,No,0,0,0,,
ARIES,ARIES AGRO,3892225,1,No,0,0,0,,
ARIHANTACA-ST,ARIHANT ACADEMY,3417089,400,No,0,0,0,,
ARIHANTCAP,ARIHANT CAPITAL MKTS,976129,1,No,0,0,0,,
ARIHANTSUP,ARIHANT SUPERSTRUCT,5160705,1,No,0,0,0,,
ARISINFRA,ARISINFRA SOLUTIONS,193949185,1,No,0,0,0,,
ARISTO-SM,ARISTO BIO T AND LIFESC L,3565057,800,No,0,0,0,,
ARKADE,ARKADE DEVELOPERS,6501889,1,No,0,0,0,,
ARMANFIN,ARMAN FIN SERV,4419329,1,No,0,0,0,,
AROGRANITE,ARO GRANITE IND.,3726593,1,No,0,0,0,,
ARROWGREEN,ARROW GREENTECH,2370561,1,No,0,0,0,,
ARSHIYA-BZ,ARSHIYA,7427841,1,No,0,0,0,,
ARSSBL,ANAND RATHI SH N STK BR L,194548737,1,No,0,0,0,,
ARTEMISMED,ARTEMIS MED SERVICE,4329729,1,No,0,0,0,,
ARTNIRMAN,ART NIRMAN,1575937,1,No,0,0,0,,
ARUNAYA-SM,ARUNAYA ORGANICS,193765377,2000,No,0,0,0,,
ARVEE-BE,ARVEE LABORATORIES I,721921,1,No,0,0,0,,
ARVIND,ARVIND,49409,1,No,0,0,0,,
ARVINDFASN,ARVIND FASHIONS,2332417,1,No,0,0,0,,
ARVINDPORT-SM,ARVIND PORT AND INFRA,5012225,1500,No,0,0,0,,
ARVSMART,ARVIND SMARTSPACES,2676993,1,No,0,0,0,,
ASAHIINDIA,ASAHI INDIA GLASS,1376769,1,No,0,0,0,,
ASAHISONG,ASAHI SONGWON COLOR,6422529,1,No,0,0,0,,
ASAL,AUTOMOTIVE STAMPINGS & AS,2722305,1,No,0,0,0,,
ASALCBR,ASSO ALCOHOLS & BREW,4505089,1,No,0,0,0,,
ASCOM-ST,ASCOM LEASIN & INVEST,3847681,500,No,0,0,0,,
ASHALOG-SM,ASHAPURA LOGISTICS,6326017,1000,No,0,0,0,,
ASHAPURMIN,ASHAPURA MINECHEM,51969,1,No,0,0,0,,
ASHIANA,ASHIANA HOUSING,6247169,1,No,0,0,0,,
ASHIMASYN,ASHIMA,52737,1,No,0,0,0,,
ASHOKA,ASHOKA BUILDCON,5166593,1,No,0,0,0,,
ASHOKAMET,ASHOKA METCAST,4337409,1,No,0,0,0,,
ASHOKLEY,ASHOK LEYLAND,54273,1,Yes,218,108,110,2026-01-27,2026-03-30
ASHWINI-SM,ASHWINI CONTAINER MOVER L,194667009,1000,No,0,0,0,,
ASIANENE,ASIAN ENERGY SERVICES,1799681,1,No,0,0,0,,
ASIANHOTNR,ASIAN HOTELS (NORTH),4716033,1,No,0,0,0,,
ASIANPAINT,ASIAN PAINTS,60417,1,Yes,191,97,94,2026-01-27,2026-03-30
ASIANTILES,ASIAN GRANITO IND.,3811585,1,No,0,0,0,,
ASIFDG-SF,,194361345,1,No,0,0,0,,
ASIFRD-SF,,194361857,1,No,0,0,0,,
ASIFRG-SF,,194362369,1,No,0,0,0,,
ASKAUTOLTD,ASK AUTOMOTIVE,5158913,1,No,0,0,0,,
ASLIND-ST,ASL INDUSTRIES,5248769,2000,No,0,0,0,,
ASMS,BARTRONICS INDIA,3600385,1,No,0,0,0,,
ASPINWALL,ASPINWALL & CO,4421121,1,No,0,0,0,,
ASPIRE-SM,ASPIRE & INNOVATIVE ADV L,5989377,2000,No,0,0,0,,
ASTEC,ASTEC LIFESCIENCES,4538369,1,No,0,0,0,,
ASTERDM,ASTER DM HEALTHCARE,386049,1,No,0,0,0,,
ASTRAL,ASTRAL,3691009,1,Yes,126,63,63,2026-01-27,2026-03-30
ASTRAMICRO,ASTRA MICROWAVE,2974209,1,No,0,0,0,,
ASTRAZEN,ASTRAZENECA PHARMA IND LT,1436161,1,No,0,0,0,,
ASTRON,ASTRON PAPER BORD MIL,223745,1,No,0,0,0,,
ATALREAL,ATAL REALTECH,4006145,1,No,0,0,0,,
ATAM,ATAM VALVES,3943425,1,No,0,0,0,,
ATCENERGY-SM,ATC ENERGIES SYSTEM,193638913,1200,No,0,0,0,,
ATGL,ADANI TOTAL GAS,1552897,1,No,0,0,0,,
ATHERENERG,ATHER ENERGY,193957121,1,No,0,0,0,,
ATL,ALLCARGO TERMINALS,4551169,1,No,0,0,0,,
ATLANTAA-BE,ATLANTAA,3476993,1,No,0,0,0,,
ATLANTAELE,ATLANTA ELECTRICALS,194305793,1,No,0,0,0,,
ATLASCYCLE,ATLAS CYCLE (HARYANA),1169409,1,No,0,0,0,,
ATLPP-E1,ATL RE.0.50 PPD UP,194803969,1,No,0,0,0,,
ATMASTCO-SM,ATMASTCO,5832961,400,No,0,0,0,,
ATUL,ATUL,67329,1,No,0,0,0,,
ATULAUTO,ATUL AUTO,7685889,1,No,0,0,0,,
AUBANK,AU SMALL FINANCE BANK,5436929,1,Yes,147,74,73,2026-01-27,2026-03-30
AURIGROW-BE,AURI GROW INDIA,412161,1,No,0,0,0,,
AURIONPRO,AURIONPRO SOLN,3077633,1,No,0,0,0,,
AUROIMPEX-SM,AURO IMPEX & CHEMICALS L,4062465,1600,No,0,0,0,,
AUROPHARMA,AUROBINDO PHARMA,70401,1,Yes,176,88,88,2026-01-27,2026-03-30
AURUM,AURUM PROPTECH,2639361,1,No,0,0,0,,
AUSL-SM,ADITYA ULTRA STEEL,6463489,2000,No,0,0,0,,
AUSOMENT,AUSOM ENTERPRISE,1033473,1,No,0,0,0,,
AUTOAXLES,AUTOMOTIVE AXLES,71169,1,No,0,0,0,,
AUTOBEES,NIPPONAMC - NETFAUTO,2017281,1,No,0,0,0,,
AUTOBEINAV,AUTOBEES INAV,2598401,1,No,0,0,0,,
AUTOIETF,ICICIPRAMC - ICICIAUTO,2008065,1,No,0,0,0,,
AUTOIND,AUTOLINE INDUSTRIES,3611137,1,No,0,0,0,,
AVADHSUGAR,AVADH SUG & ENERGY,5479937,1,No,0,0,0,,
AVALON,AVALON TECHNOLOGIES,3854849,1,No,0,0,0,,
AVANTEL,AVANTEL,6300161,1,No,0,0,0,,
AVANTIFEED,AVANTI FEEDS,2031617,1,No,0,0,0,,
AVG,AVG LOGISTICS,3990785,1,No,0,0,0,,
AVIANSH-SM,AVI ANSH TEXTILE,6533121,1000,No,0,0,0,,
AVL,ADITYA VISION,6651905,1,No,0,0,0,,
AVONMORE,AVONMORE CAP&MGT SERV,3470593,1,No,0,0,0,,
AVPINFRA-SM,AVP INFRACON,5928705,800,No,0,0,0,,
AVROIND,AVRO INDIA,2259713,1,No,0,0,0,,
AVSL-ST,AVSL INDUSTRIES,4785409,1000,No,0,0,0,,
AVTNPL,AVT NATURAL PRODUCTS,3586049,1,No,0,0,0,,
AWFIS,AWFIS SPACE SOLUTIONS,6109185,1,No,0,0,0,,
AWHCL,ANTONY WASTE HDG CELL,460033,1,No,0,0,0,,
AWL,AWL AGRI BUSINESS,2076161,1,No,0,0,0,,
AXISBANK,AXIS BANK,1510401,1,Yes,185,92,93,2026-01-27,2026-03-30
AXISBNINAV,AXISBNKETF INAV,2556673,1,No,0,0,0,,
AXISBNKETF,AXISAMC - AXISBNKETF,267265,1,No,0,0,0,,
AXISBPINAV,AXISBPSETF INAV,2556417,1,No,0,0,0,,
AXISBPSETF,AXISAMC - AXISBPSETF,903681,1,No,0,0,0,,
AXISCADES-BE,AXISCADES TECH,2416641,1,No,0,0,0,,
AXISCEINAV,AXISCETF INAV,2556929,1,No,0,0,0,,
AXISCETF,AXISAMC - AXISCETF,1467393,1,No,0,0,0,,
AXISGOINAV,AXISGOLD NAV,2109185,1,No,0,0,0,,
AXISGOLD,AXIS MF - AXIS GOLD ETF,5256193,1,No,0,0,0,,
AXISHCETF,AXISAMC - AXISHCETF,923649,1,No,0,0,0,,
AXISHCINAV,AXISHCETF INAV,2553345,1,No,0,0,0,,
AXISILINAV,AXISAMC - AXISILINAV,2868737,1,No,0,0,0,,
AXISILINAV-RL,,2868993,1,No,0,0,0,,
AXISILVER,AXISAMC - AXISILVER,2865409,1,No,0,0,0,,
AXISNIFTY,AXISAMC - AXISNIFTY,5440513,1,No,0,0,0,,
AXISNIINAV,AXISNIFTY INAV,2557185,1,No,0,0,0,,
AXISTECETF,AXISAMC - AXISTECETF,770561,1,No,0,0,0,,
AXISTEINAV,AXISTECETF INAV,2558977,1,No,0,0,0,,
AXISVAINAV,AXISAMC - AXISVAINAV,7720449,1,No,0,0,0,,
AXISVALUE,AXISAMC - AXISVALUE,7719681,1,No,0,0,0,,
AXITA-BE,AXITA COTTON,2536705,1,No,0,0,0,,
AXSENSEX,AXISAMC - AXSENSEX,3773953,1,No,0,0,0,,
AXSNSXINAV,AXISAMC - AXSNSXINAV,3774977,1,No,0,0,0,,
AYMSYNTEX,AYM SYNTEX,2632961,1,No,0,0,0,,
AZAD,AZAD ENGINEERING,5351681,1,No,0,0,0,,
BABAFP-SM,BABA FOOD PROCESSING,5156097,1600,No,0,0,0,,
BAFNAPH-BE,BAFNA PHARMACEUTICALS,4540161,1,No,0,0,0,,
BAGDIGITAL-SM,B.A.G.CONVERGENCE,194411521,1600,No,0,0,0,,
BAGFILMS,B.A.G FILMS AND MEDIA,2873857,1,No,0,0,0,,
BAHETI-SM,BAHETI RECYCLING IND,3325185,375,No,0,0,0,,
BAIDFIN,BAID FINSERV,3531265,1,No,0,0,0,,
BAJAJ-AUTO,BAJAJ AUTO,4267265,1,Yes,142,69,73,2026-01-27,2026-03-30
BAJAJCON,BAJAJ CONSUMER CARE,4999937,1,No,0,0,0,,
BAJAJELEC,BAJAJ ELECT.LTD,3848705,1,No,0,0,0,,
BAJAJFINSV,BAJAJ FINSERV,4268801,1,Yes,147,73,74,2026-01-27,2026-03-30
BAJAJHCARE,BAJAJ HEALTHCARE,1756929,1,No,0,0,0,,
BAJAJHFL,BAJAJ HOUSING FINANCE,6469121,1,No,0,0,0,,
BAJAJHIND,BAJAJ HINDUSTHAN SUGAR LT,78849,1,No,0,0,0,,
BAJAJHLDNG,BAJAJ HOLDINGS & INVS,78081,1,Yes,152,76,76,2026-01-27,2026-03-30
BAJAJINDEF,INDEF MANUFACTURING,7597569,1,No,0,0,0,,
BAJEL,BAJEL PROJECTS,5255937,1,No,0,0,0,,
BAJFINANCE,BAJAJ FINANCE,81153,1,Yes,162,82,80,2026-01-27,2026-03-30
BALAJEE,SHREE TIRUPATI BALAJEE L,6451969,1,No,0,0,0,,
BALAJIPHOS-SM,BALAJI PHOSPHATES,7687681,1000,No,0,0,0,,
BALAJITELE,BALAJI TELEFILMS,2344449,1,No,0,0,0,,
BALAMINES,BALAJI AMINES,3712257,1,No,0,0,0,,
BALAXI,BALAXI PHARMA,2895105,1,No,0,0,0,,
BALCO-SM,SOLVE PLASTIC PRODUCTS L,6369025,1200,No,0,0,0,,
BALKRISHNA,BALKRISHNA PAPER MILLS L,2606337,1,No,0,0,0,,
BALKRISIND,BALKRISHNA IND.,85761,1,No,0,0,0,,
BALMLAWRIE,BALMER LAWRIE & CO,86529,1,No,0,0,0,,
BALPHARMA,BAL PHARMA,3440897,1,No,0,0,0,,
BALRAMCHIN,BALRAMPUR CHINI MILLS,87297,1,No,0,0,0,,
BALUFORGE,BALU FORGE INDUSTRIES,6043393,1,No,0,0,0,,
BANARBEADS,BANARAS BEADS,88833,1,No,0,0,0,,
BANARISUG,BANNARI AMMAN SUGARS,89601,1,No,0,0,0,,
BANCOINDIA,BANCO PRODUCTS (I),3553281,1,No,0,0,0,,
BANDHANBNK,BANDHAN BANK,579329,1,Yes,98,48,50,2026-01-27,2026-03-30
BANG,BANG OVERSEAS,3917569,1,No,0,0,0,,
BANKA,BANKA BIOLOO,210433,1,No,0,0,0,,
BANKADD,DSPAMC - DSPBANK,3492865,1,No,0,0,0,,
BANKBARODA,BANK OF BARODA,1195009,1,Yes,178,88,90,2026-01-27,2026-03-30
BANKBEES,NIP IND ETF BANK BEES,2928385,1,No,0,0,0,,
BANKBETA,UTIAMC-BANKBETA,5744641,1,No,0,0,0,,
BANKBETF,BFAM - BANKBETF,5628417,1,No,0,0,0,,
BANKBINAV,BFAM - BANKBETF,5629185,1,No,0,0,0,,
BANKETF,MIRAEAMC - BANKETF,4459265,1,No,0,0,0,,
BANKIETF,ICICIPRAMC - IPRU5008,2825473,1,No,0,0,0,,
BANKINDIA,BANK OF INDIA,1214721,1,Yes,210,104,106,2026-01-27,2026-03-30
BANKNIFTY1,KOTAKMAMC-KOTAKBKETF,1497857,1,No,0,0,0,,
BANKPSU,MIRAEAMC - BANKPSU,6585601,1,No,0,0,0,,
BANSALWIRE,BANSAL WIRE INDUSTRIES L,6242817,1,No,0,0,0,,
BANSWRAS,BANSWARA SYNTEX,3714817,1,No,0,0,0,,
BARFLEX-SM,BARFLEX POLYFILMS,7469057,2000,No,0,0,0,,
BASF,BASF INDIA,94209,1,No,0,0,0,,
BASILIC-SM,BASILIC FLY STUDIO,4721153,300,No,0,0,0,,
BASML,BANNARI AM SPIN MILL,3080705,1,No,0,0,0,,
BATAINDIA,BATA INDIA,94977,1,No,0,0,0,,
BAWEJA-SM,BAWEJA STUDIOS,5778177,800,No,0,0,0,,
BAYERCROP,BAYER CROPSCIENCE,4589313,1,No,0,0,0,,
BBETF0432,EDELAMC - BBETF0432,1842177,1,No,0,0,0,,
BBETF0INAV,BBETF0432 INAV,2565377,1,No,0,0,0,,
BBL,BHARAT BIJLEE,3522817,1,No,0,0,0,,
BBNPNBETF,BARODABNP - BBNPNBETF,6173953,1,No,0,0,0,,
BBNPNBINAV,BARODABNP - BBNPNBINAV,6175233,1,No,0,0,0,,
BBNPPGOLD,BARODABNP - BBNPPGOLD,5260033,1,No,0,0,0,,
BBOX,BLACK BOX,879361,1,No,0,0,0,,
BBTC,BOMBAY BURMAH TRADING COR,97281,1,No,0,0,0,,
BBTCL,B&B TRIPLEWALL CONT,3111169,1,No,0,0,0,,
BCG,BRIGHTCOM GROUP,2261249,1,No,0,0,0,,
BCLIND,BCL INDUSTRIES,643329,1,No,0,0,0,,
BCONCEPTS,BRAND CONCEPTS,1991681,1,No,0,0,0,,
BDL,BHARAT DYNAMICS,548865,1,Yes,129,64,65,2026-01-27,2026-03-30
BDR-IT,BDR BUILDCON,1099265,16667,No,0,0,0,,
BEACON-ST,BEACON TRUSTEESHIP,6124801,1000,No,0,0,0,,
BEARDSELL,BEARDSELL,4590849,1,No,0,0,0,,
BECTORFOOD,MRS BECTORS FOOD SPE,416769,1,No,0,0,0,,
BEDMUTHA,BEDMUTHA INDUST,5170177,1,No,0,0,0,,
BEL,BHARAT ELECTRONICS,98049,1,Yes,134,66,68,2026-01-27,2026-03-30
BELLACASA,BELLA CASA FASH AND RET L,194032129,1,No,0,0,0,,
BELRISE,BELRISE INDUSTRIES,193818113,1,No,0,0,0,,
BEML,BEML,101121,1,No,0,0,0,,
BEPL,BHANSALI ENG. POLYMERS LT,107265,1,No,0,0,0,,
BERGEPAINT,BERGER PAINTS (I),103425,1,No,0,0,0,,
BESTAGRO,BEST AGROLIFE,590337,1,No,0,0,0,,
BETA,BETA DRUGS,194519553,1,No,0,0,0,,
BEWLTD-SM,BEW ENGINEERING,1449473,500,No,0,0,0,,
BFINVEST,BF INVESTMENT,5404929,1,No,0,0,0,,
BFSI,MIRAEAMC - MAFSETF,1336321,1,No,0,0,0,,
BFUTILITIE-BZ,BF UTILITIES,6625025,1,No,0,0,0,,
BGRENERGY-BE,BGR ENERGY SYSTEMS,3889409,1,No,0,0,0,,
BHADORA-SM,BHADORA INDUSTRIES,194105601,1200,No,0,0,0,,
BHAGCHEM,BHAGIRADHA CHEM & INDS L,1577985,1,No,0,0,0,,
BHAGERIA,BHAGERIA INDUSTRIES,3430401,1,No,0,0,0,,
BHAGYANGR-BE,BHAGYANAGAR INDIA,5324545,1,No,0,0,0,,
BHANDARI,BHANDARI HOSIERY EXP,5006337,1,No,0,0,0,,
BHARATFORG,BHARAT FORGE,108033,1,Yes,108,54,54,2026-01-27,2026-03-30
BHARATGEAR,BHARAT GEARS,109057,1,No,0,0,0,,
BHARATRAS,BHARAT RASAYAN,981505,1,No,0,0,0,,
BHARATSE,BHARAT SEATS,7742465,1,No,0,0,0,,
BHARATWIRE,BHARAT WIRE ROPES,4127489,1,No,0,0,0,,
BHARTIARTL,BHARTI AIRTEL,2714625,1,Yes,148,75,73,2026-01-27,2026-03-30
BHARTIHEXA,BHARTI HEXACOM,6013185,1,No,0,0,0,,
BHEL,BHEL,112129,1,Yes,181,89,92,2026-01-27,2026-03-30
BIGBLOC,BIGBLOC CONSTRUCTION,4718337,1,No,0,0,0,,
BIKAJI,BIKAJI FOODS INTERN,3063297,1,No,0,0,0,,
BIKEWO-SM,BIKEWO GREEN TECH,6534145,2000,No,0,0,0,,
BIL,BHARTIYA INTERNATIONAL,2009089,1,No,0,0,0,,
BILVYAPAR-BE,BIL VYAPAR,3487233,1,No,0,0,0,,
BIOCON,BIOCON,2911489,1,Yes,122,62,60,2026-01-27,2026-03-30
BIOFILCHEM,BIOFIL CHEM & PHARMA,1058817,1,No,0,0,0,,
BIRDYS-SM,GRILL SPLENDOUR SER,6031105,1200,No,0,0,0,,
BIRET-RR,BROOKFIELD INDIA RET,563969,1,No,0,0,0,,
BIRLACABLE,BIRLA CABLE,122113,1,No,0,0,0,,
BIRLACORPN,BIRLA CORPORATION,122881,1,No,0,0,0,,
BIRLAMONEY,ADITYA BIRLA MONEY,3901185,1,No,0,0,0,,
BIRLANU,BIRLANU,372481,1,No,0,0,0,,
BLACKBUCK,BLACKBUCK,6948865,1,No,0,0,0,,
BLAL,BEML LAND ASSETS,3857153,1,No,0,0,0,,
BLBLIMITED,BLB,2081793,1,No,0,0,0,,
BLISSGVS,BLISS GVS PHARMA,4931841,1,No,0,0,0,,
BLKASHYAP,B.L.KASHYAP & SON,3402241,1,No,0,0,0,,
BLS,BLS INTL SERVS,4423425,1,No,0,0,0,,
BLSE,BLS E-SERVICES,5776897,1,No,0,0,0,,
BLUECOAST,BLUE COAST HOTELS,1914881,1,No,0,0,0,,
BLUEDART,BLUE DART EXPRESS,126721,1,No,0,0,0,,
BLUEJET,BLUE JET HEALTHCARE,5039617,1,No,0,0,0,,
BLUEPEBBLE-SM,BLUE PEBBLE,5992961,400,No,0,0,0,,
BLUESTARCO,BLUE STAR,2127617,1,Yes,153,76,77,2026-01-27,2026-03-30
BLUESTONE,BLUESTONE JEWEL LFSTL,194378497,1,No,0,0,0,,
BLUEWATER-SM,BLUE WATER LOGISTICS,194094593,1000,No,0,0,0,,
BLUSPRING,BLUSPRING ENTERPRISES,193925121,1,No,0,0,0,,
BMETRICS-SM,BOMBAY METRICS S C,1549313,800,No,0,0,0,,
BMWVENTLTD,BMW VENTURES,194369537,1,No,0,0,0,,
BNGOLDINAV,BARODABNP - BNGOLDINAV,5260801,1,No,0,0,0,,
BNKETFINAV,MIRAEAMC - BNKETFINAV,4461057,1,No,0,0,0,,
BNKPSUINAV,MIRAEAMC - BNKPSUINAV,6587393,1,No,0,0,0,,
BODALCHEM,BODAL CHEMICALS,6404353,1,No,0,0,0,,
BOHRAIND,BOHRA INDUSTRIES,2979841,1,No,0,0,0,,
BOMDYEING,BOMBAY DYEING & MFG. CO L,131329,1,No,0,0,0,,
BORANA-BE,BORANA WEAVES,194027521,1,No,0,0,0,,
BOROLTD,BOROSIL,4966657,1,No,0,0,0,,
BORORENEW,BOROSIL RENEWABLES,806145,1,No,0,0,0,,
BOROSCI,BOROSIL SCIENTIFIC,6147585,1,No,0,0,0,,
BOSCH-HCIL,BOSCH HOME COMFRT IND,1149697,1,No,0,0,0,,
BOSCHLTD,BOSCH,558337,1,Yes,254,127,127,2026-01-27,2026-03-30
BOSS-SM,BOSS PACKAGING SOLU,6430465,2000,No,0,0,0,,
BPCL,BHARAT PETROLEUM CORP  LT,134657,1,Yes,111,56,55,2026-01-27,2026-03-30
BPL,BPL,135681,1,No,0,0,0,,
BRACEPORT-SM,BRACE PORT LOGISTICS,6375681,1600,No,0,0,0,,
BRIGADE,BRIGADE ENTER.,3887105,1,No,0,0,0,,
BRIGHOTEL,BRIGADE HOTEL VENTURE,193995265,1,No,0,0,0,,
BRITANNIA,BRITANNIA INDUSTRIES,140033,1,Yes,165,81,84,2026-01-27,2026-03-30
BRNL,BHARAT ROAD NETWORK,5550849,1,No,0,0,0,,
BROOKS,BROOKS LAB,6434817,1,No,0,0,0,,
BSE,BSE,5013761,1,Yes,88,43,45,2026-01-27,2026-03-30
BSE500IETF,ICICIPRAMC - ICICI500,768257,1,No,0,0,0,,
BSHSL,BOMBAY SUPER HYBRID SEEDS,207105,1,No,0,0,0,,
BSL,BSL,143105,1,No,0,0,0,,
BSLGOLDETF,ADITYBIRLA SL GOLD ETF-GR,6093825,1,No,0,0,0,,
BSLGOLINAV,BSLGOLDETF NAV,2109441,1,No,0,0,0,,
BSLNIFINAV,BSLNIFTY INAV,2552833,1,No,0,0,0,,
BSLNIFTY,ADITYBIRLA SL NIF ETF-GR,6343937,1,No,0,0,0,,
BSLSENETFG,BIRLASLAMC - BSLSENETFG,1524993,1,No,0,0,0,,
BSLSENINAV,BSLSENETFG INAV,2552577,1,No,0,0,0,,
BSOFT,BIRLASOFT,1790465,1,No,0,0,0,,
BTML,BODHI TREE MULTIMEDIA,3622401,1,No,0,0,0,,
BULKCORP-SM,BULKCORP INTERNATIONAL L,6323457,1200,No,0,0,0,,
BUTTERFLY,BTRFLY GANDHI APPL,695297,1,No,0,0,0,,
BVCL,BARAK VALLEY CEM.,3858689,1,No,0,0,0,,
BYKE,THE BYKE HOSPITALITY,2027265,1,No,0,0,0,,
C2C-SM,C2C ADVANCED SYSTEMS,6982145,150,No,0,0,0,,
CADSYS-SM,CADSYS (INDIA),5586689,500,No,0,0,0,,
CAGL26-NA,,4729089,1,No,0,0,0,,
CAGL27-NC,,4732161,1,No,0,0,0,,
CAGL27A-N6,,3192577,1,No,0,0,0,,
CAGL28-NE,,4735489,1,No,0,0,0,,
CALSOFT,CALIFORNIA SOFTWARE CO LT,2135297,1,No,0,0,0,,
CALSOFTPP-E1,CALSOFT RS.2.50 PPD UP,7668993,1,No,0,0,0,,
CAMLINFINE,CAMLIN FINE SCIENCES,1591297,1,No,0,0,0,,
CAMPUS,CAMPUS ACTIVEWEAR,2396673,1,No,0,0,0,,
CAMS,COMPUTER AGE MNGT SER,87553,1,Yes,127,64,63,2026-01-27,2026-03-30
CANARYS-SM,CANARYS AUTOMATIONS,4958209,4000,No,0,0,0,,
CANBK,CANARA BANK,2763265,1,Yes,199,99,100,2026-01-27,2026-03-30
CANFINHOME,CAN FIN HOMES,149249,1,No,0,0,0,,
CANHLIFE,CANARA HSBC LIFE INS CO L,194426113,1,No,0,0,0,,
CANTABIL,CANTABIL RETAIL,5160961,1,No,0,0,0,,
CAPACITE,CAPACITE INFRAPROJECT,5567745,1,No,0,0,0,,
CAPILLARY,CAPILLARY TECHNO INDIA L,194525953,1,No,0,0,0,,
CAPINVIT-IV,CAPITAL INFRA TRUST,7464193,1,No,0,0,0,,
CAPITALSFB,CAPITAL SMALL FIN BANK L,5804801,1,No,0,0,0,,
CAPLIPOINT,CAPLIN POINT LAB,999937,1,No,0,0,0,,
CAPTRUST,CAPITAL TRUST,4978433,1,No,0,0,0,,
CARBORUNIV,CARBORUNDUM UNIVERSAL,152321,1,No,0,0,0,,
CARERATING,CARE RATINGS,7452929,1,No,0,0,0,,
CARRARO,CARRARO INDIA,7393025,1,No,0,0,0,,
CARTRADE,CARTRADE TECH,1384193,1,No,0,0,0,,
CARYSIL,CARYSIL,481025,1,No,0,0,0,,
CASHIEINAV,ICICIPRAMC - CASHIEINAV,7717377,1,No,0,0,0,,
CASHIETF,ICICIPRAMC - CASHIETF,7715585,1,No,0,0,0,,
CASTROLIND,CASTROL INDIA,320001,1,No,0,0,0,,
CBAZAAR-ST,NET AVENUE TECHNOLOGIES L,5224705,8000,No,0,0,0,,
CCCL-BE,CONS. CONST. CONSORT,3838977,1,No,0,0,0,,
CCHHL,COUNTRY CLUB HOSP HOL,1634561,1,No,0,0,0,,
CCL,CCL PRODUCTS (I),2931713,1,No,0,0,0,,
CDSL,CENTRAL DEPO SER (I),5420545,1,Yes,133,66,67,2026-01-27,2026-03-30
CEATLTD,CEAT,3905025,1,No,0,0,0,,
CEDAAR-SM,CEDAAR TEXTILE,193967873,1000,No,0,0,0,,
CEIGALL,CEIGALL INDIA,6333953,1,No,0,0,0,,
CELEBRITY,CELEBRITY FASHIONS,3369473,1,No,0,0,0,,
CELLECOR-SM,CELLECOR GADGETS,4814337,3000,No,0,0,0,,
CELLO,CELLO WORLD,5067521,1,No,0,0,0,,
CELLPOINT-SM,CELL POINT (INDIA),4339201,1200,No,0,0,0,,
CEMPRO,CEMINDIA PROJECTS,1439233,1,No,0,0,0,,
CENTENKA,CENTURY ENKA,158465,1,No,0,0,0,,
CENTEXT-BE,CENTURY EXTRUSIONS,2947073,1,No,0,0,0,,
CENTRALBK,CENTRAL BANK OF INDIA,3812865,1,No,0,0,0,,
CENTRUM,CENTRUM CAPITAL,628225,1,No,0,0,0,,
CENTUM,CENTUM ELECTRONICS,3835393,1,No,0,0,0,,
CENTURYPLY,CENTURY PLYBOARDS (I),3406081,1,No,0,0,0,,
CERA,CERA SANITARYWARE,3849985,1,No,0,0,0,,
CEREBRAINT-BZ,CEREBRA INT TECH,7428097,1,No,0,0,0,,
CESC,CESC,160769,1,No,0,0,0,,
CEWATER,CONCORD ENVIRO SYSTEMS L,7363585,1,No,0,0,0,,
CGCL,CAPRI GLOBAL CAPITAL,5204225,1,No,0,0,0,,
CGPOWER,CG POWER AND IND SOL,194561,1,Yes,113,58,55,2026-01-27,2026-03-30
CGRAPHICS-SM,CREATIVE GRAPHICS S IND L,6007809,800,No,0,0,0,,
CHALET,CHALET HOTELS,2187777,1,No,0,0,0,,
CHAMBLFERT,CHAMBAL FERTILIZERS,163073,1,No,0,0,0,,
CHAMUNDA-SM,CHAMUNDA ELECTRICAL,7562497,3000,No,0,0,0,,
CHANDAN-SM,CHANDAN HEALTHCARE,7586049,800,No,0,0,0,,
CHAVDA-SM,CHAVDA INFRA,4775425,1000,No,0,0,0,,
CHEMBOND,CHEMBOND MATERIALTECH,3742209,1,No,0,0,0,,
CHEMBONDCH,CHEMBOND CHEMICAL,194045185,1,No,0,0,0,,
CHEMCON,CHEMCON SPECIAL CHEM,69121,1,No,0,0,0,,
CHEMFAB,CHEMFAB ALKALIS,716545,1,No,0,0,0,,
CHEMICAL,KOTAKMAMC - CHEMICAL,194530561,1,No,0,0,0,,
CHEMINAV,KOTAKMAMC - CHEMINAV,7827201,1,No,0,0,0,,
CHEMPLASTS,CHEMPLAST SANMAR,1394945,1,No,0,0,0,,
CHENNPETRO,CHENNAI PETROLEUM CORP LT,524545,1,No,0,0,0,,
CHETANA-SM,CHETANA EDUCATION,6304001,1600,No,0,0,0,,
CHEVIOT,CHEVIOT COMPANY,2529025,1,No,0,0,0,,
CHGOLDINAV,CHOICEAMC - CHGOLDINAV,7826177,1,No,0,0,0,,
CHOICEGOLD,CHOICEAMC - CHOICEGOLD,194460161,1,No,0,0,0,,
CHOICEIN,CHOICE INTERNATIONAL,2269697,1,No,0,0,0,,
CHOLAFIN,CHOLAMANDALAM IN & FIN CO,175361,1,Yes,152,72,80,2026-01-27,2026-03-30
CHOLAFIN-D1,,4929793,1,No,0,0,0,,
CHOLAHLDNG,CHOLAMANDALAM FIN HOL,5565441,1,No,0,0,0,,
CIEINDIA,CIE AUTOMOTIVE INDIA,3823873,1,No,0,0,0,,
CIF27-NM,,5773569,1,No,0,0,0,,
CIF29-NO,,5774849,1,No,0,0,0,,
CIFC26-NK,,5771521,1,No,0,0,0,,
CIFC26A-N9,,4595713,1,No,0,0,0,,
CIFC28-NB,,4598785,1,No,0,0,0,,
CIFCZC26-NF,,5231873,1,No,0,0,0,,
CIFCZC26A-N3,,3935233,1,No,0,0,0,,
CIFCZC28-NH,,5233921,1,No,0,0,0,,
CIFCZC28A-N5,,3936257,1,No,0,0,0,,
CIFL,CAPITAL INDIA FINANCE,193539841,1,No,0,0,0,,
CIGNITITEC,CIGNITI TECHNOLOGIES,1316353,1,No,0,0,0,,
CINELINE,CINELINE INDIA,6953217,1,No,0,0,0,,
CINEVISTA,CINEVISTA,2054145,1,No,0,0,0,,
CIPLA,CIPLA,177665,1,Yes,194,97,97,2026-01-27,2026-03-30
CITI2626-N0,,6206977,1,No,0,0,0,,
CITI27-N0,,7587073,1,No,0,0,0,,
CLASSICEIL-SM,CLASSIC ELECTRODE (IND) L,194236417,1600,No,0,0,0,,
CLEAN,CLEAN SCIENCE & TECH,1292545,1,No,0,0,0,,
CLEDUCATE,CL EDUCATE,5177089,1,No,0,0,0,,
CLSEL,CHAMAN LAL SETIA EXP,891393,1,No,0,0,0,,
CLSL-SM,CROP LIFE SCIENCE,4674561,2000,No,0,0,0,,
CMNL-SM,CHAMAN METALLICS,3515137,750,No,0,0,0,,
CMRSL-SM,CYBER MEDIA RES & SER,2930433,800,No,0,0,0,,
CMSINFO,CMS INFO SYSTEMS,1946369,1,No,0,0,0,,
CNL,CREATIVE NEWTECH,2855681,1,No,0,0,0,,
COALINDIA,COAL INDIA,5215745,1,Yes,281,139,142,2026-01-27,2026-03-30
COASTCORP-BE,COASTAL CORPORATION,1538561,1,No,0,0,0,,
COCHINSHIP,COCHIN SHIPYARD,5506049,1,No,0,0,0,,
COFFEEDAY,COFFEE DAY ENTERPRISE,2858241,1,No,0,0,0,,
COFORGE,COFORGE,2955009,1,Yes,164,87,77,2026-01-27,2026-03-30
COHANCE,COHANCE LIFESCIENCES,4593921,1,No,0,0,0,,
COLPAL,COLGATE PALMOLIVE,3876097,1,Yes,158,80,78,2026-01-27,2026-03-30
COMMITTED-SM,COMMITTED CARGO CARE,4995329,800,No,0,0,0,,
COMMOIETF,ICICIPRAMC - ICICICOMMO,3378689,1,No,0,0,0,,
COMPINFO-BZ,COMPUAGE INFOCOM,5035521,1,No,0,0,0,,
COMPUSOFT,COMPUCOM SOFTWARE,7971329,1,No,0,0,0,,
COMSYN-BE,COMMERCIAL SYN BAGS,5528065,1,No,0,0,0,,
CONCOR,CONTAINER CORP OF IND,1215745,1,Yes,154,74,80,2026-01-27,2026-03-30
CONCORDBIO,CONCORD BIOTECH,4623361,1,No,0,0,0,,
CONFIPET,CONFIDENCE PETRO IND,2620929,1,No,0,0,0,,
CONNPLEX-SM,CONNPLEX CINEMAS,194163969,800,No,0,0,0,,
CONS,KOTAKMAMC - KOTAKCONS,2691073,1,No,0,0,0,,
CONSOFINVT,CONSO. FIN. & HOLD.,3003137,1,No,0,0,0,,
CONSUMBEES,NIP IND ETF CONSUMPTION,623361,1,No,0,0,0,,
CONSUMER,MIRAEAMC - CONSUMER,7416065,1,No,0,0,0,,
CONSUMIETF,ICICIPRAMC - ICICICONSU,1650177,1,No,0,0,0,,
CONSUMINAV,MIRAEAMC - CONSUMINAV,7416833,1,No,0,0,0,,
CONTI-SM,CONTINENTAL SEED CHEM,647937,3333,No,0,0,0,,
CONTROLPR,CONTROL PRINT,4474113,1,No,0,0,0,,
COOLCAPS-SM,COOL CAPS INDUSTRIES,2191361,1250,No,0,0,0,,
CORALFINAC,CORAL INDIA FIN & HOUS LT,1025793,1,No,0,0,0,,
CORDSCABLE,CORDS CABLE INDUS,3909377,1,No,0,0,0,,
COROMANDEL,COROMANDEL INTERNTL.,189185,1,No,0,0,0,,
CORONA,CORONA REMEDIES,194625025,1,No,0,0,0,,
COSMOFIRST,COSMO FIRST,189953,1,No,0,0,0,,
COUNCODOS,COUNTRY CONDO S,4348417,1,No,0,0,0,,
CPCAP,CP CAPITAL,5142017,1,No,0,0,0,,
CPEDU,CAREER POINT EDUTECH,194288897,1,No,0,0,0,,
CPPLUS,ADITYA INFOTECH,194267649,1,No,0,0,0,,
CPS-ST,C P S SHAPERS,4705281,150,No,0,0,0,,
CPSEETF,CPSE ETF,595969,1,No,0,0,0,,
CRAFTSMAN,CRAFTSMAN AUTOMATION,730625,1,No,0,0,0,,
CRAMC,CANARA ROBECO AMC,194383617,1,No,0,0,0,,
CRAYONS-SM,CRAYONS ADVERTISING,4203265,1000,No,0,0,0,,
CREATIVEYE,CREATIVE EYE,2402305,1,No,0,0,0,,
CREDITACC,CREDITACCESS GRAMEEN,1131777,1,No,0,0,0,,
CREST,CREST VENTURES,3558401,1,No,0,0,0,,
CRISIL,CRISIL,193793,1,No,0,0,0,,
CRIZAC,CRIZAC,194009601,1,No,0,0,0,,
CROMPTON,CROMPT GREA CON ELEC,4376065,1,Yes,164,82,82,2026-01-27,2026-03-30
CROWN,CROWN LIFTERS,2069249,1,No,0,0,0,,
CSBBANK,CSB BANK,3831297,1,No,0,0,0,,
CSLFINANCE,CSL FINANCE,2649601,1,No,0,0,0,,
CSSL-SM,CLEAR SECURED SERVICES L,194596609,1000,No,0,0,0,,
CTE,CAMBRIDGE TECH ENTER,3639809,1,No,0,0,0,,
CUB,CITY UNION BANK,1459457,1,No,0,0,0,,
CUBEINVIT-IV,CUBE HIGHWAYS TRUST,3859969,25000,No,0,0,0,,
CUBEXTUB,CUBEX TUBINGS,1040385,1,No,0,0,0,,
CUDML-SM,CASH UR DRIVE MARKETING L,194081025,1000,No,0,0,0,,
CUMMINSIND,CUMMINS INDIA,486657,1,Yes,142,71,71,2026-01-27,2026-03-30
CUPID,CUPID,4741121,1,No,0,0,0,,
CURAA-BE,CURA TECHNOLOGIES,7728897,1,No,0,0,0,,
CURIS-SM,CURIS LIFESCIENCES,194515201,1000,No,0,0,0,,
CURRENT-SM,CURRENT INFRAPROJECTS,194294785,1600,No,0,0,0,,
CYBERMEDIA,CYBER MEDIA (INDIA),3031553,1,No,0,0,0,,
CYBERPP-E1,CYBERMEDIA RS.5 PPD UP,194258177,1,No,0,0,0,,
CYBERTECH-BE,CYBERTECH SYSTEMS & SOFTW,1549825,1,No,0,0,0,,
CYIENT,CYIENT,1471489,1,No,0,0,0,,
CYIENTDLM,CYIENT DLM,4399873,1,No,0,0,0,,
DABUR,DABUR INDIA,197633,1,Yes,169,84,85,2026-01-27,2026-03-30
DALBHARAT,DALMIA BHARAT,2067201,1,Yes,153,76,77,2026-01-27,2026-03-30
DALMIASUG,DALMIA BHARAT SUG IN,199937,1,No,0,0,0,,
DAMCAPITAL,DAM CAPITAL ADVISORS,7337473,1,No,0,0,0,,
DAMODARIND,DAMODAR INDUSTRIES,4490497,1,No,0,0,0,,
DANGEE,DANGEE DUMS,284161,1,No,0,0,0,,
DANISH-SM,DANISH POWER,6637313,150,No,0,0,0,,
DATAMATICS,DATAMATICS GLOBAL SER,2924289,1,No,0,0,0,,
DATAPATTNS,DATA PATTERNS INDIA,1883649,1,No,0,0,0,,
DAVANGERE,DAVANGERE SUGAR COMPANY L,5579265,1,No,0,0,0,,
DBCORP,D.B.CORP,4577537,1,No,0,0,0,,
DBEIL,DEEPAK BUILDERS & ENG I L,6628353,1,No,0,0,0,,
DBL,DILIP BUILDCON,4630017,1,No,0,0,0,,
DBOL,DHAMPUR BIO ORGANICS,2788609,1,No,0,0,0,,
DBREALTY,VALOR ESTATE,4639745,1,No,0,0,0,,
DBSTOCKBRO,DB (INT) STOCK BROKERS,7963393,1,No,0,0,0,,
DCAL,DISHMAN CARBO AMCIS,5556225,1,No,0,0,0,,
DCBBANK,DCB BANK,3513601,1,No,0,0,0,,
DCCL-SM,DAR CREDIT & CAPITAL,193819393,2000,No,0,0,0,,
DCG-SM,DCG CABLES & WIRES,6021121,1200,No,0,0,0,,
DCI,DC INFOTECH AND COMUN,2960897,1,No,0,0,0,,
DCM,DCM,206081,1,No,0,0,0,,
DCMFINSERV,DCM FINANCIAL SERVICES LT,1222401,1,No,0,0,0,,
DCMNVL,DCM NOUVELLE,2825985,1,No,0,0,0,,
DCMSHRIRAM,DCM SHRIRAM,207617,1,No,0,0,0,,
DCMSRIND-BE,DCM SHRIRAM IND,1875969,1,No,0,0,0,,
DCW,DCW,209153,1,No,0,0,0,,
DCXINDIA,DCX SYSTEMS,3045121,1,No,0,0,0,,
DDEVPLSTIK,DDEV PLASTIKS IND,7449089,1,No,0,0,0,,
DECCANCE,DECCAN CEMENTS,3798529,1,No,0,0,0,,
DECCANTRAN-SM,DECCAN TRANSCON LEASING L,6507777,1200,No,0,0,0,,
DEEDEV,DEE DEVELOPMENT ENG,6183425,1,No,0,0,0,,
DEEM-SM,DEEM ROLL TECH,5836545,1000,No,0,0,0,,
DEEPAKFERT,DEEPAK FERTILIZERS & PETR,211713,1,No,0,0,0,,
DEEPAKNTR,DEEPAK NITRITE,5105409,1,No,0,0,0,,
DEEPINDS,DEEP INDUSTRIES,842753,1,No,0,0,0,,
DELAPLEX-SM,DELAPLEX,5766913,600,No,0,0,0,,
DELHIVERY,DELHIVERY,2457345,1,Yes,129,68,61,2026-01-27,2026-03-30
DELPHIFX,DELPHI WORLD MONEY,6244097,1,No,0,0,0,,
DELTACORP,DELTA CORP,3851265,1,No,0,0,0,,
DELTAMAGNT,DELTA MANUFACTURING,310785,1,No,0,0,0,,
DELTIC-SM,DELTA AUTOCORP,7447553,1000,No,0,0,0,,
DEN,DEN NETWORKS,4536833,1,No,0,0,0,,
DENEERS-SM,DE NEERS TOOLS,3954945,600,No,0,0,0,,
DENORA,DE NORA INDIA,1095425,1,No,0,0,0,,
DENTA,DENTA WATER N INFRA SOL L,7489537,1,No,0,0,0,,
DENTALKART-SM,VASA DENTICITY,4212225,250,No,0,0,0,,
DESTINY-SM,DESTINY LOGISTICS & I,1558273,1500,No,0,0,0,,
DEVIT,DEV INFO TECHNOLOGY,2085377,1,No,0,0,0,,
DEVX,DEV ACCELERATOR,194324225,1,No,0,0,0,,
DEVYANI,DEVYANI INTERNATIONAL,1375489,1,No,0,0,0,,
DGCONTENT,DIGICONTENT,2648577,1,No,0,0,0,,
DHAMPURSUG,DHAMPUR SUGAR MILLS,219393,1,No,0,0,0,,
DHANBANK,DHANLAXMI BANK,2907905,1,No,0,0,0,,
DHANLAXMI-SM,DHANLAXMI CROP SCIENCE L,7097089,2000,No,0,0,0,,
DHANUKA,DHANUKA AGRITECH,6248705,1,No,0,0,0,,
DHARAN-BZ,DHARAN INFRA-EPC,194355969,1,No,0,0,0,,
DHARARAIL-ST,DHARA RAIL PROJECTS,194685953,1000,No,0,0,0,,
DHARIWAL-ST,DHARIWALCORP,6336001,600,No,0,0,0,,
DHARMAJ,DHARMAJ CROP GUARD,3328257,1,No,0,0,0,,
DHRUV,DHRUV CONSULTANCY SER,1755649,1,No,0,0,0,,
DHTL-ST,DOCMODE HEALTH TECH,5769473,800,No,0,0,0,,
DHUNINV,DHUNSERI INVESTMENTS,5691649,1,No,0,0,0,,
DIACABS,DIAMOND POWER INFRA,4747009,1,No,0,0,0,,
DIAMINESQ,DIAMINES & CHEMICALS,4772865,1,No,0,0,0,,
DIAMONDYD,PRATAAP SNACKS,5591041,1,No,0,0,0,,
DICIND,DIC INDIA,179969,1,No,0,0,0,,
DIFFNKG,DIFFUSION ENGINEERS,6572033,1,No,0,0,0,,
DIGIDRIVE,DIGIDRIVE DISTRIBUTORS L,5439233,1,No,0,0,0,,
DIGIKORE-SM,DIGIKORE STUDIOS,4899329,400,No,0,0,0,,
DIGISPICE,DIGISPICE TECHNOLOGIES LT,4270849,1,No,0,0,0,,
DIGITIDE,DIGITIDE SOLUTIONS,193923841,1,No,0,0,0,,
DIGJAMLMTD,DIGJAM,1568513,1,No,0,0,0,,
DIL-BZ,DEBOCK INDUSTRIES,194678273,1,No,0,0,0,,
DIRL-SM,DHANUKA INFRA REALTY,4804865,6000,No,0,0,0,,
DISHTV,DISH TV INDIA,3721473,1,No,0,0,0,,
DIVGIITTS,DIVGI TORQTRANSFER SYST L,3706625,1,No,0,0,0,,
DIVIDEINAV,MIRAEAMC - DIVIDEINAV,7830785,1,No,0,0,0,,
DIVIDEND,MIRAEAMC - DIVIDEND,194665473,1,No,0,0,0,,
DIVINEHIRA-ST,DIVINE HIRA JEWELLERS,7747073,1600,No,0,0,0,,
DIVISLAB,DIVI S LABORATORIES,2800641,1,Yes,176,88,88,2026-01-27,2026-03-30
DIVOPPBEES,NIP IND ETF DIV OPP,674817,1,No,0,0,0,,
DIVYADHAN-SM,DIVYADHAN RECYCLING IND L,6573313,2000,No,0,0,0,,
DIXON,DIXON TECHNO (INDIA),5552641,1,Yes,231,115,116,2026-01-27,2026-03-30
DJML,DJ MEDIAPRINT & LOG,3263745,1,No,0,0,0,,
DKEGL-SM,D K ENTERPRISES GLOBAL L,1599745,1500,No,0,0,0,,
DLF,DLF,3771393,1,Yes,123,61,62,2026-01-27,2026-03-30
DLINKINDIA,D-LINK INDIA,4569857,1,No,0,0,0,,
DMART,AVENUE SUPERMARTS,5097729,1,Yes,139,71,68,2026-01-27,2026-03-30
DMCC,DMCC SPECIALITY CHEMICALS,1785089,1,No,0,0,0,,
DNAMEDIA,DILIGENT MEDIA CORP,164097,1,No,0,0,0,,
DODLA,DODLA DAIRY,1234433,1,No,0,0,0,,
DOLATALGO,DOLAT ALGOTECH,3103745,1,No,0,0,0,,
DOLLAR,DOLLAR INDUSTRIES,5263361,1,No,0,0,0,,
DOLLEX-SM,DOLLEX AGROTECH,3410689,4000,No,0,0,0,,
DOLPHIN,DOLPHIN OFF ENT (IND) L,4643585,1,No,0,0,0,,
DOMS,DOMS INDUSTRIES,5261057,1,No,0,0,0,,
DONEAR,DONEAR IND.,3542785,1,No,0,0,0,,
DPABHUSHAN,D. P. ABHUSHAN,239617,1,No,0,0,0,,
DPEL-ST,DIVINE POWER ENERGY,6217985,500,No,0,0,0,,
DPSCLTD,DPSC,3947265,1,No,0,0,0,,
DPWIRES,D P WIRES,4326401,1,No,0,0,0,,
DRCSYSTEMS,DRC SYSTEMS INDIA,677121,1,No,0,0,0,,
DREAMFOLKS,DREAMFOLKS SERVICES,2779905,1,No,0,0,0,,
DREDGECORP,DREDGING CORP OF INDIA,2885377,1,No,0,0,0,,
DRONE-SM,DRONE DESTINATION,4447233,500,No,0,0,0,,
DRREDDY,DR. REDDY S LABORATORIES,225537,1,Yes,183,91,92,2026-01-27,2026-03-30
DRSCARGO-ST,DRS CARGO MOVERS,6012929,800,No,0,0,0,,
DRSDILIP-SM,DRS DILIP ROADLINES,1711617,800,No,0,0,0,,
DSPBNKINAV,DSPAMC - DSPBNKINAV,3495681,1,No,0,0,0,,
DSPGOINAV,DSPAMC - DSPGOLDETF,3932929,1,No,0,0,0,,
DSPN50INAV,DSPN50ETF INAV,2561025,1,No,0,0,0,,
DSPNEWINAV,DSPNEWETF INAV,2559233,1,No,0,0,0,,
DSPNITINAV,DSPAMC - DSPNITINAV,4407553,1,No,0,0,0,,
DSPPSBINAV,DSPAMC - DSPPSBINAV,4510721,1,No,0,0,0,,
DSPPVBINAV,DSPAMC - DSPPVBINAV,4510465,1,No,0,0,0,,
DSPQ50INAV,DSPQ50ETF INAV,2561281,1,No,0,0,0,,
DSPSENINAV,DSPAMC - DSPSENINAV,4510977,1,No,0,0,0,,
DSPSILINAV,DSPAMC - DSPSILINAV,2755585,1,No,0,0,0,,
DSSL,DYNACONS SYS & SOLN,6576641,1,No,0,0,0,,
DTIL,DHUNSERI TEA & IND.,1594113,1,No,0,0,0,,
DTL-SM,DIENSTEN TECH,6224129,1200,No,0,0,0,,
DUCOL-SM,DUCOL ORGS AND COLOURS LT,3524097,800,No,0,0,0,,
DUCON,DUCON INFRATECHNOLOGIES L,7411713,1,No,0,0,0,,
DUGLOBAL-SM,DUDIGITAL GLOBAL,1396993,2500,No,0,0,0,,
DURLAX-SM,DURLAX TOP SURFACE,6185985,2000,No,0,0,0,,
DVL,DHUNSERI VENTURES,3894785,1,No,0,0,0,,
DWARKESH,DWARIKESH SUGAR IND,2986753,1,No,0,0,0,,
DYCL,DYNAMIC CABLES,2666753,1,No,0,0,0,,
DYNAMATECH,DYNAMATIC TECHNOLOGIES,1158401,1,No,0,0,0,,
DYNAMIC-SM,DYNAMIC SRVCS & SEC,1556225,500,No,0,0,0,,
DYNPRO,DYNEMIC PRODUCTS,5456385,1,No,0,0,0,,
E2E,E2E NETWORKS,2287873,1,No,0,0,0,,
E2ERAIL-ST,E TO E TRANS INFRA,194696705,800,No,0,0,0,,
EASEMYTRIP,EASY TRIP PLANNERS,714753,1,No,0,0,0,,
EBANKINAV,EBANK INAV,2562049,1,No,0,0,0,,
EBANKNIFTY,EDELAMC - EBANKNIFTY,6466049,1,No,0,0,0,,
EBB433INAV,EDELAMC - EBB433INAV,3371009,1,No,0,0,0,,
EBBE23INAV,EBBETF0423 INAV,2563073,1,No,0,0,0,,
EBBE30INAV,EBBETF0430 INAV,2564097,1,No,0,0,0,,
EBBE31INAV,EBBETF0425 INAV,2564353,1,No,0,0,0,,
EBBE32INAV,EBBETF0431 INAV,2564865,1,No,0,0,0,,
EBBETF0430,EDELAMC - EBBETF0430,4160769,1,No,0,0,0,,
EBBETF0431,EDELAMC - EBBETF0431,5693185,1,No,0,0,0,,
EBBETF0433,EDELAMC - EBBETF0433,3363585,1,No,0,0,0,,
EBGNG,GNG ELECTRONICS,194012673,1,No,0,0,0,,
EBNKNFINAV,EDELAMC - EBNKNFINAV,6477057,1,No,0,0,0,,
ECAPININAV,EDELAMC - ECAPININAV,7430145,1,No,0,0,0,,
ECAPINSURE,EDELAMC - ECAPINSURE,7428865,1,No,0,0,0,,
ECLERX,ECLERX SERVICES,3885825,1,No,0,0,0,,
ECOLINE-SM,ECOLINE EXIM,194550017,1000,No,0,0,0,,
ECOSMOBLTY,ECOS (INDIA) MOB & HOSP L,6415361,1,No,0,0,0,,
EDELWEISS,EDELWEISS FIN SERV,3870465,1,No,0,0,0,,
EEPL-SM,EPPELTONE ENGINEERS,194136577,1000,No,0,0,0,,
EFACTOR-ST,E FACTOR EXPERIENCES,4935169,400,No,0,0,0,,
EFCIL,EFC (I),194220801,1,No,0,0,0,,
EFFWA-SM,EFFWA INFRA & RESEARCH L,6255361,400,No,0,0,0,,
EFORCE-SM,ELECTRO FORCE (INDIA),5350145,1200,No,0,0,0,,
EGOLD,EDELAMC - EGOLD,5102849,1,No,0,0,0,,
EGOLDINAV,EDELAMC - EGOLDINAV,5105665,1,No,0,0,0,,
EICHERMOT,EICHER MOTORS,232961,1,Yes,200,99,101,2026-01-27,2026-03-30
EIDPARRY,EID PARRY INDIA,234497,1,No,0,0,0,,
EIEL,ENVIRO INFRA ENGINEERS L,6966529,1,No,0,0,0,,
EIFFL,EURO (I) FRESH FOODS,1546241,1,No,0,0,0,,
EIHAHOTELS,EIH ASSOCIATED HOTELS - OBEROI HOTELS,3942145,1,No,0,0,0,,
EIHOTEL,EIH - OBEROI HOTELS,235265,1,No,0,0,0,,
EIMCOELECO,EIMCO ELECON (INDIA),1034241,1,No,0,0,0,,
EKC,EVEREST KANTO CYLINDERLTD,3351297,1,No,0,0,0,,
ELDEHSG,ELDECO HSG & IND,2291969,1,No,0,0,0,,
ELECON,ELECON ENG. CO.,3492609,1,No,0,0,0,,
ELECTCAST,ELECTROSTEEL CASTINGS,237569,1,No,0,0,0,,
ELECTCAST-W1,ELECTCAST WARRANTS,4637697,33340,No,0,0,0,,
ELECTHERM,ELECTROTHERM (I),1144065,1,No,0,0,0,,
ELGIEQUIP,ELGI EQUIPMENTS,239873,1,No,0,0,0,,
ELGIRUBCO,ELGI RUBBER CO.,6380545,1,No,0,0,0,,
ELGNZ-SM,ELEGANZ INTERIORS,7576321,1000,No,0,0,0,,
ELIN,ELIN ELECTRONICS,3436289,1,No,0,0,0,,
ELIQUID,EDELAMC - ELIQUID,194423297,1,No,0,0,0,,
ELIQUIINAV,EDELAMC - ELIQUIINAV,7820033,1,No,0,0,0,,
ELLEN,ELLENBARRIE INDUS GASES L,194192129,1,No,0,0,0,,
ELM250,EDELAMC - ELM250,194291713,1,No,0,0,0,,
ELM250INAV,EDELAMC - ELM250INAV,7818753,1,No,0,0,0,,
EMAMILTD,EMAMI,3460353,1,No,0,0,0,,
EMAMIPAP,EMAMI PAPER MILLS,2578945,1,No,0,0,0,,
EMAMIREAL,EMAMI REALTY,4934913,1,No,0,0,0,,
EMAPARTNER-SM,EMA PARTNERS INDIA,7482625,1000,No,0,0,0,,
EMBASSY-RR,EMBASSY OFFICE PARKS REIT,2402049,1,No,0,0,0,,
EMBDL-BE,EMBASSY DEVELOPMENTS,3699969,1,No,0,0,0,,
EMCURE,EMCURE PHARMACEUTICALS L,6245889,1,No,0,0,0,,
EMIL,ELECTRONICS MART IND,2951681,1,No,0,0,0,,
EMKAY,EMKAY GLOBAL FIN SERV,3435777,1,No,0,0,0,,
EMKAYTOOLS-SM,EMKAY TAP & CUT. TOOL,2624769,150,No,0,0,0,,
EMLTMQINAV,EDELAMC - EMLTMQINAV,6655745,1,No,0,0,0,,
EMMBI,EMMBI INDUSTRIES,4644353,1,No,0,0,0,,
EMMIL-SM,ENERGY MISSION MACH IND L,6078721,250,No,0,0,0,,
EMMVEE,EMMVEE PHOTOVOLTAIC PWR L,194490369,1,No,0,0,0,,
EMSLIMITED,EMS,4759809,1,No,0,0,0,,
EMUDHRA,EMUDHRA,2497537,1,No,0,0,0,,
EMULTIMQ,EDELAMC - EMULTIMQ,6654977,1,No,0,0,0,,
ENCOMPAS-SM,ENCOMPASS DESIGN INDIA L,194642177,1200,No,0,0,0,,
ENDURANCE,ENDURANCE TECHNO.,4818433,1,No,0,0,0,,
ENERGY,MIRAEAMC - ENERGY,194503681,1,No,0,0,0,,
ENERGYDEV-BE,ENERGY DEVE. CO.LTD,3853569,1,No,0,0,0,,
ENERGYINAV,MIRAEAMC - ENERGYINAV,7826433,1,No,0,0,0,,
ENFUSE-SM,ENFUSE SOLUTIONS,5945345,600,No,0,0,0,,
ENGINERSIN,ENGINEERS INDIA,1256193,1,No,0,0,0,,
ENIFTY,EDELAMC - ENIFTY,194559489,1,No,0,0,0,,
ENIFTYINAV,EDELAMC - ENIFTYINAV,7828225,1,No,0,0,0,,
ENIL,ENTERTAIN NET. IND.,3377153,1,No,0,0,0,,
ENRIN,SIEMENS ENERGY INDIA,193758977,1,No,0,0,0,,
ENSER-SM,ENSER COMMUNICATIONS,5946881,5000,No,0,0,0,,
ENTERO,ENTERO HEALTHCARE SOLU L,5815553,1,No,0,0,0,,
ENVIRO-SM,ENVIROTECH SYSTEMS,6505473,1000,No,0,0,0,,
EPACK,EPACK DURABLE,5750529,1,No,0,0,0,,
EPACKPEB,EPACK PREFAB TECHN,194368257,1,No,0,0,0,,
EPIGRAL,EPIGRAL,1377793,1,No,0,0,0,,
EPL,EPL,251137,1,No,0,0,0,,
EPWINDIA-ST,EPW INDIA,194871553,1200,No,0,0,0,,
EQU200INAV,MIRAEAMC - EQU200INAV,7711745,1,No,0,0,0,,
EQUA50INAV,MIRAEAMC - EQUA50INAV,7808769,1,No,0,0,0,,
EQUAL200,MIRAEAMC - EQUAL200,7710977,1,No,0,0,0,,
EQUAL50,MIRAEAMC - EQUAL50,193828353,1,No,0,0,0,,
EQUAL50ADD,DSPAMC - DSPNEWETF,1691137,1,No,0,0,0,,
EQUIPPP-BE,EQUIPPP SOC IMP TECH,909569,1,No,0,0,0,,
EQUITASBNK,EQUITAS SMALL FIN BNK,233729,1,No,0,0,0,,
ERIS,ERIS LIFESCIENCES,5415425,1,No,0,0,0,,
ESABINDIA,ESAB INDIA,244481,1,No,0,0,0,,
ESAFSFB,ESAF SMALL FINANCE BANK L,5088769,1,No,0,0,0,,
ESCONET-SM,ESCONET TECHNOLOGIES,5827585,400,No,0,0,0,,
ESCORTS,ESCORTS KUBOTA,245249,1,No,0,0,0,,
ESENSEINAV,EDELAMC - ESENSEINAV,7827969,1,No,0,0,0,,
ESENSEX,EDELAMC - ESENSEX,194558721,1,No,0,0,0,,
ESFL-SM,ESSEN SPECIALITY FILMS L,4373505,360,No,0,0,0,,
ESG,MIRAEAMC - MAESGETF,307201,1,No,0,0,0,,
ESILINAV,EDELAMC - ESILVER,5186561,1,No,0,0,0,,
ESILVER,EDELAMC - ESILVER,5185793,1,No,0,0,0,,
ESPRIT-SM,ESPRIT STONES,6317569,1600,No,0,0,0,,
ESSARSHPNG-BE,ESSAR SHIPPING,6563329,1,No,0,0,0,,
ESSENTIA,INTEGRA ESSENTIA,7762689,1,No,0,0,0,,
ESTER,ESTER INDUSTRIES,6211841,1,No,0,0,0,,
ETERNAL,ETERNAL - ZOMATO,1304833,1,Yes,102,51,51,2026-01-27,2026-03-30
ETHOSLTD,ETHOS,2496001,1,No,0,0,0,,
ETL-SM,EMKAY TOOLS,194199297,150,No,0,0,0,,
ETML-SM,EMERALD TYRE MANUF,7073025,1200,No,0,0,0,,
EUREKAFORB,EUREKA FORBES,6441473,1,No,0,0,0,,
EUROBOND,EURO PANEL PRODUCTS,194035969,1,No,0,0,0,,
EUROPRATIK,EURO PRATIK SALES,194508033,1,No,0,0,0,,
EUROTEXIND-BE,EUROTEX IND & EXPORTS,2274817,1,No,0,0,0,,
EVEREADY,EVEREADY INDS. IND. ,3016193,1,No,0,0,0,,
EVERESTIND,EVEREST INDUSTRIES,254209,1,No,0,0,0,,
EVIETF,ICICIPRAMC - EVIETF,193505537,1,No,0,0,0,,
EVIETFINAV,ICICIPRAMC - EVIETFINAV,7807745,1,No,0,0,0,,
EVINDIA,MIRAEAMC - EVINDIA,6262017,1,No,0,0,0,,
EVINDINAV,MIRAEAMC - EVINDINAV,6263809,1,No,0,0,0,,
EXCEL,EXCEL REALTY N INFRA,4448257,1,No,0,0,0,,
EXCELINDUS,EXCEL INDUSTRIES,2936577,1,No,0,0,0,,
EXCELLENT-SM,EXCELLENT WIRES N PACK L,6482945,1600,No,0,0,0,,
EXCELSOFT,EXCELSOFT TECHNOLOGIES L,194561793,1,No,0,0,0,,
EXICOM,EXICOM TELE SYSTEMS,5874433,1,No,0,0,0,,
EXIDEIND,EXIDE INDUSTRIES,173057,1,Yes,206,103,103,2026-01-27,2026-03-30
EXIMROUTES-SM,EXIM ROUTES,194668033,1600,No,0,0,0,,
EXPLEOSOL,EXPLEO SOLUTIONS,4476417,1,No,0,0,0,,
EXXARO-BE,EXXARO TILES,1370369,1,No,0,0,0,,
FABTECH,FABTECH TECHNOLOGIES,194592001,1,No,0,0,0,,
FACT,FACT,258049,1,No,0,0,0,,
FAIRCHEMOR,FAIRCHEM ORGANICS,413185,1,No,0,0,0,,
FALCONTECH-SM,FALCON TECHNOPROJ IND,6182401,1200,No,0,0,0,,
FAZE3Q,FAZE THREE,3072001,1,No,0,0,0,,
FCL,FINEOTEX CHEMICAL,1586689,1,No,0,0,0,,
FCSSOFT,FCS SOFTWARE SOLN.,3071745,1,No,0,0,0,,
FDC,FDC,1253889,1,No,0,0,0,,
FEDERALBNK,FEDERAL BANK,261889,1,Yes,151,76,75,2026-01-27,2026-03-30
FEDFINA,FEDBANK FINANCIAL SER L,5202433,1,No,0,0,0,,
FEL-BZ,FUTURE ENTERPRISES,3535873,1,No,0,0,0,,
FELDVR-BZ,FUTURE ENTERPRISES,7805697,1,No,0,0,0,,
FELIX-SM,FELIX INDUSTRIES,146689,500,No,0,0,0,,
FIBERWEB,FIBERWEB INDIA,2088705,1,No,0,0,0,,
FIDEL-SM,FIDEL SOFTECH,2523649,1000,No,0,0,0,,
FIEMIND,FIEM INDUSTRIES,3509761,1,No,0,0,0,,
FILATEX,FILATEX INDIA,6280193,1,No,0,0,0,,
FILATFASH,FILATEX FASHIONS,6053633,1,No,0,0,0,,
FINBUD-SM,FINBUD FINANCIAL SERV,194502657,1000,No,0,0,0,,
FINCABLES,FINOLEX CABLES,265729,1,No,0,0,0,,
FINEORG,FINE ORGANIC IND.,958465,1,No,0,0,0,,
FINIETF,ICICIPRAMC-ICICIFIN,3219969,1,No,0,0,0,,
FINKURVE,FINKURVE FINANCIAL SERV L,194365185,1,No,0,0,0,,
FINOPB,FINO PAYMENTS BANK,1684225,1,No,0,0,0,,
FINPIPE,FINOLEX INDUSTRIES,266497,1,No,0,0,0,,
FIRSTCRY,BRAINBEES SOLUTIONS,6352385,1,No,0,0,0,,
FISCHER,FISCHER MEDICAL VENTURE L,193960449,1,No,0,0,0,,
FIVESTAR,FIVE-STAR BUS FIN,3080193,1,No,0,0,0,,
FLAIR,FLAIR WRITING INDUST,5215233,1,No,0,0,0,,
FLEXIADD,DSPAMC - FLEXIADD,194398209,1,No,0,0,0,,
FLEXIAINAV,DSPAMC - FLEXIAINAV,7820289,1,No,0,0,0,,
FLEXITUFF,FLEXITUFF VENTURES INT L,6531073,1,No,0,0,0,,
FLFL-BZ,FUT LIFESTYLE FASH,3806209,1,No,0,0,0,,
FLUOROCHEM,GUJARAT FLUOROCHEM,3520001,1,No,0,0,0,,
FLYSBS-SM,FLYSBS AVIATION,194101249,200,No,0,0,0,,
FMCGIETF,ICICIPRAMC - ICICIFMCG,1358337,1,No,0,0,0,,
FMGOETZE,FEDERAL-MOGUL GOETZE (IND,304641,1,No,0,0,0,,
FMNL,FUTURE MKT NETWORKS,5380353,1,No,0,0,0,,
FOCE-SM,FOCE INDIA,1890561,100,No,0,0,0,,
FOCUS,FOCUS LIGHTG & FIXTRS,1750017,1,No,0,0,0,,
FONEBOX-ST,FONEBOX RETAIL,5765121,1000,No,0,0,0,,
FOODSIN,FOODS & INNS,1708289,1,No,0,0,0,,
FORCAS-SM,FORCAS STUDIO,6377985,1600,No,0,0,0,,
FORCEMOT,FORCE MOTORS,2962689,1,No,0,0,0,,
FORGEAUTO-SM,FORGE AUTO INTERNATION L,6569985,1200,No,0,0,0,,
FORTIS,FORTIS HEALTHCARE,3735553,1,Yes,145,73,72,2026-01-27,2026-03-30
FOSECOIND,FOSECO INDIA,274689,1,No,0,0,0,,
FRESHARA-SM,FRESHARA AGRO EXPORTS,6622209,600,No,0,0,0,,
FROG-SM,FROG INNOVATIONS,2944257,400,No,0,0,0,,
FSL,FIRSTSOURCE SOLU.,3661825,1,No,0,0,0,,
FUSION,FUSION FINANCE,3054593,1,No,0,0,0,,
FWSTC-SM,FLYWINGS SIMULAT T C,194644737,600,No,0,0,0,,
GABRIEL,GABRIEL INDIA,277761,1,No,0,0,0,,
GAEL,GUJARAT AMBUJA EXPORTS LT,2259969,1,No,0,0,0,,
GAIL,GAIL (INDIA),1207553,1,Yes,243,121,122,2026-01-27,2026-03-30
GAJANAND-SM,GAJANAND INTERNATIONAL L,6462465,3000,No,0,0,0,,
GALAPREC,GALA PRECISION ENG,6434305,1,No,0,0,0,,
GALAXYSURF,GALAXY SURFACTANTS,336641,1,No,0,0,0,,
GALLANTT,GALLANTT ISPAT,3414273,1,No,0,0,0,,
GANDHAR,GANDHAR OIL REFINE IND L,5197569,1,No,0,0,0,,
GANDHITUBE,GANDHI SPL. TUBES,3613697,1,No,0,0,0,,
GANECOS,GANESHA ECOSPHERE,1777665,1,No,0,0,0,,
GANESHBE,GANESH BENZOPLAST,1437185,1,No,0,0,0,,
GANESHCP,GANESH CONSUMER PRODUCT L,194307073,1,No,0,0,0,,
GANESHHOU,GANESH HOUSING,3670785,1,No,0,0,0,,
GANESHIN-SM,GANESH INFRAWORLD,6998785,800,No,0,0,0,,
GANGABATH-SM,GANGA BATH FITTINGS,193926401,3000,No,0,0,0,,
GANGAFORGE,GANGA FORGING,1268993,1,No,0,0,0,,
GANGESSECU,GANGES SECURITIES,5478145,1,No,0,0,0,,
GARFIBRES,GARWARE TECH FIBRES,281601,1,No,0,0,0,,
GARUDA,GARUDA CONSTRUCT N ENG L,6604801,1,No,0,0,0,,
GATECH,GACM TECHNOLOGIES,4579329,1,No,0,0,0,,
GATECHDVR,GACM TECHNOLOGIES,4353,1,No,0,0,0,,
GATEWAY,GATEWAY DISTRIPARKS,2178561,1,No,0,0,0,,
GAYAHWS-BE,GAYATRI HIGHWAYS,946945,1,No,0,0,0,,
GCHOTELS-SM,GRAND CONTINENT HOTELS L,7753217,600,No,0,0,0,,
GCSL-BE,GRETEX CORPORATE SERVICES,194300929,1,No,0,0,0,,
GEECEE,GEECEE VENTURES,3496449,1,No,0,0,0,,
GEEKAYWIRE,GEEKAY WIRES,4588033,1,No,0,0,0,,
GEMAROMA,GEM AROMATICS,194422017,1,No,0,0,0,,
GENCON,GENERIC ENG CONS PROJ,560129,1,No,0,0,0,,
GENESYS,GENESYS INTL CORPN,2791681,1,No,0,0,0,,
GENSOL-BZ,GENSOL ENGINEERING,194263553,1,No,0,0,0,,
GENUSPAPER,GENUS P&B,1689601,1,No,0,0,0,,
GENUSPOWER,GENUS POWER INFRASTRU,3047681,1,No,0,0,0,,
GEOJITFSL,GEOJIT FINANCIAL SER L,3045377,1,No,0,0,0,,
GESHIP,THE GE SHPG.LTD,3526657,1,No,0,0,0,,
GFL26-N0,,6559745,1,No,0,0,0,,
GFL27-N1,,5926657,1,No,0,0,0,,
GFLLIMITED,GFL,329985,1,No,0,0,0,,
GGBL-SM,GANESH GREEN BHARAT,6256385,300,No,0,0,0,,
GHCL,GHCL,288513,1,No,0,0,0,,
GHCLTEXTIL,GHCL TEXTILES,4274177,1,No,0,0,0,,
GICHSGFIN,GIC HOUSING FINANCE,291585,1,No,0,0,0,,
GICL-ST,GLOBE INTL CARRIERS,4816897,3000,No,0,0,0,,
GICRE,GENERAL INS CORP OF INDIA,70913,1,No,0,0,0,,
GILLANDERS,GILLANDERS ARBUTHNOT,4566785,1,No,0,0,0,,
GILLETTE,GILLETTE INDIA,403457,1,No,0,0,0,,
GILT10BETA,UTIAMC-GILT10BETA,5766145,1,No,0,0,0,,
GILT5BETA,UTIAMC-GILT5BETA,5765377,1,No,0,0,0,,
GILT5YBEES,RELCAPAMC - NETFGILT5Y,812033,1,No,0,0,0,,
GILT5YINAV,GILT5YBEES INAV,2597889,1,No,0,0,0,,
GINNIFILA,GINNI FILAMENTS,292353,1,No,0,0,0,,
GIPCL,GUJ IND POW CO.,293121,1,No,0,0,0,,
GIRIRAJ-SM,GIRIRAJ CIVIL DEVP,605441,250,No,0,0,0,,
GKENERGY,GK ENERGY,194316289,1,No,0,0,0,,
GKSL,GUJARAT KIDNEY N SUP SP L,194866433,1,No,0,0,0,,
GKWLIMITED,GKW,4443393,1,No,0,0,0,,
GLAND,GLAND PHARMA,303617,1,No,0,0,0,,
GLAXO,GLAXOSMITHKLINE PHARMA LT,295169,1,No,0,0,0,,
GLD360INAV,360ONEAMC - GLD360INAV,7712257,1,No,0,0,0,,
GLDCASINAV,ZERODHAAMC - GLDCASINAV,5863425,1,No,0,0,0,,
GLENMARK,GLENMARK PHARMACEUTICALS,1895937,1,Yes,152,74,78,2026-01-27,2026-03-30
GLOBAL-BE,GLOBAL EDUCATION,362753,1,No,0,0,0,,
GLOBALE,GLOBALE TESSILE,6382593,1,No,0,0,0,,
GLOBALPET-SM,GLOBAL PET INDUSTRIES,4394753,750,No,0,0,0,,
GLOBALVECT,GLOBAL VEC HELICORP,3516161,1,No,0,0,0,,
GLOBE,GLOBE ENTERPRISE (I),100609,1,No,0,0,0,,
GLOBECIVIL,GLOBE CIVIL PROJECTS,194194433,1,No,0,0,0,,
GLOBUSSPR,GLOBUS SPIRITS,4460545,1,No,0,0,0,,
GLOSTERLTD,GLOSTER,6039041,1,No,0,0,0,,
GLOTTIS,GLOTTIS,194589697,1,No,0,0,0,,
GMBREW,G M BREWERIES,299009,1,No,0,0,0,,
GMDCLTD,GUJARAT MINERAL DEV CORP,1332225,1,No,0,0,0,,
GML-SM,GALAXY MEDICARE,194326785,2000,No,0,0,0,,
GMMPFAUDLR,GMM PFAUDLER,401921,1,No,0,0,0,,
GMRAIRPORT,GMR AIRPORTS,3463169,1,Yes,160,79,81,2026-01-27,2026-03-30
GMRP&UI,GMR POW AND URBAN INFRA L,2183425,1,No,0,0,0,,
GNA,GNA AXLES,4754177,1,No,0,0,0,,
GNFC,GUJ NAR VAL FER & CHEM L,300545,1,No,0,0,0,,
GOACARBON,GOA CARBON,3759873,1,No,0,0,0,,
GOCLCORP,GOCL CORPORATION,1014529,1,No,0,0,0,,
GOCOLORS,GO FASHION INDIA,1782785,1,No,0,0,0,,
GODAVARIB,GODAVARI BIOREFINERIES L,6640897,1,No,0,0,0,,
GODFRYPHLP,GODFREY PHILLIPS INDIA LT,302337,1,No,0,0,0,,
GODIGIT,GO DIGIT GENERAL INS,6092545,1,No,0,0,0,,
GODREJAGRO,GODREJ AGROVET,36865,1,No,0,0,0,,
GODREJCP,GODREJ CONSUMER PRODUCTS,2585345,1,Yes,167,84,83,2026-01-27,2026-03-30
GODREJIND,GODREJ INDUSTRIES,2796801,1,No,0,0,0,,
GODREJPROP,GODREJ PROPERTIES,4576001,1,Yes,174,86,88,2026-01-27,2026-03-30
GOKEX,GOKALDAS EXPORTS,3015169,1,No,0,0,0,,
GOKUL,GOKUL REFOILS & SOLV,4276481,1,No,0,0,0,,
GOKULAGRO,GOKUL AGRO RESOURCES,3706881,1,No,0,0,0,,
GOLD1,KOTAK GOLD ETF,3803649,1,No,0,0,0,,
GOLD360,360ONEAMC - GOLD360,7706881,1,No,0,0,0,,
GOLDADD,DSPAMC - DSPGOLD,3931137,1,No,0,0,0,,
GOLDBDINAV,BANDHANAMC - GOLDBDINAV,7829761,1,No,0,0,0,,
GOLDBEES,NIP IND ETF GOLD BEES,3693569,1,No,0,0,0,,
GOLDBEINAV,GOLDBEES NAV,2106113,1,No,0,0,0,,
GOLDBETA,UTIAMC-UTIGOLDBETA,3720961,1,No,0,0,0,,
GOLDBND,BANDHANAMC - GOLDBND,194643201,1,No,0,0,0,,
GOLDCASE,ZERODHA GOLD ETF,5862657,1,No,0,0,0,,
GOLDENTOBC-BZ,GOLDEN TOBACCO,2974465,1,No,0,0,0,,
GOLDETF,MIRAEAMC - MAGOLDETF,3657217,1,No,0,0,0,,
GOLDIAM,GOLDIAM INTERNATIONAL,3064577,1,No,0,0,0,,
GOLDIETF,ICICI PRUDENTIAL GOLD ETF,5037825,1,No,0,0,0,,
GOLDKART-SM,GOLDKART JEWELS,3485697,625,No,0,0,0,,
GOLDSHINAV,GOLDSHARE NAV,2106881,1,No,0,0,0,,
GOLDSTAR-SM,GOLDSTAR POWER,257,11250,No,0,0,0,,
GOLDTECH,AION-TECH SOLUTIONS,2527745,1,No,0,0,0,,
GOODLUCK,GOODLUCK INDIA,1568001,1,No,0,0,0,,
GOPAL,GOPAL SNACKS,5904897,1,No,0,0,0,,
GOYALALUM,GOYAL ALUMINIUMS,3017473,1,No,0,0,0,,
GOYALSALT-SM,GOYAL SALT,4955137,600,No,0,0,0,,
GPECO-SM,GP ECO SOLUTIONS INDIA L,6171649,200,No,0,0,0,,
GPIL,GODAWARI POW & ISP,3432705,1,No,0,0,0,,
GPPL,GUJARAT PIPAVAV PORT,5051137,1,No,0,0,0,,
GPTHEALTH,GPT HEALTHCARE,5848577,1,No,0,0,0,,
GPTINFRA,GPT INFRAPROJECTS,4527361,1,No,0,0,0,,
GRANULES,GRANULES INDIA,3039233,1,No,0,0,0,,
GRAPHISAD-SM,GRAPHISADS,5236225,1200,No,0,0,0,,
GRAPHITE,GRAPHITE INDIA,151553,1,No,0,0,0,,
GRASIM,GRASIM INDUSTRIES,315393,1,Yes,189,94,95,2026-01-27,2026-03-30
GRAVITA,GRAVITA INDIA,5256705,1,No,0,0,0,,
GRCAPMINAV,GROWWAMC - GRCAPMINAV,7829249,1,No,0,0,0,,
GRCL-SM,GAYATRI RUBB AND CHEM,3597313,250,No,0,0,0,,
GREAVESCOT,GREAVES COTTON,316161,1,No,0,0,0,,
GREENCHEF-SM,GREENCHEF APPLIANCES,4375553,800,No,0,0,0,,
GREENLAM,GREENLAM INDUSTRIES,1753089,1,No,0,0,0,,
GREENLEAF-SM,GREENLEAF ENVIROTECH,194412545,1000,No,0,0,0,,
GREENPANEL,GREENPANEL INDUSTRIES,3535361,1,No,0,0,0,,
GREENPLY,GREENPLY INDUSTRIES,1020673,1,No,0,0,0,,
GREENPOWER,ORIENT GREEN POWER CO,5148161,1,No,0,0,0,,
GRETEX-SM,GRETEX INDUSTRIES,4797697,750,No,0,0,0,,
GRINDWELL,GRINDWELL NORTON,3471361,1,No,0,0,0,,
GRINFRA,G R INFRAPROJECTS,1293825,1,No,0,0,0,,
GRMOVER,GRM OVERSEAS,2782977,1,No,0,0,0,,
GRN200INAV,GROWWAMC - GRN200INAV,7656193,1,No,0,0,0,,
GRO250INAV,GROWWAMC - GRO250INAV,7825921,1,No,0,0,0,,
GROBTEA,THE GROB TEA COMPANY,4549121,1,No,0,0,0,,
GROLIQINAV,GROWWAMC - GROLIQINAV,6520065,1,No,0,0,0,,
GRONIFINAV,GROWWAMC - GRONIFINAV,7815937,1,No,0,0,0,,
GROWEVINAV,GROWWAMC - GROWEVINAV,6349057,1,No,0,0,0,,
GROWLOINAV,GROWWAMC - GROWLOINAV,7813121,1,No,0,0,0,,
GROWMOINAV,GROWWAMC - GROWMOINAV,7808001,1,No,0,0,0,,
GROWSLINAV,GROWWAMC - GROWSLINAV,7809281,1,No,0,0,0,,
GROWW,BILLIONBRAINS GARAGE VN L,194510337,1,No,0,0,0,,
GROWWCAPM,GROWWAMC - GROWWCAPM,194573057,1,No,0,0,0,,
GROWWDEFNC,GROWWAMC - GROWWDEFNC,6594049,1,No,0,0,0,,
GROWWEV,GROWWAMC - GROWWEV,6348289,1,No,0,0,0,,
GROWWGINAV,GROWWAMC - GROWWGINAV,6624001,1,No,0,0,0,,
GROWWGOLD,GROWWAMC - GROWWGOLD,6623233,1,No,0,0,0,,
GROWWLIQID,GROWWAMC - GROWWLIQID,6514433,1,No,0,0,0,,
GROWWLOVOL,GROWWAMC - GROWWLOVOL,194124801,1,No,0,0,0,,
GROWWMC150,GROWWAMC - GROWWMC150,194488065,1,No,0,0,0,,
GROWWMETAL,GROWWAMC - GROWWMETAL,194672129,1,No,0,0,0,,
GROWWMOM50,GROWWAMC - GROWWMOM50,193558017,1,No,0,0,0,,
GROWWN200,GROWWAMC - GROWWN200,7647233,1,No,0,0,0,,
GROWWNET,GROWWAMC - GROWWNET,194000385,1,No,0,0,0,,
GROWWNIFTY,GROWWAMC - GROWWNIFTY,194226433,1,No,0,0,0,,
GROWWNINAV,GROWWAMC - GROWWNINAV,7814913,1,No,0,0,0,,
GROWWNXT50,GROWWAMC - GROWWNXT50,194421249,1,No,0,0,0,,
GROWWPINAV,GROWWAMC - GROWWPINAV,7816961,1,No,0,0,0,,
GROWWPOWER,GROWWAMC - GROWWPOWER,194090241,1,No,0,0,0,,
GROWWRAIL,GROWWAMC - GROWWRAIL,7558913,1,No,0,0,0,,
GROWWRINAV,GROWWAMC - GROWWRINAV,7819777,1,No,0,0,0,,
GROWWRLTY,GROWWAMC - GROWWRLTY,194413569,1,No,0,0,0,,
GROWWSC250,GROWWAMC - GROWWSC250,194437633,1,No,0,0,0,,
GROWWSLVR,GROWWAMC - GROWWSLVR,193747713,1,No,0,0,0,,
GRPLTD,GRP,1675009,1,No,0,0,0,,
GRRAILINAV,GROWWAMC - GRRAILINAV,7559681,1,No,0,0,0,,
GRSE,GARDEN REACH SHIP&ENG,1401601,1,No,0,0,0,,
GRW150INAV,GROWWAMC - GRW150INAV,7826945,1,No,0,0,0,,
GRWMTLINAV,GROWWAMC - GRWMTLINAV,7831297,1,No,0,0,0,,
GRWN50INAV,GROWWAMC - GRWN50INAV,7818241,1,No,0,0,0,,
GRWRHITECH,GARWARE HI-TECH FILMS,2043393,1,No,0,0,0,,
GRWWDFINAV,GROWWAMC - GRWWDFINAV,6599937,1,No,0,0,0,,
GS070626C-GS,GOI STRIPS C 070626,1123073,100,No,0,0,0,,
GS090326C-GS,GOI STRIPS C 090326,1117185,100,No,0,0,0,,
GS100226C-GS,GOI STRIPS C 100226,1111297,100,No,0,0,0,,
GS100426C-GS,GOI STRIPS C 100426,1121537,100,No,0,0,0,,
GS100526C-GS,GOI STRIPS C 100526,1122305,100,No,0,0,0,,
GS120626C-GS,GOI STRIPS C 120626,1123585,100,No,0,0,0,,
GS150326C-GS,GOI STRIPS C 150326,1117697,100,No,0,0,0,,
GS150626C-GS,GOI STRIPS C 150626,1124609,100,No,0,0,0,,
GS151226C-GS,GOI STRIPS C 151226,1128705,100,No,0,0,0,,
GS200326C-GS,GOI STRIPS C 200326,1118209,100,No,0,0,0,,
GS220226C-GS,GOI STRIPS C 220226,1111809,100,No,0,0,0,,
GS220230C-GS,GOI STRIPS C 220230,1132289,100,No,0,0,0,,
GS220231C-GS,GOI STRIPS C 220231,1133825,100,No,0,0,0,,
GS220236C-GS,GOI STRIPS C 220236,1134593,100,No,0,0,0,,
GS220240C-GS,GOI STRIPS C 220240,1157121,100,No,0,0,0,,
GS220250C-GS,GOI STRIPS C 220250,1165313,100,No,0,0,0,,
GS220261C-GS,GOI STRIPS C 220261,1166081,100,No,0,0,0,,
GS220261P-GS,GOI STRIPS P 220261,1125121,100,No,0,0,0,,
GS220830C-GS,GOI STRIPS C 220830,1133313,100,No,0,0,0,,
GS220831C-GS,GOI STRIPS C 220831,1134337,100,No,0,0,0,,
GS220836C-GS,GOI STRIPS C 220836,1150465,100,No,0,0,0,,
GS220840C-GS,GOI STRIPS C 220840,1163777,100,No,0,0,0,,
GS220850C-GS,GOI STRIPS C 220850,1165569,100,No,0,0,0,,
GS260426C-GS,GOI STRIPS C 260426,1121793,100,No,0,0,0,,
GSEC10ABSL,BIRLASLAMC - GSEC10ABSL,6360833,1,No,0,0,0,,
GSEC10IETF,ICICIPRAMC - ICICI10GS,3364609,1,No,0,0,0,,
GSEC10INAV,BIRLASLAMC - GSEC10INAV,6361601,1,No,0,0,0,,
GSEC10YEAR,MIRAEAMC - MAGS813ETF,3824129,1,No,0,0,0,,
GSEC5IETF,ICICIPRAMC - ICICI5GSEC,2135553,1,No,0,0,0,,
GSFC,GUJ STATE FERT & CHEM,319233,1,No,0,0,0,,
GSLSU-BE,GLOBAL SURFACES,3738369,1,No,0,0,0,,
GSMFOILS-SM,GSM FOILS,6115329,500,No,0,0,0,,
GSPL,GUJARAT STATE PETRO,3378433,1,No,0,0,0,,
GSS,GSS INFOTECH,3928833,1,No,0,0,0,,
GSTL-ST,GLOBESECURE TECHNO,2500609,1000,No,0,0,0,,
GTECJAINX,G-TEC JAINX EDUCATION,289025,1,No,0,0,0,,
GTL,GTL,297473,1,No,0,0,0,,
GTLINFRA,GTL INFRA.LTD,3518721,1,No,0,0,0,,
GTPL,GTPL HATHWAY,5425921,1,No,0,0,0,,
GUFICBIO,GUFIC BIOSCIENCES,2971137,1,No,0,0,0,,
GUJALKALI,GUJARAT ALKALIES & CHEM,324353,1,No,0,0,0,,
GUJAPOLLO,GUJ. APOLLO IND.,3757313,1,No,0,0,0,,
GUJGASLTD,GUJARAT GAS,2713345,1,No,0,0,0,,
GUJRAFFIA-BE,GUJARAT RAFFIA INDUST,2584833,1,No,0,0,0,,
GUJTHEM,GUJARAT THEMIS BIOSYN,7611137,1,No,0,0,0,,
GULFOILLUB,GULF OIL LUB. IND.,1124097,1,No,0,0,0,,
GULFPETRO,GP PETROLEUMS,2964737,1,No,0,0,0,,
GULPOLY,GULSHAN POLYOLS,1609217,1,No,0,0,0,,
GURUNANAK-SM,GURUNANAK AGRICULTUR IN L,194370817,1600,No,0,0,0,,
GVKPIL-BE,GVK POW. & INFRA,3386625,1,No,0,0,0,,
GVPIL,GE POWER INDIA,2012673,1,No,0,0,0,,
GVPTECH,GVP INFOTECH,2781441,1,No,0,0,0,,
GVPTECHPP-E1,GVPTECH RE.1 PPD UP,194082817,1,No,0,0,0,,
GVT&D,GE VERNOVA T&D INDIA,4296449,1,No,0,0,0,,
HAL,HINDUSTAN AERONAUTICS,589569,1,Yes,136,68,68,2026-01-27,2026-03-30
HALEOSLABS-BE,HALEOS LABS,5518081,1,No,0,0,0,,
HAPPSTMNDS,HAPPIEST MINDS TECHNO,12289,1,No,0,0,0,,
HAPPYFORGE,HAPPY FORGINGS,5338625,1,No,0,0,0,,
HARDWYN,HARDWYN INDIA,2294273,1,No,0,0,0,,
HARIOMPIPE,HARIOM PIPE INDUSTRIES L,2295809,1,No,0,0,0,,
HARRMALAYA,HARRISON MALAYALAM,336129,1,No,0,0,0,,
HARSHA,HARSHA ENGINEERS INT,2857473,1,No,0,0,0,,
HATHWAY,HATHWAY CABLE & DATACOM,4647425,1,No,0,0,0,,
HATSUN,HATSUN AGRO PRODUCT,996353,1,No,0,0,0,,
HAVELLS,HAVELLS INDIA,2513665,1,Yes,196,98,98,2026-01-27,2026-03-30
HAVISHA,SRI HAVISHA HOSP & INFR L,1908993,1,No,0,0,0,,
HBANKEINAV,HBANKETF INAV,2565633,1,No,0,0,0,,
HBLENGINE,HBL ENGINEERING,3575297,1,No,0,0,0,,
HBS500INAV,HDFCAMC - HBS500INAV,3645185,1,No,0,0,0,,
HBS500INAV-RL,,3645441,1,No,0,0,0,,
HBSL-BE,HB STOCKHOLDINGS,1054209,1,No,0,0,0,,
HCC,HINDUSTAN CONSTRUCTION CO,352001,1,No,0,0,0,,
HCG,HEALTHCARE GLOB. ENT.,3982081,1,No,0,0,0,,
HCL-INSYS,HCL INFOSYSTEMS,339713,1,No,0,0,0,,
HCLTECH,HCL TECHNOLOGIES,1850625,1,Yes,120,61,59,2026-01-27,2026-03-30
HDBFS,HDB FINANCIAL SERVICES L,193989633,1,No,0,0,0,,
HDF100INAV,HDFCNIF100 INAV,2709249,1,No,0,0,0,,
HDFC50INAV,HDFCNEXT50 INAV,2709505,1,No,0,0,0,,
HDFCAMC,HDFC AMC,1086465,1,Yes,184,91,93,2026-01-27,2026-03-30
HDFCBANK,HDFC BANK,341249,1,Yes,208,104,104,2026-01-27,2026-03-30
HDFCBSE500,HDFCAMC - HDFCBSE500,3642881,1,No,0,0,0,,
HDFCGOLD,HDFC GOLD ETF,5003009,1,No,0,0,0,,
HDFCGRINAV,HDFCAMC - HDFCGRINAV,2884097,1,No,0,0,0,,
HDFCGROWTH,HDFCAMC - HDFCGROWTH,2877697,1,No,0,0,0,,
HDFCLIFE,HDFC LIFE INS CO,119553,1,Yes,120,61,59,2026-01-27,2026-03-30
HDFCLIQUID,HDFCAMC - HDFCLIQUID,4679425,1,No,0,0,0,,
HDFCLOWVOL,HDFCAMC - HDFCLOWVOL,2956033,1,No,0,0,0,,
HDFCLVINAV,HDFCAMC - HDFCLOWVOL,2957569,1,No,0,0,0,,
HDFCMFINAV,HDFCMFGETF NAV,2109697,1,No,0,0,0,,
HDFCMID150,HDFCAMC - HDFCMID150,3644417,1,No,0,0,0,,
HDFCMOINAV,HDFCAMC - HDFCMOMENT,2957057,1,No,0,0,0,,
HDFCMOMENT,HDFCAMC - HDFCMOMENT,2953729,1,No,0,0,0,,
HDFCNEXT50,HDFCAMC - HDFCNEXT50,2718465,1,No,0,0,0,,
HDFCNFINAV,HDFCNIFETF INAV,2565889,1,No,0,0,0,,
HDFCNIF100,HDFCAMC - HDFCNIF100,2722049,1,No,0,0,0,,
HDFCNIFBAN,HDFCAMC - HDFCNIFBAN,5742849,1,No,0,0,0,,
HDFCNIFIT,HDFCAMC - HDFCNIFIT,3097857,1,No,0,0,0,,
HDFCNIFTY,HDFCAMC - HDFCNIFTY,2967297,1,No,0,0,0,,
HDFCNIINAV,HDFCAMC - HDFCNIINAV,4332033,1,No,0,0,0,,
HDFCPBINAV,HDFCAMC - HDFCPBINAV,3102465,1,No,0,0,0,,
HDFCPSUBK,HDFCAMC HDFCPSUBK,5784321,1,No,0,0,0,,
HDFCPVTBAN,HDFCAMC - HDFCPVTBAN,3099649,1,No,0,0,0,,
HDFCQUAL,HDFCAMC - HDFCQUAL,2881281,1,No,0,0,0,,
HDFCQUINAV,HDFCAMC - HDFCQUINAV,2884353,1,No,0,0,0,,
HDFCSEINAV,HDFCSENETF INAV,2566145,1,No,0,0,0,,
HDFCSENSEX,HDFCAMC - HDFCSENSEX,2967809,1,No,0,0,0,,
HDFCSIINAV,HDFCAMC - HDFCSIINAV,2786049,1,No,0,0,0,,
HDFCSIINAV-RL,,2786305,1,No,0,0,0,,
HDFCSILVER,HDFCAMC - HDFCSILVER,2784257,1,No,0,0,0,,
HDFCSML250,HDFCAMC - HDFCSML250,3643649,1,No,0,0,0,,
HDFCVALUE,HDFCAMC - HDFCVALUE,2882561,1,No,0,0,0,,
HDFCVLINAV,HDFCAMC - HDFCVLINAV,2885633,1,No,0,0,0,,
HDFLIQINAV,HDFCAMC - HDFLIQINAV,4680193,1,No,0,0,0,,
HDFPBKINAV,HDFCAMC HDFPBKINAV,5785345,1,No,0,0,0,,
HDIL-BZ,HOUSING DEV & INFRA,4587521,1,No,0,0,0,,
HEADSUP,HEADS UP VENTURES,4916481,1,No,0,0,0,,
HEALADINAV,DSPAMC - HEALADINAV,5785089,1,No,0,0,0,,
HEALTHADD,DSPAMC - HEALTHADD,5783553,1,No,0,0,0,,
HEALTHIETF,ICICIPRAMC - ICICIPHARM,928257,1,No,0,0,0,,
HEALTHINAV,HEALTHY INAV,2550529,1,No,0,0,0,,
HEALTHY,BIRLASLAMC - HEALTHY,1612033,1,No,0,0,0,,
HECPROJECT,HEC INFRA PROJECTS,1900801,1,No,0,0,0,,
HEG,HEG,342017,1,No,0,0,0,,
HEIDELBERG,HEIDELBERGCEMENT (I),592897,1,No,0,0,0,,
HEMIPROP,HEMISPHERE PROP IND,179457,1,No,0,0,0,,
HERANBA,HERANBA INDUSTRIES,669185,1,No,0,0,0,,
HERITGFOOD,HERITAGE FOODS,1177089,1,No,0,0,0,,
HEROMOTOCO,HERO MOTOCORP,345089,1,Yes,186,93,93,2026-01-27,2026-03-30
HESTERBIO,HESTER BIOSCIENCES,1804289,1,No,0,0,0,,
HEUBACHIND,HEUBACH COLORANTS IND,183041,1,No,0,0,0,,
HEXATRADEX,HEXA TRADEX,6914049,1,No,0,0,0,,
HEXT,HEXAWARE TECHNOLOGIES,7594497,1,No,0,0,0,,
HFCL,HFCL,5619457,1,No,0,0,0,,
HGINFRA,H.G.INFRA ENGINEERING,428033,1,No,0,0,0,,
HGM,HANDSON GBL MNGMNT,3479553,1,No,0,0,0,,
HGS,HINDUJA GLOBAL SOLS.,3766273,1,No,0,0,0,,
HIGREEN-SM,HI GREEN CARBON,4811265,800,No,0,0,0,,
HIKAL,HIKAL,2475009,1,No,0,0,0,,
HILINFRA,HIGHWAY INFRASTRUCTURE L,194330369,1,No,0,0,0,,
HILTON,HILTON METAL FORGING,3744513,1,No,0,0,0,,
HILTON-RE1-BE,HILTON METAL FORGING,194706433,1,No,0,0,0,,
HIMATSEIDE,HIMATSINGKA SEIDE,348161,1,No,0,0,0,,
HINDALCO,HINDALCO  INDUSTRIES ,348929,1,Yes,152,76,76,2026-01-27,2026-03-30
HINDCOMPOS,HINDUSTAN COMPOSITES,351233,1,No,0,0,0,,
HINDCON,HINDCON CHEMICALS,1259521,1,No,0,0,0,,
HINDCOPPER,HINDUSTAN COPPER,4592385,1,No,0,0,0,,
HINDOILEXP,HINDUSTAN OIL EXPLORATION,359169,1,No,0,0,0,,
HINDPETRO,HINDUSTAN PETROLEUM CORP,359937,1,Yes,142,70,72,2026-01-27,2026-03-30
HINDUNILVR,HINDUSTAN UNILEVER,356865,1,Yes,178,88,90,2026-01-27,2026-03-30
HINDWAREAP,HINDWARE HME INOVATON,4066049,1,No,0,0,0,,
HINDZINC,HINDUSTAN ZINC,364545,1,Yes,218,103,115,2026-01-27,2026-03-30
HIRECT,HIND RECTIFIER,3555841,1,No,0,0,0,,
HISARMETAL,HISAR METAL IND.,4946433,1,No,0,0,0,,
HITECH,HI-TECH PIPES,734209,1,No,0,0,0,,
HITECHCORP,HITECH CORPORATION,3881217,1,No,0,0,0,,
HITECHGEAR-BE,THE HI-TECH GEARS,2193409,1,No,0,0,0,,
HLEGLAS,HLE GLASCOAT,585985,1,No,0,0,0,,
HLVLTD,HLV,370689,1,No,0,0,0,,
HMAAGRO,HMA AGRO INDUSTRIES,4365569,1,No,0,0,0,,
HMI150INAV,HDFCAMC - HMI150INAV,3645697,1,No,0,0,0,,
HMI150INAV-RL,,3645953,1,No,0,0,0,,
HMT-BZ,HMT -,5042689,1,No,0,0,0,,
HMVL,HINDUSTAN MEDIA VENT,4918017,1,No,0,0,0,,
HNDFDS,HINDUSTAN FOODS,3116289,1,No,0,0,0,,
HNGSNGBEES,NIP IND ETF HANGSENG BEES,4680705,1,No,0,0,0,,
HOACFOODS-ST,HOAC FOODS INDIA,6099457,750,No,0,0,0,,
HOLMARC-SM,HOLMARC OPTO MECHATRO L,4774145,750,No,0,0,0,,
HOMEFIRST,HOME FIRST FIN CO IND,526337,1,No,0,0,0,,
HOMESFY-SM,HOMESFY REALTY,3462657,300,No,0,0,0,,
HONASA,HONASA CONSUMER - MAMAEARTH,5072129,1,No,0,0,0,,
HONAUT,HONEYWELL AUTOMATION IND,874753,1,No,0,0,0,,
HONDAPOWER,HONDA I POWER PRODUCT,803329,1,No,0,0,0,,
HPAL,HP ADHESIVES,1888257,1,No,0,0,0,,
HPIL,HINDPRAKASH INDUSTRY,3019777,1,No,0,0,0,,
HPL,HPL ELECTRIC & POWER,4781825,1,No,0,0,0,,
HPTL-ST,HP TELECOM INDIA,7649025,600,No,0,0,0,,
HRHNEXT-SM,HRH NEXT SERVICES,5403393,1500,No,0,0,0,,
HSCL,HIMADRI SPECIALITY CHEM L,3669505,1,No,0,0,0,,
HSM250INAV,HDFCAMC - HSM250INAV,3646209,1,No,0,0,0,,
HSM250INAV-RL,,3646465,1,No,0,0,0,,
HTMEDIA,HT MEDIA,3066625,1,No,0,0,0,,
HUBTOWN,HUBTOWN,3635969,1,No,0,0,0,,
HUDCO,HSG & URBAN DEV CORPN,5331201,1,Yes,144,68,76,2026-01-27,2026-03-30
HUHTAMAKI,HUHTAMAKI INDIA,655873,1,No,0,0,0,,
HVAX-SM,HVAX TECHNOLOGIES,6581249,150,No,0,0,0,,
HYBRIDFIN-BE,HYBRID FINANCIAL SERVICE,3280385,1,No,0,0,0,,
HYUNDAI,HYUNDAI MOTOR INDIA,6616065,1,No,0,0,0,,
IBLFL-SM,IBL FINANCE,5465089,2000,No,0,0,0,,
IBMFNIINAV,IBMFNIFTY INAV,2576897,1,No,0,0,0,,
IBULLSLTD,INDIABULLS,6399745,1,No,0,0,0,,
IC10GSINAV,ICICIPRAMC - IC10GSINAV,3371265,1,No,0,0,0,,
ICDSLTD,ICDS,1786113,1,No,0,0,0,,
ICEMAKE,ICE MAKE REFRIGERAT,125185,1,No,0,0,0,,
ICICI1INAV,ICICINF100 INAV,2572801,1,No,0,0,0,,
ICICI2INAV,ICICIB22 INAV,2567169,1,No,0,0,0,,
ICICI5INAV,ICICI500 INAV,2572289,1,No,0,0,0,,
ICICIAINAV,ICICIALPLV INAV,2572545,1,No,0,0,0,,
ICICIAMC,ICICI PRUDENTIAL AMC,194664193,1,No,0,0,0,,
ICICIB22,ICICIPRAMC - BHARATIWIN,133633,1,No,0,0,0,,
ICICIBANK,ICICI BANK,1270529,1,Yes,192,96,96,2026-01-27,2026-03-30
ICICIBINAV,ICICIBANKP INAV,2575105,1,No,0,0,0,,
ICICICINAV,ICICICONSU INAV,2567937,1,No,0,0,0,,
ICICIFINAV,ICICIFMCG INAV,2568449,1,No,0,0,0,,
ICICIGI,ICICI LOMBARD GIC,5573121,1,Yes,138,70,68,2026-01-27,2026-03-30
ICICIGINAV,ICICIGOLD NAV,2110721,1,No,0,0,0,,
ICICIKINAV,ICICIBANKN INAV,2566401,1,No,0,0,0,,
ICICILINAV,ICICILOVOL INAV,2574593,1,No,0,0,0,,
ICICIMINAV,ICICIM150 INAV,2571521,1,No,0,0,0,,
ICICININAV,ICICINV20 INAV,2574849,1,No,0,0,0,,
ICICIOINAV,ICICIAUTO INAV,2567681,1,No,0,0,0,,
ICICIPINAV,ICICIMCAP INAV,2566657,1,No,0,0,0,,
ICICIPRULI,ICICI PRU LIFE INS CO,4774913,1,Yes,190,96,94,2026-01-27,2026-03-30
ICICIQINAV,ICICILIQ INAV,2571265,1,No,0,0,0,,
ICICIRINAV,ICICIPHARM INAV,2570753,1,No,0,0,0,,
ICICISINAV,ICICISILVE NAV,2107649,1,No,0,0,0,,
ICICITINAV,ICICITECH INAV,2571009,1,No,0,0,0,,
ICICIXINAV,ICICINXT50 INAV,2572033,1,No,0,0,0,,
ICICIYINAV,ICICINIFTY INAV,2573825,1,No,0,0,0,,
ICICM58-M1,,2611457,1,No,0,0,0,,
ICICMOINAV,ICICIPRAMC - ICICMOINAV,2710785,1,No,0,0,0,,
ICICOMINAV,ICICIPRAMC - ICICOMINAV,3382785,1,No,0,0,0,,
ICIFININAV,ICICIPRAMC-ICIFININAV,3223809,1,No,0,0,0,,
ICIL,INDO COUNT INDUSTRIES,3068673,1,No,0,0,0,,
ICINFRINAV,ICICIPRAMC - ICINFRINAV,2753537,1,No,0,0,0,,
ICIQ30INAV,ICICIPRAMC - ICIQ30INAV,4562433,1,No,0,0,0,,
ICISECINAV,ICICI5GSEC INAV,2606849,1,No,0,0,0,,
ICISENINAV,ICICISENSX INAV,2608385,1,No,0,0,0,,
ICRA,ICRA,3717889,1,No,0,0,0,,
IDBI,IDBI BANK,377857,1,No,0,0,0,,
IDBIGOINAV,IDBIGOLD NAV,2108161,1,No,0,0,0,,
IDEA,VODAFONE IDEA,3677697,1,Yes,56,29,27,2026-01-27,2026-03-30
IDEAFORGE,IDEAFORGE TECHNO,4387841,1,No,0,0,0,,
IDEALTECHO-SM,IDEAL TECHNOPLAST IND,6387201,500,No,0,0,0,,
IDENTICAL-SM,IDENTICAL BRAINS STUDIO L,7314945,2000,No,0,0,0,,
IDFCFIRSTB,IDFC FIRST BANK,2863105,1,Yes,123,61,62,2026-01-27,2026-03-30
IDFNIFINAV,IDFNIFTYET INAV,2575873,1,No,0,0,0,,
IDFNIFTYET,BANDHANAMC - IDFNIFTYET,4808449,1,No,0,0,0,,
IEML-SM,INDIAN EMULSIFIERS,6089985,500,No,0,0,0,,
IEX,INDIAN ENERGY EXC,56321,1,Yes,212,105,107,2026-01-27,2026-03-30
IFBAGRO,IFB AGRO INDUSTRIES,379393,1,No,0,0,0,,
IFBIND,IFB INDUSTRIES,380161,1,No,0,0,0,,
IFCI,IFCI,381697,1,No,0,0,0,,
IFGLEXPOR,IFGL REFRACTORIES,111617,1,No,0,0,0,,
IGARASHI,IGARASHI MOTORS INDIA,162305,1,No,0,0,0,,
IGCL,INDOGULF CROPSCIENCES,193997057,1,No,0,0,0,,
IGIL,INTERNATIO GEMM INS (I) L,7264769,1,No,0,0,0,,
IGL,INDRAPRASTHA GAS,2883073,1,No,0,0,0,,
IGPL,I G PETROCHEMICALS,3606017,1,No,0,0,0,,
IHF261224-N1,,7388417,1,No,0,0,0,,
IHF261224A-N1,,7391745,1,No,0,0,0,,
IHFL261224-N1,,7386625,1,No,0,0,0,,
IIFL,IIFL FINANCE,3023105,1,Yes,45,22,23,2026-01-27,2026-01-27
IIFL210425-NW,,193571841,1,No,0,0,0,,
IIFL21425-NY,,193572353,1,No,0,0,0,,
IIFL21425A-Y1,,193573121,1,No,0,0,0,,
IIFLCAPS,IIFL CAPITAL SERVICES,3346433,1,No,0,0,0,,
IIFLHF29-NE,,1964545,1,No,0,0,0,,
IIFLHFZC27-NB,,1962497,1,No,0,0,0,,
IIFLZC26-NN,,1588993,1,No,0,0,0,,
IIFLZC26A-NR,,3545601,1,No,0,0,0,,
IIFLZC26B-NY,,4360705,1,No,0,0,0,,
IIFLZC28-NG,,738049,1,No,0,0,0,,
IIFLZC28A-NU,,3547649,1,No,0,0,0,,
IIFLZC28B-Y1,,4363009,1,No,0,0,0,,
IIFLZC28C-N6,,1335553,1,No,0,0,0,,
IITL,INDUSTRIAL INV TRUST,4998401,1,No,0,0,0,,
IKIO,IKIO TECHNOLOGIES,4306433,1,No,0,0,0,,
IKS,INVENTURUS KNOWLEDGE SO L,7200001,1,No,0,0,0,,
IL&FSENGG-BZ,IL&FS ENG AND CONS CO,2401281,1,No,0,0,0,,
IL&FSTRANS-BZ,IL&FS TRANS NET,2401537,1,No,0,0,0,,
IMAGICAA,IMAGICAAWORLD ENT,1964033,1,No,0,0,0,,
IMC1-N0,,3638785,1,No,0,0,0,,
IMC1-N1,,3640065,1,No,0,0,0,,
IMC1-N2,,3641345,1,No,0,0,0,,
IMC1-N3,,3642369,1,No,0,0,0,,
IMFA,INDIAN METALS & FERRO,4924161,1,No,0,0,0,,
IMPAL,IND MOTOR PART & ACC,3074305,1,No,0,0,0,,
IMPEXFERRO-BZ,IMPEX FERRO TECH,6625537,1,No,0,0,0,,
INCREDIBLE,INCREDIBLE INDUSTRIES,4481793,1,No,0,0,0,,
INDBANK,INDBANK MERCH BANK,4334849,1,No,0,0,0,,
INDGN,INDEGENE,6065409,1,No,0,0,0,,
INDHOTEL,THE INDIAN HOTELS CO.,387073,1,Yes,188,93,95,2026-01-27,2026-03-30
INDIACEM,THE INDIA CEMENTS,387841,1,No,0,0,0,,
INDIAGLYCO,INDIA GLYCOLS,389377,1,No,0,0,0,,
INDIAMART,INDIAMART INTERMESH,2745857,1,No,0,0,0,,
INDIANB,INDIAN BANK,3663105,1,Yes,135,68,67,2026-01-27,2026-03-30
INDIANCARD,INDIAN CARD CLOTHING CO.,1132033,1,No,0,0,0,,
INDIANHUME,INDIAN HUME PIPE CO.,391681,1,No,0,0,0,,
INDIASHLTR,INDIA SHELTER FIN CORP L,5262337,1,No,0,0,0,,
INDIFRA-SM,INDIFRA,5390849,2000,No,0,0,0,,
INDIGO,INTERGLOBE AVIATION,2865921,1,Yes,174,85,89,2026-01-27,2026-03-30
INDIGOPNTS,INDIGO PAINTS,524289,1,No,0,0,0,,
INDIGRID-IV,INDIGRID INFRASTRUCT TRST,5372929,1,No,0,0,0,,
INDIQUBE,INDIQUBE SPACES,194008321,1,No,0,0,0,,
INDNIPPON,INDIA NIPPON ELECT ,1215233,1,No,0,0,0,,
INDOAMIN,INDO AMINES,2333697,1,No,0,0,0,,
INDOBORAX,INDO BORAX & CHEMICAL,2205185,1,No,0,0,0,,
INDOCO,INDOCO REMEDIES,2989313,1,No,0,0,0,,
INDOFARM,INDO FARM EQUIPMENT,7430401,1,No,0,0,0,,
INDORAMA,INDO RAMA SYNTHETICS,2814209,1,No,0,0,0,,
INDOSTAR,INDOSTAR CAPITAL FIN,790529,1,No,0,0,0,,
INDOTECH,INDO TECH TRANSFORM,3398401,1,No,0,0,0,,
INDOTHAI,INDO THAI SEC,6555649,1,No,0,0,0,,
INDOUS,INDO US BIOTECH,6528769,1,No,0,0,0,,
INDOWIND,INDOWIND ENERGY,3827713,1,No,0,0,0,,
INDRAMEDCO,INDRAPRASTHA MEDICAL CORP,1216257,1,No,0,0,0,,
INDSWFTLAB,IND SWIFT LABORATORIES LT,1246721,1,No,0,0,0,,
INDTERRAIN,IND TERRAIN FASHIONS,5620993,1,No,0,0,0,,
INDUSINDBK,INDUSIND BANK,1346049,1,Yes,138,68,70,2026-01-27,2026-03-30
INDUSINVIT-IV,INDUS INFRA TRUST,5897217,1,No,0,0,0,,
INDUSTOWER,INDUS TOWERS,7458561,1,Yes,142,70,72,2026-01-27,2026-03-30
INFIBEAM,INFIBEAM AVENUES,4159745,1,No,0,0,0,,
INFINIUM-SM,INFINIUM PHARMACHEM,3849217,500,No,0,0,0,,
INFLUX-SM,INFLUX HEALTHTECH,193946113,600,No,0,0,0,,
INFOBEAN,INFOBEANS TECHNO.,2822913,1,No,0,0,0,,
INFOLLION-SM,INFOLLION RESEARCH SER L,4246529,400,No,0,0,0,,
INFOMEDIA,INFOMEDIA PRESS,3505409,1,No,0,0,0,,
INFRABEES,NIP IND ETF INFRA BEES,5138433,1,No,0,0,0,,
INFRAIETF,ICICIPRAMC - ICICIINFRA,2745089,1,No,0,0,0,,
INFY,INFOSYS,408065,1,Yes,125,63,62,2026-01-27,2026-03-30
INGERRAND,INGERSOLL-RAND INDIA,408833,1,No,0,0,0,,
INM-SM,INTERIORS & MORE,5829121,600,No,0,0,0,,
INNOMET-SM,INNOMET ADVANCED MATERI L,6481921,600,No,0,0,0,,
INNOVACAP,INNOVA CAPTAB,5391873,1,No,0,0,0,,
INNOVANA,INNOVANA THINKLABS,7105025,1,No,0,0,0,,
INOXGREEN,INOX GREEN ENERGY SER,3120129,1,No,0,0,0,,
INOXINDIA,INOX INDIA,5275393,1,No,0,0,0,,
INOXWIND,INOX WIND,2010113,1,Yes,98,49,49,2026-01-27,2026-03-30
INSECTICID,INSECTICIDES (I),3752193,1,No,0,0,0,,
INSPIRE-SM,INSPIRE FILMS,4903425,2000,No,0,0,0,,
INSPIRISYS,INSPIRISYS SOLUTIONS,3514881,1,No,0,0,0,,
INTEGRITY-SM,INTEGRITY INFRABUILD DE L,194022913,1200,No,0,0,0,,
INTELLECT,INTELLECT DESIGN ARENA,1517057,1,No,0,0,0,,
INTENTECH,INTENSE TECHNOLOGIES,5138177,1,No,0,0,0,,
INTERARCH,INTERARCH BLDNG SOLTN,6376705,1,No,0,0,0,,
INTERISE-IV,INTERISE TRUST,740353,25000,No,0,0,0,,
INTERNET,MIRAEAMC - INTERNET,194200321,1,No,0,0,0,,
INTERNINAV,MIRAEAMC - INTERNINAV,7815169,1,No,0,0,0,,
INTLCONV,INTL CONVEYORS,1435137,1,No,0,0,0,,
INVENTURE,INVENTURE GRO & SEC,6366721,1,No,0,0,0,,
INVICTA-SM,INVICTA DIAGNOSTIC,194595585,1600,No,0,0,0,,
IOB,INDIAN OVERSEAS BANK,2393089,1,No,0,0,0,,
IOC,INDIAN OIL CORP,415745,1,Yes,220,109,111,2026-01-27,2026-03-30
IOLCP,IOL CHEM AND PHARMA,5225729,1,No,0,0,0,,
IONEXCHANG,ION EXCHANGE (INDIA),417281,1,No,0,0,0,,
IPCALAB,IPCA LABORATORIES,418049,1,No,0,0,0,,
IPHL-SM,INDIAN PHOSPHATE,6408449,1200,No,0,0,0,,
IPL,INDIA PESTICIDES,1263105,1,No,0,0,0,,
IPSL-SM,INTEGRATED PERSO SER,3047169,500,No,0,0,0,,
IRB,IRB INFRA DEV,3920129,1,No,0,0,0,,
IRBINVIT-IV,IRB INVIT FUND,5329153,1,No,0,0,0,,
IRBIT-IV,IRB INFRASTRUCTURE TRUST,3790337,25000,No,0,0,0,,
IRCON,IRCON INTERNATIONAL,1276417,1,No,0,0,0,,
IRCTC,INDIAN RAIL TOUR CORP,3484417,1,Yes,158,79,79,2026-01-27,2026-02-24
IREDA,INDIAN RENEWABLE ENERGY,5186817,1,Yes,255,125,130,2026-01-27,2026-03-30
IRFC,INDIAN RAILWAY FIN CORP L,519425,1,Yes,201,99,102,2026-01-27,2026-03-30
IRIS,IRIS REGTECH SOLUTION,1661185,1,No,0,0,0,,
IRISDOREME,IRIS CLOTHINGS,582401,1,No,0,0,0,,
IRMENERGY,IRM ENERGY,5016833,1,No,0,0,0,,
ISFT,INTRASOFT TECH.,4730625,1,No,0,0,0,,
ISGEC,ISGEC HEAVY ENG,852225,1,No,0,0,0,,
ISHAN-SM,ISHAN INTERNATIONAL,2814721,48000,No,0,0,0,,
ISHANCH,ISHAN DYES N CHEMICALS L,7743745,1,No,0,0,0,,
IT,KOTAKMAMC - KOTAKIT,672513,1,No,0,0,0,,
ITADD,DSPAMC - DSPIT,4404993,1,No,0,0,0,,
ITALIANE-SM,ITALIAN EDIBLES,5797121,2000,No,0,0,0,,
ITBEES,NIP IND ETF IT,4885505,1,No,0,0,0,,
ITBEESINAV,ITBEES INAV,2596097,1,No,0,0,0,,
ITBETA,UTIAMC-ITBETA,5756929,1,No,0,0,0,,
ITC,ITC,424961,1,Yes,331,166,165,2026-01-27,2026-03-30
ITCHOTELS,ITC HOTELS,7488257,1,No,0,0,0,,
ITDC,INDIA TOUR. DEV. CO.,4940545,1,No,0,0,0,,
ITETF,MIRAEAMC - ITETF,5026049,1,No,0,0,0,,
ITETFINAV,MIRAEAMC - ITETFINAV,5028865,1,No,0,0,0,,
ITI,ITI,428801,1,No,0,0,0,,
ITIETF,ICICIPRAMC - ICICITECH,5725441,1,No,0,0,0,,
ITTL-ST,INNOVATIVE TYRE & TUBE LT,6980097,105,No,0,0,0,,
IVALUE,IVALUE INFOSOLUTIONS,194314497,1,No,0,0,0,,
IVC,IL&FS INVESTMENT MANAGERS,1718017,1,No,0,0,0,,
IVP,IVP,430337,1,No,0,0,0,,
IVZINGINAV,IVZINGOLD NAV,2108417,1,No,0,0,0,,
IVZINGOLD,INVESCO INDIA GOLD ETF,4682753,1,No,0,0,0,,
IVZINNIFTY,INVESCO INDIA NIFTY ETF,6199553,1,No,0,0,0,,
IVZINNINAV,IVZINNIFTY INAV,2578177,1,No,0,0,0,,
IWARE-ST,IWARE SUPPLYCHAIN SER,193956865,1200,No,0,0,0,,
IXIGO,LE TRAVENUES TECHNOLOGY L,6161153,1,No,0,0,0,,
IZMO,IZMO,3628545,1,No,0,0,0,,
J&KBANK,J & K BANK,1442049,1,No,0,0,0,,
JAGRAN,JAGRAN PRAKASHAN,3382017,1,No,0,0,0,,
JAGSNPHARM,JAGSONPAL PHARMACEUTICALS,1128961,1,No,0,0,0,,
JAIBALAJI,JAI BALAJI INDUSTRIES,2881537,1,No,0,0,0,,
JAICORPLTD,JAI CORP,1316609,1,No,0,0,0,,
JAINAM-SM,JAINAM FER ALLOYS (I),1539073,500,No,0,0,0,,
JAINIK-SM,JAINIK POWER CABLES,194125569,1200,No,0,0,0,,
JAINREC,JAIN RESOURCE RECYCLING L,194366465,1,No,0,0,0,,
JAIPURKURT,NANDANI CREATION,1412097,1,No,0,0,0,,
JAKHARIA-ST,JAKHARIA FABRIC,1011201,2400,No,0,0,0,,
JALAN-ST,JALAN TRANSOLU. INDIA,5358081,3000,No,0,0,0,,
JAMNAAUTO,JAMNA AUTO IND,5319169,1,No,0,0,0,,
JARO,JARO INS OF TEC MG N RE L,194547457,1,No,0,0,0,,
JASH,JASH ENGINEERING,3579393,1,No,0,0,0,,
JAYAGROGN,JAYANT AGRO ORGANICS,1034497,1,No,0,0,0,,
JAYBARMARU,JAY BHARAT MARUTI,437249,1,No,0,0,0,,
JAYBEE-SM,JAY BEE LAMINATIONS,6409473,500,No,0,0,0,,
JAYESH-SM,JAYESH LOGISTICS,194344705,1000,No,0,0,0,,
JAYKAY,JAYKAY ENTERPRISES,194578689,1,No,0,0,0,,
JAYNECOIND,JAYASWAL NECO INDUSTR,596737,1,No,0,0,0,,
JAYSREETEA,JAYSHREE TEA & INDUSTRIES,440321,1,No,0,0,0,,
JBCHEPHARM,J B CHEMICALS AND PHARMA,441857,1,No,0,0,0,,
JBMA,JBM AUTO,2983681,1,No,0,0,0,,
JETFREIGHT-BE,JET FREIGHT LOGISTICS,1846529,1,No,0,0,0,,
JETKNIT-ST,JET KNITWEARS,4787201,750,No,0,0,0,,
JEYYAM-ST,JEYYAM GLOBAL FOODS,6438401,2000,No,0,0,0,,
JFLLIFE-SM,JFL LIFE SCIENCES,2786561,6000,No,0,0,0,,
JGCHEM,J.G.CHEMICALS,5902337,1,No,0,0,0,,
JHS,JHS SVEND. LAB.,3512321,1,No,0,0,0,,
JINDALPHOT,JINDAL PHOTO,3006209,1,No,0,0,0,,
JINDALPOLY,JINDAL POLY FILMS,449537,1,No,0,0,0,,
JINDALSAW,JINDAL SAW,774145,1,No,0,0,0,,
JINDALSTEL,JINDAL STEEL,1723649,1,Yes,159,76,83,2026-01-27,2026-03-30
JINDRILL,JINDAL DRILLING IND.,3552001,1,No,0,0,0,,
JINDWORLD,JINDAL WORLDWIDE,5284353,1,No,0,0,0,,
JIOFIN,JIO FIN SERVICES,4644609,1,Yes,179,89,90,2026-01-27,2026-03-30
JISLDVREQS,JAIN DVR EQUITY SHARES,6575105,1,No,0,0,0,,
JISLJALEQS,JAIN IRRIGATION SYSTEMS,2661633,1,No,0,0,0,,
JITFINFRA,JITF INFRALOGISTICS,5040897,1,No,0,0,0,,
JIWANRAM-SM,JIWANRAM SHEODUTTRA IND L,4750849,6000,No,0,0,0,,
JKCEMENT,JK CEMENT,3397121,1,No,0,0,0,,
JKIL,JKUMAR INFR.LTD.,3908097,1,No,0,0,0,,
JKIPL,JINKUSHAL INDUSTRIES,194356481,1,No,0,0,0,,
JKLAKSHMI,JK LAKSHMI CEMENT,3453697,1,No,0,0,0,,
JKPAPER,JK PAPER,3036161,1,No,0,0,0,,
JKTYRE,JK TYRE & INDUSTRIES,3695361,1,No,0,0,0,,
JLHL,JUPITER LIFE LINE HOSP L,4749569,1,No,0,0,0,,
JMA,JULLUNDUR MOT AGENCY,1819905,1,No,0,0,0,,
JMFINANCIL,JM FINANCIAL,3491073,1,No,0,0,0,,
JNKINDIA,JNK INDIA,6046977,1,No,0,0,0,,
JOCIL,JOCIL,4333313,1,No,0,0,0,,
JPOLYINVST,JIND POL INV & FIN CO,8065793,1,No,0,0,0,,
JPPOWER,JAIPRAKASH POWER VEN.,3011329,1,No,0,0,0,,
JSFB,JANA SMALL FIN BANK,5801729,1,No,0,0,0,,
JSL,JINDAL STAINLESS,2876417,1,No,0,0,0,,
JSLL,JEENA SIKHO LIFECARE,194077441,1,No,0,0,0,,
JSWCEMENT,JSW CEMENT,194165761,1,No,0,0,0,,
JSWENERGY,JSW ENERGY,4574465,1,Yes,174,86,88,2026-01-27,2026-03-30
JSWHL,JSW HOLDINGS,3041281,1,No,0,0,0,,
JSWINFRA,JSW INFRASTRUCTURE,4869121,1,No,0,0,0,,
JSWSTEEL,JSW STEEL,3001089,1,Yes,169,82,87,2026-01-27,2026-03-30
JTEKTINDIA,JTEKT INDIA,828673,1,No,0,0,0,,
JTLIND,JTL INDUSTRIES,1865473,1,No,0,0,0,,
JUBLCPL,JUBILANT AGRI N CON PRO L,7575041,1,No,0,0,0,,
JUBLFOOD,JUBILANT FOODWORKS,4632577,1,Yes,184,92,92,2026-01-27,2026-03-30
JUBLINGREA,JUBILANT INGREVIA,712449,1,No,0,0,0,,
JUBLPHARMA,JUBILANT PHARMOVA,931073,1,No,0,0,0,,
JUNIORBEES,NIP IND ETF JUNIOR BEES,2800385,1,No,0,0,0,,
JUNIPER,JUNIPER HOTELS,5842945,1,No,0,0,0,,
JUSTDIAL,JUSTDIAL,7670273,1,No,0,0,0,,
JWL,JUPITER WAGONS,5177345,1,No,0,0,0,,
JYOTHYLAB,JYOTHY LABS,3877377,1,No,0,0,0,,
JYOTICNC,JYOTI CNC AUTOMATION,5461505,1,No,0,0,0,,
JYOTIGLOBL-SM,JYOTI GLOBAL PLAST,194104577,2000,No,0,0,0,,
JYOTISTRUC,JYOTI STRUCTURES,461313,1,No,0,0,0,,
K2INFRA-SM,K2 INFRAGEN,6005505,600,No,0,0,0,,
KABRAEXTRU,KABRA EXTRUSION TECHNIK L,462081,1,No,0,0,0,,
KAJARIACER,KAJARIA CERAMICS,462849,1,No,0,0,0,,
KAKATCEM,KAKATIYA CEM SUGAR &IND L,463617,1,No,0,0,0,,
KALAMANDIR,SAI SILKS (KALAMANDIR) L,4801281,1,No,0,0,0,,
KALANA-SM,KALANA ISPAT,6513409,2000,No,0,0,0,,
KALPATARU,KALPATARU,194190849,1,No,0,0,0,,
KALYANI-BE,KALYANI COMMERCIALS,5031169,1,No,0,0,0,,
KALYANIFRG,KALYANI FORGE,3879937,1,No,0,0,0,,
KALYANKJIL,KALYAN JEWELLERS IND,756481,1,Yes,158,80,78,2026-01-27,2026-03-30
KAMATHOTEL,KAMAT HOTELS (I),467457,1,No,0,0,0,,
KAMDHENU,KAMDHENU,3444993,1,No,0,0,0,,
KAMOPAINTS,KAMDHENU VENTURES,3536385,1,No,0,0,0,,
KANANIIND,KANANI INDUSTRIES,6601217,1,No,0,0,0,,
KANDARP-SM,KANDARP DG SMART BPO,2869249,1000,No,0,0,0,,
KANORICHEM,KANORIA CHEMICALS & INDUS,469761,1,No,0,0,0,,
KANPRPLA,KANPUR PLASTIPACK,456193,1,No,0,0,0,,
KANSAINER,KANSAI NEROLAC PAINTS,306177,1,No,0,0,0,,
KAPSTON,KAPSTON SERVICES,4855553,1,No,0,0,0,,
KARMAENG,KARMA ENERGY,6242561,1,No,0,0,0,,
KARNIKA-ST,KARNIKA INDUSTRIES,4983809,1000,No,0,0,0,,
KARURVYSYA,KARUR VYSYA BANK,470529,1,No,0,0,0,,
KATARIA-SM,KATARIA INDUSTRIES,6279169,600,No,0,0,0,,
KAUSHALYA,KAUSHALYA INFRA DEV,3874817,1,No,0,0,0,,
KAVDEFENCE,KAVVERI DFS & WIR TEC,3902465,1,No,0,0,0,,
KAYA,KAYA,2630657,1,No,0,0,0,,
KAYNES,KAYNES TECHNOLOGY IND,3095553,1,Yes,172,84,88,2026-01-27,2026-03-30
KAYTEX-SM,KAYTEX FABRICS,194270209,800,No,0,0,0,,
KCEIL-SM,KAY CEE ENERGY & INFRA L,5420289,500,No,0,0,0,,
KCK-ST,KCK INDUSTRIES,2635777,2500,No,0,0,0,,
KCP,KCP,471297,1,No,0,0,0,,
KCPSUGIND,KCP SUGAR IND CORP,1231105,1,No,0,0,0,,
KDDL,KDDL,3816449,1,No,0,0,0,,
KDL-SM,KORE DIGITAL,4290049,150,No,0,0,0,,
KEC,KEC INTL.,3394561,1,No,0,0,0,,
KECL,KIRLOSKAR ELECTRIC CO,4664321,1,No,0,0,0,,
KEEPLEARN,DSJ KEEP LEARNING,199169,1,No,0,0,0,,
KEI,KEI INDUSTRIES,3407361,1,Yes,123,63,60,2026-01-27,2026-03-30
KEL-SM,KUNDAN EDIFICE,4789249,1200,No,0,0,0,,
KELLTONTEC,KELLTON TECH SOL,3438081,1,No,0,0,0,,
KEN-SM,KEN ENTERPRISES,7564033,1200,No,0,0,0,,
KERNEX,KERNEX MICROSYS(I),3358977,1,No,0,0,0,,
KESORAMIND-BE,KESORAM INDUSTRIES,1275137,1,No,0,0,0,,
KEYFINSERV,KEYNOTE FIN SERV,1064193,1,No,0,0,0,,
KFINTECH,KFIN TECHNOLOGIES,3419905,1,Yes,83,41,42,2026-01-27,2026-03-30
KHADIM,KHADIM INDIA,108801,1,No,0,0,0,,
KHAICHEM,KHAITAN CHEM & FERT,229377,1,No,0,0,0,,
KHAITANLTD,KHAITAN (INDIA)LTD.,1001473,1,No,0,0,0,,
KHANDSE,KHANDWALA SECURITIES,2468097,1,No,0,0,0,,
KHFM-SM,KHFM HOS FAC MANA SER,2449921,1550,No,0,0,0,,
KICL,KALYANI INVEST CO,5406465,1,No,0,0,0,,
KILITCH,KILITCH DRUGS INDIA,5103873,1,No,0,0,0,,
KIMS,KRISHNA INST OF MED SCI L,1240833,1,No,0,0,0,,
KINGFA,KINGFA SCI & TEC IND,4849665,1,No,0,0,0,,
KIOCL,KIOCL,4896257,1,No,0,0,0,,
KIRIINDUS,KIRI INDUSTRIES,4259585,1,No,0,0,0,,
KIRLOSBROS,KIRLOSKAR BROTHERS,4756737,1,No,0,0,0,,
KIRLOSENG,KIRLOSKAR OIL ENG,5359617,1,No,0,0,0,,
KIRLOSIND,KIRLOSKAR INDUSTRIES,4870401,1,No,0,0,0,,
KIRLPNU,KIRLOSKAR PNEUMATIC COM L,3886081,1,No,0,0,0,,
KITEX,KITEX GARMENTS,7398145,1,No,0,0,0,,
KKCL,KEWAL KIRAN CLOTHING,3425537,1,No,0,0,0,,
KKJEWELS-SM,KABRA JEWELS,7473153,1000,No,0,0,0,,
KKVAPOW-SM,KKV AGRO POWERS,4551937,171,No,0,0,0,,
KLL-SM,KAUSHALYA LOGISTICS,5423617,800,No,0,0,0,,
KMEW,KNOWLEDGE MARINE & EN W L,6933505,1,No,0,0,0,,
KMSUGAR,K M SUGAR MILLS,3754753,1,No,0,0,0,,
KNAGRI,KN AGRI RESOURCES,194796289,1,No,0,0,0,,
KNRCON,KNR CONSTRU,3912449,1,No,0,0,0,,
KOCONSINAV,KOTAKMAMC - KOCONSINAV,2693889,1,No,0,0,0,,
KODYTECH-SM,KODY TECHNOLAB,4800257,100,No,0,0,0,,
KOHINOOR,KOHINOOR FOODS,770305,1,No,0,0,0,,
KOKMNCINAV,KOTAKMAMC - KOTAKMNCINAV,2734081,1,No,0,0,0,,
KOKUYOCMLN,KOKUYO CAMLIN,4307713,1,No,0,0,0,,
KOLTEPATIL,KOLTE PATIL DEV.,3871745,1,No,0,0,0,,
KONSTELEC-SM,KONSTELEC ENGINEERS,5752833,1000,No,0,0,0,,
KONTOR-SM,KONTOR SPACE,4937473,600,No,0,0,0,,
KOPRAN,KOPRAN,491265,1,No,0,0,0,,
KORE-ST,JAY JALARAM TECHNO,2788353,250,No,0,0,0,,
KOTAKAINAV,KOTAKALPHA INAV,2580481,1,No,0,0,0,,
KOTAKBANK,KOTAK MAHINDRA BANK,492033,1,Yes,151,75,76,2026-01-27,2026-03-30
KOTAKBINAV,KOTAKBKETF INAV,2579201,1,No,0,0,0,,
KOTAKGINAV,KOTAKGOLD NAV,2112513,1,No,0,0,0,,
KOTAKIINAV,KOTAKIT INAV,2579969,1,No,0,0,0,,
KOTAKLINAV,KOTAKLOVOL INAV,2580993,1,No,0,0,0,,
KOTAKMINAV,KOTAKMID50 INAV,2580225,1,No,0,0,0,,
KOTAKNINAV,KOTAKNIFTY INAV,2580737,1,No,0,0,0,,
KOTAKPINAV,KOTAKPSUBK INAV,2579713,1,No,0,0,0,,
KOTAKSINAV,KOTAKMAMC - KOTAKSINAV,3350785,1,No,0,0,0,,
KOTAKVINAV,KOTAKNV20 INAV,2579457,1,No,0,0,0,,
KOTARISUG,KOTHARI SUG & CHEM,2981633,1,No,0,0,0,,
KOTHARIPET,KOTHARI PETROCHEM,1176065,1,No,0,0,0,,
KOTHARIPRO,KOTHARI PRODUCTS,1415169,1,No,0,0,0,,
KOTLIQINAV,KOTAKMAMC - KOTLIQINAV,3572737,1,No,0,0,0,,
KOTYARK-SM,KOTYARK INDUSTRIES,1648897,100,No,0,0,0,,
KPEL,K.P. ENERGY,6932225,1,No,0,0,0,,
KPIGREEN,KPI GREEN ENERGY,1307649,1,No,0,0,0,,
KPIL,KALPATARU PROJECT INT,464385,1,No,0,0,0,,
KPITTECH,KPIT TECHNOLOGIES,2478849,1,Yes,181,92,89,2026-01-27,2026-03-30
KPRMILL,KPR MILL,3817473,1,No,0,0,0,,
KRBL,KRBL,2707713,1,No,0,0,0,,
KREBSBIO,KREBS BIOCHEMICALS & IND,495873,1,No,0,0,0,,
KRIDHANINF,KRIDHAN INFRA,2938881,1,No,0,0,0,,
KRISHANA,KRISHANA PHOSCHEM,3288833,1,No,0,0,0,,
KRISHCA-SM,KRISHCA STRAPPING SLTN L,4130049,500,No,0,0,0,,
KRISHIVAL,KRISHIVAL FOODS,193736193,1,No,0,0,0,,
KRISHNADEF,KRISHNA DEF AND ALD IND L,194865153,1,No,0,0,0,,
KRITI,KRITI INDUSTRIES IND,1642753,1,No,0,0,0,,
KRITIKA,KRITIKA WIRES,2377729,1,No,0,0,0,,
KRITINUT,KRITI NUTRIENTS,2926593,1,No,0,0,0,,
KRN,KRN HEAT EXCHANGE N REF L,6564609,1,No,0,0,0,,
KRONOX,KRONOX LAB SCIENCES,6150401,1,No,0,0,0,,
KROSS,KROSS,6464513,1,No,0,0,0,,
KRSNAA,KRSNAA DIAGNOSTICS,1371905,1,No,0,0,0,,
KRT-RR,KNOWLEDGE REALTY TRUST,194158337,1,No,0,0,0,,
KRYSTAL,KRYSTAL INTEGRATED SER L,5932801,1,No,0,0,0,,
KSB,KSB,498945,1,No,0,0,0,,
KSCL,KAVERI SEED CO.,3832833,1,No,0,0,0,,
KSHINTL,KSH INTERNATIONAL,194670849,1,No,0,0,0,,
KSHITIJPOL,KSHITIJ POLYLINE,2664193,1,No,0,0,0,,
KSL,KALYANI STEELS,4835585,1,No,0,0,0,,
KSOLVES,KSOLVES INDIA,2831361,1,No,0,0,0,,
KSR,KSR FOOTWEAR,194556673,1,No,0,0,0,,
KTKBANK,KARNATAKA BANK,2061825,1,No,0,0,0,,
KUANTUM,KUANTUM PAPERS,3550721,1,No,0,0,0,,
LAGNAM,LAGNAM SPINTEX,1501441,1,No,0,0,0,,
LAKPRE-BZ,LAKSHMI PRE SCRE,1222145,1,No,0,0,0,,
LAKSHYA-SM,LAKSHYA POWERTECH,6620161,800,No,0,0,0,,
LAL,LORENZINI APPARELS,3820545,1,No,0,0,0,,
LALPATHLAB,DR. LAL PATH LABS,2983425,1,No,0,0,0,,
LAMBODHARA,LAMBODHARA TEXTILES,1640193,1,No,0,0,0,,
LAMOSAIC-SM,LAMOSAIC INDIA,6967809,600,No,0,0,0,,
LANCORHOL-BE,LANCOR HOLDINGS,5895681,1,No,0,0,0,,
LANDMARK,LANDMARK CARS,3398657,1,No,0,0,0,,
LAOPALA,LA OPALA RG,3692289,1,No,0,0,0,,
LASA,LASA SUPERGENERICS,5558529,1,No,0,0,0,,
LATENTVIEW,LATENT VIEW ANALYTICS,1745409,1,No,0,0,0,,
LATTEYS-BE,LATTEYS INDUSTRIES,4057089,1,No,0,0,0,,
LAURUSLABS,LAURUS LABS,4923905,1,Yes,163,81,82,2026-01-27,2026-03-30
LAXMICOT,LAXMI COTSPIN,1681409,1,No,0,0,0,,
LAXMIDENTL,LAXMI DENTAL,7467777,1,No,0,0,0,,
LAXMIINDIA,LAXMI INDIA FINANCE,194268929,1,No,0,0,0,,
LCCINFOTEC-BE,LCC INFOTECH,1929473,1,No,0,0,0,,
LEMERITE,LE MERITE EXPORTS,194636801,1,No,0,0,0,,
LEMONTREE,LEMON TREE HOTELS,667137,1,No,0,0,0,,
LENSKART,LENSKART SOLUTIONS,194458881,1,No,0,0,0,,
LEXUS,LEXUS GRANITO (INDIA),3701505,1,No,0,0,0,,
LFIC,LAKSHMI FIN IND CORP,2022913,1,No,0,0,0,,
LGBBROSLTD,LG BALAKRISHNAN & BROS,4690177,1,No,0,0,0,,
LGEINDIA,LG ELECTRONICS INDIA,194614529,1,No,0,0,0,,
LGHL,LAXMI GOLDORNA HOUSE,5088257,1,No,0,0,0,,
LIBAS,LIBAS CONSU PRODUCTS,2836993,1,No,0,0,0,,
LIBERTSHOE,LIBERTY SHOES,510465,1,No,0,0,0,,
LICHSGFIN,LIC HOUSING FINANCE,511233,1,Yes,159,78,81,2026-01-27,2026-03-30
LICI,LIFE INSURA CORP OF INDIA,2426881,1,Yes,206,103,103,2026-01-27,2026-03-30
LICMFGOLD,LIC MF - LIC GOLD ETF,6563841,1,No,0,0,0,,
LICN50INAV,LICNETFN50 INAV,2585089,1,No,0,0,0,,
LICNETFGSC,LICNAMC - LICNMFET,1551873,1,No,0,0,0,,
LICNETFN50,LICNAMC - LICNFENGP,2897665,1,No,0,0,0,,
LICNETFSEN,LICNAMC - LICNFESGP,2928897,1,No,0,0,0,,
LICNETINAV,LICNETFSEN INAV,2586625,1,No,0,0,0,,
LICNFNHGP,LICNAMC - LICNFNHGP,3898625,1,No,0,0,0,,
LICNFNINAV,LICNFNHGP INAV,2581761,1,No,0,0,0,,
LICNGSINAV,LICNETFGSC INAV,2585857,1,No,0,0,0,,
LICNMDINAV,LICNAMC - LICNMDINAV,5818625,1,No,0,0,0,,
LICNMID100,LICNAMC - LICNMID100,5816833,1,No,0,0,0,,
LIKHITHA,LIKHITHA INFRASTRUC,147969,1,No,0,0,0,,
LINC,LINC,1779457,1,No,0,0,0,,
LINCOLN,LINCOLN PHARMA,2968577,1,No,0,0,0,,
LINDEINDIA,LINDE INDIA,416513,1,No,0,0,0,,
LIQADDINAV,DSPAMC - LIQADDINAV,5994497,1,No,0,0,0,,
LIQCASINAV,ZERODHAAMC - LIQCASINAV,5573633,1,No,0,0,0,,
LIQETFINAV,BFAM - LIQETFINAV,6123009,1,No,0,0,0,,
LIQGRBINAV,NIPPONAMC - LIQGRBINAV,7816193,1,No,0,0,0,,
LIQGRWBEES,NIPPONAMC - LIQGRWBEES,193977601,1,No,0,0,0,,
LIQIDINAV,MIRAEAMC - LIQIDINAV,4499201,1,No,0,0,0,,
LIQPLSINAV,MIRAEAMC - LIQPLSINAV,6931969,1,No,0,0,0,,
LIQSBIINAV,SBIAMC - LIQSBIINAV,5047041,1,No,0,0,0,,
LIQSHRINAV,SHRIRAM - LIQSHRINAV,6240513,1,No,0,0,0,,
LIQUID,MIRAEAMC - LIQUID,4498433,1,No,0,0,0,,
LIQUID1,KOTAKMAMC - KOTAKLIQ,3571201,1,No,0,0,0,,
LIQUIDADD,DSPAMC - LIQUIDADD,5992193,1,No,0,0,0,,
LIQUIDBEES,NIP IND ETF LIQUID BEES,2817537,1,No,0,0,0,,
LIQUIDBETF,BFAM - LIQUIDBETF,6122241,1,No,0,0,0,,
LIQUIDCASE,ZERODHA NIFTY 1D RATE LIQUID ETF,5568001,1,No,0,0,0,,
LIQUIDETF,DSP LIQUID ETF,493313,1,No,0,0,0,,
LIQUIDIETF,ICICIPRAMC - ICICILIQ,1238529,1,No,0,0,0,,
LIQUIDINAV,LIQUIDBEES INAV,2593793,1,No,0,0,0,,
LIQUIDPLUS,MIRAEAMC - LIQUIDPLUS,6931201,1,No,0,0,0,,
LIQUIDSBI,SBIAMC - LIQUIDSBI,5044481,1,No,0,0,0,,
LIQUIDSHRI,SHRIRAM - LIQUIDSHRI,6239745,1,No,0,0,0,,
LIQUIEINAV,LIQUIDETF INAV,2561793,1,No,0,0,0,,
LLOYDPP-E1,LLOYD RE.0.50 PPD UP,194259457,1,No,0,0,0,,
LLOYDS-SM,LLOYDS LUXURIES,2936833,1000,No,0,0,0,,
LLOYDSENGG,LLOYDS ENGG WORK,4557057,1,No,0,0,0,,
LLOYDSENPP-E1,LLOYD RS.0.50 PPD UP,193895937,1,No,0,0,0,,
LLOYDSENT,LLOYDS ENTERPRISES,6606593,1,No,0,0,0,,
LLOYDSME,LLOYDS METALS N ENERGY L,4432129,1,No,0,0,0,,
LMW,LMW,506625,1,No,0,0,0,,
LODHA,LODHA DEVELOPERS,824321,1,Yes,177,89,88,2026-01-27,2026-03-30
LOKESHMACH,LOKESH MACHINES,3439617,1,No,0,0,0,,
LORDSCHLO,LORDS CHLORO ALKALI,4667393,1,No,0,0,0,,
LOTUSDEV,SRI LOTUS DEVLPRS N RTY L,194085121,1,No,0,0,0,,
LOTUSEYE,LOTUS EYE HOSP & INST L,4302593,1,No,0,0,0,,
LOVABLE,LOVABLE LINGERIE,5738241,1,No,0,0,0,,
LOWVOL,MIRAEAMC - MANV30F,3785217,1,No,0,0,0,,
LOWVOL1,KOTAKMAMC - KOTAKLOVOL,2209793,1,No,0,0,0,,
LOWVOLIETF,ICICI PR NIF LW VL 30 ETF,5441025,1,No,0,0,0,,
LOYALTEX,LOYAL TEXTILE MILLS,2711041,1,No,0,0,0,,
LPDC,LANDMARK PR.DEV.CO.LTD,4316929,1,No,0,0,0,,
LRRPL-SM,LEAD REC AND RUB PROD,3636225,1500,No,0,0,0,,
LT,LARSEN & TOUBRO,2939649,1,Yes,211,105,106,2026-01-27,2026-03-30
LTCASEINAV,ZERODHAAMC - LTCASEINAV,7817985,1,No,0,0,0,,
LTF,L&T FINANCE,6386689,1,Yes,115,56,59,2026-01-27,2026-03-30
LTFL28-N0,,194190337,1,No,0,0,0,,
LTFOODS,LT FOODS,3536897,1,No,0,0,0,,
LTGILTBEES,NIP IND ETF LONGTERM GILT,4531201,1,No,0,0,0,,
LTGILTCASE,ZERODHAAMC - LTGILTCASE,194228481,1,No,0,0,0,,
LTGILTINAV,LTGILTBEES INAV,2594049,1,No,0,0,0,,
LTIM,LTIMINDTREE,4561409,1,Yes,176,88,88,2026-01-27,2026-03-30
LTTS,L&T TECHNOLOGY SER.,4752385,1,No,0,0,0,,
LUMAXIND,LUMAX INDUSTRIES,516609,1,No,0,0,0,,
LUMAXTECH,LUMAX AUTO TECH,3587585,1,No,0,0,0,,
LUPIN,LUPIN,2672641,1,Yes,150,75,75,2026-01-27,2026-03-30
LUXIND,LUX INDUSTRIES,2893057,1,No,0,0,0,,
LXCHEM,LAXMI ORGANIC INDUS,727297,1,No,0,0,0,,
LYKALABS,LYKA LABS,519169,1,No,0,0,0,,
LYPSAGEMS,LYPSA GEMS & JEWEL,8055809,1,No,0,0,0,,
M&M,MAHINDRA & MAHINDRA,519937,1,Yes,114,58,56,2026-01-27,2026-03-30
M&MFIN,M&M FIN. SERVICES,3400961,1,No,0,0,0,,
M&MFIN-N3,,5132801,1,No,0,0,0,,
MAANALU-BE,MAAN ALUMINIUM,3844609,1,No,0,0,0,,
MACOBSTECH-SM,MACOBS TECHNOLOGIES,6283521,800,No,0,0,0,,
MACPOWER,MACPOWER CNC MACHINES,5720833,1,No,0,0,0,,
MADHAV,MADHAV MARBLE & GRANITE,3878657,1,No,0,0,0,,
MADHAVBAUG-SM,VAIDYA SANE AYUR LAB,2114305,400,No,0,0,0,,
MADHUCON,MADHUCON PROJECTS,3499777,1,No,0,0,0,,
MADHUSUDAN-SM,MADHUSUDAN MASALA,4794369,1000,No,0,0,0,,
MADRASFERT,MADRAS FERTILISERS,1257217,1,No,0,0,0,,
MAESGEINAV,MAESGETF INAV,2590721,1,No,0,0,0,,
MAFANG,MIRAEAMC - MAFANG,897793,1,No,0,0,0,,
MAFANGINAV,MAFANG INAV,2590209,1,No,0,0,0,,
MAFSETINAV,MAFSETF INAV,2587649,1,No,0,0,0,,
MAG813INAV,MIRAEAMC - MAG813INAV,3827969,1,No,0,0,0,,
MAGADSUGAR,MAGADH SUGAR & ENERGY,5476353,1,No,0,0,0,,
MAGNUM,MAGNUM VENTURES,3828993,1,No,0,0,0,,
MAGOLDINAV,MIRAEAMC - MAGOLDINAV,3657985,1,No,0,0,0,,
MAGOLDINAV-RL,,3658241,1,No,0,0,0,,
MAGSON-SM,MAGSON RETAIL AND DIST L,4374529,1000,No,0,0,0,,
MAHABANK,BANK OF MAHARASHTRA,2912513,1,No,0,0,0,,
MAHAPEXLTD,MAHA RASHTRA APEX COPR. L,1341185,1,No,0,0,0,,
MAHASTEEL-BE,MAHAMAYA STEEL INDS,4487937,1,No,0,0,0,,
MAHEPC,MAHINDRA EPC IRRIG,4506369,1,No,0,0,0,,
MAHESHWARI,MAHESHWARI LOGISTICS,2451457,1,No,0,0,0,,
MAHICKRA-SM,MAHICKRA CHEMICAL,726785,750,No,0,0,0,,
MAHKTECH,MIRAEAMC - MAHKTECH,1810945,1,No,0,0,0,,
MAHKTEINAV,MAHKTECH INAV,2586881,1,No,0,0,0,,
MAHLIFE,MAHINDRA LIFESPACE DEVLTD,2060801,1,No,0,0,0,,
MAHLOG,MAHINDRA LOGISTIC,98561,1,No,0,0,0,,
MAHSCOOTER,MAHARASHTRA SCOOTERS,533761,1,No,0,0,0,,
MAHSEAMLES,MAHARASHTRA SEAMLESS,534529,1,No,0,0,0,,
MAITHANALL,MAITHAN ALLOYS,6281729,1,No,0,0,0,,
MAITREYA-SM,MAITREYA MEDICARE,5071105,400,No,0,0,0,,
MAKEINDIA,MIRAEAMC - MAMFGETF,2042625,1,No,0,0,0,,
MAKS-SM,MAKS ENERGY SOL INDIA,2871809,1500,No,0,0,0,,
MAL-SM,MANGALAM ALLOYS,4898305,1600,No,0,0,0,,
MALLCOM,MALLCOM (INDIA),2039041,1,No,0,0,0,,
MALUPAPER,MALU PAPER MILLS,3418113,1,No,0,0,0,,
MAM150INAV,MAM150ETF INAV,2588161,1,No,0,0,0,,
MAMATA,MAMATA MACHINERY,7343873,1,No,0,0,0,,
MAMFGEINAV,MAMFGETF INAV,2587905,1,No,0,0,0,,
MAN50EINAV,MAN50ETF INAV,2587137,1,No,0,0,0,,
MANAKALUCO,MANAK ALUMINIUM CO.,1899521,1,No,0,0,0,,
MANAKCOAT,MAN COAT METAL & IND,1897729,1,No,0,0,0,,
MANAKSIA,MANAKSIA,3890945,1,No,0,0,0,,
MANAKSTEEL,MANAKSIA STEELS,1910529,1,No,0,0,0,,
MANALIPETC,MANALI PETROCHEMICALS LT,3531777,1,No,0,0,0,,
MANAPPURAM,MANAPPURAM FINANCE,4879617,1,Yes,190,88,102,2026-01-27,2026-03-30
MANAV-ST,MANAV INFRA PROJECTS,5554689,4000,No,0,0,0,,
MANBA,MANBA FINANCE,6552833,1,No,0,0,0,,
MANCREDIT,MANGAL CREDIT N FINCORP L,6354689,1,No,0,0,0,,
MANDEEP-SM,MANDEEP AUTO INDUSTRIES L,6087425,2000,No,0,0,0,,
MANGALAM,MANGALAM DRUG & CHEM,3025153,1,No,0,0,0,,
MANGLMCEM,MANGALAM CEMENT,539137,1,No,0,0,0,,
MANINDS,MAN INDUSTRIES (I),3042305,1,No,0,0,0,,
MANINFRA,MAN INFRA,4665857,1,No,0,0,0,,
MANKIND,MANKIND PHARMA,3937281,1,Yes,174,86,88,2026-01-27,2026-03-30
MANOMAY-BE,MANOMAY TEX INDIA,3522561,1,No,0,0,0,,
MANORAMA,MANORAMA INDUSTRIES,2618113,1,No,0,0,0,,
MANORG,MANGALAM ORGANICS,1644033,1,No,0,0,0,,
MANUFGBEES,NIPPONAMC - MANUFGBEES,194218753,1,No,0,0,0,,
MANUGRAPH,MANUGRAPH INDIA,3474433,1,No,0,0,0,,
MANXT5INAV,MANXT50 INAV,2589953,1,No,0,0,0,,
MANYAVAR,VEDANT FASHIONS,2090753,1,No,0,0,0,,
MAPMYINDIA,C.E. INFO SYSTEMS,1850113,1,No,0,0,0,,
MARALOVER,MARAL OVERSEAS,540673,1,No,0,0,0,,
MARATHON,MARATHON NXTGEN REALT,4776705,1,No,0,0,0,,
MARC-ST,MARC TECHNOCRATS,194676737,1200,No,0,0,0,,
MARCO-SM,MARCO CABLE & CONDUCTOR L,4805889,1500,No,0,0,0,,
MARICO,MARICO,1041153,1,Yes,205,103,102,2026-01-27,2026-03-30
MARINE,MARINE ELECTRICAL (I),339969,1,No,0,0,0,,
MARINETRAN-ST,MARINETRANS INDIA,5225985,4000,No,0,0,0,,
MARKOLINES,MARKOLINES PAVEMENT TEC L,194612225,1,No,0,0,0,,
MARKSANS,MARKSANS PHARMA,2708225,1,No,0,0,0,,
MARUTI,MARUTI SUZUKI INDIA,2815745,1,Yes,228,113,115,2026-01-27,2026-03-30
MASFIN,MAS FINANCIAL SERV,50945,1,No,0,0,0,,
MASILINAV,MIRAEAMC - MASILINAV,4295681,1,No,0,0,0,,
MASKINVEST-BE,MASK INVESTMENTS,4795137,1,No,0,0,0,,
MASON-SM,MASON INFRATECH,6215169,500,No,0,0,0,,
MASPTOINAV,MASPTOP50 INAV,2590465,1,No,0,0,0,,
MASPTOP50,MIRAEAMC - MASPTOP50,1480193,1,No,0,0,0,,
MASTEK,MASTEK,543745,1,No,0,0,0,,
MASTER-SM,MASTER COMPONENTS,4866817,500,No,0,0,0,,
MASTERTR,MASTER TRUST,6924033,1,No,0,0,0,,
MATRIMONY,MATRIMONY.COM,5561857,1,No,0,0,0,,
MAWANASUG,MAWANA SUGARS,4357633,1,No,0,0,0,,
MAXESTATES,MAX ESTATES,5029377,1,No,0,0,0,,
MAXHEALTH,MAX HEALTHCARE INS,5728513,1,Yes,161,82,79,2026-01-27,2026-03-30
MAXIND,MAX INDIA,5741569,1,No,0,0,0,,
MAXPOSURE-SM,MAXPOSURE,5552897,1000,No,0,0,0,,
MAXVOLT-ST,MAXVOLT ENERGY INDUS L,7592193,800,No,0,0,0,,
MAYASHEEL-ST,MAYASHEEL VENTURES,193943041,3000,No,0,0,0,,
MAYURUNIQ,MAYUR UNIQUOTERS,7399937,1,No,0,0,0,,
MAZDA,MAZDA,4829697,1,No,0,0,0,,
MAZDOCK,MAZAGON DOCK SHIPBUIL,130305,1,Yes,200,102,98,2026-01-27,2026-03-30
MBAPL,MADHYA BHARAT AGRO P.,3247617,1,No,0,0,0,,
MBEL,M AND B ENGINEERING,194086401,1,No,0,0,0,,
MBLINFRA,MBL INFRASTRUCTURE,4615425,1,No,0,0,0,,
MCL-BE,MADHAV COPPER,5724673,1,No,0,0,0,,
MCLEODRUSS-BE,MCLEOD RUSSEL INDIA,3057665,1,No,0,0,0,,
MCLOUD,MAGELLANIC CLOUD,7547393,1,No,0,0,0,,
MCON-ST,MCON RASAYAN INDIA,3733249,1000,No,0,0,0,,
MCX,MULTI COMMODITY EXCHANGE,7982337,1,Yes,172,88,84,2026-01-27,2026-03-30
MD150CINAV,ZERODHAAMC - MD150CINAV,6166273,1,No,0,0,0,,
MDL-SM,MARVEL DECOR,545793,1000,No,0,0,0,,
MEDANTA,GLOBAL HEALTH,3060737,1,No,0,0,0,,
MEDIASSIST,MEDI ASSIST HEALTH SER L,5556481,1,No,0,0,0,,
MEDICAMEQ,MEDICAMEN BIOTECH,1607169,1,No,0,0,0,,
MEDICO,MEDICO REMEDIES,2474753,1,No,0,0,0,,
MEDIORG-SM,MEDICAMEN ORGANICS,6205185,2000,No,0,0,0,,
MEDISTEP-SM,MEDISTEP HEALTHCARE,194156289,3000,No,0,0,0,,
MEDPLUS,MEDPLUS HEALTH SERV,1857025,1,No,0,0,0,,
MEESHO,MEESHO,194618625,1,No,0,0,0,,
MEGAFLEX-ST,MEGA FLEX PLASTICS,2810881,3000,No,0,0,0,,
MEGASOFT-BE,MEGASOFT,3788033,1,No,0,0,0,,
MEGASTAR-BE,MEGASTAR FOODS,2087937,1,No,0,0,0,,
MEGATHERM-SM,MEGATHERM INDUCTION,5775361,400,No,0,0,0,,
MEIL,MANGAL ELECTRICAL IND L,194239489,1,No,0,0,0,,
MENONBE,MENON BEARINGS,1782017,1,No,0,0,0,,
MEP-BZ,MEP INFRA. DEVELOPERS,6625793,1,No,0,0,0,,
METAL,MIRAEAMC - METAL,6590465,1,No,0,0,0,,
METALIETF,ICICIPRAMC - METALIETF,6364417,1,No,0,0,0,,
METALIINAV,ICICIPRAMC - METALIINAV,6368257,1,No,0,0,0,,
METALINAV,MIRAEAMC - METALINAV,6591233,1,No,0,0,0,,
METROBRAND,METRO BRANDS,1853953,1,No,0,0,0,,
METROPOLIS,METROPOLIS HEALTHCARE,2452737,1,No,0,0,0,,
MFML,MAHALAXMI FABRIC MILLS LT,6383873,1,No,0,0,0,,
MFSL,MAX FINANCIAL SERV,548353,1,Yes,125,64,61,2026-01-27,2026-03-30
MGBEESINAV,NIPPONAMC - MGBEESINAV,7818497,1,No,0,0,0,,
MGEL,MANGALAM GLOBAL ENT,407809,1,No,0,0,0,,
MGL,MAHANAGAR GAS,4488705,1,No,0,0,0,,
MGSL-SM,MATRIX GEO SOLUTIONS,194545921,1200,No,0,0,0,,
MHHL-SM,MOHINI HEALTH&HYGIENE,365057,1500,No,0,0,0,,
MHLSDD-SF,,7824897,1,No,0,0,0,,
MHLSDDR-SF,,7825409,1,No,0,0,0,,
MHLSDG-SF,,7824385,1,No,0,0,0,,
MHLSRD-SF,,7823361,1,No,0,0,0,,
MHLSRDR-SF,,7823873,1,No,0,0,0,,
MHLSRG-SF,,7822849,1,No,0,0,0,,
MHLXMIRU,MAHALAXMI RUBTECH,2018817,1,No,0,0,0,,
MHRIL,MAHINDRA HOLIDAYS,4437249,1,No,0,0,0,,
MICEL,MIC ELECTRONICS,1835265,1,No,0,0,0,,
MICROPRO-SM,MICROPRO SOFTWARE SOL L,5091073,1600,No,0,0,0,,
MID150,KOTAKMAMC - MID150,7800065,1,No,0,0,0,,
MID150BEES,NIP IND ETF MIDCAP 150,2177537,1,No,0,0,0,,
MID150CASE,ZERODHA NIFTY MIDCAP 150 ETF,6163713,1,No,0,0,0,,
MID150INAV,MID150BEES INAV,2594305,1,No,0,0,0,,
MID15INAV,KOTAKMAMC - MID15INAV,7801601,1,No,0,0,0,,
MIDADDINAV,DSPAMC - MIDADDINAV,7830273,1,No,0,0,0,,
MIDCAP,KOTAKMAMC - KOTAKMID50,2067713,1,No,0,0,0,,
MIDCAPADD,DSPAMC - MIDCAPADD,194651137,1,No,0,0,0,,
MIDCAPBETA,UTIAMC-MIDCAPBETA,4696833,1,No,0,0,0,,
MIDCAPETF,MIRAEAMC - MAM150ETF,2153729,1,No,0,0,0,,
MIDCAPIETF,ICICIPRAMC - ICICIM150,4390913,1,No,0,0,0,,
MIDHANI,MISHRA DHATU NIGAM,630529,1,No,0,0,0,,
MIDQ50ADD,DSPAMC - DSPQ50ETF,1908737,1,No,0,0,0,,
MIDSELIETF,ICICI PRUD MIDCAP SEL ETF,4531713,1,No,0,0,0,,
MIDSMAINAV,MIRAEAMC - MIDSMAINAV,6107649,1,No,0,0,0,,
MIDSMALL,MIRAEAMC - MIDSMALL,6106881,1,No,0,0,0,,
MIDWESTLTD,MIDWEST,194436353,1,No,0,0,0,,
MIEL-SM,MANGLAM INFRA & ENG,6305025,2000,No,0,0,0,,
MILTON-SM,MILTON INDUSTRIES,40705,4400,No,0,0,0,,
MINDACORP,MINDA CORPORATION,6629633,1,No,0,0,0,,
MINDPOOL-SM,MINDPOOL TECHNOLOGIES,2278401,1000,No,0,0,0,,
MINDSPACE-RR,MINDSPACE BUSINESS P REIT,5710849,1,No,0,0,0,,
MINDTECK,MINDTECK (INDIA),4620545,1,No,0,0,0,,
MINFRAINAV,MOTILALAMC - MINFRAINAV,7809025,1,No,0,0,0,,
MIRCELECTR,MIRC ELECTRONICS,563713,1,No,0,0,0,,
MIRZAINT,MIRZA INTERNATIONAL LIMIT,1124865,1,No,0,0,0,,
MITCON,MITCON CON & ENG SER,2168065,1,No,0,0,0,,
MITTAL,MITTAL LIFE STYLE,4751873,1,No,0,0,0,,
MKPL,M K PROTEINS,4284417,1,No,0,0,0,,
MMEL-SM,MOVING MEDIA ENTER,193999361,2000,No,0,0,0,,
MMFL,MM FORGINGS,3544065,1,No,0,0,0,,
MMP,MMP INDUSTRIES,4197121,1,No,0,0,0,,
MMTC,MMTC,4596993,1,No,0,0,0,,
MNC,KOTAKMAMC - KOTAKMNC,2733057,1,No,0,0,0,,
MNV30FINAV,MIRAEAMC - MNV30FINAV,3791617,1,No,0,0,0,,
MOALPHA50,MOTILALAMC - MOALPHA50,193963265,1,No,0,0,0,,
MOALPHINAV,MOTILALAMC - MOALPHINAV,7815425,1,No,0,0,0,,
MOBIKWIK,ONE MOBIKWIK SYSTEMS,7179777,1,No,0,0,0,,
MOCAPIINAV,MOTILALAMC - MOCAPIINAV,7697409,1,No,0,0,0,,
MOCAPITAL,MOTILALAMC - MOCAPITAL,7696641,1,No,0,0,0,,
MODEFENCE,MOTILALAMC - MODEFENCE,6385665,1,No,0,0,0,,
MODEFINAV,MOTILALAMC - MODEFINAV,6386433,1,No,0,0,0,,
MODINATUR,MODI NATURALS,194630913,1,No,0,0,0,,
MODIRUBBER,MODI RUBBER,570625,1,No,0,0,0,,
MODIS,MODIS NAVNIRMAN,194496513,1,No,0,0,0,,
MODISONLTD,MODISON,848897,1,No,0,0,0,,
MODTHREAD,MODERN THREADS INDIA,573697,1,No,0,0,0,,
MOENERGY,MOTILALAMC - MOENERGY,194399745,1,No,0,0,0,,
MOENERINAV,MOTILALAMC - MOENERINAV,7821057,1,No,0,0,0,,
MOGOLD,MOTILALAMC - MOGOLD,193994497,1,No,0,0,0,,
MOGOLDINAV,MOTILALAMC - MOGOLDINAV,7816449,1,No,0,0,0,,
MOGSEC,MOTILALAMC - G5,385793,1,No,0,0,0,,
MOGSECINAV,MOGSEC INAV,2590977,1,No,0,0,0,,
MOHEALTH,MOTILALAMC - MOHEALTH,2690049,1,No,0,0,0,,
MOHITIND,MOHIT INDUSTRIES,7532289,1,No,0,0,0,,
MOHLTHINAV,MOTILALAMC - MOHLTHINAV,2708993,1,No,0,0,0,,
MOIL,MOIL,5332481,1,No,0,0,0,,
MOINFRA,MOTILALAMC - MOINFRA,193799937,1,No,0,0,0,,
MOIPO,MOTILALAMC - MOIPO,194532097,1,No,0,0,0,,
MOIPOINAV,MOTILALAMC - MOIPOINAV,7827457,1,No,0,0,0,,
MOKSH,MOKSH ORNAMENTS,918017,1,No,0,0,0,,
MOL,MEGHMANI ORGANICS,1380865,1,No,0,0,0,,
MOLDTECH,MOLD-TEK TECHNOLOGIES,4512001,1,No,0,0,0,,
MOLDTKPAC,MOLD-TEK PACKAGING,1718529,1,No,0,0,0,,
MOLOWVINAV,MOLOWVOL INAV,2593537,1,No,0,0,0,,
MOLOWVOL,MOTILALAMC - MOLOWVOL,2215425,1,No,0,0,0,,
MOM100,MOTILAL OS MIDCAP100 ETF,5484289,1,No,0,0,0,,
MOM100INAV,MOM100 INAV,2591233,1,No,0,0,0,,
MOM30IETF,ICICIPRAMC - ICICIMOM30,2709761,1,No,0,0,0,,
MOM50,MOTILAL OSWAL M50 ETF,4937985,1,No,0,0,0,,
MOM50INAV,MOM50 INAV,2592513,1,No,0,0,0,,
MOME30INAV,KOTAKMAMC - MOME30INAV,7821313,1,No,0,0,0,,
MOME50INAV,MOTILALAMC - MOME50INAV,6558977,1,No,0,0,0,,
MOMENTUM,BIRLASLAMC - MOMENTUM,2737409,1,No,0,0,0,,
MOMENTUM30,KOTAKMAMC - MOMENTUM30,194428929,1,No,0,0,0,,
MOMENTUM50,MOTILALAMC - MOMENTUM50,6555137,1,No,0,0,0,,
MOMGF,MOTILALAMC - MOMGF,193817345,1,No,0,0,0,,
MOMGFINAV,MOTILALAMC - MOMGFINAV,7809793,1,No,0,0,0,,
MOMIDMINAV,MOTILALAMC - MOMIDMINAV,7814657,1,No,0,0,0,,
MOMIDMTM,MOTILALAMC - MOMIDMTM,194001153,1,No,0,0,0,,
MOMNC,MOTILALAMC - MOMNC,194573825,1,No,0,0,0,,
MOMNCINAV,MOTILALAMC - MOMNCINAV,7828993,1,No,0,0,0,,
MOMNTMINAV,BIRLASLAMC - MOMNTMINAV,2743041,1,No,0,0,0,,
MOMOMEINAV,MOMOMENTUM INAV,2593025,1,No,0,0,0,,
MOMOMENTUM,MOTILALAMC - MOMOMENTUM,2094593,1,No,0,0,0,,
MON100,MOTILAL OS NASDAQ100 ETF,5821185,1,No,0,0,0,,
MON100INAV,MON100 INAV,2593281,1,No,0,0,0,,
MON500INAV,MOTILALAMC - MON500INAV,4927489,1,No,0,0,0,,
MON50EINAV,MOTILALAMC - MON50EINAV,7808257,1,No,0,0,0,,
MON50EQUAL,MOTILALAMC - MON50EQUAL,193766401,1,No,0,0,0,,
MONARCH,MONARCH NETWORTH CAP,1965825,1,No,0,0,0,,
MONEXT50,MOTILALAMC - MONEXT50,193834753,1,No,0,0,0,,
MONEYBOXX,MONEYBOXX FINANCE,194401537,1,No,0,0,0,,
MONIFTY100,MOTILALAMC - MONIFTY100,194398977,1,No,0,0,0,,
MONIFTY500,MOTILALAMC - MONIFTY500,4924673,1,No,0,0,0,,
MONOLITH-SM,MONOLITHISCH INDIA,193781249,250,No,0,0,0,,
MONOPHARMA-SM,MONO PHARMACARE,4708353,2000,No,0,0,0,,
MONQ50,MOTILALAMC - MONQ50,1900033,1,No,0,0,0,,
MONQ50INAV,MONQ50 INAV,2592769,1,No,0,0,0,,
MONT50INAV,MOTILALAMC - MONT50INAV,7808513,1,No,0,0,0,,
MONTECARLO,MONTE CARLO FASHIONS,1520129,1,No,0,0,0,,
MOPSE,MOTILALAMC - MOPSE,193902337,1,No,0,0,0,,
MOPSEINAV,MOTILALAMC - MOPSE,7812353,1,No,0,0,0,,
MOQLTYINAV,MOTILALAMC - MOQLTYINAV,2772481,1,No,0,0,0,,
MOQUALITY,MOTILALAMC - MOQUALITY,2770433,1,No,0,0,0,,
MOREALINAV,MOTILALAMC - MOREALINAV,5935873,1,No,0,0,0,,
MOREALTY,MOTILALAMC - MOREALTY,5935105,1,No,0,0,0,,
MOREPENLAB,MOREPEN LAB.,578305,1,No,0,0,0,,
MOS-SM,MOS UTILITY,3853057,4000,No,0,0,0,,
MOS250INAV,MOTILALAMC - MOS250INAV,5936129,1,No,0,0,0,,
MOSCHIP,MOSCHIP TECHNOLOGIES,7541505,1,No,0,0,0,,
MOSERVICE,MOTILALAMC - MOSERVICE,194560257,1,No,0,0,0,,
MOSERVINAV,MOTILALAMC - MOSERVINAV,7828481,1,No,0,0,0,,
MOSILVER,MOTILALAMC - MOSILVER,194164993,1,No,0,0,0,,
MOSILVINAV,MOTILALAMC - MOSILVINAV,7817729,1,No,0,0,0,,
MOSMALL250,MOTILALAMC - MOSMALL250,5934337,1,No,0,0,0,,
MOTHERSON,SAMVRDHNA MTHRSN INTL,1076225,1,Yes,184,90,94,2026-01-27,2026-03-30
MOTHERSON-D1,,6530561,1,No,0,0,0,,
MOTILALOFS,MOTILAL OSWAL FIN,3826433,1,No,0,0,0,,
MOTISONS,MOTISONS JEWELLERS,5321729,1,No,0,0,0,,
MOTOGENFIN,MOTOR & GENERAL FINANCE L,580609,1,No,0,0,0,,
MOTOUR,MOTILALAMC - MOTOUR,193905409,1,No,0,0,0,,
MOTOURINAV,MOTILALAMC - MOTOURINAV,7812609,1,No,0,0,0,,
MOVALUE,MOTILALAMC - MOVALUE,2771201,1,No,0,0,0,,
MOVALUINAV,MOTILALAMC - MOVALUINAV,2772737,1,No,0,0,0,,
MOXSH-ST,MOXSH OVERSEAS EDUCON,3457793,3200,No,0,0,0,,
MOY100INAV,MOTILALAMC - MOY100INAV,7820545,1,No,0,0,0,,
MPEL-SM,MANAS POLYMER N ENERGIE L,194393857,1600,No,0,0,0,,
MPHASIS,MPHASIS,1152769,1,Yes,90,46,44,2026-01-27,2026-03-30
MPSLTD,MPS,2707969,1,No,0,0,0,,
MPTODAY-SM,M P TODAY MEDIA,5578753,2000,No,0,0,0,,
MRF,MRF,582913,1,No,0,0,0,,
MRIL-SM,MAHENDRA REALTO & INFRA L,194223361,1600,No,0,0,0,,
MRPL,MRPL,584449,1,No,0,0,0,,
MSCIADD,DSPAMC - MSCIADD,194554369,1,No,0,0,0,,
MSCIADINAV,DSPAMC - MSCIADINAV,7828737,1,No,0,0,0,,
MSCIINDIA,KOTAKMAMC - MSCIINDIA,7618049,1,No,0,0,0,,
MSCIININAV,MSCIINDIA - MSCIININAV,7618817,1,No,0,0,0,,
MSPL,MSP STEEL & POWER,3051265,1,No,0,0,0,,
MSTCLTD,MSTC,2395137,1,No,0,0,0,,
MSUMI,MOTHERSON SUMI WRNG IND L,2200577,1,No,0,0,0,,
MTARTECH,MTAR TECHNOLOGIES,693505,1,No,0,0,0,,
MTEDUCARE-BE,MT EDUCARE,8041729,1,No,0,0,0,,
MTNL,MAHANAGAR TELEPHONE NIGAM,587265,1,No,0,0,0,,
MUFIN,MUFIN GREEN FINANCE,5064449,1,No,0,0,0,,
MUFTI,CREDO BRANDS MARKETING L,5344769,1,No,0,0,0,,
MUKANDLTD,MUKAND,2899201,1,No,0,0,0,,
MUKKA,MUKKA PROTEINS,5882881,1,No,0,0,0,,
MUKTAARTS,MUKTA ARTS,2223873,1,No,0,0,0,,
MULCAPINAV,MIRAEAMC - MULCAPINAV,6421505,1,No,0,0,0,,
MULTICAP,MIRAEAMC - MULTICAP,6420481,1,No,0,0,0,,
MUNISH-SM,MUNISH FORGE,194410497,1200,No,0,0,0,,
MUNJALAU,MUNJAL AUTO IND.,3458817,1,No,0,0,0,,
MUNJALSHOW,MUNJAL SHOWA,590593,1,No,0,0,0,,
MURUDCERA,MURUDESHWAR CERAMICS,592129,1,No,0,0,0,,
MUTF27-NL,,5980929,1,No,0,0,0,,
MUTHOOTCAP,MUTHOOT CAP SERV,2666241,1,No,0,0,0,,
MUTHOOTFIN,MUTHOOT FINANCE,6054401,1,Yes,120,60,60,2026-01-27,2026-03-30
MUTHOOTMF,MUTHOOT MICROFIN,5332737,1,No,0,0,0,,
MVGJL,MANOJ VAIBHAV GEM N JEW L,4867841,1,No,0,0,0,,
MVKAGRO-SM,M.V.K. AGRO FOOD PROD,5881857,300,No,0,0,0,,
MWL,MANGALAM WORLDWIDE,194347265,1,No,0,0,0,,
MYMUDRA-SM,MY MUDRA FINCORP,6453249,1200,No,0,0,0,,
NACLIND,NACL INDUSTRIES,5228801,1,No,0,0,0,,
NAGAFERT,NAGARJUN FERT AND CHE,4427521,1,No,0,0,0,,
NAGREEKCAP-BE,NAGREEKA CAP & INFR.LTD,3825409,1,No,0,0,0,,
NAGREEKEXP,NAGREEKA EXPORTS,3763713,1,No,0,0,0,,
NAHARCAP,NAHAR CAP & FIN.,3932161,1,No,0,0,0,,
NAHARINDUS,NAHAR INDS ENT,3355137,1,No,0,0,0,,
NAHARPOLY,NAHAR POLY FILMS,3697921,1,No,0,0,0,,
NAHARSPING,NAHAR SPINNING MILLS,3696641,1,No,0,0,0,,
NAM-INDIA,NIPPON L I A M,91393,1,No,0,0,0,,
NAMAN-SM,NAMAN INDUSTRE PRXIMA,5985025,800,No,0,0,0,,
NAMOEWASTE-SM,NAMO EWASTE MANAGEMENT L,6442753,800,No,0,0,0,,
NARMADA-BE,NARMADA AGROBASE,2977537,1,No,0,0,0,,
NATCAPSUQ,NATURAL CAPSULES,7573249,1,No,0,0,0,,
NATCOPHARM,NATCO PHARMA,1003009,1,No,0,0,0,,
NATHBIOGEN,NATH BIO-GENES (I),2832641,1,No,0,0,0,,
NATIONALUM,NATIONAL ALUMINIUM CO,1629185,1,Yes,235,114,121,2026-01-27,2026-03-30
NAUKRI,INFO EDGE (I),3520257,1,Yes,107,54,53,2026-01-27,2026-03-30
NAVA,NAVA,1027585,1,No,0,0,0,,
NAVINFLUOR,NAVIN FLUORINE INT.,3756033,1,No,0,0,0,,
NAVKARCORP,NAVKAR CORPORATION,2702593,1,No,0,0,0,,
NAVKARURB,NAVKAR URBANSTRUCTURE,7461377,1,No,0,0,0,,
NAVNETEDUL,NAVNEET EDUCATION,610561,1,No,0,0,0,,
NAVNIFINAV,NAVIAMC - NAVNIFINAV,4779777,1,No,0,0,0,,
NAZARA,NAZARA TECHNOLOGIES,764673,1,No,0,0,0,,
NBCC,NBCC (INDIA),8042241,1,Yes,184,88,96,2026-01-27,2026-03-30
NBIFIN,N.B.I. IND. FIN. CO.,4892417,1,No,0,0,0,,
NCC,NCC,593665,1,No,0,0,0,,
NCLIND,NCL INDUSTRIES,3709441,1,No,0,0,0,,
NDGL,NAGA DHUNSERI GROUP,4702977,1,No,0,0,0,,
NDL,NANDAN DENIM,8002049,1,No,0,0,0,,
NDLVENTURE,NDL VENTURES,3724033,1,No,0,0,0,,
NDRAUTO,NDR AUTO COMPONENTS,5697281,1,No,0,0,0,,
NDRINVIT-IV,NDR INVIT TRUST,5806081,25000,No,0,0,0,,
NDTV,NDTV,2925313,1,No,0,0,0,,
NECCLTD,NORTH EAST CARRY CORP,3461633,1,No,0,0,0,,
NECLIFE-BE,NECTAR LIFESCIENCES,3054081,1,No,0,0,0,,
NEELAM-SM,NEELAM LINENS & GAR (I) L,6943489,6000,No,0,0,0,,
NELCAST,NELCAST,3778817,1,No,0,0,0,,
NELCO,NELCO,611329,1,No,0,0,0,,
NEOCHEM-SM,NEOCHEM BIO SOLUTIONS,194797569,1200,No,0,0,0,,
NEOGEN,NEOGEN CHEMICALS,2538753,1,No,0,0,0,,
NEPHROCARE-ST,NEPHRO CARE INDIA,6234369,400,No,0,0,0,,
NEPHROPLUS,NEPHROCARE HEALTH SERV L,194648577,1,No,0,0,0,,
NEPTUNE-SM,NEPTUNE PETROCHEMICALS L,193918209,1000,No,0,0,0,,
NESCO,NESCO,3944705,1,No,0,0,0,,
NESTLEIND,NESTLE INDIA,4598529,1,Yes,183,90,93,2026-01-27,2026-03-30
NETF,TATAAML - NETF,2006529,1,No,0,0,0,,
NETFINAV,NETF INAV,2603009,1,No,0,0,0,,
NETFSIINAV,NETFSILVER NAV,2108673,1,No,0,0,0,,
NETWEB,NETWEB TECH INDIA,4462849,1,No,0,0,0,,
NETWORK18,NETWORK18 MEDIA & INV,3612417,1,No,0,0,0,,
NEULANDLAB,NEULAND LAB,615937,1,No,0,0,0,,
NEWGEN,NEWGEN SOFTWARE TECH,297985,1,No,0,0,0,,
NEWJAISA-SM,NEWJAISA TECHNOLOGIES,4904449,1500,No,0,0,0,,
NEXT30ADD,DSPAMC - NEXT30ADD,7542785,1,No,0,0,0,,
NEXT50,MIRAEAMC - MANXT50,4398337,1,No,0,0,0,,
NEXT50BETA,UTIAMC-NEXT50BETA,5498369,1,No,0,0,0,,
NEXT50IETF,ICICIPRAMC - ICICINXT50,1159425,1,No,0,0,0,,
NEXTMEDIA,NEXT MEDIAWORKS,2525953,1,No,0,0,0,,
NFL,NATIONAL FERT.,3564801,1,No,0,0,0,,
NFQLTYINAV,BIRLASLAMC - NFQLTYINAV,2742785,1,No,0,0,0,,
NGIL,NAKODA GROUP OF IND.,1382657,1,No,0,0,0,,
NGLFINE,NGL FINE CHEM,2630913,1,No,0,0,0,,
NH,NARAYANA HRUDAYALAYA,3031041,1,No,0,0,0,,
NHIT-IV,NATIONAL HIGHW INFRA TRUS,1671937,25000,No,0,0,0,,
NHPC,NHPC,4454401,1,Yes,144,70,74,2026-01-27,2026-03-30
NIACL,THE NEW INDIA ASSU CO,102145,1,No,0,0,0,,
NIBE,NIBE,7548673,1,No,0,0,0,,
NIBL,NRB INDUS. BEARINGS,7611649,1,No,0,0,0,,
NIDAN-SM,NIDAN LABS AND HEALTH,1687553,1000,No,0,0,0,,
NIDOZC26-N7,,4574209,1,No,0,0,0,,
NIF100BEES,NIP IND ETF NIFTY 100,7571713,1,No,0,0,0,,
NIF100IETF,ICICI PRUD NIFTY 100 ETF,7780353,1,No,0,0,0,,
NIF100INAV,KOTAKMAMC - NIF100INAV,7668737,1,No,0,0,0,,
NIF10GINAV,UTIAMC - NIF10GINAV,5770241,1,No,0,0,0,,
NIF5GINAV,UTIAMC - NIF5GINAV,5769985,1,No,0,0,0,,
NIFITEINAV,UTIAMC - NIFITEINAV,5757697,1,No,0,0,0,,
NIFTY1,KOTAK NIFTY ETF,4634113,1,No,0,0,0,,
NIFTY100EW,KOTAKMAMC - NIFTY100EW,7665665,1,No,0,0,0,,
NIFTYADD,DSPAMC - DSPNIFTY,1907457,1,No,0,0,0,,
NIFTYBEES,NIP IND ETF NIFTY BEES,2707457,1,No,0,0,0,,
NIFTYBETA,UTIAMC-NIFTYBETA,2690817,1,No,0,0,0,,
NIFTYBETF,BFAM - NIFTYBETF,5621505,1,No,0,0,0,,
NIFTYBINAV,BFAM - NIFTYBETF,5641473,1,No,0,0,0,,
NIFTYCASE,ZERODHAAMC - NIFTYCASE,194381313,1,No,0,0,0,,
NIFTYCINAV,ZERODHAAMC - NIFTYCINAV,7822593,1,No,0,0,0,,
NIFTYETF,MIRAEAMC - MAN50ETF,1626369,1,No,0,0,0,,
NIFTYIETF,ICICI PRUD NIFTY ETF,7565569,1,No,0,0,0,,
NIFTYQLITY,BIRLASLAMC - NIFTYQLITY,2736641,1,No,0,0,0,,
NIITLTD,NIIT,2949633,1,No,0,0,0,,
NIITMTS,NIIT LEARNING SYSTEMS,4543233,1,No,0,0,0,,
NIKITA-ST,NIKITA GRENTEC RECYCL,194094337,1200,No,0,0,0,,
NILAINFRA,NILA INFRASTRUCTURES,2368769,1,No,0,0,0,,
NILASPACES,NILA SPACES,1897217,1,No,0,0,0,,
NILKAMAL,NILKAMAL,619777,1,No,0,0,0,,
NIM150INAV,UTIAMC - NIM150INAV,4698369,1,No,0,0,0,,
NINSYS,NINTEC SYSTEMS,3633665,1,No,0,0,0,,
NIPPOBATRY,INDO-NATIONAL,1736193,1,No,0,0,0,,
NIRAJ,NIRAJ CEMENT STRUC,65281,1,No,0,0,0,,
NIRAJISPAT,NIRAJ ISPAT IND,4823041,1,No,0,0,0,,
NIRMAN-SM,NIRMAN AGRI GENTICS,3768833,300,No,0,0,0,,
NITCO,NITCO,3404801,1,No,0,0,0,,
NITINSPIN,NITIN SPINNERS,3372801,1,No,0,0,0,,
NITIRAJ,NITIRAJ ENGINEERS,831233,1,No,0,0,0,,
NIVABUPA,NIVA BUPA HEALTH INS CO L,6936833,1,No,0,0,0,,
NKIND,NK INDUSTRIES,624385,1,No,0,0,0,,
NLCINDIA,NLC INDIA,2197761,1,No,0,0,0,,
NMDC,NMDC,3924993,1,Yes,130,64,66,2026-01-27,2026-03-30
NMSTEEL-SM,NEWMALAYALAM STEEL,7373057,1600,No,0,0,0,,
NOCIL,NOCIL,625153,1,No,0,0,0,,
NOIDATOLL,NOIDA TOLL BRIDGE CO,2761217,1,No,0,0,0,,
NORBTEAEXP-BE,NORBEN TEA &EXPORTS,2414337,1,No,0,0,0,,
NORTHARC,NORTHERN ARC CAPITAL,6509057,1,No,0,0,0,,
NOVAAGRI,NOVA AGRITECH,5754113,1,No,0,0,0,,
NPBET,TATAAML - NPBET,3322369,1,No,0,0,0,,
NPBETINAV,NPBET INAV,2603521,1,No,0,0,0,,
NPST,NETWORK PEOPLE SRV TECH L,193618945,1,No,0,0,0,,
NRAIL,N R AGARWAL INDS,5200385,1,No,0,0,0,,
NRBBEARING,NRB BEARING,1933569,1,No,0,0,0,,
NRL,NUPUR RECYCLERS,3500801,1,No,0,0,0,,
NRVANDANA-ST,N R VANDANA TEX IND,193917953,3000,No,0,0,0,,
NSIL,NALWA SONS INVESTMENT,2877185,1,No,0,0,0,,
NSLNISP,NMDC STEEL,3630081,1,No,0,0,0,,
NTPC,NTPC,2977281,1,Yes,214,106,108,2026-01-27,2026-03-30
NTPCGREEN,NTPC GREEN ENERGY,6957057,1,No,0,0,0,,
NUCLEUS,NUCLEUS SOFTWARE EXPORTS,2762497,1,No,0,0,0,,
NURECA,NURECA,601601,1,No,0,0,0,,
NUVAMA,NUVAMA WEALTH MANAGE,4792577,1,Yes,122,61,61,2026-01-27,2026-03-30
NUVOCO,NUVOCO VISTAS CORP,1389057,1,No,0,0,0,,
NV20,KOTAKMAMC - KTKNV20ETF,2932993,1,No,0,0,0,,
NV20BEES,NIP IND ETF ETF NV20,2520833,1,No,0,0,0,,
NV20IETF,ICICI PRUDENTIAL NV20 ETF,4473601,1,No,0,0,0,,
NX30ADINAV,DSPAMC - NX30ADINAV,7544577,1,No,0,0,0,,
NXST-RR,NEXUS SELECT TRUST,4048641,1,No,0,0,0,,
NXT-INFRA-IV,NXT-INFRA TRUST,6220289,25000,No,0,0,0,,
NYKAA,FSN E COMMERCE VENTURES,1675521,1,Yes,159,78,81,2026-01-27,2026-03-30
OAL,ORIENTAL AROMATICS,2756609,1,No,0,0,0,,
OBCL,ORISSA BENGAL CARRIER,2252033,1,No,0,0,0,,
OBEROIRLTY,OBEROI REALTY,5181953,1,Yes,130,65,65,2026-01-27,2026-03-30
OBSCP-SM,OBSC PERFECTION,6636289,400,No,0,0,0,,
OCCLLTD,OCCL,6635009,1,No,0,0,0,,
ODIGMA,ODIGMA CONSULTANCY SOL L,7058177,1,No,0,0,0,,
OFSS,ORACLE FIN SERV SOFT,2748929,1,Yes,127,63,64,2026-01-27,2026-03-30
OIL,OIL INDIA,4464129,1,Yes,121,60,61,2026-01-27,2026-03-30
OILCOUNTUB,OIL COUNTRY TUBULAR,632833,1,No,0,0,0,,
OILETFINAV,ICICIPRAMC - OILETFINAV,6285057,1,No,0,0,0,,
OILIETF,ICICIPRAMC - OILIETF,6280449,1,No,0,0,0,,
OLAELEC,OLA ELECTRIC MOBILITY,6342913,1,No,0,0,0,,
OLECTRA,OLECTRA GREENTECH,2723073,1,No,0,0,0,,
OLIL-SM,ONECLICK LOGISTICS IND L,4962817,400,No,0,0,0,,
OMAXAUTO,OMAX AUTOS,2796033,1,No,0,0,0,,
OMAXE,OMAXE,3802369,1,No,0,0,0,,
OMFREIGHT,OM FREIGHT FORWARDERS,194409217,1,No,0,0,0,,
OMFURN-SM,OMFURN INDIA,29953,1200,No,0,0,0,,
OMINFRAL,OM INFRA,6203137,1,No,0,0,0,,
OMKARCHEM-BZ,OMKAR SPL CHEM,3459841,1,No,0,0,0,,
ONDOOR-SM,ON DOOR CONCEPTS,5041153,300,No,0,0,0,,
ONELIFECAP-BE,ONELIFE CAP ADVISORS,6526977,1,No,0,0,0,,
ONEPOINT,ONE POINT ONE SOL,2544385,1,No,0,0,0,,
ONESOURCE,ONESOURCE SPECL PHARMA L,7481345,1,No,0,0,0,,
ONGC,OIL AND NATURAL GAS CORP.,633601,1,Yes,253,126,127,2026-01-27,2026-03-30
ONMOBILE,ONMOBILE GLOBAL,3911169,1,No,0,0,0,,
ONWARDTEC,ONWARD TECHNOLOGIES,635137,1,No,0,0,0,,
ONYX-SM,ONYX BIOTEC,6946817,2000,No,0,0,0,,
OPTIEMUS,OPTIEMUS INFRACOM,5496065,1,No,0,0,0,,
OPTIVALUE-SM,OPTIVALUE TEK CONSULT,194278401,1600,No,0,0,0,,
ORBTEXP,ORBIT EXPORTS,8057601,1,No,0,0,0,,
ORCHASP,ORCHASP,7549953,1,No,0,0,0,,
ORCHPHARMA,ORCHID PHARMA,237057,1,No,0,0,0,,
ORIANA-SM,ORIANA POWER,4577793,75,No,0,0,0,,
ORICONENT-BE,ORICON ENTERPRISES,2601729,1,No,0,0,0,,
ORIENTALTL,ORIENTAL TRIMEX,3672577,1,No,0,0,0,,
ORIENTBELL,ORIENT BELL,3655169,1,No,0,0,0,,
ORIENTCEM,ORIENT CEMENT,7702785,1,No,0,0,0,,
ORIENTCER,ORIENT CERATECH,3356417,1,No,0,0,0,,
ORIENTELEC,ORIENT ELECTRIC,760833,1,No,0,0,0,,
ORIENTHOT,ORIENT HOTELS,638209,1,No,0,0,0,,
ORIENTLTD,ORIENT PRESS,4661249,1,No,0,0,0,,
ORIENTPPR,ORIENT PAPER AND INDS,638977,1,No,0,0,0,,
ORIENTTECH,ORIENT TECHNOLOGIES,6390017,1,No,0,0,0,,
ORISSAMINE,ORISSA MIN DEV CO,5102337,1,No,0,0,0,,
ORKLAINDIA,ORKLA INDIA,194449665,1,No,0,0,0,,
ORTINGLOBE-BE,ORTIN GLOBAL,762881,1,No,0,0,0,,
OSEINTRUST-IV,ORIENTAL INFRATRUST,2671361,25000,No,0,0,0,,
OSELDEVICE-ST,OSEL DEVICES,6499585,200,No,0,0,0,,
OSIAHYPER,OSIA HYPER RETAIL,3234561,1,No,0,0,0,,
OSWALAGRO,OSWAL AGRO MILLS,643585,1,No,0,0,0,,
OSWALGREEN,OSWAL GREENTECH,120577,1,No,0,0,0,,
OSWALPUMPS,OSWAL PUMPS,193741313,1,No,0,0,0,,
OSWALSEEDS,SHREEOSWAL S AND CHE,3662081,1,No,0,0,0,,
OWAIS-SM,OWAIS METAL & MINERAL,5865217,100,No,0,0,0,,
PACEDIGITK,PACE DIGITEK,194391553,1,No,0,0,0,,
PAGEIND,PAGE INDUSTRIES,3689729,1,Yes,112,56,56,2026-01-27,2026-03-30
PAISALO,PAISALO DIGITAL,6519809,1,No,0,0,0,,
PAKKA,PAKKA,4402433,1,No,0,0,0,,
PALASHSECU,PALASH SECURITIES,5474049,1,No,0,0,0,,
PALREDTEC,PALRED TECHNOLOGIES,4367873,1,No,0,0,0,,
PANACEABIO,PANACEA BIOTEC,1038081,1,No,0,0,0,,
PANACHE,PANACHE DIGILIFE,4170753,1,No,0,0,0,,
PANAMAPET,PANAMA PETROCHEM,6500353,1,No,0,0,0,,
PANSARI-BE,PANSARI DEVELOPERS,1574913,1,No,0,0,0,,
PAR,PAR DRUGS AND CHEM,1441537,1,No,0,0,0,,
PARACABLES,PARAMOUNT COMM,3571457,1,No,0,0,0,,
PARADEEP,PARADEEP PHOSPHATES,2493697,1,No,0,0,0,,
PARAGMILK,PARAG MILK FOODS,4385281,1,No,0,0,0,,
PARAGON-SM,PARAGON FINE S.C.,5063425,1200,No,0,0,0,,
PARAMATRIX-SM,PARAMATRIX TECHNOLOGIES L,6417665,1200,No,0,0,0,,
PARAMOUNT-SM,PARAMOUNT DYE TEC,6583297,1200,No,0,0,0,,
PARAS,PARAS DEF AND SPCE TECH L,1513217,1,No,0,0,0,,
PARASPETRO,PARAS PETROFILS,1016833,1,No,0,0,0,,
PARIN-ST,PARIN ENTERPRISES,1399041,250,No,0,0,0,,
PARKHOSPS,PARK MEDI WORLD,194649857,1,No,0,0,0,,
PARKHOTELS,PARKHOTELS,5798145,1,No,0,0,0,,
PARSVNATH,PARSVNATH DEVELOPER,3530497,1,No,0,0,0,,
PARTH-SM,PARTH ELEC & ENG,194103553,400,No,0,0,0,,
PARTYCRUS-SM,PARTY CRUISERS,665345,1000,No,0,0,0,,
PASHUPATI,PASHUPATI COTSPIN,194036481,1,No,0,0,0,,
PASUPTAC,PASUPATI ACRYLON,1547521,1,No,0,0,0,,
PATANJALI,PATANJALI FOODS,4359425,1,Yes,171,85,86,2026-01-27,2026-03-30
PATELENG,PATEL ENGINEERING,2994945,1,No,0,0,0,,
PATELRMART,PATEL RETAIL,194416385,1,No,0,0,0,,
PATILAUTOM-SM,PATIL AUTOMATION,193782529,600,No,0,0,0,,
PATINTLOG,PATEL INT. LOG.,3896065,1,No,0,0,0,,
PATTECH-SM,PATTECH FITWELL TUB COM L,3875073,1500,No,0,0,0,,
PAUSHAKLTD,PAUSHAK,194552065,1,No,0,0,0,,
PAVNAIND,PAVNA INDUSTRIES,4145153,1,No,0,0,0,,
PAYTM,ONE 97 COMMUNICATIONS,1716481,1,Yes,109,54,55,2026-01-27,2026-03-30
PCBL,PCBL CHEMICAL,678145,1,No,0,0,0,,
PCCL-SM,PETRO CARBON AND CHEMI L,6218241,400,No,0,0,0,,
PCHF230125-N0,,7487233,1,No,0,0,0,,
PCHFL23125-N0,,7486209,1,No,0,0,0,,
PCJEWELLER,PC JEWELLER,7455745,1,No,0,0,0,,
PCPL27-N0,,6568193,1,No,0,0,0,,
PDMJEPAPER,PUDUMJEE PAPER PRO.,3936513,1,No,0,0,0,,
PDSL,PDS,1347585,1,No,0,0,0,,
PEARLPOLY,PEARL POLYMERS,668161,1,No,0,0,0,,
PELATRO-SM,PELATRO,6504449,300,No,0,0,0,,
PENIND,PENNAR INDUSTRIES,5278977,1,No,0,0,0,,
PENINLAND,PENINSULA LAND,577537,1,No,0,0,0,,
PENTAGON-ST,PENTAGON RUBBER,4387585,1000,No,0,0,0,,
PERFECT-SZ,PERFECT INFRAENGINEER,194078977,3000,No,0,0,0,,
PERSISTENT,PERSISTENT SYSTEMS,4701441,1,Yes,92,46,46,2026-01-27,2026-03-30
PETRONET,PETRONET LNG,2905857,1,Yes,168,85,83,2026-01-27,2026-03-30
PFC,POWER FIN CORP,3660545,1,Yes,217,108,109,2026-01-27,2026-03-30
PFIZER,PFIZER,676609,1,No,0,0,0,,
PFOCUS,PRIME FOCUS,3454977,1,No,0,0,0,,
PFS,PTC INDIA FIN SERV,5786113,1,No,0,0,0,,
PGEL,PG ELECTROPLAST,6491649,1,Yes,122,59,63,2026-01-27,2026-03-30
PGHH,P&G HYGIENE & HEALTH CARE,648961,1,No,0,0,0,,
PGHL,PROCTER & GAMBLE HEALTH L,240641,1,No,0,0,0,,
PGIL,PEARL GLOBAL IND,3650561,1,No,0,0,0,,
PGINVIT-IV,POWERGRID INFRA. INVITS,894465,1,No,0,0,0,,
PHANTOMFX-SM,PHANTOM DIGITAL EFF,2972673,300,No,0,0,0,,
PHARMABEES,NIPPONAMC - NETFPHARMA,1273089,1,No,0,0,0,,
PHARMAINAV,PHARMABEES INAV,2598145,1,No,0,0,0,,
PHOENIXLTD,THE PHOENIX MILLS,3725313,1,Yes,142,71,71,2026-01-27,2026-03-30
PHOGLOBAL-SM,PHOENIX OVERSEAS,6531329,2000,No,0,0,0,,
PICCADIL,PICCADILY AGRO INDUSTRI L,193985025,1,No,0,0,0,,
PIDILITIND,PIDILITE INDUSTRIES,681985,1,Yes,204,102,102,2026-01-27,2026-03-30
PIGL,POWER INSTRUMENT (G),4023297,1,No,0,0,0,,
PIIND,PI INDUSTRIES,6191105,1,Yes,237,117,120,2026-01-27,2026-03-30
PILANIINVS,PILANI INV & IND COR,2929921,1,No,0,0,0,,
PILITA,PIL ITALICA LIFESTYLE,7893761,1,No,0,0,0,,
PINELABS,PINE LABS,194513921,1,No,0,0,0,,
PIONEEREMB,PIONEER EMBROIDERIES,3446529,1,No,0,0,0,,
PIRAMALFIN,PIRAMAL FINANCE,194445057,1,No,0,0,0,,
PITTIENG,PITTI ENGINEERING,3618305,1,No,0,0,0,,
PIXTRANS,PIX TRANSMISSIONS,2326273,1,No,0,0,0,,
PKTEA,THE P K TEA PROD CO,2642177,1,No,0,0,0,,
PLADAINFO-SM,PLADA INFOTECH SERVICES L,4989953,3000,No,0,0,0,,
PLASTIBLEN,PLASTIBLENDS INDIA,3563521,1,No,0,0,0,,
PLATIND,PLATINUM INDUSTRIES,5870081,1,No,0,0,0,,
PLAZACABLE,PLAZA WIRES,4981249,1,No,0,0,0,,
PNB,PUNJAB NATIONAL BANK,2730497,1,Yes,182,86,96,2026-01-27,2026-03-30
PNBGILTS,PNB GILTS,2236417,1,No,0,0,0,,
PNBHOUSING,PNB HOUSING FIN,4840449,1,Yes,153,75,78,2026-01-27,2026-03-30
PNC,PRITISH NANDY COMMUNICATI,2391553,1,No,0,0,0,,
PNCINFRA,PNC INFRATECH,2402561,1,No,0,0,0,,
PNGJL,P N GADGIL JEWELLERS,6479873,1,No,0,0,0,,
POCL,PONDY OXIDES & CHEM,3682561,1,No,0,0,0,,
PODDARMENT,PODDAR PIGMENTS,4873217,1,No,0,0,0,,
POKARNA,POKARNA,4518657,1,No,0,0,0,,
POLICYBZR,PB FINTECH,1703937,1,Yes,153,78,75,2026-01-27,2026-03-30
POLYCAB,POLYCAB INDIA,2455041,1,Yes,111,55,56,2026-01-27,2026-03-30
POLYMED,POLY MEDICURE,6583809,1,No,0,0,0,,
POLYPLEX,POLYPLEX CORPORATION,687873,1,No,0,0,0,,
POLYSIL-ST,POLYSIL IRRIGATION SYST L,5814785,500,No,0,0,0,,
PONNIERODE,PONNIE SUGARS (ERODE),2729217,1,No,0,0,0,,
POONAWALLA,POONAWALLA FINCORP,2919169,1,No,0,0,0,,
POSITRON-SM,POSITRON ENERGY,6365185,300,No,0,0,0,,
POWERGRID,POWER GRID CORP.,3834113,1,Yes,159,79,80,2026-01-27,2026-03-30
POWERINDIA,HITACHI ENERGY INDIA,4724993,1,Yes,125,63,62,2026-01-27,2026-03-30
POWERMECH,POWER MECH PROJECTS,2681089,1,No,0,0,0,,
PPAP,PPAP AUTOMOTIVE,3893505,1,No,0,0,0,,
PPL,PRAKASH PIPES,2636033,1,No,0,0,0,,
PPLPHARMA,PIRAMAL PHARMA,2962177,1,Yes,133,66,67,2026-01-27,2026-03-30
PPSL-SM,PICTUREPOST STUDIOS,6344961,3000,No,0,0,0,,
PRABHA,PRABHA ENERGY,7714305,1,No,0,0,0,,
PRAENG-BE,PRAJAY ENG. SYN.,3569921,1,No,0,0,0,,
PRAJIND,PRAJ INDUSTRIES,692481,1,No,0,0,0,,
PRAKASH,PRAKASH INDUSTRIES,693249,1,No,0,0,0,,
PRAKASHSTL,PRAKASH STEELAGE,5017345,1,No,0,0,0,,
PRAMARA-SM,PRAMARA PROMOTIONS,4739585,500,No,0,0,0,,
PRANIK-SM,PRANIK LOGISTICS,6609409,1600,No,0,0,0,,
PRATHAM-SM,PRATHAM EPC PROJECTS,5916929,400,No,0,0,0,,
PRAXIS,PRAXIS HOME RETAIL,308225,1,No,0,0,0,,
PRECAM,PRECISION CAMSHAFTS,3226369,1,No,0,0,0,,
PRECISION-SM,PRECISION METALIKS,2035201,2000,No,0,0,0,,
PRECOT,PRECOT,694017,1,No,0,0,0,,
PRECWIRE,PRECISION WIRES INDIA,695553,1,No,0,0,0,,
PREMEXPLN,PREMIER EXPLOSIVES,4453633,1,No,0,0,0,,
PREMIER-BE,PREMIER,1599489,1,No,0,0,0,,
PREMIERENE,PREMIER ENERGIES,6412545,1,Yes,145,73,72,2026-01-27,2026-03-30
PREMIERPOL,PREMIER POLYFILM,1000449,1,No,0,0,0,,
PREMIUM-SM,PREMIUM PLAST,6629889,3000,No,0,0,0,,
PRESSTONIC-SM,PRESSTONIC ENGINEERING L,5247489,800,No,0,0,0,,
PRESTIGE,PRESTIGE ESTATE,5197313,1,Yes,129,65,64,2026-01-27,2026-03-30
PRICOLLTD,PRICOL,5025537,1,No,0,0,0,,
PRIMECAB-SM,PRIME CABLE INDUSTRIES L,194309889,1600,No,0,0,0,,
PRIMESECU,PRIME SECURITIES,3037185,1,No,0,0,0,,
PRIMO,PRIMO CHEMICALS,193772801,1,No,0,0,0,,
PRINCEPIPE,PRINCE PIPES FITTINGS,4107521,1,No,0,0,0,,
PRITI,PRITI INTERNATIONAL,2125825,1,No,0,0,0,,
PRITIKA-SM,PRITIKA ENG COMPO,3320577,2000,No,0,0,0,,
PRITIKAUTO,PRITIKA AUTO INDUS,1354753,1,No,0,0,0,,
PRIVISCL,PRIVI SPECIALITY CHE,2259201,1,No,0,0,0,,
PRIZOR-SM,PRIZOR VIZTECH,6274049,400,No,0,0,0,,
PRLIND-SM,PREMIER ROADLINES,6083585,1000,No,0,0,0,,
PROFX-SM,PRO FX TECH,193998337,1600,No,0,0,0,,
PROLIFE-SM,PROLIFE INDUSTRIES,4954113,500,No,0,0,0,,
PROPEQUITY-SM,P. E. ANALYTICS,2236161,600,No,0,0,0,,
PROSTARM,PROSTARM INFO SYSTEMS,194092289,1,No,0,0,0,,
PROTEAN,PROTEAN EGOV TECHNO,7544833,1,No,0,0,0,,
PROV-SM,PROVENTUS AGROCOM,4219649,80,No,0,0,0,,
PROZONER-BE,PROZONE REALTY,7388929,1,No,0,0,0,,
PRSMJOHNSN,PRISM JOHNSON,701185,1,No,0,0,0,,
PRUDENT,PRUDENT CORP ADV SER,2445569,1,No,0,0,0,,
PRUDMOULI,PRUDENTIAL SUGAR CORPORAT,5254913,1,No,0,0,0,,
PSB,PUNJAB & SIND BANK,5376257,1,No,0,0,0,,
PSBKICINAV,ICICIPRAMC - PSBKICINAV,3734785,1,No,0,0,0,,
PSFL-SM,PARAMOUNT SPECIALI FORG L,6510337,2000,No,0,0,0,,
PSPPROJECT,PSP PROJECTS,5344513,1,No,0,0,0,,
PSRAJ-ST,P S RAJ STEELS,7594241,1000,No,0,0,0,,
PSUBANK,KOTAK PSU BANK,3855617,1,No,0,0,0,,
PSUBANKADD,DSPAMC - DSPPSBKETF,4509697,1,No,0,0,0,,
PSUBNKBEES,NIP IND ETF PSU BANK BEES,3848193,1,No,0,0,0,,
PSUBNKIETF,ICICIPRAMC - PSUBANKICI,3733505,1,No,0,0,0,,
PTC,PTC INDIA,2906881,1,No,0,0,0,,
PTCIL,PTC INDUSTRIES,4270593,1,No,0,0,0,,
PTL,PTL ENTERPRISES,3609857,1,No,0,0,0,,
PULZ-SM,PULZ ELECTRONICS,129793,2000,No,0,0,0,,
PUNJABCHEM,PUNJAB CHEM & CROP PROT L,1112065,1,No,0,0,0,,
PURPLEUTED-SM,PURPLE UNITED SALES,7175169,250,No,0,0,0,,
PURVA,PURAVANKARA,3820033,1,No,0,0,0,,
PURVFLEXI-SM,PURV FLEXIPACK,5872129,800,No,0,0,0,,
PUSHPA-SM,PUSHPA JEWELLERS,193966849,1000,No,0,0,0,,
PVP-BE,PVP VENTURES,1605889,1,No,0,0,0,,
PVRINOX,PVR INOX,3365633,1,No,0,0,0,,
PVSL,POPULAR VEHICLES N SER L,5924353,1,No,0,0,0,,
PVTBANIETF,ICICIPRAMC - ICICIBANKP,2914817,1,No,0,0,0,,
PVTBANKADD,DSPAMC - DSPPVBKETF,4499457,1,No,0,0,0,,
PWL,PHYSICSWALLAH,194489089,1,No,0,0,0,,
PYRAMID,PYRAMID TECHNOPLAST,4672001,1,No,0,0,0,,
QFIL-SM,QUALITY FOILS (INDIA),3740929,1000,No,0,0,0,,
QGOLDHALF,QUANTUM GOLD FUND,3924481,1,No,0,0,0,,
QGOLDHINAV,QGOLDHALF NAV,2113793,1,No,0,0,0,,
QMSMEDI-SM,QMS MEDICAL ALLIED S,2935553,1000,No,0,0,0,,
QNIFTY,QUANTUM NIFTY 50 ETF,4305665,1,No,0,0,0,,
QNIFTYINAV,QNIFTY INAV,2598657,1,No,0,0,0,,
QPOWER,QUALITY POWER ELEC EQUP L,7606017,1,No,0,0,0,,
QSIFHDG-SF,,194376961,1,No,0,0,0,,
QSIFHRG-SF,,194380289,1,No,0,0,0,,
QSIFHRR-SF,,194451457,1,No,0,0,0,,
QUADFUTURE,QUADRANT FUTURE TEK,7446273,1,No,0,0,0,,
QUADPRO-SM,QUADPRO ITES,1502721,12000,No,0,0,0,,
QUAL30IETF,ICICIPRAMC - ICICIQTY30,4558849,1,No,0,0,0,,
QUALITINAV,KOTAKMAMC - QUALITINAV,7815681,1,No,0,0,0,,
QUALITY30,KOTAKMAMC - QUALITY30,194034177,1,No,0,0,0,,
QUESS,QUESS CORP,4532225,1,No,0,0,0,,
QUESTLAB-SM,QUEST LABORATORIES,6091009,1200,No,0,0,0,,
QUICKHEAL,QUICK HEAL TECH,3357697,1,No,0,0,0,,
QUICKTOUCH-SM,QUICKTOUCH TECHNOLOGIES L,3912961,500,No,0,0,0,,
QVCEL-SM,QVC EXPORTS,6388993,1600,No,0,0,0,,
RACE,RACE ECO CHAIN,3940097,1,No,0,0,0,,
RACLGEAR,RACL GEARTECH,6955777,1,No,0,0,0,,
RADAAN,RADAAN MEDIAWORKS (I),2798593,1,No,0,0,0,,
RADHIKAJWE,RADHIKA JEWELTECH,2647809,1,No,0,0,0,,
RADIANTCMS,RADIANT CASH MGMT SER,3476481,1,No,0,0,0,,
RADICO,RADICO KHAITAN,2813441,1,No,0,0,0,,
RADIOCITY,MUSIC BROADCAST,5088513,1,No,0,0,0,,
RADIOCITY-P1,MUSIC BROADCAST,3860993,1,No,0,0,0,,
RADIOWALLA-SM,RADIOWALLA NETWORK,6001153,1600,No,0,0,0,,
RAILTEL,RAILTEL CORP OF IND,622337,1,No,0,0,0,,
RAIN,RAIN INDUSTRIES,3926273,1,No,0,0,0,,
RAINBOW,RAINBOW CHILDRENS MED,2408449,1,No,0,0,0,,
RAJESHEXPO-BZ,RAJESH EXPORTS,194678017,1,No,0,0,0,,
RAJINDLTD-SM,RAJPUTANA INDUSTRIES,6324993,1500,No,0,0,0,,
RAJMET,RAJNANDINI METAL,555009,1,No,0,0,0,,
RAJOOENG,RAJOO ENGINEERS,193804545,1,No,0,0,0,,
RAJPUTANA-SM,RAJPUTANA BIODIESEL,6980865,500,No,0,0,0,,
RAJRATAN,RAJRATAN GLOBAL WIRE,4854273,1,No,0,0,0,,
RAJRILTD-BE,RAJ RAYON INDUSTRIES,2157569,1,No,0,0,0,,
RAJSREESUG,RAJSHREE SUGAR & CHEMICAL,719105,1,No,0,0,0,,
RAJTV,RAJ TV NETWORK,3687169,1,No,0,0,0,,
RALLIS,RALLIS INDIA,720897,1,No,0,0,0,,
RAMANEWS,SHREE RAMA NEWSPRINT,3472641,1,No,0,0,0,,
RAMAPHO,RAMA PHOSPHATES,2705409,1,No,0,0,0,,
RAMASTEEL,RAMA STEEL TUBES,2636801,1,No,0,0,0,,
RAMCOCEM,THE RAMCO CEMENTS,523009,1,No,0,0,0,,
RAMCOIND,RAMCO INDUSTRIES,1174273,1,No,0,0,0,,
RAMCOSYS,RAMCO SYSTEMS,2009857,1,No,0,0,0,,
RAMKY,RAMKY INFRA,5154305,1,No,0,0,0,,
RAMRAT,RAM RATNA WIRES,2684161,1,No,0,0,0,,
RANASUG,RANA SUGARS,726273,1,No,0,0,0,,
RANEHOLDIN,RANE HOLDINGS,728065,1,No,0,0,0,,
RAPIDFLEET-SM,RAPID FLEET MGT SERVICE L,7797761,600,No,0,0,0,,
RAPPID-SM,RAPPID VALVES (INDIA),6556161,600,No,0,0,0,,
RATEGAIN,RATEGAIN TRAVEL TECHN,1837313,1,No,0,0,0,,
RATNAMANI,RATNAMANI MET & TUB,3443457,1,No,0,0,0,,
RATNAVEER,RATNAVEER PRECISION ENG L,4716289,1,No,0,0,0,,
RAYMOND,RAYMOND,731905,1,No,0,0,0,,
RAYMONDLSL,RAYMOND LIFESTYLE,6418689,1,No,0,0,0,,
RAYMONDREL,RAYMOND REALTY,194189057,1,No,0,0,0,,
RBA,RESTAURANT BRAND ASIA,382465,1,No,0,0,0,,
RBLBANK,RBL BANK,4708097,1,Yes,93,45,48,2026-01-27,2026-03-30
RBMINFRA-SM,RBM INFRACON,3473921,200,No,0,0,0,,
RBS-SM,RAMDEVBABA SOLVENT,6032641,800,No,0,0,0,,
RBZJEWEL,RBZ JEWELLERS,5343745,1,No,0,0,0,,
RCDL-SM,RAJGOR CASTOR DERIVATI L,5038337,3000,No,0,0,0,,
RCF,RASHTRIYA CHEMICALS & FER,733697,1,No,0,0,0,,
RCOM-BE,RELIANCE COMMUNICATIONS L,3376129,1,No,0,0,0,,
READYMIX-SM,READYMIX CONSTRU MACHI L,7567617,1000,No,0,0,0,,
RECLTD,REC,3930881,1,Yes,228,113,115,2026-01-27,2026-03-30
REDINGTON,REDINGTON,3649281,1,No,0,0,0,,
REDTAPE,REDTAPE,4571905,1,No,0,0,0,,
REFEX,REFEX INDUSTRIES,4547585,1,No,0,0,0,,
REFRACTORY-SM,REFRACTORY SHAPES,6071809,1000,No,0,0,0,,
REGAAL,REGAAL RESOURCES,194222081,1,No,0,0,0,,
REGENCERAM,REGENCY CERAMICS,1057281,1,No,0,0,0,,
RELAXO,RELAXO FOOT,6201601,1,No,0,0,0,,
RELCHEMQ,RELIANCE CHEMOTEX IND,2470913,1,No,0,0,0,,
RELIABLE-BE,RELIABLE DATA SERVICE,6241281,1,No,0,0,0,,
RELIANCE,RELIANCE INDUSTRIES,738561,1,Yes,212,106,106,2026-01-27,2026-03-30
RELIGARE,RELIGARE ENTER.,3857409,1,No,0,0,0,,
RELTD,RAVINDRA ENERGY,6296577,1,No,0,0,0,,
REMSONSIND,REMSONS INDUSTRIES,1015041,1,No,0,0,0,,
REMUS-SM,REMUS PHARMACEUTICALS L,4135425,100,No,0,0,0,,
RENUKA,SHREE RENUKA SUGARS,3078657,1,No,0,0,0,,
REPCOHOME,REPCO HOME FINANCE,7577089,1,No,0,0,0,,
REPL,RUDRABHISHEK ENTERP,378881,1,No,0,0,0,,
REPRO,REPRO INDIA,3360257,1,No,0,0,0,,
RESPONIND,RESPONSIVE INDUSTRIES,5202689,1,No,0,0,0,,
RETAIL,JHS SVENDGAARD RETAIL V L,6181121,1,No,0,0,0,,
REXPIPES-SM,REX PIPES AND CABLES,1359105,1000,No,0,0,0,,
REXPRO-SM,REXPRO ENTERPRISES,7493121,1000,No,0,0,0,,
RGL,RENAISSANCE GLOBAL,3873025,1,No,0,0,0,,
RHETAN,RHETAN TMT,194319873,1,No,0,0,0,,
RHFL-BZ,RELIANCE HOME FINANCE,194356225,1,No,0,0,0,,
RHIM,RHI MAGNESITA INDIA,7977729,1,No,0,0,0,,
RHL,ROBUST HOTELS,3880193,1,No,0,0,0,,
RICHA-ST,RICHA INFO SYSTEMS,2102273,1000,No,0,0,0,,
RICOAUTO,RICO AUTO INDUSTRIES,744705,1,No,0,0,0,,
RIIL,RELIANCE INDUSTRIAL INFRA,745473,1,No,0,0,0,,
RILINFRA-SM,RACHANA INFRA,2522625,100,No,0,0,0,,
RISHABH,RISHABH INSTRUMENTS,4714753,1,No,0,0,0,,
RITCO,RITCO LOGISTICS,2289665,1,No,0,0,0,,
RITES,RITES,962817,1,No,0,0,0,,
RITEZONE-SM,RITE ZONE CHEMCON IND,3048961,1600,No,0,0,0,,
RKDL,RAVI KUMAR DIST.,5363201,1,No,0,0,0,,
RKEC,RKEC PROJECTS,396033,1,No,0,0,0,,
RKFORGE,RAMKRISHNA FORGINGS,2921217,1,No,0,0,0,,
RKSWAMY,R K SWAMY,5899009,1,No,0,0,0,,
RMDRIP,R M DRIP & SPRINK SYS,194005505,1,No,0,0,0,,
RML,RANE (MADRAS),3065601,1,No,0,0,0,,
RNBDENIMS,R&B DENIMS,194299137,1,No,0,0,0,,
RNFI-SM,RNFI SERVICES,6294785,600,No,0,0,0,,
RNPL-ST,RENOL POLYCHEM,194088961,1200,No,0,0,0,,
ROADSTAR-IV,ROADSTAR INFRA INVT TRUST,7693057,25000,No,0,0,0,,
ROCKINGDCE-ST,ROCKINGDEALS CIRCU ECO L,5194753,250,No,0,0,0,,
ROCKPP-X1,ROCKINGDCE RS.5 PPD UP,194568705,1000,No,0,0,0,,
ROHLTD,ROYAL ORCHID HOTELS,3374593,1,No,0,0,0,,
ROLEXRINGS,ROLEX RINGS,1351425,1,No,0,0,0,,
ROLLT,ROLLATAINERS,4890625,1,No,0,0,0,,
ROML,RAJ OIL MILLS,91905,1,No,0,0,0,,
ROSSARI,ROSSARI BIOTECH,4968961,1,No,0,0,0,,
ROSSELLIND,ROSSELL INDIA,7401729,1,No,0,0,0,,
ROSSTECH,ROSSELL TECHSYS,7002369,1,No,0,0,0,,
ROTO,ROTO PUMPS,2316545,1,No,0,0,0,,
ROUTE,ROUTE MOBILE,32769,1,No,0,0,0,,
ROXHITECH-SM,ROX HI TECH,5162753,1600,No,0,0,0,,
ROYALARC-SM,ROYAL ARC ELECTRODES,7610113,1200,No,0,0,0,,
RPEL,RAGHAV PRODUCTIVITY ENH L,6332161,1,No,0,0,0,,
RPGLIFE,RPG LIFE SCIENCES,4281601,1,No,0,0,0,,
RPOWER,RELIANCE POWER,3906305,1,No,0,0,0,,
RPPINFRA,R.P.P INFRA PROJECTS,5314561,1,No,0,0,0,,
RPPL,RAJSHREE POLYPACK,1769729,1,No,0,0,0,,
RPSGVENT,RPSG VENTURES,2078465,1,No,0,0,0,,
RPTECH,RASHI PERIPHERALS,5803521,1,No,0,0,0,,
RRKABEL,R R KABEL,4752897,1,No,0,0,0,,
RSSOFTWARE,R. S. SOFTWARE (INDIA) LI,1645825,1,No,0,0,0,,
RSWM,RSWM,715265,1,No,0,0,0,,
RSYSTEMS,R SYS INTERNATIONAL,3433985,1,No,0,0,0,,
RTL-SM,RAMA TELECOM,193990913,2000,No,0,0,0,,
RTNINDIA,RATTANINDIA ENT,6988033,1,No,0,0,0,,
RTNPOWER,RATTANINDIA POWER,4485121,1,No,0,0,0,,
RUBFILA,RUBFILA INTERNATIONAL,6330881,1,No,0,0,0,,
RUBICON,RUBICON RESEARCH,194384897,1,No,0,0,0,,
RUBYMILLS,THE RUBY MILLS,752385,1,No,0,0,0,,
RUCHINFRA,RUCHI INFRASTRUCTURE,1168897,1,No,0,0,0,,
RUCHIRA,RUCHIRA PAPERS,3538177,1,No,0,0,0,,
RUDRA,RUDRA GLOBAL INFRA PROD L,194660353,1,No,0,0,0,,
RULKA-SM,RULKA ELECTRICALS,6100481,300,No,0,0,0,,
RUPA,RUPA & COMPANY,6585345,1,No,0,0,0,,
RUSHIL,RUSHIL DECOR,6296321,1,No,0,0,0,,
RUSTOMJEE,KEYSTONE REALTORS,3128065,1,No,0,0,0,,
RVHL,RAVINDER HEIGHTS,400641,1,No,0,0,0,,
RVNL,RAIL VIKAS NIGAM,2445313,1,Yes,129,65,64,2026-01-27,2026-03-30
RVTH,REVATHI EQUIPMENT INDIA L,6440193,1,No,0,0,0,,
S&SPOWER,S&S POWER SWITCHGEARS,755457,1,No,0,0,0,,
SAAKSHI-SM,SAAKSHI MEDTEC N PANELS L,4887809,600,No,0,0,0,,
SAATVIKGL,SAATVIK GREEN ENERGY,194318593,1,No,0,0,0,,
SABAR-ST,SABAR FLEX INDIA,2812161,5000,No,0,0,0,,
SABEVENTS-BE,SAB EVENTS & GOVERNANCE,4736257,1,No,0,0,0,,
SABTNL-BE,SRI ADHIKARI BRO TELE N L,5981953,1,No,0,0,0,,
SACHEEROME-ST,SACHEEROME,193897473,600,No,0,0,0,,
SADBHAV-BE,SADBHAV ENGINEERING,3389441,1,No,0,0,0,,
SADBHIN,SADBHAV INFRA PROJ,2718209,1,No,0,0,0,,
SADHAV-SM,SADHAV SHIPPING,5861633,600,No,0,0,0,,
SADHNANIQ,SADHANA NITROCHEM,3927809,1,No,0,0,0,,
SAFARI,SAFARI IND (INDIA),3336961,1,No,0,0,0,,
SAFEENTP-SM,SAFE ENTER RETAIL FIX,193941249,500,No,0,0,0,,
SAGARDEEP,SAGARDEEP ALLOYS,2092801,1,No,0,0,0,,
SAGCEM,SAGAR CEMENTS,3601409,1,No,0,0,0,,
SAGILITY,SAGILITY,6925313,1,No,0,0,0,,
SAHAJSOLAR-SM,SAHAJ SOLAR,6266369,400,No,0,0,0,,
SAHANA-SM,SAHANA SYSTEM,4278017,125,No,0,0,0,,
SAHASRA-SM,SAHASRA ELECTRONIC SOLU L,6571009,400,No,0,0,0,,
SAHYADRI,SAHYADRI INDUSTRIES,3814401,1,No,0,0,0,,
SAIFL-SM,SAMEERA AGRO AND INFRA L,5400577,4000,No,0,0,0,,
SAIL,STEEL AUTHORITY OF INDIA,758529,1,Yes,225,104,121,2026-01-27,2026-03-30
SAILIFE,SAI LIFE SCIENCES,7126785,1,No,0,0,0,,
SAJHOTELS-SM,SAJ HOTELS,6582273,2000,No,0,0,0,,
SAKAR,SAKAR HEALTHCARE,2441985,1,No,0,0,0,,
SAKHTISUG,SAKTHI SUGARS,760065,1,No,0,0,0,,
SAKSOFT,SAKSOFT,3019265,1,No,0,0,0,,
SAKUMA,SAKUMA EXPORTS,3392257,1,No,0,0,0,,
SALASAR,SALASAR TECHNO ENGG.,5468673,1,No,0,0,0,,
SALONA,SALONA COTSPIN,4441857,1,No,0,0,0,,
SALSTEEL-BE,S.A.L. STEEL,2979073,1,No,0,0,0,,
SALZERELEC,SALZER ELECTRONICS,2918145,1,No,0,0,0,,
SAMAY-ST,SAMAY PROJECT SERVICES L,193753857,4000,No,0,0,0,,
SAMBHAAV-BE,SAMBHAAV MEDIA,2516225,1,No,0,0,0,,
SAMBHV,SAMBHV STEEL TUBES,193988353,1,No,0,0,0,,
SAMHI,SAMHI HOTELS,4765185,1,No,0,0,0,,
SAMMAANCAP,SAMMAAN CAPITAL,7712001,1,Yes,105,52,53,2026-01-27,2026-03-30
SAMPANN,SAMPANN UTPADAN INDIA,6989569,1,No,0,0,0,,
SANATHAN,SANATHAN TEXTILES,7374081,1,No,0,0,0,,
SANCO-BZ,SANCO INDUSTRIES,3745281,1,No,0,0,0,,
SANDESH,SANDESH,764929,1,No,0,0,0,,
SANDHAR,SANDHAR TECHNOLOGIES,613633,1,No,0,0,0,,
SANDUMA,SANDUR MANG & IRON ORES L,4699905,1,No,0,0,0,,
SANGAMIND,SANGAM (INDIA),1071105,1,No,0,0,0,,
SANGANI-SM,SANGANI HOSPITALS,4616961,1500,No,0,0,0,,
SANGHIIND,SANGHI INDUSTRIES,767233,1,No,0,0,0,,
SANGHVIMOV,SANGHVI MOVERS,3598849,1,No,0,0,0,,
SANGINITA,SANGINITA CHEMICALS,2824193,1,No,0,0,0,,
SANOFI,SANOFI INDIA,369153,1,No,0,0,0,,
SANOFICONR,SANOFI CONS HEALTHC IND L,6456833,1,No,0,0,0,,
SANSERA,SANSERA ENGINEERING,1472257,1,No,0,0,0,,
SANSTAR,SANSTAR,6292993,1,No,0,0,0,,
SANWARIA-BZ,SANWARIA CONSUMER,11777,1,No,0,0,0,,
SAPPHIRE,SAPPHIRE FOODS INDIA,1719809,1,No,0,0,0,,
SARDAEN,SARDA ENERGY & MIN,4546049,1,No,0,0,0,,
SAREGAMA,SAREGAMA INDIA,1252353,1,No,0,0,0,,
SARLAPOLY,SARLA PERF. FIBERS,3595009,1,No,0,0,0,,
SAROJA-SM,SAROJA PHARMA INDUS IND L,4737537,1600,No,0,0,0,,
SARTELE-SM,SAR TELEVENTURE,5084929,500,No,0,0,0,,
SARVESHWAR,SARVESHWAR FOODS,3305729,1,No,0,0,0,,
SASKEN,SASKEN TECHNOLOGIES,3067649,1,No,0,0,0,,
SASTASUNDR,SASTASUNDAR VENTURES,5136129,1,No,0,0,0,,
SATECH-ST,S A TECH SOFTWARE INDIA L,6317313,1000,No,0,0,0,,
SATIA,SATIA INDUSTRIES,2827521,1,No,0,0,0,,
SATIN,SATIN CREDIT NET,2675969,1,No,0,0,0,,
SATIPOLY-SM,SATI POLY PLAST,6273025,500,No,0,0,0,,
SATKARTAR-SM,SAT KARTAR SHOPPING,7462657,800,No,0,0,0,,
SATTVAENGG-SM,SATTVA ENGINEERING CSTN L,194293761,1600,No,0,0,0,,
SAURASHCEM,SAURASHTRA CEMENT,772609,1,No,0,0,0,,
SAVY-SM,SAVY INFRA AND LOGI,193972225,1200,No,0,0,0,,
SAWALIYA-SM,SAWALIYA FOOD PRODUCTS L,194161665,600,No,0,0,0,,
SBC,SBC EXPORTS,1738753,1,No,0,0,0,,
SBCL,SHIVALIK BIMETAL CON.,1191937,1,No,0,0,0,,
SBFC,SBFC FINANCE,4614657,1,No,0,0,0,,
SBGLP,SURATWWALA BUS GROUP,3619585,1,No,0,0,0,,
SBIBPB,SBIAMC - SBIBPB,7754241,1,No,0,0,0,,
SBIBPBINAV,SBIAMC - SBIBPBINAV,7755009,1,No,0,0,0,,
SBICARD,SBI CARDS & PAY SER,4600577,1,Yes,138,69,69,2026-01-27,2026-03-30
SBICONINAV,SBIETFCON INAV,2599169,1,No,0,0,0,,
SBIETFCON,SBIAMC - SBIETFCON,1323009,1,No,0,0,0,,
SBIETFINAV,SBIETFIT INAV,2600961,1,No,0,0,0,,
SBIETFIT,SBIAMC - SBIETFIT,189441,1,No,0,0,0,,
SBIETFPB,SBIAMC - SBIETFPB,184833,1,No,0,0,0,,
SBIETFQLTY,SBIAMC - SBIETFQLTY,1847809,1,No,0,0,0,,
SBIFPBINAV,SBIETFPB INAV,2599425,1,No,0,0,0,,
SBILIFE,SBI LIFE INSURANCE CO,5582849,1,Yes,150,74,76,2026-01-27,2026-03-30
SBILIQETF,SBIAMC - SBILIQETF,194174977,1,No,0,0,0,,
SBILIQINAV,SBIAMC - SBILIQINAV,7817473,1,No,0,0,0,,
SBILTYINAV,SBIETFQLTY INAV,2598913,1,No,0,0,0,,
SBIN,STATE BANK OF INDIA,779521,1,Yes,228,113,115,2026-01-27,2026-03-30
SBINEQINAV,SBIAMC - SBINEQINAV,6278913,1,No,0,0,0,,
SBINEQWETF,SBIAMC - SBINEQWETF,6278145,1,No,0,0,0,,
SBISILINAV,SBIAMC - SBISILINAV,6238465,1,No,0,0,0,,
SBISILVER,SBIAMC - SBISILVER,6237697,1,No,0,0,0,,
SCFL310524-ZE,,6127105,1,No,0,0,0,,
SCHAEFFLER,SCHAEFFLER INDIA,258817,1,No,0,0,0,,
SCHAND,S CHAND AND COMPANY,5298689,1,No,0,0,0,,
SCHNEIDER,SCHNEIDER ELECTRIC INFRA,7995905,1,No,0,0,0,,
SCI,SHIPPING CORP OF INDIA LT,780289,1,No,0,0,0,,
SCILAL,SHIPPING CORP OF ILA,5920513,1,No,0,0,0,,
SCL010825-NB,,193911553,1,No,0,0,0,,
SCL0182025-NC,,193911809,1,No,0,0,0,,
SCL01825-N6,,193910273,1,No,0,0,0,,
SCL1825-N5,,193910017,1,No,0,0,0,,
SCL190325-N1,,7734273,1,No,0,0,0,,
SCL190325A-N1,,7737857,1,No,0,0,0,,
SCL19325-N1,,7735809,1,No,0,0,0,,
SCL19325A-N1,,7733761,1,No,0,0,0,,
SCL25924-N1,,6538753,1,No,0,0,0,,
SCL25924A-N1,,6539265,1,No,0,0,0,,
SCL25924C-N1,,6541825,1,No,0,0,0,,
SCL25924D-N1,,6542337,1,No,0,0,0,,
SCL26-NA,,5061121,1,No,0,0,0,,
SCL271224-N1,,7400193,1,No,0,0,0,,
SCL271224A-N1,,7400449,1,No,0,0,0,,
SCL271224B-N1,,7404289,1,No,0,0,0,,
SCL310524-ZF,,6127873,1,No,0,0,0,,
SCL310524A-ZK,,6131201,1,No,0,0,0,,
SCLZC26-NB,,4769281,1,No,0,0,0,,
SCLZC26A-NF,,4771329,1,No,0,0,0,,
SCLZC26B-AY,,4488961,1,No,0,0,0,,
SCLZC26C-NB,,5061633,1,No,0,0,0,,
SCLZC26D-NO,,5140993,1,No,0,0,0,,
SCLZC26E-NP,,5142529,1,No,0,0,0,,
SCLZC26F-Y9,,5376769,1,No,0,0,0,,
SCLZC26G-YA,,5378049,1,No,0,0,0,,
SCML-ST,SHARP CHUCKS N MACHINES L,4986625,1000,No,0,0,0,,
SCODATUBES,SCODA TUBES,193914369,1,No,0,0,0,,
SCPL,SHEETAL COOL PRODUCTS,3090433,1,No,0,0,0,,
SDBL,SOM DIST & BREW,342529,1,No,0,0,0,,
SDL24BINAV,SDL24BEES INAV,2596353,1,No,0,0,0,,
SDL26BEES,RELCAPAMC-NETFSDL26,773633,1,No,0,0,0,,
SDL26BINAV,SDL26BEES INAV,2597633,1,No,0,0,0,,
SDREAMS-SM,S D RETAIL,6535169,1000,No,0,0,0,,
SEAMECLTD,SEAMEC,669697,1,No,0,0,0,,
SECMARK,SECMARK CONSULTANCY,4990977,1,No,0,0,0,,
SECURKLOUD-BE,SECUREKLOUD TECH,2831873,1,No,0,0,0,,
SEITINVIT-IV,SUSTAINABLE ENERGY INFRA,5458177,25000,No,0,0,0,,
SEJALLTD-BE,SEJAL GLASS,1816065,1,No,0,0,0,,
SEL-SM,SUNGARNER ENERGIES,4675585,200,No,0,0,0,,
SELECTIPO,MIRAEAMC - SELECTIPO,7707905,1,No,0,0,0,,
SELIPOINAV,MIRAEAMC - SELIPOINAV,7712513,1,No,0,0,0,,
SELLOWRAP-SM,SELLOWRAP INDUSTRIES,194043393,1600,No,0,0,0,,
SELMC-BE,SEL MANUFACTURING CO,1606145,1,No,0,0,0,,
SEMAC,SEMAC CONSTRUCTION,3062017,1,No,0,0,0,,
SENCO,SENCO GOLD,4421377,1,No,0,0,0,,
SENORES,SENORES PHARMACEUTICALS L,7395329,1,No,0,0,0,,
SENSEXADD,DSPAMC - DSPSENXETF,4508929,1,No,0,0,0,,
SENSEXBETA,UTIAMC-SENSEXBETA,2691841,1,No,0,0,0,,
SENSEXETF,MIRAEAMC - SENSEXETF,4921345,1,No,0,0,0,,
SENSEXIETF,ICICI PRUD SENSEX ETF,1120769,1,No,0,0,0,,
SENSEXINAV,MIRAEAMC - SENSEXINAV,4927233,1,No,0,0,0,,
SEPC,SEPC,3918849,1,No,0,0,0,,
SEQUENT,SEQUENT SCIENTIFIC,3659777,1,No,0,0,0,,
SERVICE-SM,SERVICE CARE,4454145,2000,No,0,0,0,,
SERVOTECH,SERVOTECH REN POW SYS,1409793,1,No,0,0,0,,
SESHAPAPER,SESHASAYEE PAPER & BOARDS,784897,1,No,0,0,0,,
SETCO,SETCO AUTOMOTIVE,4483585,1,No,0,0,0,,
SETF10GILT,SBIAMC - SETF10GILT,4453121,1,No,0,0,0,,
SETF10INAV,SETF10GILT INAV,2599681,1,No,0,0,0,,
SETF50INAV,SETFNIF50 INAV,2601217,1,No,0,0,0,,
SETFGOINAV,SETFGOLD NAV,2114049,1,No,0,0,0,,
SETFGOLD,SBI-ETF GOLD,4421633,1,No,0,0,0,,
SETFNIF50,SBI-ETF NIFTY 50,2605057,1,No,0,0,0,,
SETFNIFBK,SBI-ETF NIFTY BANK,1884417,1,No,0,0,0,,
SETFNIINAV,SETFNIFBK INAV,2602497,1,No,0,0,0,,
SETFNN50,SBI-ETF NIFTY NEXT 50,1882369,1,No,0,0,0,,
SETFNNINAV,SETFNN50 INAV,2602753,1,No,0,0,0,,
SETUINFRA-BZ,SETUBANDHAN INFRA,4614145,1,No,0,0,0,,
SEYAIND-BE,SEYA INDUSTRIES,2774017,1,No,0,0,0,,
SFL,SHEELA FOAM,4911105,1,No,0,0,0,,
SFLZC26A-ZC,,3312897,1,No,0,0,0,,
SFML-SM,SUPREME FACILITY MGMT,7185665,1600,No,0,0,0,,
SGBAPR28I-GB,2.50%GOLDBONDS2028SR-I,4828673,1,No,0,0,0,,
SGBAUG27-GB,2.50%GOLDBONDS2027SR-III,3303425,1,No,0,0,0,,
SGBAUG28V-GB,2.50%GOLDBONDS2028SR-V,5730561,1,No,0,0,0,,
SGBAUG29V-GB,2.50%GOLDBONDS2029SR-V,1396481,1,No,0,0,0,,
SGBAUG30-GB,2.50%GOLDBONDS2030SR-II,2865153,1,No,0,0,0,,
SGBD29VIII-GB,2.50%GOLDBONDS2029SR-VIII,1817089,1,No,0,0,0,,
SGBDC27VII-GB,2.50%GOLDBONDS2027SR-VII,3950593,1,No,0,0,0,,
SGBDE30III-GB,2.50%GOLDBONDS2030SR-III,3492353,1,No,0,0,0,,
SGBDE31III-GB,2.50%GOLDBONDS2031SR-III,5753857,1,No,0,0,0,,
SGBDEC26-GB,2.50%GOLDBONDS2026SR-IV,1959425,1,No,0,0,0,,
SGBFEB27-GB,2.50%GOLDBONDS2027SR-VI,2244097,1,No,0,0,0,,
SGBFEB28IX-GB,2.50%GOLDBONDS2028SR-IX,4521985,1,No,0,0,0,,
SGBFEB29XI-GB,2.50%GOLDBONDS2029SR-XI,563201,1,No,0,0,0,,
SGBFEB32IV-GB,2.50%GOLDBONDS2032SR-IV,5858817,1,No,0,0,0,,
SGBJ28VIII-GB,2.50%GOLDBONDS2028SR-VIII,4380161,1,No,0,0,0,,
SGBJAN27-GB,2.50%GOLDBONDS2027SR-V,2126849,1,No,0,0,0,,
SGBJAN29IX-GB,2.50%GOLDBONDS2029SR-IX,491521,1,No,0,0,0,,
SGBJAN29X-GB,2.50%GOLDBONDS2029SR-X,512769,1,No,0,0,0,,
SGBJAN30IX-GB,2.50%GOLDBONDS2030SR-IX,2017025,1,No,0,0,0,,
SGBJU29III-GB,2.5%GOLDBONDS2029SR-III,972801,1,No,0,0,0,,
SGBJUL27-GB,2.50%GOLDBONDS2027SR-II,2855425,1,No,0,0,0,,
SGBJUL28IV-GB,2.50%GOLDBONDS2028SR-IV,5693953,1,No,0,0,0,,
SGBJUL29IV-GB,2.50%GOLDBONDS2029SR-IV,1308929,1,No,0,0,0,,
SGBJUN27-GB,2.50%GOLDBONDS2027SR-I,2626817,1,No,0,0,0,,
SGBJUN28-GB,2.5%GOLDBONDS2028SR-III,4883969,1,No,0,0,0,,
SGBJUN29II-GB,2.5%GOLDBONDS2029SR-II,958209,1,No,0,0,0,,
SGBJUN30-GB,2.50%GOLDBONDS2030SR-I,2619393,1,No,0,0,0,,
SGBJUN31I-GB,2.50%GOLDBONDS2031SR-I,4403713,1,No,0,0,0,,
SGBMAR28X-GB,2.50%GOLDBONDS2028SR-X,4723457,1,No,0,0,0,,
SGBMAR30X-GB,2.50%GOLDBONDS2030SR-X,2150657,1,No,0,0,0,,
SGBMAR31IV-GB,2.50%GOLDBONDS2031SR-IV,3737089,1,No,0,0,0,,
SGBMAY26-GB,2.50%GOLDBONDS2026SR-I,740097,1,No,0,0,0,,
SGBMAY28-GB,2.50%GOLDBONDS2028SR-II,4856833,1,No,0,0,0,,
SGBMAY29I-GB,2.5%GOLDBONDS2029SR-I,957953,1,No,0,0,0,,
SGBMR29XII-GB,2.50%GOLDBONDS2029SR-XII,719361,1,No,0,0,0,,
SGBN28VIII-GB,2.5%GOLDBONDS2028SR-VIII,343553,1,No,0,0,0,,
SGBNOV26-GB,2.50%GOLDBONDS2026SR-III,1626881,1,No,0,0,0,,
SGBNV29VII-GB,2.5%GOLDBONDS2029SR-VII,1668609,1,No,0,0,0,,
SGBOC28VII-GB,2.50%GOLDBONDS2028SR-VII,213505,1,No,0,0,0,,
SGBOCT26-GB,2.50%GOLDBONDS2026SR-II,1525761,1,No,0,0,0,,
SGBOCT27-GB,2.50%GOLDBONDS2027SR-V,3579137,1,No,0,0,0,,
SGBOCT27VI-GB,2.50%GOLDBONDS2027SR-VI,3648513,1,No,0,0,0,,
SGBSEP27-GB,2.50%GOLDBONDS2027SR-IV,3381505,1,No,0,0,0,,
SGBSEP28VI-GB,2.50%GOLDBONDS2028SR-VI,38145,1,No,0,0,0,,
SGBSEP29VI-GB,2.5%GOLDBONDS2029SR-VI,1427201,1,No,0,0,0,,
SGBSEP31II-GB,2.50%GOLDBONDS2031SR-II,4980737,1,No,0,0,0,,
SGFIN,SG FINSERVE,194266369,1,No,0,0,0,,
SGIL,SYNERGY GREEN IND.,1309185,1,No,0,0,0,,
SGL,STL GLOBAL,3421953,1,No,0,0,0,,
SGLTL,STANDARD GLASS LIN TECH L,7443201,1,No,0,0,0,,
SGMART,SG MART,194275585,1,No,0,0,0,,
SHAH,SHAH METACORP,5195777,1,No,0,0,0,,
SHAHALLOYS,SHAH ALLOYS,3035137,1,No,0,0,0,,
SHAILY,SHAILY ENG PLASTICS,2234113,1,No,0,0,0,,
SHAIVAL-ST,SHAIVAL REALITY,2735105,3600,No,0,0,0,,
SHAKTIPUMP,SHAKTI PUMPS (I),6546945,1,No,0,0,0,,
SHALBY,SHALBY,182785,1,No,0,0,0,,
SHALPAINTS,SHALIM PAINTS,3927553,1,No,0,0,0,,
SHANKARA,SHANKARA BLDG PRODUCT,5202177,1,No,0,0,0,,
SHANTHALA-ST,SHANTHALA FMCG PRODUCTS L,5057281,1200,No,0,0,0,,
SHANTI,SHANTI OVERSEAS INDIA,1446401,1,No,0,0,0,,
SHANTIGEAR,SHANTHI GEARS,787969,1,No,0,0,0,,
SHANTIGOLD,SHANTI GOLD INTERNATION L,194048513,1,No,0,0,0,,
SHARDACROP,SHARDA CROPCHEM,1277953,1,No,0,0,0,,
SHARDAMOTR,SHARDA MOTOR INDS,2695681,1,No,0,0,0,,
SHAREINDIA,SHARE IND. SECURITIES,26625,1,No,0,0,0,,
SHARIABEES,NIP IND ETF SHARIAH BEES,4363265,1,No,0,0,0,,
SHEEL-SM,SHEEL BIOTECH,194408193,2000,No,0,0,0,,
SHEETAL-SM,SHEETAL UNIVERSAL,5226241,1000,No,0,0,0,,
SHEKHAWATI,SHEKHAWATI INDUSTRIES,5400321,1,No,0,0,0,,
SHEMAROO,SHEMAROO ENTER.,1297409,1,No,0,0,0,,
SHERA-SM,SHERA ENERGY,3628033,1000,No,0,0,0,,
SHETHJI-SM,SHREEJI GLOBAL FMCG,194509313,1000,No,0,0,0,,
SHIGAN-SM,SHIGAN QUANTUM TECH,2148865,1500,No,0,0,0,,
SHILCTECH,SHILCHAR TECHNOLOGIES,194520833,1,No,0,0,0,,
SHILPAMED,SHILPA MEDICARE,4544513,1,No,0,0,0,,
SHIVALIK,SHIVALIK RASAYAN,1796097,1,No,0,0,0,,
SHIVAMAUTO,SHIVAM AUTO.LTD,3521537,1,No,0,0,0,,
SHIVAMILLS,SHIVA MILLS,383233,1,No,0,0,0,,
SHIVASHRIT-SM,SHIVASHRIT FOODS,194238465,1000,No,0,0,0,,
SHIVATEX,SHIVA TEXYARN,205825,1,No,0,0,0,,
SHIVAUM,SHIV AUM STEELS,194495233,1,No,0,0,0,,
SHK,S H KELKAR AND CO.,2870273,1,No,0,0,0,,
SHKSIL-SM,SHRI HARE-KRI SPO IRON L,194193409,2000,No,0,0,0,,
SHOPERSTOP,SHOPPERS STOP,3024129,1,No,0,0,0,,
SHRADHA,SHRADHA INFRAPROJECTS,181249,1,No,0,0,0,,
SHREDIGCEM,SHREE DIGVIJAY CEM CO,793345,1,No,0,0,0,,
SHREECEM,SHREE CEMENT,794369,1,Yes,167,83,84,2026-01-27,2026-03-30
SHREEJISPG,SHREEJI SHIPPING GLOBAL L,194418689,1,No,0,0,0,,
SHREEKARNI-SM,SHREE KARNI FABCOM,5906945,150,No,0,0,0,,
SHREEOSFM-SM,SHREE OSFM E-MOBILITY,5274369,1000,No,0,0,0,,
SHREEPUSHK,SHRE PUSH CHEM & FERT,2710529,1,No,0,0,0,,
SHREERAMA,SHREE RAMA MULTI TECH,1952513,1,No,0,0,0,,
SHREMINVIT-IV,SHREM INVIT,1463809,25000,No,0,0,0,,
SHRENIK-BZ,SHRENIK,194624513,1,No,0,0,0,,
SHREYANIND,SHREYANS INDUSTRIES,800257,1,No,0,0,0,,
SHRIAHIMSA-SM,SHRI AHIMSA NATURALS,193639937,600,No,0,0,0,,
SHRIKANHA-SM,SHRI KANHA STAINLESS,194611713,1600,No,0,0,0,,
SHRINGARMS,SHRINGAR HOU OF MANGALS L,194327809,1,No,0,0,0,,
SHRIPISTON,SHRIRAM PIST. & RING,4399617,1,No,0,0,0,,
SHRIRAMFIN,SHRIRAM FINANCE,1102337,1,Yes,154,75,79,2026-01-27,2026-03-30
SHRIRAMPPS,SHRIRAM PROPERTIES,1843201,1,No,0,0,0,,
SHRITECH-SM,SHRI TECHTEX,4527105,2000,No,0,0,0,,
SHUBHLAXMI-ST,SHUBHLAXMI JEWEL ART,1653761,1000,No,0,0,0,,
SHUBHSHREE-SM,SHUBHSHREE BIOFUELS ENE L,6461441,300,No,0,0,0,,
SHYAMCENT-BE,SHYAM CENTURY FERROUS,2609153,1,No,0,0,0,,
SHYAMDHANI-ST,SHYAM DHANI INDUSTRIES L,194870529,2000,No,0,0,0,,
SHYAMMETL,SHYAM METALICS AND ENGY L,1201409,1,No,0,0,0,,
SHYAMTEL,SHYAM TELECOM,3517441,1,No,0,0,0,,
SICALLOG-BE,SICAL LOGISTICS,4976641,1,No,0,0,0,,
SICCL28-N0,,194516993,1,No,0,0,0,,
SIDDHICOTS-SM,SIDDHI COTSPIN,194317569,1200,No,0,0,0,,
SIDDHIKA-SM,SIDDHIKA COATINGS,805889,1000,No,0,0,0,,
SIEMENS,SIEMENS,806401,1,Yes,99,49,50,2026-01-27,2026-03-30
SIGACHI,SIGACHI INDUSTRIES,1705729,1,No,0,0,0,,
SIGIND,SIGNET INDUSTRIES,1157633,1,No,0,0,0,,
SIGMA-BE,SIGMA SOLVE,4265985,1,No,0,0,0,,
SIGNATURE,SIGNATUREGLOBAL INDIA,4798209,1,No,0,0,0,,
SIGNORIA-SM,SIGNORIA CREATION,5925633,1000,No,0,0,0,,
SIGNPOST,SIGNPOST INDIA,5799937,1,No,0,0,0,,
SIHF27-N0,,6643201,1,No,0,0,0,,
SIKKO-BE,SIKKO INDUSTRIES,1593857,1,No,0,0,0,,
SIL,STANDARD INDUSTRIES,2892033,1,No,0,0,0,,
SIL360INAV,360ONEAMC - SIL360INAV,7807489,1,No,0,0,0,,
SILBNDINAV,BANDHANAMC - SILBNDINAV,7829505,1,No,0,0,0,,
SILCASINAV,ZERODHAAMC - SILCASINAV,7751681,1,No,0,0,0,,
SILETFINAV,UTIAMC - SILETFINAV,3864065,1,No,0,0,0,,
SILGO,SILGO RETAIL,637953,1,No,0,0,0,,
SILINV,SIL INVESTMENTS,1050881,1,No,0,0,0,,
SILKFLEX-SM,SILKFLEX POLYMERS INDIA L,6076417,2000,No,0,0,0,,
SILKY-SM,SILKY OVERSEAS,193965825,800,No,0,0,0,,
SILLYMONKS-BE,SILLY MONKS ENTERTAIN,4889345,1,No,0,0,0,,
SILVER,BIRLASLAMC - SILVER,2048769,1,No,0,0,0,,
SILVER1,KOTAKMAMC - KOTAKSILVE,3348993,1,No,0,0,0,,
SILVER360,360ONEAMC - SILVER360,193574401,1,No,0,0,0,,
SILVERADD,DSPAMC - DSPSILVETF,2754817,1,No,0,0,0,,
SILVERAG,MIRAEAMC - MASILVER,4294913,1,No,0,0,0,,
SILVERBEES,NIPPONAMC - NETFSILVER,2068481,1,No,0,0,0,,
SILVERBETA,UTIAMC-SILVERBETA,3861761,1,No,0,0,0,,
SILVERBND,BANDHANAMC - SILVERBND,194643969,1,No,0,0,0,,
SILVERCASE,ZERODHAAMC - SILVERCASE,7750145,1,No,0,0,0,,
SILVERIETF,ICICIPRAMC - ICICISILVE,2033153,1,No,0,0,0,,
SILVERINAV,SILVER NAV,2108929,1,No,0,0,0,,
SILVERTUC,SILVER TOUCH TECHNO,2412033,1,No,0,0,0,,
SIMBHALS-BZ,SIMBHAOLI SUGARS,194262017,1,No,0,0,0,,
SIMPLEXINF,SIMPLEX INFRASTRUCTURES L,809473,1,No,0,0,0,,
SINCLAIR,SINCLAIRS HOTELS,6010881,1,No,0,0,0,,
SINDHUTRAD,SINDHU TRADE LINKS,4315905,1,No,0,0,0,,
SINTERCOM,SINTERCOM INDIA,97537,1,No,0,0,0,,
SIRCA,SIRCA PAINT INDIA,2828801,1,No,0,0,0,,
SIS,SIS,5504257,1,No,0,0,0,,
SITINET-BZ,SITI NETWORKS,7477761,1,No,0,0,0,,
SIYSIL,SIYARAM SILK MILLS,3608577,1,No,0,0,0,,
SJLOGISTIC-SM,S J LOGISTICS (INDIA),5258753,250,No,0,0,0,,
SJS,SJS ENTERPRISES,1700609,1,No,0,0,0,,
SJVN,SJVN,4834049,1,No,0,0,0,,
SKFINDIA,SKF INDIA,815617,1,No,0,0,0,,
SKFINDUS,SKF IND (INDUSTRIAL),194585857,1,No,0,0,0,,
SKIPPER,SKIPPER,2413569,1,No,0,0,0,,
SKMEGGPROD,SKM EGG PROD EXPORT(I) LT,1211393,1,No,0,0,0,,
SKP-SM,SKP BEARING INDUSTRI.,2643201,500,No,0,0,0,,
SKYGOLD,SKY GOLD AND DIAMONDS,3489537,1,No,0,0,0,,
SLONE-SM,SLONE INFOSYSTEMS,6064385,400,No,0,0,0,,
SMAADDINAV,DSPAMC - SMAADDINAV,7830529,1,No,0,0,0,,
SMACAPINAV,MIRAEAMC - SMACAPINAV,5852929,1,No,0,0,0,,
SMALL250,MIRAEAMC - SMALL250,194512385,1,No,0,0,0,,
SMALL2INAV,MIRAEAMC - SMALL2INAV,7826689,1,No,0,0,0,,
SMALLADD,DSPAMC - SMALLADD,194651905,1,No,0,0,0,,
SMALLCAP,MIRAEAMC - SMALLCAP,5844993,1,No,0,0,0,,
SMARTEN-SM,SMARTEN POWER SYSTEMS,193950465,1200,No,0,0,0,,
SMARTLINK,SMARTLINK HOLDINGS,2531585,1,No,0,0,0,,
SMARTWORKS,SMARTWORKS COWORKING SP L,194039041,1,No,0,0,0,,
SMCGLOBAL,SMC GLOBAL SECURITIES,593921,1,No,0,0,0,,
SML100CASE,ZERODHAAMC - SML100CASE,194292481,1,No,0,0,0,,
SML100INAV,ZERODHAAMC - SML100INAV,7819265,1,No,0,0,0,,
SMLMAH,SML MAHINDRA,867073,1,No,0,0,0,,
SMLT,SARTHAK METALS,1751809,1,No,0,0,0,,
SMSPHARMA,SMS PHARMACEUTICALS,3668225,1,No,0,0,0,,
SMVD-SM,SMVD POLY PACK,216833,4040,No,0,0,0,,
SNEHAA-SM,SNEHAA ORGANICS,194290177,1000,No,0,0,0,,
SNOWMAN,SNOWMAN LOGISTICS,1239809,1,No,0,0,0,,
SNXT30BEES,NIPPONAMC - SNXT30BEES,193908481,1,No,0,0,0,,
SNXT30INAV,NIPPONAMC - SNXT30INAV,7812865,1,No,0,0,0,,
SNXT50BETA,UTIAMC-SNXT50BETA,2347009,1,No,0,0,0,,
SOBHA,SOBHA,3539457,1,No,0,0,0,,
SOCL-ST,SUNDREX OIL COMPANY,194868481,1600,No,0,0,0,,
SOFTTECH,SOFTTECH ENGINEERS,2116097,1,No,0,0,0,,
SOLARA,SOLARA ACTIVE PHA SCI,940033,1,No,0,0,0,,
SOLARAPP1-E1,SOLARA RS. 7 PPD UP,193776385,1,No,0,0,0,,
SOLARINDS,SOLAR INDUSTRIES (I),3412993,1,Yes,216,106,110,2026-01-27,2026-03-30
SOLARWORLD,SOLARWORLD ENERGY SOL,194541825,1,No,0,0,0,,
SOLEX,SOLEX ENERGY,194405633,1,No,0,0,0,,
SOMANYCERA,SOMANY CERAMICS,993281,1,No,0,0,0,,
SOMATEX-BE,SOMA TEXTILEI NDUSTRIES L,2330625,1,No,0,0,0,,
SOMICONVEY,SOMI CONVEYOR BELT.,4555265,1,No,0,0,0,,
SONACOMS,SONA BLW PRECISION FRGS L,1199105,1,Yes,151,77,74,2026-01-27,2026-03-30
SONAMAC-SM,SONA MACHINERY,5901313,1000,No,0,0,0,,
SONAMLTD,SONAM,2254337,1,No,0,0,0,,
SONATSOFTW,SONATA SOFTWARE,1688577,1,No,0,0,0,,
SONUINFRA-SM,SONU INFRATECH,2421249,1500,No,0,0,0,,
SOTAC-SM,SOTAC PHARMACEUTICALS,3838209,1200,No,0,0,0,,
SOTL,SAVITA OIL TECHNOLO.,773377,1,No,0,0,0,,
SOUTHBANK,THE SOUTH INDIAN BANK,1522689,1,No,0,0,0,,
SOUTHWEST-BE,SOUTH WEST PINNACLE,2477825,1,No,0,0,0,,
SPAL,S. P. APPARELS,4672513,1,No,0,0,0,,
SPANDANA,SPANDANA SPHOORTY FIN,2927361,1,No,0,0,0,,
SPARC,SUN PHARMA ADV.RES.CO.LTD,3785729,1,No,0,0,0,,
SPCENET-BE,SPACENET ENTERS IND,4960001,1,No,0,0,0,,
SPCL-SM,SHIVALIC POWER CONTROL L,6207745,600,No,0,0,0,,
SPEB-SM,SPEB ADHESIVES,194594561,2000,No,0,0,0,,
SPECIALITY,SPECIALITY REST,6939393,1,No,0,0,0,,
SPECTRUM,SPECTRUM ELECTRIC IND,7796481,1,No,0,0,0,,
SPECTSTM-SM,SPECTRUM TALENT MGMT,4320257,800,No,0,0,0,,
SPENCERS,SPENCER S RETAIL,2089729,1,No,0,0,0,,
SPIC,SPIC,832513,1,No,0,0,0,,
SPLIL,SPL INDUSTRIES,3055361,1,No,0,0,0,,
SPLPETRO,SUPREME PETROCHEM,2461953,1,No,0,0,0,,
SPMLINFRA,SPML INFRA,850177,1,No,0,0,0,,
SPORTKING,SPORTKING INDIA,2747649,1,No,0,0,0,,
SPPPOLY-SM,SPP POLYMER,6478337,2000,No,0,0,0,,
SPRL-ST,SP REFRACTORIES,2182913,800,No,0,0,0,,
SPUNWEB-SM,SPUNWEB NONWOVEN,194013441,1200,No,0,0,0,,
SRD,SHANKAR LAL RAMPAL,6588673,1,No,0,0,0,,
SREEL,SREELEATHERS,8150273,1,No,0,0,0,,
SRF,SRF,837889,1,Yes,213,106,107,2026-01-27,2026-03-30
SRGHFL,SRG HOUSING FINANCE L,4638465,1,No,0,0,0,,
SRHHYPOLTD,SREE RAYALSEEMA HHP,3732993,1,No,0,0,0,,
SRIVASAVI-SM,SRIVASAVI ADHESIVE TAPE L,3689217,1000,No,0,0,0,,
SRM,SRM CONTRACTORS,5990913,1,No,0,0,0,,
SRPL-BZ,SHREE RAM PROTEINS,7330561,1,No,0,0,0,,
SSDL,SARASWATI SAREE DEPOT,6363137,1,No,0,0,0,,
SSEGL-SM,SATHLOKHAR SYN E&C GLOB L,6322433,200,No,0,0,0,,
SSFL-SM,SRIVARI SPICES N FOODS L,4622337,500,No,0,0,0,,
SSFLPP-E1,SPANDANA RS.5 PPD UP,194155521,1,No,0,0,0,,
SSWL,STEEL STRIPS WHEELS,3028225,1,No,0,0,0,,
STALLION-BE,STALLION IND FLUOROCHEM L,7476481,1,No,0,0,0,,
STANLEY,STANLEY LIFESTYLES,6201857,1,No,0,0,0,,
STAR,STRIDES PHARMA SCI,1887745,1,No,0,0,0,,
STARCEMENT,STAR CEMENT,5399297,1,No,0,0,0,,
STARHEALTH,STAR HEALTH & AL INS CO L,1813249,1,No,0,0,0,,
STARPAPER,STAR PAPER MILLS,842497,1,No,0,0,0,,
STARTECK,STARTECK FINANCE,2382081,1,No,0,0,0,,
STCINDIA,THE STATE TRADING CORPN,2802689,1,No,0,0,0,,
STEELCAS,STEELCAST,1741569,1,No,0,0,0,,
STEELCITY,STEEL CITY SECURITIES,2663937,1,No,0,0,0,,
STEELXIND,STEEL EXCHANGE INDIA,5462785,1,No,0,0,0,,
STEL,STEL HOLDINGS,5499905,1,No,0,0,0,,
STERTOOLS,STERLING TOOLS,1100545,1,No,0,0,0,,
STLNETWORK,STL NETWORKS,194293249,1,No,0,0,0,,
STLTECH,STERLITE TECHNOLOGIES,2383105,1,No,0,0,0,,
STOVEKRAFT,STOVE KRAFT,539393,1,No,0,0,0,,
STUDDS,STUDDS ACCESSORIES,194454273,1,No,0,0,0,,
STUDIOLSD-SM,STUDIO LSD,194182913,2000,No,0,0,0,,
STYL,SESHAASAI TECHNOLOGIES L,194543105,1,No,0,0,0,,
STYLAMIND,STYLAM INDUSTRIES,1327617,1,No,0,0,0,,
STYLEBAAZA,BAAZAR STYLE RETAIL,6429185,1,No,0,0,0,,
STYRENIX,STYRENIX PERFORMANCE,4865,1,No,0,0,0,,
SUBAHOTELS-SM,SUBA HOTELS,194588673,1200,No,0,0,0,,
SUBEXLTD,SUBEX,247553,1,No,0,0,0,,
SUBROS,SUBROS,850945,1,No,0,0,0,,
SUDARSCHEM,SUDARSHAN CHEMICAL INDS L,851713,1,No,0,0,0,,
SUDEEPPHRM,SUDEEP PHARMA,194569985,1,No,0,0,0,,
SUKHJITS,SUKHJIT STARCH & CHEM,3021825,1,No,0,0,0,,
SULA,SULA VINEYARDS,3383809,1,No,0,0,0,,
SUMEETINDS,SUMEET IND,5322241,1,No,0,0,0,,
SUMICHEM,SUMITOMO CHEM INDIA,4378881,1,No,0,0,0,,
SUMIT,SUMIT WOODS,2851841,1,No,0,0,0,,
SUMMITSEC,SUMMIT SECURITIES,5446401,1,No,0,0,0,,
SUNCLAY,SUNDARAM CLAYTON,5364737,1,No,0,0,0,,
SUNDARAM,SUNDARAM MULTI PAP,4846337,1,No,0,0,0,,
SUNDARMFIN,SUNDARAM FINANCE,854785,1,No,0,0,0,,
SUNDRMBRAK,SUNDARAM BRAK LININGS,1069825,1,No,0,0,0,,
SUNDRMFAST,SUNDRAM FASTENERS,856321,1,No,0,0,0,,
SUNDROP,SUNDROP BRANDS,425729,1,No,0,0,0,,
SUNFLAG,SUNFLAG IRON AND STEEL CO,857089,1,No,0,0,0,,
SUNLITE-ST,SUNLITE RECYCLING IND,6367233,600,No,0,0,0,,
SUNPHARMA,SUN PHARMACEUTICAL IND L,857857,1,Yes,194,98,96,2026-01-27,2026-03-30
SUNREST-SM,SUNREST LIFESCIENCE,5174529,1600,No,0,0,0,,
SUNTECH-SM,SUNTECH INFRA SOLUTIONS L,193987329,1600,No,0,0,0,,
SUNTECK,SUNTECK REALTY,4516097,1,No,0,0,0,,
SUNTV,SUN TV NETWORK,3431425,1,No,0,0,0,,
SUPERHOUSE,SUPERHOUSE,5277697,1,No,0,0,0,,
SUPERSPIN,SUPER SPINNING MILLS,859393,1,No,0,0,0,,
SUPRAJIT,SUPRAJIT ENGINEERING,2992385,1,No,0,0,0,,
SUPREME,SUPREME HOLDIN N HOSP I L,7536385,1,No,0,0,0,,
SUPREMEENG-BZ,SUPREME ENGINEERING,194303233,1,No,0,0,0,,
SUPREMEIND,SUPREME INDUSTRIES,860929,1,Yes,123,61,62,2026-01-27,2026-03-30
SUPREMEINF-BZ,SUPREME INFRA.,3435265,1,No,0,0,0,,
SUPREMEPWR-SM,SUPREME POWER EQUIPMENT L,5393153,500,No,0,0,0,,
SUPRIYA,SUPRIYA LIFESCIENCE,1891841,1,No,0,0,0,,
SURAJEST,SURAJ ESTATE DEVELOPERS L,5330433,1,No,0,0,0,,
SURAJLTD,SURAJ,6391297,1,No,0,0,0,,
SURAKSHA,SURAKSHA DIAGNOSTIC,6997505,1,No,0,0,0,,
SURANASOL,SURANA SOLAR,5395713,1,No,0,0,0,,
SURANAT&P,SURANA TELECOM AND POW LT,2739201,1,No,0,0,0,,
SURANI-SM,SURANI STEEL TUBES,2179329,200,No,0,0,0,,
SURYALAXMI,SURYALAKSHMI COT MIL,3034113,1,No,0,0,0,,
SURYAROSNI,SURYA ROSHNI,864001,1,No,0,0,0,,
SURYODAY,SURYODAY SMALL FIN BK,760321,1,No,0,0,0,,
SUTLEJTEX,SUTLEJ TEXT & INDUS,3533057,1,No,0,0,0,,
SUVEN,SUVEN LIFE SCIENCES,2875649,1,No,0,0,0,,
SUVIDHAA,SUVIDHAA INFOSERVE,767489,1,No,0,0,0,,
SUYOG,SUYOG TELEMATICS,6361857,1,No,0,0,0,,
SUZLON,SUZLON ENERGY,3076609,1,Yes,96,49,47,2026-01-27,2026-03-30
SVLL,SHREE VASU LOGISTICS,3870977,1,No,0,0,0,,
SVPGLOB-BE,SVP GLOBAL TEXTILES,1285889,1,No,0,0,0,,
SWANCORP,SWAN CORP,6936321,1,No,0,0,0,,
SWANDEF-BE,SWAN DEFENCE N HEVY IND L,7465985,1,No,0,0,0,,
SWARAJ-ST,SWARAJ SUITING,2204673,500,No,0,0,0,,
SWARAJENG,SWARAJ ENGINES,866305,1,No,0,0,0,,
SWASTIK-SM,SWASTIK PIPE,2941953,1200,No,0,0,0,,
SWELECTES,SWELECT ENERGY SYS,3048705,1,No,0,0,0,,
SWIGGY,SWIGGY,6928897,1,Yes,118,59,59,2026-01-27,2026-03-30
SWSOLAR,STRLNG & WIL REN ENE,3197185,1,No,0,0,0,,
SYLVANPLY-SM,SYLVAN PLYBOARD (INDIA) L,6212353,2000,No,0,0,0,,
SYMPHONY,SYMPHONY,6192641,1,No,0,0,0,,
SYNCOMF,SYNCOM FORMU (I),3069953,1,No,0,0,0,,
SYNGENE,SYNGENE INTERNATIONAL,2622209,1,Yes,92,46,46,2026-01-27,2026-03-30
SYNOPTICS-SM,SYNOPTICS TECHNOLOGIES L,4403969,600,No,0,0,0,,
SYRMA,SYRMA SGS TECHNOLOGY,2763009,1,No,0,0,0,,
SYSTANGO-ST,SYSTANGO TECHNOLOGIES,3714305,400,No,0,0,0,,
SYSTMTXC,SYSTEMATIX CORP SERVICE L,194394881,1,No,0,0,0,,
TAC-SM,TAC INFOSEC,6000129,200,No,0,0,0,,
TAGOLDINAV,TATAAML-TAGOLDINAV,5488129,1,No,0,0,0,,
TAINWALCHM,TAINWALA CHEMICAL AND PLA,869377,1,No,0,0,0,,
TAJGVK,TAJ GVK HOTELS & RESORTS,2394625,1,No,0,0,0,,
TAKE-BE,TAKE SOLUTIONS,3819521,1,No,0,0,0,,
TALBROAUTO,TALBROS AUTO. COMP.,3493889,1,No,0,0,0,,
TANKUP-ST,TANKUP ENGINEERS,193622529,250,No,0,0,0,,
TANLA,TANLA PLATFORMS,3577857,1,No,0,0,0,,
TAPIFRUIT-SM,TAPI FRUIT PROCESSING,2812417,750,No,0,0,0,,
TARACHAND,TARA CHAND INFRA SOLN,6019073,1,No,0,0,0,,
TARAPUR-BE,TARAPUR TRANSFORMERS,4820737,1,No,0,0,0,,
TARC,TARC,404737,1,No,0,0,0,,
TARIL,TRANS & RECTI.,3884545,1,No,0,0,0,,
TARMAT,TARMAT,3781377,1,No,0,0,0,,
TARSONS,TARSONS PRODUCTS,1777409,1,No,0,0,0,,
TASILVINAV,TATAAML-TASILVINAV,5490945,1,No,0,0,0,,
TASTYBITE,TASTY BITE EATABLES,5143553,1,No,0,0,0,,
TATACAP,TATA CAPITAL,194371841,1,No,0,0,0,,
TATACHEM,TATA CHEMICALS,871681,1,No,0,0,0,,
TATACOMM,TATA COMMUNICATIONS,952577,1,No,0,0,0,,
TATACONSUM,TATA CONSUMER PRODUCT,878593,1,Yes,172,85,87,2026-01-27,2026-03-30
TATAELXSI,TATA ELXSI,873217,1,Yes,163,80,83,2026-01-27,2026-03-30
TATAGOLD,TATAAML-TATAGOLD,5478657,1,No,0,0,0,,
TATAINVEST,TATA INVESTMENT CORP,414977,1,No,0,0,0,,
TATAPOWER,TATA POWER CO,877057,1,Yes,215,108,107,2026-01-27,2026-03-30
TATASTEEL,TATA STEEL,895745,1,Yes,250,123,127,2026-01-27,2026-03-30
TATATECH,TATA TECHNOLOGIES,5195009,1,Yes,190,95,95,2026-01-27,2026-03-30
TATSILV,TATAAML-TATSILV,5485569,1,No,0,0,0,,
TATVA,TATVA CHIN PHARM CHEM,1321473,1,No,0,0,0,,
TAURIAN-ST,TAURIAN MPS,194498305,800,No,0,0,0,,
TBI-SM,TBI CORN,6148865,600,No,0,0,0,,
TBOTEK,TBO TEK,6077441,1,No,0,0,0,,
TBZ,TRIB BHIMJI ZAVERI,6921473,1,No,0,0,0,,
TCHF30-NB,,4324865,1,No,0,0,0,,
TCI,TRANSPORT CORPN OF INDIA,2708481,1,No,0,0,0,,
TCIEXP,TCI EXPRESS,4921089,1,No,0,0,0,,
TCIFINANCE-BE,TCIFINANCELTD-ROLL SETT,2232833,1,No,0,0,0,,
TCL-SM,THAAI CASTING,5830913,800,No,0,0,0,,
TCL26-NG,,6035969,1,No,0,0,0,,
TCPLPACK,TCPL PACKAGING,47105,1,No,0,0,0,,
TCS,TATA CONSULTANCY SERV LT,2953217,1,Yes,213,107,106,2026-01-27,2026-03-30
TDPOWERSYS,TD POWER SYSTEMS,6445569,1,No,0,0,0,,
TEAMGTY,TEAM INDIA GUARANTY,2743553,1,No,0,0,0,,
TEAMLEASE,TEAMLEASE SERVICES,3255297,1,No,0,0,0,,
TECH,BIRLASLAMC - TECH,1654273,1,No,0,0,0,,
TECHD-ST,TECHD CYBERSECURITY,194340097,600,No,0,0,0,,
TECHERA-ST,TECHERA ENGINEER (IND) L,6567681,800,No,0,0,0,,
TECHINAV,TECH INAV,2551041,1,No,0,0,0,,
TECHLABS-SM,TRIDENT TECHLABS,5395969,125,No,0,0,0,,
TECHM,TECH MAHINDRA,3465729,1,Yes,118,57,61,2026-01-27,2026-03-30
TECHNOE,TECHNO ELEC & ENG CO.,1649921,1,No,0,0,0,,
TECILCHEM,TECIL CHEMICALS,883969,1,No,0,0,0,,
TEGA,TEGA INDUSTRIES,1818881,1,No,0,0,0,,
TEJASCARGO-SM,TEJAS CARGO INDIA,7609089,400,No,0,0,0,,
TEJASNET,TEJAS NETWORKS,5409537,1,No,0,0,0,,
TEMBO,TEMBO GLOBAL IND,838401,1,No,0,0,0,,
TENNIND,TENNECO CLEAN AIR INDIA L,194529281,1,No,0,0,0,,
TERASOFT-BE,TERA SOFTWARE,4939777,1,No,0,0,0,,
TEXINFRA,TEXMACO INFRA & HOLDG,2956545,1,No,0,0,0,,
TEXMOPIPES,TEXMO PIPE & PRODUCTS,4662785,1,No,0,0,0,,
TEXRAIL,TEXMACO RAIL & ENG.,5587969,1,No,0,0,0,,
TFCILTD,TOURISM FINANCE CORP. OF,887297,1,No,0,0,0,,
TFL,TRANSWARRANTY FIN.,3665665,1,No,0,0,0,,
TGBHOTELS,TGB BANQUETS&HOTELS,3739393,1,No,0,0,0,,
TGL-ST,TEERTH GOPICON,6023681,200,No,0,0,0,,
THANGAMAYL,THANGAMAYIL JEWELLERY,4638209,1,No,0,0,0,,
THEINVEST,THE INVEST TRUST OF IND L,5485313,1,No,0,0,0,,
THEJO,THEJO ENGINEERING,4935425,1,No,0,0,0,,
THELEELA,LEELA PALACES HOTEL,193795585,1,No,0,0,0,,
THEMISMED,THEMIS MEDICARE,3708161,1,No,0,0,0,,
THERMAX,THERMAX,889601,1,No,0,0,0,,
THESL-SM,THINKING HATS ENTER SOL L,6565889,3000,No,0,0,0,,
THOMASCOOK,THOMAS COOK (INDIA),891137,1,No,0,0,0,,
THOMASCOTT,THOMAS SCOTT (INDIA),7940353,1,No,0,0,0,,
THYROCARE,THYROCARE TECH,4360193,1,No,0,0,0,,
TI,TILAKNAGAR INDUSTRIES,4914177,1,No,0,0,0,,
TICL-BE,TWAMEV CONS AND INFRA,4992769,1,No,0,0,0,,
TIGERLOGS,TIGER LOGISTICS (INDIA) L,194349057,1,No,0,0,0,,
TIIL,TECHNOCRAFT IND,3641089,1,No,0,0,0,,
TIINDIA,TUBE INVEST OF INDIA,79873,1,Yes,223,111,112,2026-01-27,2026-03-30
TIJARIA,TIJARIA POLYPIPES,6523393,1,No,0,0,0,,
TIL,TIL,891905,1,No,0,0,0,,
TIMESCAN-SM,TIMESCAN LOGISTICS IND L,1996801,2000,No,0,0,0,,
TIMETECHNO,TIME TECHNOPLAST,3764993,1,No,0,0,0,,
TIMKEN,TIMKEN INDIA,3634689,1,No,0,0,0,,
TINNARUBR,TINNA RUBBER AND INFR,193541121,1,No,0,0,0,,
TIPSFILMS,TIPS FILMS,2911745,1,No,0,0,0,,
TIPSMUSIC,TIPS MUSIC,2333953,1,No,0,0,0,,
TIRUMALCHM,THIRUMALAI CHEMICALS,894977,1,No,0,0,0,,
TIRUPATI-ST,SHREE TIRUPATI BALAJEE,5598465,125,No,0,0,0,,
TIRUPATIFL,TIRUPATI FORGE,5704193,1,No,0,0,0,,
TITAGARH,TITAGARH RAIL SYSTEMS,3945985,1,No,0,0,0,,
TITAN,TITAN COMPANY,897537,1,Yes,207,101,106,2026-01-27,2026-03-30
TMB,TAMILNAD MERCA BANK,2801921,1,No,0,0,0,,
TMCV,TATA MOTORS,194504193,1,No,0,0,0,,
TMPV,TATA MOTORS PASS VEH,884737,1,Yes,118,58,60,2026-01-27,2026-03-30
TNIDETF,TATAAML - TNIDETF,2273793,1,No,0,0,0,,
TNIDETINAV,TNIDETF INAV,2603265,1,No,0,0,0,,
TNPETRO,TAMILNADU PETROPRODUCTS L,898305,1,No,0,0,0,,
TNPL,TAMILNADU NEWSPRT & PAPER,1018881,1,No,0,0,0,,
TNTELE,TAMILNADU TELECOMMUNICATI,899073,1,No,0,0,0,,
TOKYOPLAST,TOKYO PLAST INTL,982273,1,No,0,0,0,,
TOLINS,TOLINS TYRES,6467073,1,No,0,0,0,,
TOP100CASE,ZERODHA NIFTY LARGECAP 100 ETF,6164737,1,No,0,0,0,,
TOP100INAV,ZERODHAAMC - TOP100INAV,6166017,1,No,0,0,0,,
TOP10ADD,DSPAMC - TOP10ADD,6443777,1,No,0,0,0,,
TOP10AINAV,DSPAMC - TOP10AINAV,6445825,1,No,0,0,0,,
TOP15IETF,ICICIPRAMC - TOP15IETF,193991937,1,No,0,0,0,,
TOP20,MIRAEAMC - TOP20,194666241,1,No,0,0,0,,
TOP20INAV,MIRAEAMC - TOP20INAV,7831041,1,No,0,0,0,,
TOPETFINAV,ICICIPRAMC - TOPETFINAV,7814401,1,No,0,0,0,,
TORNTPHARM,TORRENT PHARMACEUTICALS L,900609,1,Yes,218,108,110,2026-01-27,2026-03-30
TORNTPOWER,TORRENT POWER,3529217,1,Yes,236,118,118,2026-01-27,2026-03-30
TOTAL,TOTAL TRANSPORT SYS,5740289,1,No,0,0,0,,
TOUCHWOOD,TOUCHWOOD ENTERTAIN,4328449,1,No,0,0,0,,
TPHQ,TEAMO PRODUCTIONS HQ,4350977,1,No,0,0,0,,
TPL26-N3,,5279233,1,No,0,0,0,,
TPLPLASTEH,TPL PLASTECH,2360065,1,No,0,0,0,,
TRACXN,TRACXN TECHNOLOGIES,2964993,1,No,0,0,0,,
TRANSRAILL,TRANSRAIL LIGHTING,7350785,1,No,0,0,0,,
TRANSTEEL-SM,TRANSTEEL SEATING TECH L,5069057,1000,No,0,0,0,,
TRANSWIND-ST,TRANSWIND INFRA,5442817,4000,No,0,0,0,,
TRANSWORLD,TRANSWORLD SHIP LINES,801025,1,No,0,0,0,,
TRAVELFOOD,TRAVEL FOOD SERVICES,193931521,1,No,0,0,0,,
TREEHOUSE,TREE HOUSE EDU,6420993,1,No,0,0,0,,
TREJHARA-BE,TREJHARA SOLUTIONS,1946881,1,No,0,0,0,,
TREL,TRANSINDIA REAL ESTATE L,4555521,1,No,0,0,0,,
TRENT,TRENT,502785,1,Yes,131,63,68,2026-01-27,2026-03-30
TRF,TRF,4604673,1,No,0,0,0,,
TRIDENT,TRIDENT,2479361,1,No,0,0,0,,
TRIDHYA-SM,TRIDHYA TECH,4405761,3000,No,0,0,0,,
TRIGYN,TRIGYN TECHNOLOGIES,1389569,1,No,0,0,0,,
TRITURBINE,TRIVENI TURBINE,6549505,1,No,0,0,0,,
TRIVENI,TRIVENI ENGG. & INDS.,3348737,1,No,0,0,0,,
TROM-SM,TROM INDUSTRIES,6308353,600,No,0,0,0,,
TRU,TRUCAP FINANCE,2400769,1,No,0,0,0,,
TRUALT,TRUALT BIOENERGY,194357761,1,No,0,0,0,,
TRUST-ST,TRUST FINTECH,5995521,600,No,0,0,0,,
TSC-SM,TSC INDIA,194011649,2000,No,0,0,0,,
TSFINV,TSF INVESTMENTS,558849,1,No,0,0,0,,
TTKHLTCARE,TTK HEALTHCARE,2910465,1,No,0,0,0,,
TTKPRESTIG,TTK PRESTIGE,907777,1,No,0,0,0,,
TTL,T T,3664385,1,No,0,0,0,,
TTML,TATA TELESERV(MAHARASTRA),2292225,1,No,0,0,0,,
TUNWAL-SM,TUNWAL E-MOTORS,6277121,2000,No,0,0,0,,
TVSELECT-BE,TVS ELECTRONICS,3358721,1,No,0,0,0,,
TVSHLTD,TVS HOLDINGS,7426049,1,No,0,0,0,,
TVSINVIT-IV,TVS INFRASTRUCTURE TRUST,194201089,25000,No,0,0,0,,
TVSMOTOR,TVS MOTOR COMPANY ,2170625,1,Yes,257,128,129,2026-01-27,2026-03-30
TVSSCS,TVS SUPPLY CHAIN SOL L,4646657,1,No,0,0,0,,
TVSSRICHAK,TVS SRICHAKRA,3646721,1,No,0,0,0,,
TVTODAY,TV TODAY NETWORK,2886401,1,No,0,0,0,,
TVVISION-BE,TV VISION,4738049,1,No,0,0,0,,
TWCGLDINAV,WEALTH - TWCGLDINAV,7832577,1,No,0,0,0,,
TWCGOLDETF,WEALTH - TWCGOLDETF,194683393,1,No,0,0,0,,
UBL,UNITED BREWERIES,4278529,1,No,0,0,0,,
UCAL,UCAL,913921,1,No,0,0,0,,
UCL-SM,USHANTI COLOUR CHEM,1078273,2000,No,0,0,0,,
UCOBANK,UCO BANK,2873089,1,No,0,0,0,,
UDS,UPDATER SERVICES,4892929,1,No,0,0,0,,
UFBL,UNITED FOODBRANDS,800513,1,No,0,0,0,,
UFLEX,UFLEX,269569,1,No,0,0,0,,
UFO,UFO MOVIEZ INDIA,2313985,1,No,0,0,0,,
UGARSUGAR,THE UGAR SUGAR WORKS,5011969,1,No,0,0,0,,
UGROCAP,UGRO CAPITAL,1360129,1,No,0,0,0,,
UHTL-SM,UNITED HEAT TRANSFER,6639361,2000,No,0,0,0,,
UJJIVANSFB,UJJIVAN SMALL FINANC BANK,3898369,1,No,0,0,0,,
ULTRACEMCO,ULTRATECH CEMENT,2952193,1,Yes,173,85,88,2026-01-27,2026-03-30
UMA-SM,UMA CONVERTER,3417345,4000,No,0,0,0,,
UMAEXPORTS,UMA EXPORTS,2263553,1,No,0,0,0,,
UMESLTD,USHA MARTIN EDU & SOL,4900353,1,No,0,0,0,,
UMIYA-MRO,UMIYA BUILDCON,2303489,1,No,0,0,0,,
UNGOLDINAV,UNIONAMC - UNGOLDINAV,7600641,1,No,0,0,0,,
UNICHEMLAB,UNICHEM LABORATORIES,916225,1,No,0,0,0,,
UNIDT,UNITED DRILLING TOOLS,51457,1,No,0,0,0,,
UNIECOM,UNICOMMERCE ESOLUTIONS L,6351105,1,No,0,0,0,,
UNIENTER,UNIPHOS ENTERPRISES,2891009,1,No,0,0,0,,
UNIHEALTH-ST,UNIHEALTH HOSPITALS,4759297,1000,No,0,0,0,,
UNIINFO,UNIINFO TELECOM SERVI,1994497,1,No,0,0,0,,
UNILEX-SM,UNILEX COLOURS AND CHEM L,6562049,1600,No,0,0,0,,
UNIMECH,UNIMECH AEROSPACE N MFG L,7413761,1,No,0,0,0,,
UNIONBANK,UNION BANK OF INDIA,2752769,1,Yes,105,52,53,2026-01-27,2026-03-30
UNIONGOLD,UNIONAMC - UNIONGOLD,7599873,1,No,0,0,0,,
UNIPARTS,UNIPARTS INDIA,3342593,1,No,0,0,0,,
UNITDSPR,UNITED SPIRITS,2674433,1,Yes,207,104,103,2026-01-27,2026-03-30
UNITECH,UNITECH,920065,1,No,0,0,0,,
UNITEDPOLY-BE,UNITED POLYFAB GUJ.,1936385,1,No,0,0,0,,
UNITEDTEA,UNITED NILGIRI TEA,4607745,1,No,0,0,0,,
UNIVASTU,UNIVASTU INDIA,4858113,1,No,0,0,0,,
UNIVCABLES,UNIVERSAL CABLES,923393,1,No,0,0,0,,
UNIVPHOTO,UNIVERSUS IMAGINGS,4520705,1,No,0,0,0,,
UNOMINDA,UNO MINDA,3623425,1,Yes,103,50,53,2026-01-27,2026-03-30
UPL,UPL,2889473,1,Yes,119,59,60,2026-01-27,2026-03-30
URAVIDEF,URAVI DEFENCE &TECH,4370177,1,No,0,0,0,,
URBAN-SM,URBAN ENVIRO WASTE MGMT L,4323329,800,No,0,0,0,,
URBANCO,URBAN COMPANY,194325505,1,No,0,0,0,,
URJA,URJA GLOBAL,5171969,1,No,0,0,0,,
USASEEDS-SM,UPSURGE SEEDS OF AGRI,2716161,428,No,0,0,0,,
USHAFIN-SM,USHA FINANCIAL SERVICES L,6643713,1600,No,0,0,0,,
USHAMART,USHA MARTIN,2263041,1,No,0,0,0,,
USK,UDAYSHIVAKUMAR INFRA,3806977,1,No,0,0,0,,
UTIAMC,UTI ASSET MNGMT CO,134913,1,No,0,0,0,,
UTIBANINAV,UTIBANKETF INAV,2603777,1,No,0,0,0,,
UTINEXINAV,UTINEXT50 INAV,2604033,1,No,0,0,0,,
UTINIFINAV,UTINIFTETF INAV,2604289,1,No,0,0,0,,
UTISENINAV,UTISENSETF INAV,2604801,1,No,0,0,0,,
UTISXNINAV,UTISXN50 INAV,2606593,1,No,0,0,0,,
UTKARSHBNK,UTKARSH SMALL FIN BANK L,4443649,1,No,0,0,0,,
UTLSOLAR,FUJIYAMA POWER SYSTEMS L,194528257,1,No,0,0,0,,
UTSSAV-SM,UTSSAV CZ GOLD JEWELS,6329857,600,No,0,0,0,,
UTTAMSUGAR,UTTAM SUGAR MILLS,3424257,1,No,0,0,0,,
UWCSL-SM,ULTRA WIRING CONN SYS,1521921,1000,No,0,0,0,,
UYFINCORP-BE,U. Y. FINCORP,6561025,1,No,0,0,0,,
V2RETAIL,V2 RETAIL,3780097,1,No,0,0,0,,
VADILALIND,VADILAL INDUSTRIES,6194177,1,No,0,0,0,,
VAIBHAVGBL,VAIBHAV GLOBAL,2909185,1,No,0,0,0,,
VAISHALI,VAISHALI PHARMA,4246785,1,No,0,0,0,,
VAKRANGEE,VAKRANGEE,3415553,1,No,0,0,0,,
VAL30IETF,ICICIPRAMC - VAL30IETF,6617857,1,No,0,0,0,,
VAL30IINAV,ICICIPRAMC - VAL30IINAV,6618625,1,No,0,0,0,,
VALIANTLAB,VALIANT LABORATORIES,4919809,1,No,0,0,0,,
VALIANTORG,VALIANT ORGANICS,84481,1,No,0,0,0,,
VARDHACRLC,VARDHAMAN ACRYLICS,2872321,1,No,0,0,0,,
VARDMNPOLY,VARDHMAN POLYTEX,933377,1,No,0,0,0,,
VARROC,VARROC ENGINEERING,987393,1,No,0,0,0,,
VASA-SM,VASA RETAIL & OVERSEA,326145,4000,No,0,0,0,,
VASCONEQ,VASCON ENGINEERS,4636161,1,No,0,0,0,,
VASWANI,VASWANI IND,6487041,1,No,0,0,0,,
VBL,VARUN BEVERAGES,4843777,1,Yes,139,68,71,2026-01-27,2026-03-30
VCL-BE,VAXTEX COTFAB,2310913,1,No,0,0,0,,
VDEAL-SM,VDEAL SYSTEM,6413825,600,No,0,0,0,,
VEDL,VEDANTA,784129,1,Yes,196,95,101,2026-01-27,2026-03-30
VEEDOL,VEEDOL CORPORATION,3588865,1,No,0,0,0,,
VEEKAYEM-SM,VEEKAYEM FASH & APP,2741761,500,No,0,0,0,,
VELS-SM,VELS FILM INTERNATIONAL L,3735041,1200,No,0,0,0,,
VENKEYS,VENKY S (INDIA),961793,1,No,0,0,0,,
VENTIVE,VENTIVE HOSPITALITY,7384833,1,No,0,0,0,,
VENUSPIPES,VENUS PIPES & TUBES,2455553,1,No,0,0,0,,
VENUSREM-BE,VENUS REMEDIES,3547137,1,No,0,0,0,,
VERA-SM,VERA SYNTHETIC,682497,1500,No,0,0,0,,
VERANDA,VERANDA LEARNING SOL,2275841,1,No,0,0,0,,
VERITAAS-SM,VERITAAS ADVERTISING,6086401,1200,No,0,0,0,,
VERTEXPLUS-SM,VERTEXPLUS TECHNOLOGIES L,3709697,600,No,0,0,0,,
VERTIS-IV,VERTIS INFRASTRUCTURE TST,2753793,25000,No,0,0,0,,
VERTOZ,VERTOZ,4828929,1,No,0,0,0,,
VESUVIUS,VESUVIUS INDIA,941057,1,No,0,0,0,,
VETO,VETO SWITCHGEAR CABLE,2214913,1,No,0,0,0,,
VGINFOTECH-SM,VIRTUAL GALAXY INFOTECH L,193807361,1000,No,0,0,0,,
VGL,VARVEE GLOBAL,3525377,1,No,0,0,0,,
VGUARD,V-GUARD IND,3932673,1,No,0,0,0,,
VHL,VARDHMAN HOLDINGS,3044353,1,No,0,0,0,,
VHLTD-BE,VICEROY HOTELS,5986817,1,No,0,0,0,,
VIAZ-SM,VIAZ TYRES,3664897,2000,No,0,0,0,,
VIDHIING,VIDHI SPCLTY F INGRDNTS L,3465217,1,No,0,0,0,,
VIDYAWIRES,VIDYA WIRES,194617345,1,No,0,0,0,,
VIESL-ST,VISION INFRA EQUIP SOL L,6459905,800,No,0,0,0,,
VIGOR-SM,VIGOR PLAST INDIA,194277889,1600,No,0,0,0,,
VIJAYA,VIJAYA DIAGNOSTIC CEN,1429761,1,No,0,0,0,,
VIJAYPD-SM,VIJAYPD CEUTICAL,194590977,4000,No,0,0,0,,
VIJIFIN,VIJI FINANCE,4528897,1,No,0,0,0,,
VIKASECO,VIKAS ECOTECH,6593537,1,No,0,0,0,,
VIKASLIFE,VIKAS LIFECARE,2542337,1,No,0,0,0,,
VIKRAMSOLR,VIKRAM SOLAR,194419969,1,No,0,0,0,,
VIKRAN,VIKRAN ENGINEERING,194297089,1,No,0,0,0,,
VILAS-SM,VILAS TRANSCORE,6120705,250,No,0,0,0,,
VILINBIO-SM,VILIN BIO MED,4340225,4000,No,0,0,0,,
VIMTALABS,VIMTA LABS,3353857,1,No,0,0,0,,
VINATIORGA,VINATI ORGANICS,4445185,1,No,0,0,0,,
VINCOFE,VINTAGE COFFEE N BVRGS L,6613761,1,No,0,0,0,,
VINDHYATEL,VINDHYA TELELINKS,945665,1,No,0,0,0,,
VINEET-RE-BE,VINEET LABORATORIES,194686977,1,No,0,0,0,,
VINEETLAB,VINEET LABORATORIES,974593,1,No,0,0,0,,
VINNY,VINNY OVERSEAS,3197441,1,No,0,0,0,,
VINSYS-SM,VINSYS IT SERVICES IND LT,4581889,250,No,0,0,0,,
VINYAS-SM,VINYAS INNOVATIVE TECH L,4916737,100,No,0,0,0,,
VINYLINDIA,VINYL CHEMICALS (I),4306177,1,No,0,0,0,,
VIPCLOTHNG,VIP CLOTHING,3799809,1,No,0,0,0,,
VIPIND,VIP INDUSTRIES,947969,1,No,0,0,0,,
VIPULLTD-BE,VIPUL,2159873,1,No,0,0,0,,
VIRINCHI,VIRINCHI,3915521,1,No,0,0,0,,
VISAKAIND,VISAKA INDUSTRIES,1080577,1,No,0,0,0,,
VISAMAN-ST,VISAMAN GLOBAL SALES,6214913,1000,No,0,0,0,,
VISASTEEL-BE,VISA STEEL,3404289,1,No,0,0,0,,
VISHNU,VISHNU CHEMICALS,1768449,1,No,0,0,0,,
VISHNUINFR-SM,VISHNUSURYA PROJ N INFR L,4940801,500,No,0,0,0,,
VISHWARAJ,VISHWARAJ SUGAR IND,3507713,1,No,0,0,0,,
VISHWAS-SM,VISHWAS AGRI SEEDS,5982721,1600,No,0,0,0,,
VITAL-SM,VITAL CHEMTECH,3051521,1200,No,0,0,0,,
VIVIANA-SM,VIVIANA POWER TECH,2807553,200,No,0,0,0,,
VIVIDHA,VISAGAR POLYTEX,7648513,1,No,0,0,0,,
VIVIMEDLAB,VIVIMED LABS,3063041,1,No,0,0,0,,
VIVO-SM,VIVO COLLAB SOLUTIONS,1948161,1600,No,0,0,0,,
VLEGOV,VL E GOV AND IT SOL,4611073,1,No,0,0,0,,
VLINFRA-SM,V.L.INFRAPROJECTS,6299137,1500,No,0,0,0,,
VLSFINANCE,VLS FINANCE,951041,1,No,0,0,0,,
VMARCIND-SM,V MARC INDIA,816129,250,No,0,0,0,,
VMART,VMART RETAIL,7496705,1,No,0,0,0,,
VMM,VISHAL MEGA MART,7160065,1,No,0,0,0,,
VMSTMT,VMS TMT,194342913,1,No,0,0,0,,
VOLERCAR-ST,VOLER CAR,7593217,800,No,0,0,0,,
VOLTAMP,VOLTAMP TRANSFORMERS,3475713,1,No,0,0,0,,
VOLTAS,VOLTAS,951809,1,Yes,130,65,65,2026-01-27,2026-03-30
VPRPL,VISHNU PRAKASH R PUNGLI L,4695297,1,No,0,0,0,,
VR-SM,V R INFRASPACE,5892609,400,No,0,0,0,,
VRAJ,VRAJ IRON AND STEEL,6226177,1,No,0,0,0,,
VRLLOG,VRL LOGISTICS,2226177,1,No,0,0,0,,
VSCL-SM,VADIVARHE SPCLTY CHEM,5369089,3000,No,0,0,0,,
VSSL,VARDHMAN SPC STEEL,6929153,1,No,0,0,0,,
VSTIND,VST INDUSTRIES,953345,1,No,0,0,0,,
VSTL,VIBHOR STEEL TUBES,5818881,1,No,0,0,0,,
VSTTILLERS,VST TILLERS TRACTORS,6218753,1,No,0,0,0,,
VTL,VARDHMAN TEXTILES,530689,1,No,0,0,0,,
WAAREEENER,WAAREE ENERGIES,6632193,1,Yes,120,60,60,2026-01-27,2026-03-30
WAAREEINDO-BE,INDOSOLAR,5109505,1,No,0,0,0,,
WAAREERTL,WAAREE RENEWABLE TECH,193545729,1,No,0,0,0,,
WABAG,VA TECH WABAG,5168129,1,No,0,0,0,,
WAKEFIT,WAKEFIT INNOVATIONS,194626305,1,No,0,0,0,,
WALCHANNAG,WALCHANDNAGAR INDUSTRIES,956417,1,No,0,0,0,,
WALPAR-SM,WALPAR NUTRITIONS,1283329,2000,No,0,0,0,,
WANBURY,WANBURY,3600129,1,No,0,0,0,,
WCIL,WESTERN CARRIERS (IND) L,6503169,1,No,0,0,0,,
WEALTH,WEALTH FRST PORT. MG.,492289,1,No,0,0,0,,
WEBELSOLAR,WEBSOL ENERGY SYSTEM,3738113,1,No,0,0,0,,
WEIZMANIND,WEIZMANN,959489,1,No,0,0,0,,
WEL,WONDER ELECTRICALS,2005761,1,No,0,0,0,,
WELCORP,WELSPUN CORP,3026177,1,No,0,0,0,,
WELENT,WELSPUN ENTERPRISES,2976257,1,No,0,0,0,,
WELINV,WELSPUN INV & COMM,5068801,1,No,0,0,0,,
WELSPUNLIV,WELSPUN LIVING,2880769,1,No,0,0,0,,
WENDT,WENDT (INDIA),1084161,1,No,0,0,0,,
WESTLIFE,WESTLIFE FOODWORLD,2964481,1,No,0,0,0,,
WEWIN-BE,WE WIN,2525441,1,No,0,0,0,,
WEWORK,WEWORK INDIA MANAGEMENT L,194415105,1,No,0,0,0,,
WHEELS,WHEELS INDIA,964097,1,No,0,0,0,,
WHIRLPOOL,WHIRLPOOL OF INDIA,4610817,1,No,0,0,0,,
WHITEFORCE-SM,HAPPY SQUARE OUTSOURC S L,193962241,1600,No,0,0,0,,
WILLAMAGOR,WILLIAMSON MAGOR,965633,1,No,0,0,0,,
WINDLAS,WINDLAS BIOTECH,1373697,1,No,0,0,0,,
WINDMACHIN,WINDSOR MACHINES,6392065,1,No,0,0,0,,
WINNY-SM,WINNY IMMIGRA & EDU SER L,6188289,500,No,0,0,0,,
WINSOL-SM,WINSOL ENGINEERS,6070785,400,No,0,0,0,,
WINSOME-BZ,WINSOME YARNS,3777793,1,No,0,0,0,,
WIPL,THE WESTERN INDIA PLY,5243137,1,No,0,0,0,,
WIPRO,WIPRO,969473,1,Yes,162,79,83,2026-01-27,2026-03-30
WOCKPHARMA,WOCKHARDT,1921537,1,No,0,0,0,,
WOL3D-ST,WOL 3D INDIA,6554881,1000,No,0,0,0,,
WOMANCART-SM,WOMANCART,5024513,400,No,0,0,0,,
WONDERLA,WONDERLA HOLIDAYS,768513,1,No,0,0,0,,
WORTHPERI,WORTH PERIPHERALS,5702913,1,No,0,0,0,,
WSI,W.S.INDUSTRIES (I),3795969,1,No,0,0,0,,
WSTCSTPAPR,WEST COAST PAPER MILLS LT,972545,1,No,0,0,0,,
WTICAB-SM,WISE TRAVEL INDIA,5817601,500,No,0,0,0,,
XCHANGING,XCHANGING SOLUTIONS,2996481,1,No,0,0,0,,
XELPMOC-BE,XELPMOC DESIGN & TECH,2170369,1,No,0,0,0,,
XPROINDIA,XPRO INDIA,2920193,1,No,0,0,0,,
XTGLOBAL,XTGLOBAL INFOTECH,6460161,1,No,0,0,0,,
YASHO,YASHO INDUSTRIES,4641537,1,No,0,0,0,,
YASHOPTICS-SM,YASH OPTICS & LENS,6003457,800,No,0,0,0,,
YATHARTH,YATHARTH HOSP & TRA C S L,4540929,1,No,0,0,0,,
YATRA,YATRA ONLINE,4802561,1,No,0,0,0,,
YCCL-SM,YASONS CHEMEX CARE,4512513,3000,No,0,0,0,,
YESBANK,YES BANK,3050241,1,Yes,54,28,26,2026-01-27,2026-03-30
YUDIZ-SM,YUDIZ SOLUTIONS,4618241,800,No,0,0,0,,
YUKEN,YUKEN INDIA,1408257,1,No,0,0,0,,
ZAGGLE,ZAGGLE PREPA OCEAN SER L,4763649,1,No,0,0,0,,
ZEAL-SM,ZEAL GLOBAL SERVICES,4548097,600,No,0,0,0,,
ZEEL,ZEE ENTERTAINMENT ENT,975873,1,No,0,0,0,,
ZEELEARN,ZEE LEARN,5338113,1,No,0,0,0,,
ZEEMEDIA,ZEE MEDIA CORPORATION,3584769,1,No,0,0,0,,
ZENITHDRUG-SM,ZENITH DRUGS,5837569,800,No,0,0,0,,
ZENITHEXPO,ZENITH EXPORTS,1069057,1,No,0,0,0,,
ZENITHSTL,ZENITH STEEL PIP IND,3727873,1,No,0,0,0,,
ZENSARTECH,ZENSAR TECHNOLOGIES ,275457,1,No,0,0,0,,
ZENTEC,ZEN TECHNOLOGIES,1922049,1,No,0,0,0,,
ZFCVINDIA,ZF COM VE CTR SYS IND,4330241,1,No,0,0,0,,
ZIMLAB,ZIM LABORATORIES,3170305,1,No,0,0,0,,
ZODIAC,ZODIAC ENERGY,1825025,1,No,0,0,0,,
ZODIACLOTH,ZODIAC CLOTHING CO.,978177,1,No,0,0,0,,
ZOTA,ZOTA HEALTH CARE,2916865,1,No,0,0,0,,
ZTECH-SM,Z-TECH (INDIA),6137857,300,No,0,0,0,,
ZUARI,ZUARI AGRO CHEMICALS,7436801,1,No,0,0,0,,
ZUARIIND,ZUARI INDUSTRIES,979713,1,No,0,0,0,,
ZYDUSLIFE,ZYDUS LIFESCIENCES,2029825,1,Yes,131,65,66,2026-01-27,2026-03-30
ZYDUSWELL,ZYDUS WELLNESS,4514561,1,No,0,0,0,,
