instrument_token,tradingsymbol,name,exchange,instrument_type
256265,NIFTY 50,"""NIFTY 50""",NSE,EQ
256777,NIFTY MIDCAP 100,"""NIFTY MIDCAP 100""",NSE,EQ
260105,NIFTY BANK,"""NIFTY BANK""",NSE,EQ
260617,NIFTY 100,"""NIFTY 100""",NSE,EQ
257033,NIFTY DIV OPPS 50,"""NIFTY DIV OPPS 50""",NSE,EQ
257289,NIFTY COMMODITIES,"""NIFTY COMMODITIES""",NSE,EQ
257545,NIFTY CONSUMPTION,"""NIFTY CONSUMPTION""",NSE,EQ
257801,NIFTY FIN SERVICE,"""NIFTY FIN SERVICE""",NSE,EQ
258825,NIFTY50 PR 2X LEV,"""NIFTY50 PR 2X LEV""",NSE,EQ
259081,NIFTY50 PR 1X INV,"""NIFTY50 PR 1X INV""",NSE,EQ
259337,NIFTY50 TR 2X LEV,"""NIFTY50 TR 2X LEV""",NSE,EQ
259593,NIFTY50 TR 1X INV,"""NIFTY50 TR 1X INV""",NSE,EQ
259849,NIFTY IT,"""NIFTY IT""",NSE,EQ
260873,NIFTY MIDCAP 50,"""NIFTY MIDCAP 50""",NSE,EQ
261129,NIFTY REALTY,"""NIFTY REALTY""",NSE,EQ
261385,NIFTY INFRA,"""NIFTY INFRA""",NSE,EQ
261641,NIFTY ENERGY,"""NIFTY ENERGY""",NSE,EQ
261897,NIFTY FMCG,"""NIFTY FMCG""",NSE,EQ
262153,NIFTY MNC,"""NIFTY MNC""",NSE,EQ
262409,NIFTY PHARMA,"""NIFTY PHARMA""",NSE,EQ
262665,NIFTY PSE,"""NIFTY PSE""",NSE,EQ
262921,NIFTY PSU BANK,"""NIFTY PSU BANK""",NSE,EQ
263177,NIFTY SERV SECTOR,"""NIFTY SERV SECTOR""",NSE,EQ
263433,NIFTY AUTO,"""NIFTY AUTO""",NSE,EQ
263689,NIFTY METAL,"""NIFTY METAL""",NSE,EQ
263945,NIFTY MEDIA,"""NIFTY MEDIA""",NSE,EQ
264457,NIFTY 200,"""NIFTY 200""",NSE,EQ
264713,HANGSENG BEES-NAV,"""HANGSENG BEES-NAV""",NSE,EQ
264969,INDIA VIX,"""INDIA VIX""",NSE,EQ
265225,NIFTY50 DIV POINT,"""NIFTY50 DIV POINT""",NSE,EQ
265737,NIFTY200 QUALTY30,"""NIFTY200 QUALTY30""",NSE,EQ
265993,NIFTY ALPHA 50,"""NIFTY ALPHA 50""",NSE,EQ
266249,NIFTY MIDCAP 150,"""NIFTY MIDCAP 150""",NSE,EQ
266505,NIFTY MIDSML 400,"""NIFTY MIDSML 400""",NSE,EQ
266761,NIFTY SMLCAP 50,"""NIFTY SMLCAP 50""",NSE,EQ
267017,NIFTY SMLCAP 100,"""NIFTY SMLCAP 100""",NSE,EQ
267273,NIFTY SMLCAP 250,"""NIFTY SMLCAP 250""",NSE,EQ
267529,NIFTY50 VALUE 20,"""NIFTY50 VALUE 20""",NSE,EQ
267785,NIFTY100 LIQ 15,"""NIFTY100 LIQ 15""",NSE,EQ
268041,NIFTY 500,"""NIFTY 500""",NSE,EQ
268297,NIFTY CPSE,"""NIFTY CPSE""",NSE,EQ
268553,NIFTY GS 4 8YR,"""NIFTY GS 4 8YR""",NSE,EQ
268809,NIFTY GS 8 13YR,"""NIFTY GS 8 13YR""",NSE,EQ
269065,NIFTY GS 10YR,"""NIFTY GS 10YR""",NSE,EQ
269321,NIFTY GS 10YR CLN,"""NIFTY GS 10YR CLN""",NSE,EQ
269577,NIFTY GS 11 15YR,"""NIFTY GS 11 15YR""",NSE,EQ
269833,NIFTY GS 15YRPLUS,"""NIFTY GS 15YRPLUS""",NSE,EQ
270089,NIFTY GS COMPSITE,"""NIFTY GS COMPSITE""",NSE,EQ
270345,NIFTY GROWSECT 15,"""NIFTY GROWSECT 15""",NSE,EQ
270601,NIFTY MID LIQ 15,"""NIFTY MID LIQ 15""",NSE,EQ
270857,NIFTY NEXT 50,"""NIFTY NEXT 50""",NSE,EQ
271113,NIFTY PVT BANK,"""NIFTY PVT BANK""",NSE,EQ
271625,NIFTY50 EQL WGT,"""NIFTY50 EQL WGT""",NSE,EQ
271881,NIFTY100 EQL WGT,"""NIFTY100 EQL WGT""",NSE,EQ
272137,NIFTY100 LOWVOL30,"""NIFTY100 LOWVOL30""",NSE,EQ
272393,NIFTY100 QUALTY30,"""NIFTY100 QUALTY30""",NSE,EQ
273673,NIFTY ALPHALOWVOL,"""NIFTY ALPHALOWVOL""",NSE,EQ
288009,NIFTY MID SELECT,"""NIFTY MIDCAP SELECT (MIDCPNIFTY)""",NSE,EQ
288265,NIFTY FINSRV25 50,"""NIFTY FINSRV25 50""",NSE,EQ
288521,NIFTY HEALTHCARE,"""NIFTY HEALTHCARE""",NSE,EQ
288777,NIFTY CONSR DURBL,"""NIFTY CONSR DURBL""",NSE,EQ
289033,NIFTY OIL AND GAS,"""NIFTY OIL AND GAS""",NSE,EQ
289289,NIFTY500 MULTICAP,"""NIFTY500 MULTICAP""",NSE,EQ
289545,NIFTY LARGEMID250,"""NIFTY LARGEMID250""",NSE,EQ
289801,NIFTY100ESGSECLDR,"""NIFTY100ESGSECLDR""",NSE,EQ
290057,NIFTY200MOMENTM30,"""NIFTY200MOMENTM30""",NSE,EQ
290313,NIFTY TOTAL MKT,"""NIFTY TOTAL MKT""",NSE,EQ
290569,NIFTY MICROCAP250,"""NIFTY MICROCAP250""",NSE,EQ
290825,NIFTY M150 QLTY50,"""NIFTY M150 QLTY50""",NSE,EQ
291081,NIFTY INDIA MFG,"""NIFTY INDIA MFG""",NSE,EQ
291337,NIFTY IND DIGITAL,"""NIFTY IND DIGITAL""",NSE,EQ
291593,NIFTY100 ESG,"""NIFTY100 ESG""",NSE,EQ
294409,NIFTY200 ALPHA 30,"""NIFTY200 ALPHA 30""",NSE,EQ
294665,NIFTYM150MOMNTM50,"""NIFTYM150MOMNTM50""",NSE,EQ
294921,NIFTY TATA 25 CAP,"""NIFTY TATA 25 CAP""",NSE,EQ
295177,NIFTY MULTI MFG,"""NIFTY MULTI MFG""",NSE,EQ
295433,NIFTY MULTI INFRA,"""NIFTY MULTI INFRA""",NSE,EQ
295689,NIFTY MIDSML HLTH,"""NIFTY MIDSML HLTH""",NSE,EQ
404745,NIFTY AQL 30,"""NIFTY ALPHA QUALITY LOW-VOLATILITY 30""",NSE,EQ
405001,NIFTY AQLV 30,"""NIFTY ALPHA QUALITY VALUE LOW VOLATILITY 30""",NSE,EQ
405257,NIFTY CORP MAATR,"""NIFTY INDIA SELECT 5 CORPORATE GROUPS""",NSE,EQ
405513,NIFTY EV,"""NIFTY EV & NEW AGE AUTOMOTIVE""",NSE,EQ
405769,NIFTY HIGHBETA 50,"""NIFTY HIGHBETA 50""",NSE,EQ
406025,NIFTY LOW VOL 50,"""NIFTY LOW VOLATILITY 50""",NSE,EQ
406281,NIFTY MOBILITY,"""NIFTY MOBILITY""",NSE,EQ
406537,NIFTY MULTI MQ 50,"""NIFTY500 MULTICAP MOMENTUM QUALITY 50""",NSE,EQ
406793,NIFTY NEW CONSUMP,"""NIFTY INDIA NEW AGE CONSUMPTION""",NSE,EQ
407049,NIFTY QLTY LV 30,"""NIFTY QUALITY LOW VOLATILITY 30""",NSE,EQ
407305,NIFTY SML250 Q50,"""NIFTY SMALLCAP250 QUALITY 50""",NSE,EQ
407561,NIFTY TOP 10 EW,"""NIFTY TOP 10 EQUAL WEIGHT""",NSE,EQ
407817,NIFTY TOP 15 EW,"""NIFTY TOP 15 EQUAL WEIGHT""",NSE,EQ
408073,NIFTY TOP 20 EW,"""NIFTY TOP 20 EQUAL WEIGHT""",NSE,EQ
408329,NIFTY100 ALPHA 30,"""NIFTY100 ALPHA 30""",NSE,EQ
408585,NIFTY100 ENH ESG,"""NIFTY100 ENHANCED ESG""",NSE,EQ
408841,NIFTY200 VALUE 30,"""NIFTY200 VALUE 30""",NSE,EQ
409097,NIFTY500 EW,"""NIFTY500 EQUAL WEIGHT""",NSE,EQ
409353,NIFTY500 VALUE 50,"""NIFTY500 VALUE 50""",NSE,EQ
409609,NIFTY500MOMENTM50,"""NIFTY500 MOMENTUM 50""",NSE,EQ
409865,NIFTYMS400 MQ 100,"""NIFTY MIDSMALLCAP400 MOMENTUM QUALITY 100""",NSE,EQ
410121,NIFTYSML250MQ 100,"""NIFTY SMALLCAP250 MOMENTUM QUALITY 100""",NSE,EQ
410377,NIFTY COREHOUSING,"""NIFTY CORE HOUSING""",NSE,EQ
410633,NIFTY FINSEREXBNK,"""NIFTY FINANCIAL SERVICES""",NSE,EQ
410889,NIFTY HOUSING,"""NIFTY HOUSING""",NSE,EQ
411145,NIFTY IPO,"""NIFTY IPO""",NSE,EQ
411401,NIFTY MS FIN SERV,"""NIFTY MIDSMALL FINANCIAL SERVICES""",NSE,EQ
411657,NIFTY MS IND CONS,"""NIFTY MIDSMALL INDIA CONSUMPTION""",NSE,EQ
411913,NIFTY MS IT TELCM,"""NIFTY MIDSMALL IT & TELECOM""",NSE,EQ
412169,NIFTY NONCYC CONS,"""NIFTY NON-CYCLICAL CONSUMER""",NSE,EQ
412425,NIFTY RURAL,"""NIFTY RURAL""",NSE,EQ
412681,NIFTY SHARIAH 25,"""NIFTY SHARIAH 25""",NSE,EQ
412937,NIFTY TRANS LOGIS,"""NIFTY TRANSPORTATION & LOGISTICS""",NSE,EQ
413193,NIFTY50 SHARIAH,"""NIFTY50 SHARIAH""",NSE,EQ
413449,NIFTY500 LMS EQL,"""NIFTY500 LARGEMIDSMALL EQUAL CAP WEIGHTED""",NSE,EQ
413705,NIFTY500 SHARIAH,"""NIFTY500 SHARIAH""",NSE,EQ
413961,NIFTY IND DEFENCE,"""NIFTY INDIA DEFENCE""",NSE,EQ
414217,NIFTY IND TOURISM,"""NIFTY INDIA TOURISM""",NSE,EQ
414473,NIFTY CAPITAL MKT,"""NIFTY CAPITAL MARKETS""",NSE,EQ
416521,Nifty BHARATBondIndex-Apr2025,"""NSE INDEX NIFTY BHARATBONDINDEX-APR2025""",NSE,EQ
416777,BHARATBOND-APR33,"""NSE INDEX BHARATBOND-APR33""",NSE,EQ
417033,BHARATBOND-APR32,"""NSE INDEX BHARATBOND-APR32""",NSE,EQ
417289,BHARATBOND-APR31,"""NSE INDEX BHARATBOND-APR31""",NSE,EQ
417545,BHARATBOND-APR30,"""NSE INDEX BHARATBOND-APR30""",NSE,EQ
417801,Nifty500 LowVol50,"""NSE INDEX NIFTY500 LOWVOL50""",NSE,EQ
418057,Nifty500 MQVLv50,"""NSE INDEX NIFTY500 MQVLV50""",NSE,EQ
418313,Nifty500 Qlty50,"""NSE INDEX NIFTY500 QLTY50""",NSE,EQ
418569,NIFTY50 USD,"""NSE INDEX NIFTY50 USD""",NSE,EQ
418825,NIFTY INDIA FPI 150,"""NSE INDEX NIFTY INDIA FPI 150""",NSE,EQ
419081,NIFTY500 FLEXICAP Q30,"""NSE INDEX NIFTY500 FLEXICAP Q30""",NSE,EQ
419337,NIFTY TOTAL MKT MOM QLTY 50,"""NSE INDEX NIFTY TOTAL MKT MOM QLTY 50""",NSE,EQ
419593,NIFTY SME EMERGE,"""NSE INDEX NIFTY SME EMERGE""",NSE,EQ
419849,NIFTY INDIA INTERNET,"""NSE INDEX NIFTY INDIA INTERNET""",NSE,EQ
420105,NIFTY CHEMICALS,"""NSE INDEX NIFTY CHEMICALS""",NSE,EQ
420361,NIFTY WAVES,"""NSE INDEX NIFTY WAVES""",NSE,EQ
420617,NIFTY INFRALOG,"""NSE INDEX NIFTY INFRALOG""",NSE,EQ
420873,NIFTY500 HEALTHCARE,"""NSE INDEX NIFTY500 HEALTHCARE""",NSE,EQ
257,GOLDSTAR-SM,"""GOLDSTAR POWER""",NSE,EQ
1025,21STCENMGM,"""21ST CENTURY MGMT SERVICE""",NSE,EQ
1793,AARTIIND,"""AARTI INDUSTRIES""",NSE,EQ
3329,ABB,"""ABB INDIA""",NSE,EQ
3585,656KA30-SG,"""SDL KA 6.56% 2030""",NSE,EQ
4353,GATECHDVR,"""GACM TECHNOLOGIES""",NSE,EQ
4609,66RJ30-SG,"""SDL RJ 6.6% 2030""",NSE,EQ
4865,STYRENIX,"""STYRENIX PERFORMANCE""",NSE,EQ
5121,66GA30A-SG,"""SDL GA 6.6% 2030""",NSE,EQ
5377,664UP30-SG,"""SDL UP 6.64% 2030""",NSE,EQ
5633,ACC,"""ACC""",NSE,EQ
5889,67JK30-SG,"""SDL JK 6.7% 2030""",NSE,EQ
6401,ADANIENT,"""ADANI ENTERPRISES""",NSE,EQ
6657,67HR30-SG,"""SDL HR 6.7% 2030""",NSE,EQ
7425,667MH31-SG,"""SDL MH 6.67% 2031""",NSE,EQ
8193,679MP33-SG,"""SDL MP 6.79% 2033""",NSE,EQ
8705,ADOR,"""ADOR WELDING""",NSE,EQ
8961,677KA34-SG,"""SDL KA 6.77% 2034""",NSE,EQ
9729,685AP36-SG,"""SDL AP 6.85% 2036""",NSE,EQ
10241,AEGISLOG,"""AEGIS LOGISTICS""",NSE,EQ
10497,687AP38-SG,"""SDL AP 6.87% 2038""",NSE,EQ
10753,677WB40-SG,"""SDL WB 6.77% 2040""",NSE,EQ
11777,SANWARIA-BZ,"""SANWARIA CONSUMER""",NSE,EQ
12289,HAPPSTMNDS,"""HAPPIEST MINDS TECHNO""",NSE,EQ
16641,663GJ29-SG,"""SDL GJ 6.63% 2029""",NSE,EQ
17409,684TS40-SG,"""SDL TS 6.84% 2040""",NSE,EQ
18433,665KA30-SG,"""SDL KA 6.65% 2030""",NSE,EQ
18945,675KA33-SG,"""SDL KA 6.75% 2033""",NSE,EQ
19457,667UK30-SG,"""SDL UK 6.67% 2030""",NSE,EQ
20225,ALEMBICLTD,"""ALEMBIC""",NSE,EQ
21249,67ML30-SG,"""SDL ML 6.7% 2030""",NSE,EQ
22017,67NL30-SG,"""SDL NL 6.7% 2030""",NSE,EQ
22273,667RJ30-SG,"""SDL RJ 6.67% 2030""",NSE,EQ
22785,67TR30-SG,"""SDL TR 6.7% 2030""",NSE,EQ
23553,668UP30-SG,"""SDL UP 6.68% 2030""",NSE,EQ
24321,676MP33-SG,"""SDL MP 6.76% 2033""",NSE,EQ
25601,ARE&M,"""AMARA RAJA ENERGY MOB""",NSE,EQ
26625,SHAREINDIA,"""SHARE IND. SECURITIES""",NSE,EQ
29953,OMFURN-SM,"""OMFURN INDIA""",NSE,EQ
32769,ROUTE,"""ROUTE MOBILE""",NSE,EQ
34817,ANDHRSUGAR,"""ANDHRA SUGARS""",NSE,EQ
36865,GODREJAGRO,"""GODREJ AGROVET""",NSE,EQ
38145,SGBSEP28VI-GB,"""2.50%GOLDBONDS2028SR-VI""",NSE,EQ
39425,APCOTEXIND,"""APCOTEX INDUSTRIES LIMITE""",NSE,EQ
40193,APOLLOHOSP,"""APOLLO HOSPITALS ENTER. L""",NSE,EQ
40449,67MH28-SG,"""SDL MH 6.7% 2028""",NSE,EQ
40705,MILTON-SM,"""MILTON INDUSTRIES""",NSE,EQ
41217,674UP30-SG,"""SDL UP 6.74% 2030""",NSE,EQ
41729,APOLLOTYRE,"""APOLLO TYRES""",NSE,EQ
41985,68AS30-SG,"""SDL AS 6.8% 2030""",NSE,EQ
42241,674GA30-SG,"""SDL GA 6.74% 2030""",NSE,EQ
42497,ANDHRAPAP,"""ANDHRA PAPER""",NSE,EQ
42753,67GJ30-SG,"""SDL GJ 6.7% 2030""",NSE,EQ
43521,67KA30-SG,"""SDL KA 6.7% 2030""",NSE,EQ
43777,672RJ30-SG,"""SDL RJ 6.72% 2030""",NSE,EQ
44289,673SK30-SG,"""SDL SK 6.73% 2030""",NSE,EQ
45825,669TN30-SG,"""SDL TN 6.69% 2030""",NSE,EQ
46337,ARENTERP,"""RAJDARSHAN INDUSTRIES""",NSE,EQ
46593,678KA32-SG,"""SDL KA 6.78% 2032""",NSE,EQ
47105,TCPLPACK,"""TCPL PACKAGING""",NSE,EQ
47361,678MH32-SG,"""SDL MH 6.78% 2032""",NSE,EQ
47617,850NHAI29-N5,,NSE,EQ
49153,875NHAI29-N6,,NSE,EQ
49409,ARVIND,"""ARVIND""",NSE,EQ
50945,MASFIN,"""MAS FINANCIAL SERV""",NSE,EQ
51457,UNIDT,"""UNITED DRILLING TOOLS""",NSE,EQ
51969,ASHAPURMIN,"""ASHAPURA MINECHEM""",NSE,EQ
52737,ASHIMASYN,"""ASHIMA""",NSE,EQ
54273,ASHOKLEY,"""ASHOK LEYLAND""",NSE,EQ
56321,IEX,"""INDIAN ENERGY EXC""",NSE,EQ
60161,AAKASH,"""AAKASH EXPLORATION SER L""",NSE,EQ
60417,ASIANPAINT,"""ASIAN PAINTS""",NSE,EQ
62721,ADL,"""ARCHIDPLY DECOR""",NSE,EQ
65281,NIRAJ,"""NIRAJ CEMENT STRUC""",NSE,EQ
67329,ATUL,"""ATUL""",NSE,EQ
69121,CHEMCON,"""CHEMCON SPECIAL CHEM""",NSE,EQ
70401,AUROPHARMA,"""AUROBINDO PHARMA""",NSE,EQ
70913,GICRE,"""GENERAL INS CORP OF INDIA""",NSE,EQ
71169,AUTOAXLES,"""AUTOMOTIVE AXLES""",NSE,EQ
74497,69PY29-SG,"""SDL PY 6.9% 2029""",NSE,EQ
75265,69AS30A-SG,"""SDL AS 6.9% 2030""",NSE,EQ
76033,683GJ30-SG,"""SDL GJ 6.83% 2030""",NSE,EQ
76801,685KA30-SG,"""SDL KA 6.85% 2030""",NSE,EQ
77313,685RJ30-SG,"""SDL RJ 6.85% 2030""",NSE,EQ
77569,689GA30-SG,"""SDL GA 6.89% 2030""",NSE,EQ
78081,BAJAJHLDNG,"""BAJAJ HOLDINGS & INVS""",NSE,EQ
78337,69ML30-SG,"""SDL ML 6.9% 2030""",NSE,EQ
78593,69UP30-SG,"""SDL UP 6.9% 2030""",NSE,EQ
78849,BAJAJHIND,"""BAJAJ HINDUSTHAN SUGAR LT""",NSE,EQ
79105,69UK30A-SG,"""SDL UK 6.9% 2030""",NSE,EQ
79617,697KA31-SG,"""SDL KA 6.97% 2031""",NSE,EQ
79873,TIINDIA,"""TUBE INVEST OF INDIA""",NSE,EQ
80129,71MH32-SG,"""SDL MH 7.1% 2032""",NSE,EQ
80385,696JK35-SG,"""SDL JK 6.96% 2035""",NSE,EQ
80641,704WB35-SG,"""SDL WB 7.04% 2035""",NSE,EQ
80897,705MZ35-SG,"""SDL MZ 7.05% 2035""",NSE,EQ
81153,BAJFINANCE,"""BAJAJ FINANCE""",NSE,EQ
81409,70AP39-SG,"""SDL AP 7.0% 2039""",NSE,EQ
81665,695PN40-SG,"""SDL PN 6.95% 2040""",NSE,EQ
82177,705HR40-SG,"""SDL HR 7.05% 2040""",NSE,EQ
82433,694TS50-SG,"""SDL TS 6.94% 2050""",NSE,EQ
82945,ANGELONE,"""ANGEL ONE""",NSE,EQ
84481,VALIANTORG,"""VALIANT ORGANICS""",NSE,EQ
85761,BALKRISIND,"""BALKRISHNA IND.""",NSE,EQ
86529,BALMLAWRIE,"""BALMER LAWRIE & CO""",NSE,EQ
87297,BALRAMCHIN,"""BALRAMPUR CHINI MILLS""",NSE,EQ
87553,CAMS,"""COMPUTER AGE MNGT SER""",NSE,EQ
88833,BANARBEADS,"""BANARAS BEADS""",NSE,EQ
89601,BANARISUG,"""BANNARI AMMAN SUGARS""",NSE,EQ
91393,NAM-INDIA,"""NIPPON L I A M""",NSE,EQ
91905,ROML,"""RAJ OIL MILLS""",NSE,EQ
94209,BASF,"""BASF INDIA""",NSE,EQ
94977,BATAINDIA,"""BATA INDIA""",NSE,EQ
97281,BBTC,"""BOMBAY BURMAH TRADING COR""",NSE,EQ
97537,SINTERCOM,"""SINTERCOM INDIA""",NSE,EQ
98049,BEL,"""BHARAT ELECTRONICS""",NSE,EQ
98561,MAHLOG,"""MAHINDRA LOGISTIC""",NSE,EQ
100609,GLOBE,"""GLOBE ENTERPRISE (I)""",NSE,EQ
101121,BEML,"""BEML""",NSE,EQ
102145,NIACL,"""THE NEW INDIA ASSU CO""",NSE,EQ
103425,BERGEPAINT,"""BERGER PAINTS (I)""",NSE,EQ
107265,BEPL,"""BHANSALI ENG. POLYMERS LT""",NSE,EQ
107521,672TN27-SG,"""SDL TN 6.72% 2027""",NSE,EQ
108033,BHARATFORG,"""BHARAT FORGE""",NSE,EQ
108801,KHADIM,"""KHADIM INDIA""",NSE,EQ
109313,681MH28-SG,"""SDL MH 6.81% 2028""",NSE,EQ
109569,693JH30-SG,"""SDL JH 6.93% 2030""",NSE,EQ
110081,692RJ30-SG,"""SDL RJ 6.92% 2030""",NSE,EQ
110337,691AS30-SG,"""SDL AS 6.91% 2030""",NSE,EQ
111617,IFGLEXPOR,"""IFGL REFRACTORIES""",NSE,EQ
111873,691NL30-SG,"""SDL NL 6.91% 2030""",NSE,EQ
112129,BHEL,"""BHEL""",NSE,EQ
112385,691UP30A-SG,"""SDL UP 6.91% 2030""",NSE,EQ
112641,69GA30A-SG,"""SDL GA 6.9% 2030""",NSE,EQ
113921,5PAISA,"""5PAISA CAPITAL""",NSE,EQ
114177,69HP30-SG,"""SDL HP 6.9% 2030""",NSE,EQ
114689,687MH30-SG,"""SDL MH 6.87% 2030""",NSE,EQ
114945,686KA30-SG,"""SDL KA 6.86% 2030""",NSE,EQ
116225,684GJ30-SG,"""SDL GJ 6.84% 2030""",NSE,EQ
116993,715JK32-SG,"""SDL JK 7.15% 2032""",NSE,EQ
117761,707MP32-SG,"""SDL MP 7.07% 2032""",NSE,EQ
119297,705MH32-SG,"""SDL MH 7.05% 2032""",NSE,EQ
119553,HDFCLIFE,"""HDFC LIFE INS CO""",NSE,EQ
119809,708KA34-SG,"""SDL KA 7.08% 2034""",NSE,EQ
120065,71AP37-SG,"""SDL AP 7.1% 2037""",NSE,EQ
120577,OSWALGREEN,"""OSWAL GREENTECH""",NSE,EQ
120833,709WB40-SG,"""SDL WB 7.09% 2040""",NSE,EQ
121345,3MINDIA,"""3M INDIA""",NSE,EQ
121601,703AP40-SG,"""SDL AP 7.03% 2040""",NSE,EQ
122113,BIRLACABLE,"""BIRLA CABLE""",NSE,EQ
122881,BIRLACORPN,"""BIRLA CORPORATION""",NSE,EQ
123393,AISL-SM,"""ANI INTEGRATED SERV""",NSE,EQ
125185,ICEMAKE,"""ICE MAKE REFRIGERAT""",NSE,EQ
126721,BLUEDART,"""BLUE DART EXPRESS""",NSE,EQ
127489,903SFL28-YI,,NSE,EQ
129793,PULZ-SM,"""PULZ ELECTRONICS""",NSE,EQ
130305,MAZDOCK,"""MAZAGON DOCK SHIPBUIL""",NSE,EQ
131329,BOMDYEING,"""BOMBAY DYEING & MFG. CO L""",NSE,EQ
133633,ICICIB22,"""ICICIPRAMC - BHARATIWIN""",NSE,EQ
134657,BPCL,"""BHARAT PETROLEUM CORP  LT""",NSE,EQ
134913,UTIAMC,"""UTI ASSET MNGMT CO""",NSE,EQ
135681,BPL,"""BPL""",NSE,EQ
138241,SGBNOV25IX-GB,"""2.50%GOLDBONDS 2025SR-IX""",NSE,EQ
140033,BRITANNIA,"""BRITANNIA INDUSTRIES""",NSE,EQ
143105,BSL,"""BSL""",NSE,EQ
146689,FELIX-SM,"""FELIX INDUSTRIES""",NSE,EQ
147969,LIKHITHA,"""LIKHITHA INFRASTRUC""",NSE,EQ
149249,CANFINHOME,"""CAN FIN HOMES""",NSE,EQ
151041,669PN30-SG,"""SDL PN 6.69% 2030""",NSE,EQ
151297,840IRFC29-N8,,NSE,EQ
151553,GRAPHITE,"""GRAPHITE INDIA""",NSE,EQ
151809,661KA30-SG,"""SDL KA 6.61% 2030""",NSE,EQ
152321,CARBORUNIV,"""CARBORUNDUM UNIVERSAL""",NSE,EQ
152577,663MH30-SG,"""SDL MH 6.63% 2030""",NSE,EQ
153345,645MH27-SG,"""SDL MH 6.45% 2027""",NSE,EQ
154369,865IRFC29-NA,,NSE,EQ
154881,655MH28-SG,"""SDL MH 6.55% 2028""",NSE,EQ
155905,665ML30-SG,"""SDL ML 6.65% 2030""",NSE,EQ
156417,66RJ30A-SG,"""SDL RJ 6.6% 2030""",NSE,EQ
157185,663UP30-SG,"""SDL UP 6.63% 2030""",NSE,EQ
157953,662UK30-SG,"""SDL UK 6.62% 2030""",NSE,EQ
158209,675KA33A-SG,"""SDL KA 6.75% 2033""",NSE,EQ
158465,CENTENKA,"""CENTURY ENKA""",NSE,EQ
158721,699WB35-SG,"""SDL WB 6.99% 2035""",NSE,EQ
159489,SGBDEC25-GB,"""2.50%GOLDBONDS 2025 SR-X""",NSE,EQ
160001,ABREL,"""ADITYA BIRLA REAL EST""",NSE,EQ
160257,691AP39-SG,"""SDL AP 6.91% 2039""",NSE,EQ
160769,CESC,"""CESC""",NSE,EQ
161025,691MP40-SG,"""SDL MP 6.91% 2040""",NSE,EQ
161281,694TS50A-SG,"""SDL TS 6.94% 2050""",NSE,EQ
162305,IGARASHI,"""IGARASHI MOTORS INDIA""",NSE,EQ
163073,CHAMBLFERT,"""CHAMBAL FERTILIZERS""",NSE,EQ
164097,DNAMEDIA,"""DILIGENT MEDIA CORP""",NSE,EQ
173057,EXIDEIND,"""EXIDE INDUSTRIES""",NSE,EQ
175361,CHOLAFIN,"""CHOLAMANDALAM IN & FIN CO""",NSE,EQ
177665,CIPLA,"""CIPLA""",NSE,EQ
179457,HEMIPROP,"""HEMISPHERE PROP IND""",NSE,EQ
179969,DICIND,"""DIC INDIA""",NSE,EQ
181249,SHRADHA,"""SHRADHA INFRAPROJECTS""",NSE,EQ
182785,SHALBY,"""SHALBY""",NSE,EQ
183041,HEUBACHIND,"""HEUBACH COLORANTS IND""",NSE,EQ
184833,SBIETFPB,"""SBIAMC - SBIETFPB""",NSE,EQ
186625,SGBDEC25XI-GB,"""2.50%GOLDBONDS 2025 SR-XI""",NSE,EQ
189185,COROMANDEL,"""COROMANDEL INTERNTL.""",NSE,EQ
189441,SBIETFIT,"""SBIAMC - SBIETFIT""",NSE,EQ
189953,COSMOFIRST,"""COSMO FIRST""",NSE,EQ
190977,687AP35-SG,"""SDL AP 6.87% 2035""",NSE,EQ
193025,656AS30-SG,"""SDL AS 6.56% 2030""",NSE,EQ
193793,CRISIL,"""CRISIL""",NSE,EQ
194049,651KA30-SG,"""SDL KA 6.51% 2030""",NSE,EQ
194561,CGPOWER,"""CG POWER AND IND SOL""",NSE,EQ
194817,662JH30-SG,"""SDL JH 6.62% 2030""",NSE,EQ
196353,689MP40-SG,"""SDL MP 6.89% 2040""",NSE,EQ
197633,DABUR,"""DABUR INDIA""",NSE,EQ
197889,647MH28-SG,"""SDL MH 6.47% 2028""",NSE,EQ
198657,656MH30-SG,"""SDL MH 6.56% 2030""",NSE,EQ
199169,KEEPLEARN,"""DSJ KEEP LEARNING""",NSE,EQ
199425,654UP30-SG,"""SDL UP 6.54% 2030""",NSE,EQ
199937,DALMIASUG,"""DALMIA BHARAT SUG IN""",NSE,EQ
200193,662KA32-SG,"""SDL KA 6.62% 2032""",NSE,EQ
203521,SGBDEC2512-GB,"""2.50%GOLDBONDS2025 SR-XII""",NSE,EQ
205825,SHIVATEX,"""SHIVA TEXYARN""",NSE,EQ
206081,DCM,"""DCM""",NSE,EQ
207105,BSHSL,"""BOMBAY SUPER HYBRID SEEDS""",NSE,EQ
207617,DCMSHRIRAM,"""DCM SHRIRAM""",NSE,EQ
209153,DCW,"""DCW""",NSE,EQ
210433,BANKA,"""BANKA BIOLOO""",NSE,EQ
211713,DEEPAKFERT,"""DEEPAK FERTILIZERS & PETR""",NSE,EQ
213505,SGBOC28VII-GB,"""2.50%GOLDBONDS2028SR-VII""",NSE,EQ
214017,575PY26-SG,"""SDL PY 5.75% 2026""",NSE,EQ
214273,61RJ27-SG,"""SDL RJ 6.1% 2027""",NSE,EQ
214529,645HP29-SG,"""SDL HP 6.45% 2029""",NSE,EQ
215041,651HP30-SG,"""SDL HP 6.51% 2030""",NSE,EQ
215809,64KA30B-SG,"""SDL KA 6.4% 2030""",NSE,EQ
216577,64GJ30A-SG,"""SDL GJ 6.4% 2030""",NSE,EQ
216833,SMVD-SM,"""SMVD POLY PACK""",NSE,EQ
217345,642UP30-SG,"""SDL UP 6.42% 2030""",NSE,EQ
218113,642GA30-SG,"""SDL GA 6.42% 2030""",NSE,EQ
218369,644UK30-SG,"""SDL UK 6.44% 2030""",NSE,EQ
218881,645RJ30-SG,"""SDL RJ 6.45% 2030""",NSE,EQ
219393,DHAMPURSUG,"""DHAMPUR SUGAR MILLS""",NSE,EQ
219649,655TR30-SG,"""SDL TR 6.55% 2030""",NSE,EQ
220417,648KA31-SG,"""SDL KA 6.48% 2031""",NSE,EQ
220673,SGBDEC2513-GB,"""2.50%GOLDBONDS2025SR-XIII""",NSE,EQ
221185,655AP33-SG,"""SDL AP 6.55% 2033""",NSE,EQ
221953,672HR35-SG,"""SDL HR 6.72% 2035""",NSE,EQ
223745,ASTRON,"""ASTRON PAPER BORD MIL""",NSE,EQ
224257,677AP38-SG,"""SDL AP 6.77% 2038""",NSE,EQ
224513,676PN40-SG,"""SDL PN 6.76% 2040""",NSE,EQ
224769,678TS50-SG,"""SDL TS 6.78% 2050""",NSE,EQ
225537,DRREDDY,"""DR. REDDY S LABORATORIES""",NSE,EQ
229377,KHAICHEM,"""KHAITAN CHEM & FERT""",NSE,EQ
232961,EICHERMOT,"""EICHER MOTORS""",NSE,EQ
233729,EQUITASBNK,"""EQUITAS SMALL FIN BNK""",NSE,EQ
234497,EIDPARRY,"""EID PARRY INDIA""",NSE,EQ
235265,EIHOTEL,"""EIH - OBEROI HOTELS""",NSE,EQ
237057,ORCHPHARMA,"""ORCHID PHARMA""",NSE,EQ
237569,ELECTCAST,"""ELECTROSTEEL CASTINGS""",NSE,EQ
239617,DPABHUSHAN,"""D. P. ABHUSHAN""",NSE,EQ
239873,ELGIEQUIP,"""ELGI EQUIPMENTS""",NSE,EQ
240641,PGHL,"""PROCTER & GAMBLE HEALTH L""",NSE,EQ
241921,SGBJAN26-GB,"""2.50%GOLDBONDS2026SR-XIV""",NSE,EQ
243969,622GS2035-GS,"""GOI LOAN  6.22% 2035""",NSE,EQ
244481,ESABINDIA,"""ESAB INDIA""",NSE,EQ
244737,667GS2050-GS,"""GOI LOAN  6.67% 2050""",NSE,EQ
245249,ESCORTS,"""ESCORTS KUBOTA""",NSE,EQ
247553,SUBEXLTD,"""SUBEX""",NSE,EQ
248065,675RJ30-SG,"""SDL RJ 6.75% 2030""",NSE,EQ
248833,64KA30C-SG,"""SDL KA 6.4% 2030""",NSE,EQ
249089,64MH30-SG,"""SDL MH 6.4% 2030""",NSE,EQ
249857,643AP30-SG,"""SDL AP 6.43% 2030""",NSE,EQ
251137,EPL,"""EPL""",NSE,EQ
251393,646GJ30-SG,"""SDL GJ 6.46% 2030""",NSE,EQ
252161,648AS30-SG,"""SDL AS 6.48% 2030""",NSE,EQ
252929,648MZ30-SG,"""SDL MZ 6.48% 2030""",NSE,EQ
253697,65NL30-SG,"""SDL NL 6.5% 2030""",NSE,EQ
254209,EVERESTIND,"""EVEREST INDUSTRIES""",NSE,EQ
254465,652PY30-SG,"""SDL PY 6.52% 2030""",NSE,EQ
255233,659UP30-SG,"""SDL UP 6.59% 2030""",NSE,EQ
256001,656MH32-SG,"""SDL MH 6.56% 2032""",NSE,EQ
256257,94SFL28-YL,,NSE,EQ
257025,679AP34-SG,"""SDL AP 6.79% 2034""",NSE,EQ
257537,675KA35-SG,"""SDL KA 6.75% 2035""",NSE,EQ
257793,679PN35-SG,"""SDL PN 6.79% 2035""",NSE,EQ
258049,FACT,"""FACT""",NSE,EQ
258305,68JK35-SG,"""SDL JK 6.8% 2035""",NSE,EQ
258817,SCHAEFFLER,"""SCHAEFFLER INDIA""",NSE,EQ
259073,676MP40-SG,"""SDL MP 6.76% 2040""",NSE,EQ
259841,688WB40-SG,"""SDL WB 6.88% 2040""",NSE,EQ
260609,68TS50-SG,"""SDL TS 6.8% 2050""",NSE,EQ
261889,FEDERALBNK,"""FEDERAL BANK""",NSE,EQ
263681,AARON,"""AARON INDUSTRIES""",NSE,EQ
265729,FINCABLES,"""FINOLEX CABLES""",NSE,EQ
266497,FINPIPE,"""FINOLEX INDUSTRIES""",NSE,EQ
267265,AXISBNKETF,"""AXISAMC - AXISBNKETF""",NSE,EQ
269569,UFLEX,"""UFLEX""",NSE,EQ
274689,FOSECOIND,"""FOSECO INDIA""",NSE,EQ
274945,655GA30-SG,"""SDL GA 6.55% 2030""",NSE,EQ
275201,65GJ30-SG,"""SDL GJ 6.5% 2030""",NSE,EQ
275457,ZENSARTECH,"""ZENSAR TECHNOLOGIES """,NSE,EQ
275713,659HR30-SG,"""SDL HR 6.59% 2030""",NSE,EQ
276481,647KA30-SG,"""SDL KA 6.47% 2030""",NSE,EQ
277249,661RJ30-SG,"""SDL RJ 6.61% 2030""",NSE,EQ
277505,66SK30-SG,"""SDL SK 6.6% 2030""",NSE,EQ
277761,GABRIEL,"""GABRIEL INDIA""",NSE,EQ
278017,66UP30-SG,"""SDL UP 6.6% 2030""",NSE,EQ
279041,684MZ34-SG,"""SDL MZ 6.84% 2034""",NSE,EQ
279553,675KA34-SG,"""SDL KA 6.75% 2034""",NSE,EQ
280321,679MP40-SG,"""SDL MP 6.79% 2040""",NSE,EQ
281089,68TS50A-SG,"""SDL TS 6.8% 2050""",NSE,EQ
281601,GARFIBRES,"""GARWARE TECH FIBRES""",NSE,EQ
284161,DANGEE,"""DANGEE DUMS""",NSE,EQ
288513,GHCL,"""GHCL""",NSE,EQ
289025,GTECJAINX,"""G-TEC JAINX EDUCATION""",NSE,EQ
290305,APOLLO,"""APOLLO MICRO SYSTEMS""",NSE,EQ
291585,GICHSGFIN,"""GIC HOUSING FINANCE""",NSE,EQ
292353,GINNIFILA,"""GINNI FILAMENTS""",NSE,EQ
293121,GIPCL,"""GUJ IND POW CO.""",NSE,EQ
295169,GLAXO,"""GLAXOSMITHKLINE PHARMA LT""",NSE,EQ
296193,654AR30-SG,"""SDL AR 6.54% 2030""",NSE,EQ
296449,649KA30A-SG,"""SDL KA 6.49% 2030""",NSE,EQ
296961,654RJ30A-SG,"""SDL RJ 6.54% 2030""",NSE,EQ
297473,GTL,"""GTL""",NSE,EQ
297729,66AS30-SG,"""SDL AS 6.6% 2030""",NSE,EQ
297985,NEWGEN,"""NEWGEN SOFTWARE TECH""",NSE,EQ
298241,66PN30-SG,"""SDL PN 6.6% 2030""",NSE,EQ
298497,672KA33-SG,"""SDL KA 6.72% 2033""",NSE,EQ
299009,GMBREW,"""G M BREWERIES""",NSE,EQ
299265,678WB35-SG,"""SDL WB 6.78% 2035""",NSE,EQ
300033,681TR35-SG,"""SDL TR 6.81% 2035""",NSE,EQ
300545,GNFC,"""GUJ NAR VAL FER & CHEM L""",NSE,EQ
302337,GODFRYPHLP,"""GODFREY PHILLIPS INDIA LT""",NSE,EQ
303361,AMBER,"""AMBER ENTERPRISES (I)""",NSE,EQ
303617,GLAND,"""GLAND PHARMA""",NSE,EQ
304641,FMGOETZE,"""FEDERAL-MOGUL GOETZE (IND""",NSE,EQ
306177,KANSAINER,"""KANSAI NEROLAC PAINTS""",NSE,EQ
307201,ESG,"""MIRAEAMC - MAESGETF""",NSE,EQ
310273,635MH28-SG,"""SDL MH 6.35% 2028""",NSE,EQ
310785,DELTAMAGNT,"""DELTA MANUFACTURING""",NSE,EQ
311041,653HP29-SG,"""SDL HP 6.53% 2029""",NSE,EQ
311297,PRAXIS-BE,"""PRAXIS HOME RETAIL""",NSE,EQ
312577,66HP30-SG,"""SDL HP 6.6% 2030""",NSE,EQ
314113,65KA30A-SG,"""SDL KA 6.5% 2030""",NSE,EQ
315393,GRASIM,"""GRASIM INDUSTRIES""",NSE,EQ
315649,65GJ30A-SG,"""SDL GJ 6.5% 2030""",NSE,EQ
316161,GREAVESCOT,"""GREAVES COTTON""",NSE,EQ
316417,652MH30-SG,"""SDL MH 6.52% 2030""",NSE,EQ
316673,657GA30-SG,"""SDL GA 6.57% 2030""",NSE,EQ
317185,658UP30-SG,"""SDL UP 6.58% 2030""",NSE,EQ
317697,659RJ30A-SG,"""SDL RJ 6.59% 2030""",NSE,EQ
318977,664AS30-SG,"""SDL AS 6.64% 2030""",NSE,EQ
319233,GSFC,"""GUJ STATE FERT & CHEM""",NSE,EQ
319489,666KA32-SG,"""SDL KA 6.66% 2032""",NSE,EQ
320001,CASTROLIND,"""CASTROL INDIA""",NSE,EQ
320257,667MH32-SG,"""SDL MH 6.67% 2032""",NSE,EQ
320769,67JK32-SG,"""SDL JK 6.7% 2032""",NSE,EQ
321025,673TN40-SG,"""SDL TN 6.73% 2040""",NSE,EQ
321537,673TS50-SG,"""SDL TS 6.73% 2050""",NSE,EQ
324353,GUJALKALI,"""GUJARAT ALKALIES & CHEM""",NSE,EQ
325121,AMBUJACEM,"""AMBUJA CEMENTS""",NSE,EQ
326145,VASA-SM,"""VASA RETAIL & OVERSEA""",NSE,EQ
329985,GFLLIMITED,"""GFL""",NSE,EQ
336129,HARRMALAYA,"""HARRISON MALAYALAM""",NSE,EQ
336641,GALAXYSURF,"""GALAXY SURFACTANTS""",NSE,EQ
339713,HCL-INSYS,"""HCL INFOSYSTEMS""",NSE,EQ
339969,MARINE,"""MARINE ELECTRICAL (I)""",NSE,EQ
341249,HDFCBANK,"""HDFC BANK""",NSE,EQ
342017,HEG,"""HEG""",NSE,EQ
342529,SDBL,"""SOM DIST & BREW""",NSE,EQ
343297,585GS2030-GS,"""GOI LOAN  5.85% 2030""",NSE,EQ
343553,SGBN28VIII-GB,"""2.5%GOLDBONDS2028SR-VIII""",NSE,EQ
345089,HEROMOTOCO,"""HERO MOTOCORP""",NSE,EQ
346369,AMJUMBO-SM,"""A AND M JUMBO BAGS""",NSE,EQ
348161,HIMATSEIDE,"""HIMATSINGKA SEIDE""",NSE,EQ
348417,622KL27-SG,"""SDL KL 6.22% 2027""",NSE,EQ
348673,64AP28-SG,"""SDL AP 6.4% 2028""",NSE,EQ
348929,HINDALCO,"""HINDALCO  INDUSTRIES """,NSE,EQ
349185,649GJ29-SG,"""SDL GJ 6.49% 2029""",NSE,EQ
349441,653KA30-SG,"""SDL KA 6.53% 2030""",NSE,EQ
350209,66MN30-SG,"""SDL MN 6.6% 2030""",NSE,EQ
350465,662RJ30-SG,"""SDL RJ 6.62% 2030""",NSE,EQ
351233,HINDCOMPOS,"""HINDUSTAN COMPOSITES""",NSE,EQ
351489,665JK30-SG,"""SDL JK 6.65% 2030""",NSE,EQ
352001,HCC,"""HINDUSTAN CONSTRUCTION CO""",NSE,EQ
352257,668JH32-SG,"""SDL JH 6.68% 2032""",NSE,EQ
352769,668AP33-SG,"""SDL AP 6.68% 2033""",NSE,EQ
353025,669KA37-SG,"""SDL KA 6.69% 2037""",NSE,EQ
353281,855IREDA29-N2,,NSE,EQ
353793,673PN40-SG,"""SDL PN 6.73% 2040""",NSE,EQ
354049,855IREDA34-N3,,NSE,EQ
354817,674TS50-SG,"""SDL TS 6.74% 2050""",NSE,EQ
356097,880IREDA29-N5,,NSE,EQ
356609,880IREDA34-N6,,NSE,EQ
356865,HINDUNILVR,"""HINDUSTAN UNILEVER""",NSE,EQ
359169,HINDOILEXP,"""HINDUSTAN OIL EXPLORATION""",NSE,EQ
359937,HINDPETRO,"""HINDUSTAN PETROLEUM CORP""",NSE,EQ
361473,AGI,"""AGI GREENPAC""",NSE,EQ
362241,GLOBAL,"""GLOBAL EDUCATION""",NSE,EQ
364033,66RJ30B-SG,"""SDL RJ 6.6% 2030""",NSE,EQ
364545,HINDZINC,"""HINDUSTAN ZINC""",NSE,EQ
364801,662AS30-SG,"""SDL AS 6.62% 2030""",NSE,EQ
365057,MHHL-SM,"""MOHINI HEALTH&HYGIENE""",NSE,EQ
365569,662NL30-SG,"""SDL NL 6.62% 2030""",NSE,EQ
366081,668MZ31-SG,"""SDL MZ 6.68% 2031""",NSE,EQ
366593,668AP35A-SG,"""SDL AP 6.68% 2035""",NSE,EQ
367873,668KA36-SG,"""SDL KA 6.68% 2036""",NSE,EQ
369153,SANOFI,"""SANOFI INDIA""",NSE,EQ
369409,671WB40-SG,"""SDL WB 6.71% 2040""",NSE,EQ
370177,671TS40-SG,"""SDL TS 6.71% 2040""",NSE,EQ
370689,HLVLTD,"""HLV""",NSE,EQ
370945,593CG26-SG,"""SDL CG 5.93% 2026""",NSE,EQ
371969,654KA30-SG,"""SDL KA 6.54% 2030""",NSE,EQ
372225,655GA30A-SG,"""SDL GA 6.55% 2030""",NSE,EQ
372481,BIRLANU,"""BIRLANU""",NSE,EQ
375041,ACCURACY,"""ACCURACY SHIPPING""",NSE,EQ
375553,AKZOINDIA,"""AKZO NOBEL INDIA""",NSE,EQ
377857,IDBI,"""IDBI BANK""",NSE,EQ
378881,REPL,"""RUDRABHISHEK ENTERP""",NSE,EQ
379393,IFBAGRO,"""IFB AGRO INDUSTRIES""",NSE,EQ
380161,IFBIND,"""IFB INDUSTRIES""",NSE,EQ
381697,IFCI,"""IFCI""",NSE,EQ
382465,RBA,"""RESTAURANT BRAND ASIA""",NSE,EQ
383233,SHIVAMILLS,"""SHIVA MILLS""",NSE,EQ
385793,MOGSEC,"""MOTILALAMC - G5""",NSE,EQ
386049,ASTERDM,"""ASTER DM HEALTHCARE""",NSE,EQ
387073,INDHOTEL,"""THE INDIAN HOTELS CO.""",NSE,EQ
387329,535RJ25-SG,"""SDL RJ 5.35% 2025""",NSE,EQ
387841,INDIACEM,"""THE INDIA CEMENTS""",NSE,EQ
388097,654GA30A-SG,"""SDL GA 6.54% 2030""",NSE,EQ
389377,INDIAGLYCO,"""INDIA GLYCOLS""",NSE,EQ
389633,652KA30-SG,"""SDL KA 6.52% 2030""",NSE,EQ
390401,656UP30-SG,"""SDL UP 6.56% 2030""",NSE,EQ
391169,66ML30-SG,"""SDL ML 6.6% 2030""",NSE,EQ
391681,INDIANHUME,"""INDIAN HUME PIPE CO.""",NSE,EQ
391937,665KA35-SG,"""SDL KA 6.65% 2035""",NSE,EQ
392193,668WB35-SG,"""SDL WB 6.68% 2035""",NSE,EQ
392961,667TS50-SG,"""SDL TS 6.67% 2050""",NSE,EQ
396033,RKEC,"""RKEC PROJECTS""",NSE,EQ
401921,GMMPFAUDLR,"""GMM PFAUDLER""",NSE,EQ
402433,RVHL-BE,"""RAVINDER HEIGHTS""",NSE,EQ
403457,GILLETTE,"""GILLETTE INDIA""",NSE,EQ
404737,TARC,"""TARC""",NSE,EQ
407809,MGEL,"""MANGALAM GLOBAL ENT""",NSE,EQ
408065,INFY,"""INFOSYS""",NSE,EQ
408833,INGERRAND,"""INGERSOLL-RAND INDIA""",NSE,EQ
411393,AURIGROW,"""AURI GROW INDIA""",NSE,EQ
413185,FAIRCHEMOR,"""FAIRCHEM ORGANICS""",NSE,EQ
414977,TATAINVEST,"""TATA INVESTMENT CORP""",NSE,EQ
415745,IOC,"""INDIAN OIL CORP""",NSE,EQ
416513,LINDEINDIA,"""LINDE INDIA""",NSE,EQ
416769,BECTORFOOD,"""MRS BECTORS FOOD SPE""",NSE,EQ
417281,IONEXCHANG,"""ION EXCHANGE (INDIA)""",NSE,EQ
418049,IPCALAB,"""IPCA LABORATORIES""",NSE,EQ
420865,657HP30-SG,"""SDL HP 6.57% 2030""",NSE,EQ
421121,66AS30A-SG,"""SDL AS 6.6% 2030""",NSE,EQ
421377,658GA30A-SG,"""SDL GA 6.58% 2030""",NSE,EQ
421633,657HP30A-SG,"""SDL HP 6.57% 2030""",NSE,EQ
422145,66UP30A-SG,"""SDL UP 6.6% 2030""",NSE,EQ
422401,651KA30B-SG,"""SDL KA 6.51% 2030""",NSE,EQ
422657,663KA34-SG,"""SDL KA 6.63% 2034""",NSE,EQ
422913,663TN35-SG,"""SDL TN 6.63% 2035""",NSE,EQ
423681,669TS40-SG,"""SDL TS 6.69% 2040""",NSE,EQ
424961,ITC,"""ITC""",NSE,EQ
425729,SUNDROP,"""SUNDROP BRANDS""",NSE,EQ
428033,HGINFRA,"""H.G.INFRA ENGINEERING""",NSE,EQ
428801,ITI,"""ITI""",NSE,EQ
430337,IVP,"""IVP""",NSE,EQ
433921,662UP30-SG,"""SDL UP 6.62% 2030""",NSE,EQ
434433,541GA25-SG,"""SDL GA 5.41% 2025""",NSE,EQ
435201,532RJ25-SG,"""SDL RJ 5.32% 2025""",NSE,EQ
435969,588CG26-SG,"""SDL CG 5.88% 2026""",NSE,EQ
437249,JAYBARMARU,"""JAY BHARAT MARUTI""",NSE,EQ
437505,617KL27-SG,"""SDL KL 6.17% 2027""",NSE,EQ
438273,66ML30A-SG,"""SDL ML 6.6% 2030""",NSE,EQ
439041,66RJ30C-SG,"""SDL RJ 6.6% 2030""",NSE,EQ
440321,JAYSREETEA,"""JAYSHREE TEA & INDUSTRIES""",NSE,EQ
440577,66WB30-SG,"""SDL WB 6.6% 2030""",NSE,EQ
441857,JBCHEPHARM,"""J B CHEMICALS AND PHARMA""",NSE,EQ
442113,651KA30C-SG,"""SDL KA 6.51% 2030""",NSE,EQ
442881,664PY32-SG,"""SDL PY 6.64% 2032""",NSE,EQ
443649,662KA32A-SG,"""SDL KA 6.62% 2032""",NSE,EQ
444929,665TR35-SG,"""SDL TR 6.65% 2035""",NSE,EQ
445185,665AP36-SG,"""SDL AP 6.65% 2036""",NSE,EQ
445953,665TS40-SG,"""SDL TS 6.65% 2040""",NSE,EQ
446721,665AP40-SG,"""SDL AP 6.65% 2040""",NSE,EQ
449537,JINDALPOLY,"""JINDAL POLY FILMS""",NSE,EQ
449793,665PN50A-SG,"""SDL PN 6.65% 2050""",NSE,EQ
450049,868NHB29-N3,,NSE,EQ
450817,865NHB34-N4,,NSE,EQ
451841,893NHB29-N6,,NSE,EQ
452353,890NHB34-N7,,NSE,EQ
456193,KANPRPLA,"""KANPUR PLASTIPACK""",NSE,EQ
460033,AWHCL,"""ANTONY WASTE HDG CELL""",NSE,EQ
461313,JYOTISTRUC,"""JYOTI STRUCTURES""",NSE,EQ
462081,KABRAEXTRU,"""KABRA EXTRUSION TECHNIK L""",NSE,EQ
462849,KAJARIACER,"""KAJARIA CERAMICS""",NSE,EQ
463617,KAKATCEM,"""KAKATIYA CEM SUGAR &IND L""",NSE,EQ
464385,KPIL,"""KALPATARU PROJECT INT""",NSE,EQ
466177,532AS26-SG,"""SDL AS 5.32% 2026""",NSE,EQ
466945,582RJ27-SG,"""SDL RJ 5.82% 2027""",NSE,EQ
467457,KAMATHOTEL,"""KAMAT HOTELS (I)""",NSE,EQ
467713,645GJ30A-SG,"""SDL GJ 6.45% 2030""",NSE,EQ
468481,658GA31-SG,"""SDL GA 6.58% 2031""",NSE,EQ
469249,663MN31-SG,"""SDL MN 6.63% 2031""",NSE,EQ
469761,KANORICHEM,"""KANORIA CHEMICALS & INDUS""",NSE,EQ
470017,659RJ31-SG,"""SDL RJ 6.59% 2031""",NSE,EQ
470529,KARURVYSYA,"""KARUR VYSYA BANK""",NSE,EQ
470785,653TN31-SG,"""SDL TN 6.53% 2031""",NSE,EQ
471297,KCP,"""KCP""",NSE,EQ
471553,66UP31-SG,"""SDL UP 6.6% 2031""",NSE,EQ
474625,66UK31-SG,"""SDL UK 6.6% 2031""",NSE,EQ
475905,KESORAMIND,"""KESORAM INDUSTRIES""",NSE,EQ
476161,666JH34-SG,"""SDL JH 6.66% 2034""",NSE,EQ
476929,664JK36-SG,"""SDL JK 6.64% 2036""",NSE,EQ
477697,664AP39-SG,"""SDL AP 6.64% 2039""",NSE,EQ
478977,665AP41-SG,"""SDL AP 6.65% 2041""",NSE,EQ
479233,664TS51-SG,"""SDL TS 6.64% 2051""",NSE,EQ
481025,CARYSIL,"""CARYSIL""",NSE,EQ
482817,572BR26-SG,"""SDL BR 5.72% 2026""",NSE,EQ
483073,597CG27-SG,"""SDL CG 5.97% 2027""",NSE,EQ
483329,664SK31-SG,"""SDL SK 6.64% 2031""",NSE,EQ
483841,657TN31-SG,"""SDL TN 6.57% 2031""",NSE,EQ
484097,661UP31-SG,"""SDL UP 6.61% 2031""",NSE,EQ
485377,661RJ31-SG,"""SDL RJ 6.61% 2031""",NSE,EQ
486145,664MZ32-SG,"""SDL MZ 6.64% 2032""",NSE,EQ
486657,CUMMINSIND,"""CUMMINS INDIA""",NSE,EQ
486913,663WB41-SG,"""SDL WB 6.63% 2041""",NSE,EQ
487681,663AP37-SG,"""SDL AP 6.63% 2037""",NSE,EQ
488961,663PN51-SG,"""SDL PN 6.63% 2051""",NSE,EQ
491265,KOPRAN,"""KOPRAN""",NSE,EQ
491521,SGBJAN29IX-GB,"""2.50%GOLDBONDS2029SR-IX""",NSE,EQ
492033,KOTAKBANK,"""KOTAK MAHINDRA BANK""",NSE,EQ
492289,WEALTH,"""WEALTH FRST PORT. MG.""",NSE,EQ
493313,LIQUIDETF,"""DSP LIQUID ETF""",NSE,EQ
495617,582BR26-SG,"""SDL BR 5.82% 2026""",NSE,EQ
495873,KREBSBIO,"""KREBS BIOCHEMICALS & IND""",NSE,EQ
496129,662UP31-SG,"""SDL UP 6.62% 2031""",NSE,EQ
496385,662GA31-SG,"""SDL GA 6.62% 2031""",NSE,EQ
496641,663ML31-SG,"""SDL ML 6.63% 2031""",NSE,EQ
497665,661KA33-SG,"""SDL KA 6.61% 2033""",NSE,EQ
498433,661WB36-SG,"""SDL WB 6.61% 2036""",NSE,EQ
498945,KSB,"""KSB""",NSE,EQ
499201,66KA37-SG,"""SDL KA 6.6% 2037""",NSE,EQ
499969,661MP37-SG,"""SDL MP 6.61% 2037""",NSE,EQ
501505,662TS41-SG,"""SDL TS 6.62% 2041""",NSE,EQ
502785,TRENT,"""TRENT""",NSE,EQ
506625,LMW,"""LMW""",NSE,EQ
509697,863IRFC29-NC,,NSE,EQ
510465,LIBERTSHOE,"""LIBERTY SHOES""",NSE,EQ
511233,LICHSGFIN,"""LIC HOUSING FINANCE""",NSE,EQ
511745,888IRFC29-NE,,NSE,EQ
512769,SGBJAN29X-GB,"""2.50%GOLDBONDS2029SR-X""",NSE,EQ
513025,AHLADA,"""AHLADA ENGINEERS""",NSE,EQ
515329,61CG27-SG,"""SDL CG 6.1% 2027""",NSE,EQ
515585,657GJ31-SG,"""SDL GJ 6.57% 2031""",NSE,EQ
516097,661RJ31A-SG,"""SDL RJ 6.61% 2031""",NSE,EQ
516353,661TS51-SG,"""SDL TS 6.61% 2051""",NSE,EQ
516609,LUMAXIND,"""LUMAX INDUSTRIES""",NSE,EQ
516865,662HR41-SG,"""SDL HR 6.62% 2041""",NSE,EQ
517121,662RJ41-SG,"""SDL RJ 6.62% 2041""",NSE,EQ
517377,663HP31-SG,"""SDL HP 6.63% 2031""",NSE,EQ
517633,663WB31-SG,"""SDL WB 6.63% 2031""",NSE,EQ
517889,663HP33-SG,"""SDL HP 6.63% 2033""",NSE,EQ
518145,664UP31-SG,"""SDL UP 6.64% 2031""",NSE,EQ
519169,LYKALABS,"""LYKA LABS""",NSE,EQ
519425,IRFC,"""INDIAN RAILWAY FIN CORP L""",NSE,EQ
519937,M&M,"""MAHINDRA & MAHINDRA""",NSE,EQ
523009,RAMCOCEM,"""THE RAMCO CEMENTS""",NSE,EQ
524289,INDIGOPNTS,"""INDIGO PAINTS""",NSE,EQ
524545,CHENNPETRO,"""CHENNAI PETROLEUM CORP LT""",NSE,EQ
526337,HOMEFIRST,"""HOME FIRST FIN CO IND""",NSE,EQ
528641,689BR28-SG,"""SDL BR 6.89% 2028""",NSE,EQ
530177,645RJ27-SG,"""SDL RJ 6.45% 2027""",NSE,EQ
530689,VTL,"""VARDHMAN TEXTILES""",NSE,EQ
530945,699JK31-SG,"""SDL JK 6.99% 2031""",NSE,EQ
531713,685GA31-SG,"""SDL GA 6.85% 2031""",NSE,EQ
531969,688MN31-SG,"""SDL MN 6.88% 2031""",NSE,EQ
532225,685RJ31-SG,"""SDL RJ 6.85% 2031""",NSE,EQ
532481,688UP31-SG,"""SDL UP 6.88% 2031""",NSE,EQ
532737,69AP32-SG,"""SDL AP 6.9% 2032""",NSE,EQ
533761,MAHSCOOTER,"""MAHARASHTRA SCOOTERS""",NSE,EQ
534017,689AP35-SG,"""SDL AP 6.89% 2035""",NSE,EQ
534529,MAHSEAMLES,"""MAHARASHTRA SEAMLESS""",NSE,EQ
534785,688RJ46-SG,"""SDL RJ 6.88% 2046""",NSE,EQ
535553,689WB41-SG,"""SDL WB 6.89% 2041""",NSE,EQ
536321,686TS41-SG,"""SDL TS 6.86% 2041""",NSE,EQ
536577,687AP37-SG,"""SDL AP 6.87% 2037""",NSE,EQ
536833,685TN51-SG,"""SDL TN 6.85% 2051""",NSE,EQ
539137,MANGLMCEM,"""MANGALAM CEMENT""",NSE,EQ
539393,STOVEKRAFT,"""STOVE KRAFT""",NSE,EQ
540673,MARALOVER,"""MARAL OVERSEAS""",NSE,EQ
543489,619AS26-SG,"""SDL AS 6.19% 2026""",NSE,EQ
543745,MASTEK,"""MASTEK""",NSE,EQ
544001,609RJ26-SG,"""SDL RJ 6.09% 2026""",NSE,EQ
545793,MDL-SM,"""MARVEL DECOR""",NSE,EQ
546305,698AS31-SG,"""SDL AS 6.98% 2031""",NSE,EQ
546561,705PN31-SG,"""SDL PN 7.05% 2031""",NSE,EQ
547073,695RJ31-SG,"""SDL RJ 6.95% 2031""",NSE,EQ
547841,694UP31-SG,"""SDL UP 6.94% 2031""",NSE,EQ
548353,MFSL,"""MAX FINANCIAL SERV""",NSE,EQ
548609,704MZ33-SG,"""SDL MZ 7.04% 2033""",NSE,EQ
548865,BDL,"""BHARAT DYNAMICS""",NSE,EQ
549377,698HR41-SG,"""SDL HR 6.98% 2041""",NSE,EQ
549633,696RJ41-SG,"""SDL RJ 6.96% 2041""",NSE,EQ
550145,697WB36-SG,"""SDL WB 6.97% 2036""",NSE,EQ
550401,697RJ51-SG,"""SDL RJ 6.97% 2051""",NSE,EQ
555009,RAJMET,"""RAJNANDINI METAL""",NSE,EQ
557057,AKG,"""AKG EXIM""",NSE,EQ
558337,BOSCHLTD,"""BOSCH""",NSE,EQ
558849,TSFINV,"""TSF INVESTMENTS""",NSE,EQ
560129,GENCON,"""GENERIC ENG CONS PROJ""",NSE,EQ
563201,SGBFEB29XI-GB,"""2.50%GOLDBONDS2029SR-XI""",NSE,EQ
563969,BIRET-RR,"""BROOKFIELD INDIA RET""",NSE,EQ
569345,621AS26-SG,"""SDL AS 6.21% 2026""",NSE,EQ
570113,70TS51-SG,"""SDL TS 7.0% 2051""",NSE,EQ
570625,MODIRUBBER,"""MODI RUBBER""",NSE,EQ
570881,693GJ31-SG,"""SDL GJ 6.93% 2031""",NSE,EQ
571649,705HP35-SG,"""SDL HP 7.05% 2035""",NSE,EQ
572417,702HP36-SG,"""SDL HP 7.02% 2036""",NSE,EQ
573185,703MP31-SG,"""SDL MP 7.03% 2031""",NSE,EQ
573697,MODTHREAD,"""MODERN THREADS INDIA""",NSE,EQ
573953,705NL31-SG,"""SDL NL 7.05% 2031""",NSE,EQ
574721,705RJ31-SG,"""SDL RJ 7.05% 2031""",NSE,EQ
575489,703RJ36-SG,"""SDL RJ 7.03% 2036""",NSE,EQ
576257,699RJ41-SG,"""SDL RJ 6.99% 2041""",NSE,EQ
577537,PENINLAND,"""PENINSULA LAND""",NSE,EQ
577793,697RJ51A-SG,"""SDL RJ 6.97% 2051""",NSE,EQ
578305,MOREPENLAB,"""MOREPEN LAB.""",NSE,EQ
578561,695TN31-SG,"""SDL TN 6.95% 2031""",NSE,EQ
579329,BANDHANBNK,"""BANDHAN BANK""",NSE,EQ
579585,708UP31-SG,"""SDL UP 7.08% 2031""",NSE,EQ
579841,705WB31-SG,"""SDL WB 7.05% 2031""",NSE,EQ
580097,707AS31-SG,"""SDL AS 7.07% 2031""",NSE,EQ
580609,MOTOGENFIN,"""MOTOR & GENERAL FINANCE L""",NSE,EQ
582401,IRISDOREME,"""IRIS CLOTHINGS""",NSE,EQ
582913,MRF,"""MRF""",NSE,EQ
584449,MRPL,"""MRPL""",NSE,EQ
585985,HLEGLAS,"""HLE GLASCOAT""",NSE,EQ
587265,MTNL,"""MAHANAGAR TELEPHONE NIGAM""",NSE,EQ
589569,HAL,"""HINDUSTAN AERONAUTICS""",NSE,EQ
590337,BESTAGRO,"""BEST AGROLIFE""",NSE,EQ
590593,MUNJALSHOW,"""MUNJAL SHOWA""",NSE,EQ
592129,MURUDCERA,"""MURUDESHWAR CERAMICS""",NSE,EQ
592897,HEIDELBERG,"""HEIDELBERGCEMENT (I)""",NSE,EQ
593153,676GS2061-GS,"""GOI LOAN  6.76% 2061""",NSE,EQ
593665,NCC,"""NCC""",NSE,EQ
593921,SMCGLOBAL,"""SMC GLOBAL SECURITIES""",NSE,EQ
595969,CPSEETF,"""CPSE ETF""",NSE,EQ
596737,JAYNECOIND,"""JAYASWAL NECO INDUSTR""",NSE,EQ
602369,NURECA-BE,"""NURECA""",NSE,EQ
605441,GIRIRAJ-SM,"""GIRIRAJ CIVIL DEVP""",NSE,EQ
607233,63PY26-SG,"""SDL PY 6.3% 2026""",NSE,EQ
607745,67AS27-SG,"""SDL AS 6.7% 2027""",NSE,EQ
609281,708CG29-SG,"""SDL CG 7.08% 2029""",NSE,EQ
609537,707GJ31-SG,"""SDL GJ 7.07% 2031""",NSE,EQ
610049,708MH31-SG,"""SDL MH 7.08% 2031""",NSE,EQ
610305,719SK31-SG,"""SDL SK 7.19% 2031""",NSE,EQ
610561,NAVNETEDUL,"""NAVNEET EDUCATION""",NSE,EQ
610817,72GA31-SG,"""SDL GA 7.2% 2031""",NSE,EQ
611073,72UP31-SG,"""SDL UP 7.2% 2031""",NSE,EQ
611329,NELCO,"""NELCO""",NSE,EQ
611585,724AS31-SG,"""SDL AS 7.24% 2031""",NSE,EQ
612097,72JH35-SG,"""SDL JH 7.2% 2035""",NSE,EQ
612865,734TR36-SG,"""SDL TR 7.34% 2036""",NSE,EQ
613121,722AP37-SG,"""SDL AP 7.22% 2037""",NSE,EQ
613633,SANDHAR,"""SANDHAR TECHNOLOGIES""",NSE,EQ
613889,722KA38-SG,"""SDL KA 7.22% 2038""",NSE,EQ
614401,735KA39-SG,"""SDL KA 7.35% 2039""",NSE,EQ
615425,735KA40-SG,"""SDL KA 7.35% 2040""",NSE,EQ
615937,NEULANDLAB,"""NEULAND LAB""",NSE,EQ
616193,718HR41-SG,"""SDL HR 7.18% 2041""",NSE,EQ
617729,722RJ41-SG,"""SDL RJ 7.22% 2041""",NSE,EQ
617985,723WB41-SG,"""SDL WB 7.23% 2041""",NSE,EQ
619777,NILKAMAL,"""NILKAMAL""",NSE,EQ
622337,RAILTEL,"""RAILTEL CORP OF IND""",NSE,EQ
623361,CONSUMBEES,"""NIP IND ETF CONSUMPTION""",NSE,EQ
624385,NKIND,"""NK INDUSTRIES""",NSE,EQ
625153,NOCIL,"""NOCIL""",NSE,EQ
628225,CENTRUM,"""CENTRUM CAPITAL""",NSE,EQ
630529,MIDHANI,"""MISHRA DHATU NIGAM""",NSE,EQ
632833,OILCOUNTUB,"""OIL COUNTRY TUBULAR""",NSE,EQ
633601,ONGC,"""OIL AND NATURAL GAS CORP.""",NSE,EQ
635137,ONWARDTEC,"""ONWARD TECHNOLOGIES""",NSE,EQ
638209,ORIENTHOT,"""ORIENT HOTELS""",NSE,EQ
638721,SILGO-BE,"""SILGO RETAIL""",NSE,EQ
638977,ORIENTPPR,"""ORIENT PAPER AND INDS""",NSE,EQ
643329,BCLIND,"""BCL INDUSTRIES""",NSE,EQ
643585,OSWALAGRO,"""OSWAL AGRO MILLS""",NSE,EQ
647937,CONTI-SM,"""CONTINENTAL SEED CHEM""",NSE,EQ
648961,PGHH,"""P&G HYGIENE & HEALTH CARE""",NSE,EQ
649473,702KL28-SG,"""SDL KL 7.02% 2028""",NSE,EQ
649985,702HR29-SG,"""SDL HR 7.02% 2029""",NSE,EQ
650753,704MH29-SG,"""SDL MH 7.04% 2029""",NSE,EQ
651521,715RJ31-SG,"""SDL RJ 7.15% 2031""",NSE,EQ
652289,717AS31-SG,"""SDL AS 7.17% 2031""",NSE,EQ
653057,717ML31-SG,"""SDL ML 7.17% 2031""",NSE,EQ
653313,719UP31-SG,"""SDL UP 7.19% 2031""",NSE,EQ
654593,723PN31-SG,"""SDL PN 7.23% 2031""",NSE,EQ
655361,724RJ36-SG,"""SDL RJ 7.24% 2036""",NSE,EQ
655873,HUHTAMAKI,"""HUHTAMAKI INDIA""",NSE,EQ
656129,724JK36-SG,"""SDL JK 7.24% 2036""",NSE,EQ
656897,729KA36-SG,"""SDL KA 7.29% 2036""",NSE,EQ
659201,729KA37-SG,"""SDL KA 7.29% 2037""",NSE,EQ
659969,722KA38A-SG,"""SDL KA 7.22% 2038""",NSE,EQ
660737,725TS41-SG,"""SDL TS 7.25% 2041""",NSE,EQ
661505,72RJ46-SG,"""SDL RJ 7.2% 2046""",NSE,EQ
664321,3PLAND,"""3P LAND HOLDINGS""",NSE,EQ
665089,AMJLAND,"""AMJ LAND HOLDINGS""",NSE,EQ
665345,PARTYCRUS-SM,"""PARTY CRUISERS""",NSE,EQ
667137,LEMONTREE,"""LEMON TREE HOTELS""",NSE,EQ
668161,PEARLPOLY,"""PEARL POLYMERS""",NSE,EQ
669185,HERANBA,"""HERANBA INDUSTRIES""",NSE,EQ
669697,SEAMECLTD,"""SEAMEC""",NSE,EQ
672513,IT,"""KOTAKMAMC - KOTAKIT""",NSE,EQ
674817,DIVOPPBEES,"""NIP IND ETF DIV OPP""",NSE,EQ
676609,PFIZER,"""PFIZER""",NSE,EQ
677121,DRCSYSTEMS,"""DRC SYSTEMS INDIA""",NSE,EQ
678145,PCBL,"""PCBL CHEMICAL""",NSE,EQ
679937,729KA39-SG,"""SDL KA 7.29% 2039""",NSE,EQ
680193,725WB41-SG,"""SDL WB 7.25% 2041""",NSE,EQ
680705,72TS51-SG,"""SDL TS 7.2% 2051""",NSE,EQ
681985,PIDILITIND,"""PIDILITE INDUSTRIES""",NSE,EQ
682497,VERA-SM,"""VERA SYNTHETIC""",NSE,EQ
683009,702PN28-SG,"""SDL PN 7.02% 2028""",NSE,EQ
683521,702MH29-SG,"""SDL MH 7.02% 2029""",NSE,EQ
683777,708GJ31-SG,"""SDL GJ 7.08% 2031""",NSE,EQ
684289,713RJ31-SG,"""SDL RJ 7.13% 2031""",NSE,EQ
685057,717UP31-SG,"""SDL UP 7.17% 2031""",NSE,EQ
685825,718MN31-SG,"""SDL MN 7.18% 2031""",NSE,EQ
686337,718SK31-SG,"""SDL SK 7.18% 2031""",NSE,EQ
686849,727MZ33-SG,"""SDL MZ 7.27% 2033""",NSE,EQ
687873,POLYPLEX,"""POLYPLEX CORPORATION""",NSE,EQ
688129,728JH36-SG,"""SDL JH 7.28% 2036""",NSE,EQ
688641,729TR36-SG,"""SDL TR 7.29% 2036""",NSE,EQ
688897,724KA37-SG,"""SDL KA 7.24% 2037""",NSE,EQ
689409,724KA38-SG,"""SDL KA 7.24% 2038""",NSE,EQ
692481,PRAJIND,"""PRAJ INDUSTRIES""",NSE,EQ
693249,PRAKASH,"""PRAKASH INDUSTRIES""",NSE,EQ
693505,MTARTECH,"""MTAR TECHNOLOGIES""",NSE,EQ
694017,PRECOT,"""PRECOT""",NSE,EQ
695297,BUTTERFLY,"""BTRFLY GANDHI APPL""",NSE,EQ
695553,PRECWIRE,"""PRECISION WIRES INDIA""",NSE,EQ
696577,711GJ31-SG,"""SDL GJ 7.11% 2031""",NSE,EQ
699649,643AS26-SG,"""SDL AS 6.43% 2026""",NSE,EQ
700161,699KA28-SG,"""SDL KA 6.99% 2028""",NSE,EQ
701185,PRSMJOHNSN,"""PRISM JOHNSON""",NSE,EQ
701441,706CG29-SG,"""SDL CG 7.06% 2029""",NSE,EQ
702209,714HR31-SG,"""SDL HR 7.14% 2031""",NSE,EQ
702465,715RJ31A-SG,"""SDL RJ 7.15% 2031""",NSE,EQ
702977,716GA31-SG,"""SDL GA 7.16% 2031""",NSE,EQ
705537,716ML31-SG,"""SDL ML 7.16% 2031""",NSE,EQ
706305,716UP31-SG,"""SDL UP 7.16% 2031""",NSE,EQ
707073,719WB36-SG,"""SDL WB 7.19% 2036""",NSE,EQ
708609,719KA39-SG,"""SDL KA 7.19% 2039""",NSE,EQ
709377,719KA40-SG,"""SDL KA 7.19% 2040""",NSE,EQ
712449,JUBLINGREA,"""JUBILANT INGREVIA""",NSE,EQ
714753,EASEMYTRIP,"""EASY TRIP PLANNERS""",NSE,EQ
715265,RSWM,"""RSWM""",NSE,EQ
716545,CHEMFAB,"""CHEMFAB ALKALIS""",NSE,EQ
719105,RAJSREESUG,"""RAJSHREE SUGAR & CHEMICAL""",NSE,EQ
719361,SGBMR29XII-GB,"""2.50%GOLDBONDS2029SR-XII""",NSE,EQ
720385,ARVEE,"""ARVEE LABORATORIES I""",NSE,EQ
720897,RALLIS,"""RALLIS INDIA""",NSE,EQ
724225,ANURAS,"""ANUPAM RASAYAN INDIA""",NSE,EQ
726273,RANASUG,"""RANA SUGARS""",NSE,EQ
726785,MAHICKRA-SM,"""MAHICKRA CHEMICAL""",NSE,EQ
727297,LXCHEM,"""LAXMI ORGANIC INDUS""",NSE,EQ
728065,RANEHOLDIN,"""RANE HOLDINGS""",NSE,EQ
730625,CRAFTSMAN,"""CRAFTSMAN AUTOMATION""",NSE,EQ
731905,RAYMOND,"""RAYMOND""",NSE,EQ
733697,RCF,"""RASHTRIYA CHEMICALS & FER""",NSE,EQ
734209,HITECH,"""HI-TECH PIPES""",NSE,EQ
734977,10IIFL28A-NE,,NSE,EQ
736513,96IIFL28A-NF,,NSE,EQ
738049,IIFLZC28-NG,,NSE,EQ
738561,RELIANCE,"""RELIANCE INDUSTRIES""",NSE,EQ
740097,SGBMAY26-GB,"""2.50%GOLDBONDS2026SR-I""",NSE,EQ
740353,INTERISE-IV,"""INTERISE TRUST""",NSE,EQ
742657,672KL27-SG,"""SDL KL 6.72% 2027""",NSE,EQ
744193,694CG29-SG,"""SDL CG 6.94% 2029""",NSE,EQ
744705,RICOAUTO,"""RICO AUTO INDUSTRIES""",NSE,EQ
744961,685GA31A-SG,"""SDL GA 6.85% 2031""",NSE,EQ
745473,RIIL,"""RELIANCE INDUSTRIAL INFRA""",NSE,EQ
745729,693SK31-SG,"""SDL SK 6.93% 2031""",NSE,EQ
746497,686JH36-SG,"""SDL JH 6.86% 2036""",NSE,EQ
747265,684UK31-SG,"""SDL UK 6.84% 2031""",NSE,EQ
748033,685AR31-SG,"""SDL AR 6.85% 2031""",NSE,EQ
748801,683WB31-SG,"""SDL WB 6.83% 2031""",NSE,EQ
749569,684GJ31-SG,"""SDL GJ 6.84% 2031""",NSE,EQ
750081,685AS31-SG,"""SDL AS 6.85% 2031""",NSE,EQ
750849,863REC29-NC,,NSE,EQ
751361,861REC34-ND,,NSE,EQ
751873,685ML31-SG,"""SDL ML 6.85% 2031""",NSE,EQ
752385,RUBYMILLS,"""THE RUBY MILLS""",NSE,EQ
752641,686PN33-SG,"""SDL PN 6.86% 2033""",NSE,EQ
753409,686PY34-SG,"""SDL PY 6.86% 2034""",NSE,EQ
754433,888REC29-NF,,NSE,EQ
755457,S&SPOWER,"""S&S POWER SWITCHGEARS""",NSE,EQ
755969,886REC34-NG,,NSE,EQ
756481,KALYANKJIL,"""KALYAN JEWELLERS IND""",NSE,EQ
758529,SAIL,"""STEEL AUTHORITY OF INDIA""",NSE,EQ
760065,SAKHTISUG,"""SAKTHI SUGARS""",NSE,EQ
760321,SURYODAY,"""SURYODAY SMALL FIN BK""",NSE,EQ
760833,ORIENTELEC,"""ORIENT ELECTRIC""",NSE,EQ
762625,ORTINGLOBE,"""ORTIN GLOBAL""",NSE,EQ
764673,NAZARA,"""NAZARA TECHNOLOGIES""",NSE,EQ
764929,SANDESH,"""SANDESH""",NSE,EQ
767233,SANGHIIND,"""SANGHI INDUSTRIES""",NSE,EQ
767489,SUVIDHAA,"""SUVIDHAA INFOSERVE""",NSE,EQ
768257,BSE500IETF,"""ICICIPRAMC - ICICI500""",NSE,EQ
768513,WONDERLA,"""WONDERLA HOLIDAYS""",NSE,EQ
770305,KOHINOOR,"""KOHINOOR FOODS""",NSE,EQ
770561,AXISTECETF,"""AXISAMC - AXISTECETF""",NSE,EQ
772609,SAURASHCEM,"""SAURASHTRA CEMENT""",NSE,EQ
773377,SOTL,"""SAVITA OIL TECHNOLO.""",NSE,EQ
773633,SDL26BEES,"""RELCAPAMC-NETFSDL26""",NSE,EQ
774145,JINDALSAW,"""JINDAL SAW""",NSE,EQ
779521,SBIN,"""STATE BANK OF INDIA""",NSE,EQ
780289,SCI,"""SHIPPING CORP OF INDIA LT""",NSE,EQ
782849,618GJ26-SG,"""SDL GJ 6.18% 2026""",NSE,EQ
783617,658GJ27-SG,"""SDL GJ 6.58% 2027""",NSE,EQ
784129,VEDL,"""VEDANTA""",NSE,EQ
784385,69GJ30-SG,"""SDL GJ 6.9% 2030""",NSE,EQ
784897,SESHAPAPER,"""SESHASAYEE PAPER & BOARDS""",NSE,EQ
785153,68UK31-SG,"""SDL UK 6.8% 2031""",NSE,EQ
785921,68KL31-SG,"""SDL KL 6.8% 2031""",NSE,EQ
786689,684JK31-SG,"""SDL JK 6.84% 2031""",NSE,EQ
787457,684GA31-SG,"""SDL GA 6.84% 2031""",NSE,EQ
787713,682KL32-SG,"""SDL KL 6.82% 2032""",NSE,EQ
787969,SHANTIGEAR,"""SHANTHI GEARS""",NSE,EQ
788225,698PY33-SG,"""SDL PY 6.98% 2033""",NSE,EQ
788993,682JH34-SG,"""SDL JH 6.82% 2034""",NSE,EQ
789249,682KL35-SG,"""SDL KL 6.82% 2035""",NSE,EQ
789761,682PN36-SG,"""SDL PN 6.82% 2036""",NSE,EQ
790529,INDOSTAR,"""INDOSTAR CAPITAL FIN""",NSE,EQ
790785,699WB36-SG,"""SDL WB 6.99% 2036""",NSE,EQ
793345,SHREDIGCEM,"""SHREE DIGVIJAY CEM CO""",NSE,EQ
794369,SHREECEM,"""SHREE CEMENT""",NSE,EQ
800257,SHREYANIND,"""SHREYANS INDUSTRIES""",NSE,EQ
800513,UFBL,"""UNITED FOODBRANDS""",NSE,EQ
801025,TRANSWORLD,"""TRANSWORLD SHIP LINES""",NSE,EQ
803329,HONDAPOWER,"""HONDA I POWER PRODUCT""",NSE,EQ
805889,SIDDHIKA-SM,"""SIDDHIKA COATINGS""",NSE,EQ
806145,BORORENEW,"""BOROSIL RENEWABLES""",NSE,EQ
806401,SIEMENS,"""SIEMENS""",NSE,EQ
809473,SIMPLEXINF,"""SIMPLEX INFRASTRUCTURES L""",NSE,EQ
812033,GILT5YBEES,"""RELCAPAMC - NETFGILT5Y""",NSE,EQ
815617,SKFINDIA,"""SKF INDIA""",NSE,EQ
816129,VMARCIND-SM,"""V MARC INDIA""",NSE,EQ
817921,675RJ31-SG,"""SDL RJ 6.75% 2031""",NSE,EQ
818177,678AP38-SG,"""SDL AP 6.78% 2038""",NSE,EQ
819201,678AP39-SG,"""SDL AP 6.78% 2039""",NSE,EQ
819713,563GS2026-GS,"""GOI LOAN  5.63% 2026""",NSE,EQ
820225,664GS2035-GS,"""GOI LOAN  6.64% 2035""",NSE,EQ
824321,LODHA,"""LODHA DEVELOPERS""",NSE,EQ
828673,JTEKTINDIA,"""JTEKT INDIA""",NSE,EQ
828929,682ML31-SG,"""SDL ML 6.82% 2031""",NSE,EQ
829697,678RJ31-SG,"""SDL RJ 6.78% 2031""",NSE,EQ
830465,678JK33-SG,"""SDL JK 6.78% 2033""",NSE,EQ
831233,NITIRAJ,"""NITIRAJ ENGINEERS""",NSE,EQ
832513,SPIC,"""SPIC""",NSE,EQ
833793,684AR31-SG,"""SDL AR 6.84% 2031""",NSE,EQ
834305,682RJ31-SG,"""SDL RJ 6.82% 2031""",NSE,EQ
835841,685NL31-SG,"""SDL NL 6.85% 2031""",NSE,EQ
836097,689TS51-SG,"""SDL TS 6.89% 2051""",NSE,EQ
837889,SRF,"""SRF""",NSE,EQ
838401,TEMBO,"""TEMBO GLOBAL IND""",NSE,EQ
842497,STARPAPER,"""STAR PAPER MILLS""",NSE,EQ
842753,DEEPINDS,"""DEEP INDUSTRIES""",NSE,EQ
845825,678MN31-SG,"""SDL MN 6.78% 2031""",NSE,EQ
848897,MODISONLTD,"""MODISON""",NSE,EQ
850177,SPMLINFRA,"""SPML INFRA""",NSE,EQ
850945,SUBROS,"""SUBROS""",NSE,EQ
851713,SUDARSCHEM,"""SUDARSHAN CHEMICAL INDS L""",NSE,EQ
852225,ISGEC,"""ISGEC HEAVY ENG""",NSE,EQ
854785,SUNDARMFIN,"""SUNDARAM FINANCE""",NSE,EQ
856321,SUNDRMFAST,"""SUNDRAM FASTENERS""",NSE,EQ
857089,SUNFLAG,"""SUNFLAG IRON AND STEEL CO""",NSE,EQ
857857,SUNPHARMA,"""SUN PHARMACEUTICAL IND L""",NSE,EQ
859393,SUPERSPIN,"""SUPER SPINNING MILLS""",NSE,EQ
860929,SUPREMEIND,"""SUPREME INDUSTRIES""",NSE,EQ
861185,677TN31-SG,"""SDL TN 6.77% 2031""",NSE,EQ
863489,678RJ31A-SG,"""SDL RJ 6.78% 2031""",NSE,EQ
864001,SURYAROSNI,"""SURYA ROSHNI""",NSE,EQ
864257,682MH32-SG,"""SDL MH 6.82% 2032""",NSE,EQ
865025,687MH33-SG,"""SDL MH 6.87% 2033""",NSE,EQ
865793,692HR36-SG,"""SDL HR 6.92% 2036""",NSE,EQ
866305,SWARAJENG,"""SWARAJ ENGINES""",NSE,EQ
866561,69AP39-SG,"""SDL AP 6.9% 2039""",NSE,EQ
867073,SMLMAH,"""SML MAHINDRA""",NSE,EQ
867329,691AP40-SG,"""SDL AP 6.91% 2040""",NSE,EQ
867585,AGARIND,"""AGARWAL INDS CORP""",NSE,EQ
868097,696TS51-SG,"""SDL TS 6.96% 2051""",NSE,EQ
868353,69JK33-SG,"""SDL JK 6.9% 2033""",NSE,EQ
869377,TAINWALCHM,"""TAINWALA CHEMICAL AND PLA""",NSE,EQ
871169,AJOONI,"""AJOONI BIOTECH""",NSE,EQ
871681,TATACHEM,"""TATA CHEMICALS""",NSE,EQ
873217,TATAELXSI,"""TATA ELXSI""",NSE,EQ
874753,HONAUT,"""HONEYWELL AUTOMATION IND""",NSE,EQ
876033,745IGT26-NC,,NSE,EQ
876801,76IGT26-ND,,NSE,EQ
877057,TATAPOWER,"""TATA POWER CO""",NSE,EQ
877569,77IGT28-NE,,NSE,EQ
878593,TATACONSUM,"""TATA CONSUMER PRODUCT""",NSE,EQ
878849,79IGT28-NF,,NSE,EQ
879361,BBOX,"""BLACK BOX""",NSE,EQ
881153,749IGT28-NG,,NSE,EQ
883457,769IGT28-NH,,NSE,EQ
884737,TMPV,"""TATA MOTORS PASS VEH""",NSE,EQ
884993,795IGT31-NI,,NSE,EQ
886785,82IGT31-NJ,,NSE,EQ
887297,TFCILTD,"""TOURISM FINANCE CORP. OF""",NSE,EQ
888321,772IGT31-NK,,NSE,EQ
889601,THERMAX,"""THERMAX""",NSE,EQ
889857,797IGT31-NL,,NSE,EQ
891137,THOMASCOOK,"""THOMAS COOK (INDIA)""",NSE,EQ
891393,CLSEL,"""CHAMAN LAL SETIA EXP""",NSE,EQ
891905,TIL,"""TIL""",NSE,EQ
894465,PGINVIT-IV,"""POWERGRID INFRA. INVITS""",NSE,EQ
894977,TIRUMALCHM,"""THIRUMALAI CHEMICALS""",NSE,EQ
895745,TATASTEEL,"""TATA STEEL""",NSE,EQ
897537,TITAN,"""TITAN COMPANY""",NSE,EQ
897793,MAFANG,"""MIRAEAMC - MAFANG""",NSE,EQ
898305,TNPETRO,"""TAMILNADU PETROPRODUCTS L""",NSE,EQ
898817,677RJ31-SG,"""SDL RJ 6.77% 2031""",NSE,EQ
899073,TNTELE,"""TAMILNADU TELECOMMUNICATI""",NSE,EQ
899329,694AP37-SG,"""SDL AP 6.94% 2037""",NSE,EQ
899585,694AP38-SG,"""SDL AP 6.94% 2038""",NSE,EQ
900097,613RJ26-SG,"""SDL RJ 6.13% 2026""",NSE,EQ
900353,679HR31-SG,"""SDL HR 6.79% 2031""",NSE,EQ
900609,TORNTPHARM,"""TORRENT PHARMACEUTICALS L""",NSE,EQ
900865,683WB31A-SG,"""SDL WB 6.83% 2031""",NSE,EQ
901121,684MH32-SG,"""SDL MH 6.84% 2032""",NSE,EQ
901633,688MH33-SG,"""SDL MH 6.88% 2033""",NSE,EQ
901889,69MZ33-SG,"""SDL MZ 6.9% 2033""",NSE,EQ
903681,AXISBPSETF,"""AXISAMC - AXISBPSETF""",NSE,EQ
907777,TTKPRESTIG,"""TTK PRESTIGE""",NSE,EQ
909569,EQUIPPP-BE,"""EQUIPPP SOC IMP TECH""",NSE,EQ
912129,ADANIGREEN,"""ADANI GREEN ENERGY""",NSE,EQ
913153,683MH32-SG,"""SDL MH 6.83% 2032""",NSE,EQ
913921,UCAL,"""UCAL""",NSE,EQ
914177,684HR32-SG,"""SDL HR 6.84% 2032""",NSE,EQ
914945,687MH33A-SG,"""SDL MH 6.87% 2033""",NSE,EQ
915201,696AP35-SG,"""SDL AP 6.96% 2035""",NSE,EQ
915457,696AP36-SG,"""SDL AP 6.96% 2036""",NSE,EQ
915713,698TS41-SG,"""SDL TS 6.98% 2041""",NSE,EQ
915969,696TN51-SG,"""SDL TN 6.96% 2051""",NSE,EQ
916225,UNICHEMLAB,"""UNICHEM LABORATORIES""",NSE,EQ
916481,696TN56-SG,"""SDL TN 6.96% 2056""",NSE,EQ
918017,MOKSH,"""MOKSH ORNAMENTS""",NSE,EQ
920065,UNITECH,"""UNITECH""",NSE,EQ
923393,UNIVCABLES,"""UNIVERSAL CABLES""",NSE,EQ
923649,AXISHCETF,"""AXISAMC - AXISHCETF""",NSE,EQ
928257,HEALTHIETF,"""ICICIPRAMC - ICICIPHARM""",NSE,EQ
931073,JUBLPHARMA,"""JUBILANT PHARMOVA""",NSE,EQ
931329,61RJ26-SG,"""SDL RJ 6.1% 2026""",NSE,EQ
932097,676RJ31-SG,"""SDL RJ 6.76% 2031""",NSE,EQ
932609,678SK31-SG,"""SDL SK 6.78% 2031""",NSE,EQ
933121,699TN41-SG,"""SDL TN 6.99% 2041""",NSE,EQ
933377,VARDMNPOLY,"""VARDHMAN POLYTEX""",NSE,EQ
933633,697TN46-SG,"""SDL TN 6.97% 2046""",NSE,EQ
934401,639BR27-SG,"""SDL BR 6.39% 2027""",NSE,EQ
935681,678KL31-SG,"""SDL KL 6.78% 2031""",NSE,EQ
935937,684KL33-SG,"""SDL KL 6.84% 2033""",NSE,EQ
936705,678MH31-SG,"""SDL MH 6.78% 2031""",NSE,EQ
938241,683MH32A-SG,"""SDL MH 6.83% 2032""",NSE,EQ
940033,SOLARA,"""SOLARA ACTIVE PHA SCI""",NSE,EQ
941057,VESUVIUS,"""VESUVIUS INDIA""",NSE,EQ
944385,704AP40-SG,"""SDL AP 7.04% 2040""",NSE,EQ
945153,704AP41-SG,"""SDL AP 7.04% 2041""",NSE,EQ
945665,VINDHYATEL,"""VINDHYA TELELINKS""",NSE,EQ
945921,645BR27-SG,"""SDL BR 6.45% 2027""",NSE,EQ
946177,695HR33-SG,"""SDL HR 6.95% 2033""",NSE,EQ
946433,704JK36-SG,"""SDL JK 7.04% 2036""",NSE,EQ
946945,GAYAHWS-BE,"""GAYATRI HIGHWAYS""",NSE,EQ
947457,696KL34-SG,"""SDL KL 6.96% 2034""",NSE,EQ
947969,VIPIND,"""VIP INDUSTRIES""",NSE,EQ
948225,681MH31-SG,"""SDL MH 6.81% 2031""",NSE,EQ
948993,686MH32-SG,"""SDL MH 6.86% 2032""",NSE,EQ
949761,685NL31A-SG,"""SDL NL 6.85% 2031""",NSE,EQ
950529,684RJ31-SG,"""SDL RJ 6.84% 2031""",NSE,EQ
951041,VLSFINANCE,"""VLS FINANCE""",NSE,EQ
951297,705RJ41-SG,"""SDL RJ 7.05% 2041""",NSE,EQ
951809,VOLTAS,"""VOLTAS""",NSE,EQ
952065,703TN46-SG,"""SDL TN 7.03% 2046""",NSE,EQ
952577,TATACOMM,"""TATA COMMUNICATIONS""",NSE,EQ
952833,703TN51-SG,"""SDL TN 7.03% 2051""",NSE,EQ
953345,VSTIND,"""VST INDUSTRIES""",NSE,EQ
953601,705TS41-SG,"""SDL TS 7.05% 2041""",NSE,EQ
953857,665WB28-SG,"""SDL WB 6.65% 2028""",NSE,EQ
954113,ANMOL,"""ANMOL INDIA""",NSE,EQ
956417,WALCHANNAG,"""WALCHANDNAGAR INDUSTRIES""",NSE,EQ
957953,SGBMAY29I-GB,"""2.5%GOLDBONDS2029SR-I""",NSE,EQ
958209,SGBJUN29II-GB,"""2.5%GOLDBONDS2029SR-II""",NSE,EQ
958465,FINEORG,"""FINE ORGANIC IND.""",NSE,EQ
959489,WEIZMANIND,"""WEIZMANN""",NSE,EQ
960001,672GJ30-SG,"""SDL GJ 6.72% 2030""",NSE,EQ
960513,68RJ31-SG,"""SDL RJ 6.8% 2031""",NSE,EQ
961281,681PN31-SG,"""SDL PN 6.81% 2031""",NSE,EQ
961793,VENKEYS,"""VENKY S (INDIA)""",NSE,EQ
962049,70AP38-SG,"""SDL AP 7.0% 2038""",NSE,EQ
962817,RITES,"""RITES""",NSE,EQ
963073,701AP39-SG,"""SDL AP 7.01% 2039""",NSE,EQ
963329,707RJ46-SG,"""SDL RJ 7.07% 2046""",NSE,EQ
964097,WHEELS,"""WHEELS INDIA""",NSE,EQ
964353,704TS51-SG,"""SDL TS 7.04% 2051""",NSE,EQ
965633,WILLAMAGOR,"""WILLIAMSON MAGOR""",NSE,EQ
969473,WIPRO,"""WIPRO""",NSE,EQ
972545,WSTCSTPAPR,"""WEST COAST PAPER MILLS LT""",NSE,EQ
972801,SGBJU29III-GB,"""2.5%GOLDBONDS2029SR-III""",NSE,EQ
974593,VINEETLAB,"""VINEET LABORATORIES""",NSE,EQ
975873,ZEEL,"""ZEE ENTERTAINMENT ENT""",NSE,EQ
976129,ARIHANTCAP,"""ARIHANT CAPITAL MKTS""",NSE,EQ
978177,ZODIACLOTH,"""ZODIAC CLOTHING CO.""",NSE,EQ
979713,ZUARIIND,"""ZUARI INDUSTRIES""",NSE,EQ
981505,BHARATRAS,"""BHARAT RASAYAN""",NSE,EQ
982273,TOKYOPLAST,"""TOKYO PLAST INTL""",NSE,EQ
987393,VARROC,"""VARROC ENGINEERING""",NSE,EQ
993281,SOMANYCERA,"""SOMANY CERAMICS""",NSE,EQ
996353,HATSUN,"""HATSUN AGRO PRODUCT""",NSE,EQ
999937,CAPLIPOINT,"""CAPLIN POINT LAB""",NSE,EQ
1000449,PREMIERPOL,"""PREMIER POLYFILM""",NSE,EQ
1001473,KHAITANLTD,"""KHAITAN (INDIA)LTD.""",NSE,EQ
1003009,NATCOPHARM,"""NATCO PHARMA""",NSE,EQ
1011201,JAKHARIA-ST,"""JAKHARIA FABRIC""",NSE,EQ
1014529,GOCLCORP,"""GOCL CORPORATION""",NSE,EQ
1015041,REMSONSIND,"""REMSONS INDUSTRIES""",NSE,EQ
1016833,PARASPETRO,"""PARAS PETROFILS""",NSE,EQ
1018881,TNPL,"""TAMILNADU NEWSPRT & PAPER""",NSE,EQ
1020673,GREENPLY,"""GREENPLY INDUSTRIES""",NSE,EQ
1025793,CORALFINAC,"""CORAL INDIA FIN & HOUS LT""",NSE,EQ
1027585,NAVA,"""NAVA""",NSE,EQ
1033473,AUSOMENT,"""AUSOM ENTERPRISE""",NSE,EQ
1034241,EIMCOELECO,"""EIMCO ELECON (INDIA)""",NSE,EQ
1034497,JAYAGROGN,"""JAYANT AGRO ORGANICS""",NSE,EQ
1038081,PANACEABIO,"""PANACEA BIOTEC""",NSE,EQ
1039361,ALPSINDUS,"""ALPS INDUSTRIES""",NSE,EQ
1040385,CUBEXTUB,"""CUBEX TUBINGS""",NSE,EQ
1041153,MARICO,"""MARICO""",NSE,EQ
1045249,AMBANIORGO-SM,"""AMBANI ORGOCHEM""",NSE,EQ
1050881,SILINV,"""SIL INVESTMENTS""",NSE,EQ
1054209,HBSL-BE,"""HB STOCKHOLDINGS""",NSE,EQ
1057281,REGENCERAM,"""REGENCY CERAMICS""",NSE,EQ
1058817,BIOFILCHEM,"""BIOFIL CHEM & PHARMA""",NSE,EQ
1064193,KEYFINSERV,"""KEYNOTE FIN SERV""",NSE,EQ
1069057,ZENITHEXPO,"""ZENITH EXPORTS""",NSE,EQ
1069825,SUNDRMBRAK,"""SUNDARAM BRAK LININGS""",NSE,EQ
1071105,SANGAMIND,"""SANGAM (INDIA)""",NSE,EQ
1076225,MOTHERSON,"""SAMVRDHNA MTHRSN INTL""",NSE,EQ
1078273,UCL-SM,"""USHANTI COLOUR CHEM""",NSE,EQ
1080577,VISAKAIND,"""VISAKA INDUSTRIES""",NSE,EQ
1084161,WENDT,"""WENDT (INDIA)""",NSE,EQ
1086465,HDFCAMC,"""HDFC AMC""",NSE,EQ
1088001,GS071225C-GS,"""GOI STRIPS C 071225""",NSE,EQ
1089025,GS121225C-GS,"""GOI STRIPS C 121225""",NSE,EQ
1095425,DENORA,"""DE NORA INDIA""",NSE,EQ
1097729,943ECL28-NJ,,NSE,EQ
1098753,985ECL28-NK,,NSE,EQ
1099265,BDR-IT,"""BDR BUILDCON""",NSE,EQ
1100545,STERTOOLS,"""STERLING TOOLS""",NSE,EQ
1102337,SHRIRAMFIN,"""SHRIRAM FINANCE""",NSE,EQ
1104385,GS151225C-GS,"""GOI STRIPS C 151225""",NSE,EQ
1106689,GS171225C-GS,"""GOI STRIPS C 171225""",NSE,EQ
1107201,GS231225C-GS,"""GOI STRIPS C 231225""",NSE,EQ
1108481,GS311225C-GS,"""GOI STRIPS C 311225""",NSE,EQ
1108993,GS020126C-GS,"""GOI STRIPS C 020126""",NSE,EQ
1111297,GS100226C-GS,"""GOI STRIPS C 100226""",NSE,EQ
1111809,GS220226C-GS,"""GOI STRIPS C 220226""",NSE,EQ
1112065,PUNJABCHEM,"""PUNJAB CHEM & CROP PROT L""",NSE,EQ
1117185,GS090326C-GS,"""GOI STRIPS C 090326""",NSE,EQ
1117697,GS150326C-GS,"""GOI STRIPS C 150326""",NSE,EQ
1118209,GS200326C-GS,"""GOI STRIPS C 200326""",NSE,EQ
1120769,SENSEXIETF,"""ICICI PRUD SENSEX ETF""",NSE,EQ
1121537,GS100426C-GS,"""GOI STRIPS C 100426""",NSE,EQ
1121793,GS260426C-GS,"""GOI STRIPS C 260426""",NSE,EQ
1122305,GS100526C-GS,"""GOI STRIPS C 100526""",NSE,EQ
1123073,GS070626C-GS,"""GOI STRIPS C 070626""",NSE,EQ
1123585,GS120626C-GS,"""GOI STRIPS C 120626""",NSE,EQ
1124097,GULFOILLUB,"""GULF OIL LUB. IND.""",NSE,EQ
1124609,GS150626C-GS,"""GOI STRIPS C 150626""",NSE,EQ
1124865,MIRZAINT,"""MIRZA INTERNATIONAL LIMIT""",NSE,EQ
1125121,GS220261P-GS,"""GOI STRIPS P 220261""",NSE,EQ
1128705,GS151226C-GS,"""GOI STRIPS C 151226""",NSE,EQ
1128961,JAGSNPHARM,"""JAGSONPAL PHARMACEUTICALS""",NSE,EQ
1131777,CREDITACC,"""CREDITACCESS GRAMEEN""",NSE,EQ
1132033,INDIANCARD,"""INDIAN CARD CLOTHING CO.""",NSE,EQ
1132289,GS220230C-GS,"""GOI STRIPS C 220230""",NSE,EQ
1133313,GS220830C-GS,"""GOI STRIPS C 220830""",NSE,EQ
1133825,GS220231C-GS,"""GOI STRIPS C 220231""",NSE,EQ
1134337,GS220831C-GS,"""GOI STRIPS C 220831""",NSE,EQ
1134593,GS220236C-GS,"""GOI STRIPS C 220236""",NSE,EQ
1144065,ELECTHERM,"""ELECTROTHERM (I)""",NSE,EQ
1147137,AARTIDRUGS,"""AARTI DRUGS""",NSE,EQ
1148673,ALKYLAMINE,"""ALKYL AMINES CHEM.""",NSE,EQ
1149697,JCHAC,"""JOHNSON CONTROLS HITACHI""",NSE,EQ
1150465,GS220836C-GS,"""GOI STRIPS C 220836""",NSE,EQ
1152769,MPHASIS,"""MPHASIS""",NSE,EQ
1157121,GS220240C-GS,"""GOI STRIPS C 220240""",NSE,EQ
1157633,SIGIND,"""SIGNET INDUSTRIES""",NSE,EQ
1158401,DYNAMATECH,"""DYNAMATIC TECHNOLOGIES""",NSE,EQ
1159425,NEXT50IETF,"""ICICIPRAMC - ICICINXT50""",NSE,EQ
1163777,GS220840C-GS,"""GOI STRIPS C 220840""",NSE,EQ
1165313,GS220250C-GS,"""GOI STRIPS C 220250""",NSE,EQ
1165569,GS220850C-GS,"""GOI STRIPS C 220850""",NSE,EQ
1166081,GS220261C-GS,"""GOI STRIPS C 220261""",NSE,EQ
1166337,703TS51-SG,"""SDL TS 7.03% 2051""",NSE,EQ
1168897,RUCHINFRA,"""RUCHI INFRASTRUCTURE""",NSE,EQ
1169409,ATLASCYCLE,"""ATLAS CYCLE (HARYANA)""",NSE,EQ
1169921,605RJ26-SG,"""SDL RJ 6.05% 2026""",NSE,EQ
1170177,684RJ31A-SG,"""SDL RJ 6.84% 2031""",NSE,EQ
1171201,675GJ31-SG,"""SDL GJ 6.75% 2031""",NSE,EQ
1171969,678GA31-SG,"""SDL GA 6.78% 2031""",NSE,EQ
1172225,68MH31-SG,"""SDL MH 6.8% 2031""",NSE,EQ
1172481,683MH32B-SG,"""SDL MH 6.83% 2032""",NSE,EQ
1172737,681KL31-SG,"""SDL KL 6.81% 2031""",NSE,EQ
1174273,RAMCOIND,"""RAMCO INDUSTRIES""",NSE,EQ
1176065,KOTHARIPET,"""KOTHARI PETROCHEM""",NSE,EQ
1177089,HERITGFOOD,"""HERITAGE FOODS""",NSE,EQ
1180673,692HR36A-SG,"""SDL HR 6.92% 2036""",NSE,EQ
1184257,AILIMITED-SM,"""ABHISHEK INTEGRATIONS""",NSE,EQ
1191937,SBCL,"""SHIVALIK BIMETAL CON.""",NSE,EQ
1195009,BANKBARODA,"""BANK OF BARODA""",NSE,EQ
1199105,SONACOMS,"""SONA BLW PRECISION FRGS L""",NSE,EQ
1201409,SHYAMMETL,"""SHYAM METALICS AND ENGY L""",NSE,EQ
1207553,GAIL,"""GAIL (INDIA)""",NSE,EQ
1211393,SKMEGGPROD,"""SKM EGG PROD EXPORT(I) LT""",NSE,EQ
1214721,BANKINDIA,"""BANK OF INDIA""",NSE,EQ
1215233,INDNIPPON,"""INDIA NIPPON ELECT """,NSE,EQ
1215489,709KL36-SG,"""SDL KL 7.09% 2036""",NSE,EQ
1215745,CONCOR,"""CONTAINER CORP OF IND""",NSE,EQ
1216001,689GA31-SG,"""SDL GA 6.89% 2031""",NSE,EQ
1216257,INDRAMEDCO,"""INDRAPRASTHA MEDICAL CORP""",NSE,EQ
1216513,683MH31-SG,"""SDL MH 6.83% 2031""",NSE,EQ
1217281,683TN31-SG,"""SDL TN 6.83% 2031""",NSE,EQ
1217793,688UP31A-SG,"""SDL UP 6.88% 2031""",NSE,EQ
1218561,689MH32-SG,"""SDL MH 6.89% 2032""",NSE,EQ
1219585,69RJ32-SG,"""SDL RJ 6.9% 2032""",NSE,EQ
1220097,713AP36-SG,"""SDL AP 7.13% 2036""",NSE,EQ
1221377,TCIFINANCE,"""TCI FINANCE""",NSE,EQ
1222145,LAKPRE-BZ,"""LAKSHMI PRE SCRE""",NSE,EQ
1222401,DCMFINSERV,"""DCM FINANCIAL SERVICES LT""",NSE,EQ
1223681,704RJ36-SG,"""SDL RJ 7.04% 2036""",NSE,EQ
1224193,706WB36-SG,"""SDL WB 7.06% 2036""",NSE,EQ
1224705,707HR37-SG,"""SDL HR 7.07% 2037""",NSE,EQ
1225985,712AP37-SG,"""SDL AP 7.12% 2037""",NSE,EQ
1226241,706KL38-SG,"""SDL KL 7.06% 2038""",NSE,EQ
1226497,RELINFRA-BE,"""RELIANCE INFRASTRUCTU""",NSE,EQ
1226753,706TS41-SG,"""SDL TS 7.06% 2041""",NSE,EQ
1227009,706KL41-SG,"""SDL KL 7.06% 2041""",NSE,EQ
1231105,KCPSUGIND,"""KCP SUGAR IND CORP""",NSE,EQ
1234433,DODLA,"""DODLA DAIRY""",NSE,EQ
1238529,LIQUIDIETF,"""ICICIPRAMC - ICICILIQ""",NSE,EQ
1239809,SNOWMAN,"""SNOWMAN LOGISTICS""",NSE,EQ
1240833,KIMS,"""KRISHNA INST OF MED SCI L""",NSE,EQ
1244929,624RJ26-SG,"""SDL RJ 6.24% 2026""",NSE,EQ
1245697,691RJ31-SG,"""SDL RJ 6.91% 2031""",NSE,EQ
1246465,713RJ41-SG,"""SDL RJ 7.13% 2041""",NSE,EQ
1246721,INDSWFTLAB,"""IND SWIFT LABORATORIES LT""",NSE,EQ
1248513,679WB28-SG,"""SDL WB 6.79% 2028""",NSE,EQ
1249281,696GA31-SG,"""SDL GA 6.96% 2031""",NSE,EQ
1249537,689MH31-SG,"""SDL MH 6.89% 2031""",NSE,EQ
1250049,695MH32-SG,"""SDL MH 6.95% 2032""",NSE,EQ
1250561,70MN31-SG,"""SDL MN 7.0% 2031""",NSE,EQ
1251073,695PN31-SG,"""SDL PN 6.95% 2031""",NSE,EQ
1251585,694UP31A-SG,"""SDL UP 6.94% 2031""",NSE,EQ
1252097,694UK31-SG,"""SDL UK 6.94% 2031""",NSE,EQ
1252353,SAREGAMA,"""SAREGAMA INDIA""",NSE,EQ
1252609,688GJ31-SG,"""SDL GJ 6.88% 2031""",NSE,EQ
1252865,71JK33-SG,"""SDL JK 7.1% 2033""",NSE,EQ
1253121,719ML41-SG,"""SDL ML 7.19% 2041""",NSE,EQ
1253633,713KL46-SG,"""SDL KL 7.13% 2046""",NSE,EQ
1253889,FDC,"""FDC""",NSE,EQ
1254145,72KL56-SG,"""SDL KL 7.2% 2056""",NSE,EQ
1254401,718TS51-SG,"""SDL TS 7.18% 2051""",NSE,EQ
1256193,ENGINERSIN,"""ENGINEERS INDIA""",NSE,EQ
1257217,MADRASFERT,"""MADRAS FERTILISERS""",NSE,EQ
1259521,HINDCON,"""HINDCON CHEMICALS""",NSE,EQ
1261057,931SFIL26A-NA,,NSE,EQ
1262081,96SFIL24A-NB,,NSE,EQ
1263105,IPL,"""INDIA PESTICIDES""",NSE,EQ
1263617,97SFIL26A-NC,,NSE,EQ
1265153,92SFIL28-ND,,NSE,EQ
1267969,ADROITINFO,"""ADROIT INFOTECH""",NSE,EQ
1268993,GANGAFORGE,"""GANGA FORGING""",NSE,EQ
1270529,ICICIBANK,"""ICICI BANK""",NSE,EQ
1273089,PHARMABEES,"""NIPPONAMC - NETFPHARMA""",NSE,EQ
1274881,675BR27-SG,"""SDL BR 6.75% 2027""",NSE,EQ
1275393,633AS26-SG,"""SDL AS 6.33% 2026""",NSE,EQ
1275905,682CG28-SG,"""SDL CG 6.82% 2028""",NSE,EQ
1276417,IRCON,"""IRCON INTERNATIONAL""",NSE,EQ
1277185,683WB28-SG,"""SDL WB 6.83% 2028""",NSE,EQ
1277697,691GJ30-SG,"""SDL GJ 6.91% 2030""",NSE,EQ
1277953,SHARDACROP,"""SHARDA CROPCHEM""",NSE,EQ
1278209,694MH31-SG,"""SDL MH 6.94% 2031""",NSE,EQ
1278465,695TN31A-SG,"""SDL TN 6.95% 2031""",NSE,EQ
1279233,697RJ31-SG,"""SDL RJ 6.97% 2031""",NSE,EQ
1279489,699GA31-SG,"""SDL GA 6.99% 2031""",NSE,EQ
1280513,701MH32-SG,"""SDL MH 7.01% 2032""",NSE,EQ
1280769,712MZ34-SG,"""SDL MZ 7.12% 2034""",NSE,EQ
1281025,715AP37-SG,"""SDL AP 7.15% 2037""",NSE,EQ
1281281,719AP38-SG,"""SDL AP 7.19% 2038""",NSE,EQ
1282561,GOENKA-BZ,"""GOENKA DIAMOND&JEWELS""",NSE,EQ
1283073,610GS2031-GS,"""GOI LOAN  6.10% 2031""",NSE,EQ
1283329,WALPAR-SM,"""WALPAR NUTRITIONS""",NSE,EQ
1285121,SVPGLOB,"""SVP GLOBAL TEXTILES""",NSE,EQ
1286401,629RJ26-SG,"""SDL RJ 6.29% 2026""",NSE,EQ
1286657,682BR28-SG,"""SDL BR 6.82% 2028""",NSE,EQ
1286913,699GA31A-SG,"""SDL GA 6.99% 2031""",NSE,EQ
1288449,695GJ31-SG,"""SDL GJ 6.95% 2031""",NSE,EQ
1288705,70MP31-SG,"""SDL MP 7.0% 2031""",NSE,EQ
1288961,695MH31-SG,"""SDL MH 6.95% 2031""",NSE,EQ
1289217,70RJ31-SG,"""SDL RJ 7.0% 2031""",NSE,EQ
1289473,698TN31-SG,"""SDL TN 6.98% 2031""",NSE,EQ
1289729,699UP31-SG,"""SDL UP 6.99% 2031""",NSE,EQ
1289985,702WB31-SG,"""SDL WB 7.02% 2031""",NSE,EQ
1290241,70UK31-SG,"""SDL UK 7.0% 2031""",NSE,EQ
1290497,712AP35-SG,"""SDL AP 7.12% 2035""",NSE,EQ
1291265,714AP36-SG,"""SDL AP 7.14% 2036""",NSE,EQ
1291521,724TS51-SG,"""SDL TS 7.24% 2051""",NSE,EQ
1292545,CLEAN,"""CLEAN SCIENCE & TECH""",NSE,EQ
1293825,GRINFRA,"""G R INFRAPROJECTS""",NSE,EQ
1297409,SHEMAROO,"""SHEMAROO ENTER.""",NSE,EQ
1299969,627RJ26-SG,"""SDL RJ 6.27% 2026""",NSE,EQ
1302017,697TN31-SG,"""SDL TN 6.97% 2031""",NSE,EQ
1302273,701MN31-SG,"""SDL MN 7.01% 2031""",NSE,EQ
1302785,701UP31-SG,"""SDL UP 7.01% 2031""",NSE,EQ
1303041,717TS41-SG,"""SDL TS 7.17% 2041""",NSE,EQ
1303297,724TN51-SG,"""SDL TN 7.24% 2051""",NSE,EQ
1304833,ETERNAL,"""ETERNAL - ZOMATO""",NSE,EQ
1307649,KPIGREEN,"""KPI GREEN ENERGY""",NSE,EQ
1308929,SGBJUL29IV-GB,"""2.50%GOLDBONDS2029SR-IV""",NSE,EQ
1309185,SGIL,"""SYNERGY GREEN IND.""",NSE,EQ
1316353,CIGNITITEC,"""CIGNITI TECHNOLOGIES""",NSE,EQ
1316609,JAICORPLTD,"""JAI CORP""",NSE,EQ
1317121,85PCHFL26-N7,,NSE,EQ
1318657,875PCHFL26-N8,,NSE,EQ
1319681,875PCHFL31-N9,,NSE,EQ
1320961,9PCHFL31A-NA,,NSE,EQ
1321473,TATVA,"""TATVA CHIN PHARM CHEM""",NSE,EQ
1323009,SBIETFCON,"""SBIAMC - SBIETFCON""",NSE,EQ
1324033,699WB30-SG,"""SDL WB 6.99% 2030""",NSE,EQ
1324289,697TN31A-SG,"""SDL TN 6.97% 2031""",NSE,EQ
1324545,699UP31A-SG,"""SDL UP 6.99% 2031""",NSE,EQ
1327617,STYLAMIND,"""STYLAM INDUSTRIES""",NSE,EQ
1329665,ANTGRAPHIC,"""ANTARCTICA""",NSE,EQ
1332225,GMDCLTD,"""GUJARAT MINERAL DEV CORP""",NSE,EQ
1334273,10IIFL28-N4,,NSE,EQ
1334785,96IIFL28-N5,,NSE,EQ
1335553,IIFLZC28C-N6,,NSE,EQ
1336321,BFSI,"""MIRAEAMC - MAFSETF""",NSE,EQ
1337857,625AS26-SG,"""SDL AS 6.25% 2026""",NSE,EQ
1338113,677BR28-SG,"""SDL BR 6.77% 2028""",NSE,EQ
1338625,698HR31-SG,"""SDL HR 6.98% 2031""",NSE,EQ
1338881,698TN31A-SG,"""SDL TN 6.98% 2031""",NSE,EQ
1339137,70WB31-SG,"""SDL WB 7.0% 2031""",NSE,EQ
1339393,71MH36-SG,"""SDL MH 7.1% 2036""",NSE,EQ
1339905,714AP37-SG,"""SDL AP 7.14% 2037""",NSE,EQ
1340417,714AP41-SG,"""SDL AP 7.14% 2041""",NSE,EQ
1340673,714TS41-SG,"""SDL TS 7.14% 2041""",NSE,EQ
1341185,MAHAPEXLTD,"""MAHA RASHTRA APEX COPR. L""",NSE,EQ
1343489,AAREYDRUGS-BE,"""AAREY DRUGS & PHARM""",NSE,EQ
1346049,INDUSINDBK,"""INDUSIND BANK""",NSE,EQ
1347585,PDSL,"""PDS""",NSE,EQ
1347841,ALIVUS,"""ALIVUS LIFE SCIENCES""",NSE,EQ
1351425,ROLEXRINGS,"""ROLEX RINGS""",NSE,EQ
1354753,PRITIKAUTO,"""PRITIKA AUTO INDUS""",NSE,EQ
1358337,FMCGIETF,"""ICICIPRAMC - ICICIFMCG""",NSE,EQ
1359105,REXPIPES-SM,"""REX PIPES AND CABLES""",NSE,EQ
1360129,UGROCAP,"""UGRO CAPITAL""",NSE,EQ
1364481,624MH26-SG,"""SDL MH 6.24% 2026""",NSE,EQ
1365249,699GA31B-SG,"""SDL GA 6.99% 2031""",NSE,EQ
1365505,698GJ31-SG,"""SDL GJ 6.98% 2031""",NSE,EQ
1365761,702UP31-SG,"""SDL UP 7.02% 2031""",NSE,EQ
1366017,70TN31-SG,"""SDL TN 7.0% 2031""",NSE,EQ
1367553,71JK33A-SG,"""SDL JK 7.1% 2033""",NSE,EQ
1367809,709TS34-SG,"""SDL TS 7.09% 2034""",NSE,EQ
1368065,679WB28A-SG,"""SDL WB 6.79% 2028""",NSE,EQ
1370369,EXXARO-BE,"""EXXARO TILES""",NSE,EQ
1371905,KRSNAA,"""KRSNAA DIAGNOSTICS""",NSE,EQ
1373697,WINDLAS,"""WINDLAS BIOTECH""",NSE,EQ
1375489,DEVYANI,"""DEVYANI INTERNATIONAL""",NSE,EQ
1376769,ASAHIINDIA,"""ASAHI INDIA GLASS""",NSE,EQ
1377793,EPIGRAL,"""EPIGRAL""",NSE,EQ
1378561,AAVAS,"""AAVAS FINANCIERS""",NSE,EQ
1380865,MOL,"""MEGHMANI ORGANICS""",NSE,EQ
1382657,NGIL,"""NAKODA GROUP OF IND.""",NSE,EQ
1384193,CARTRADE,"""CARTRADE TECH""",NSE,EQ
1385985,643MH27-SG,"""SDL MH 6.43% 2027""",NSE,EQ
1386241,692HR30-SG,"""SDL HR 6.92% 2030""",NSE,EQ
1386497,697AS31-SG,"""SDL AS 6.97% 2031""",NSE,EQ
1386753,697TN31B-SG,"""SDL TN 6.97% 2031""",NSE,EQ
1387009,697NL31-SG,"""SDL NL 6.97% 2031""",NSE,EQ
1387265,697PN31-SG,"""SDL PN 6.97% 2031""",NSE,EQ
1387777,697UP31-SG,"""SDL UP 6.97% 2031""",NSE,EQ
1389057,NUVOCO,"""NUVOCO VISTAS CORP""",NSE,EQ
1391361,APTUS,"""APTUS VALUE HSG FIN I""",NSE,EQ
1394945,CHEMPLASTS,"""CHEMPLAST SANMAR""",NSE,EQ
1396481,SGBAUG29V-GB,"""2.50%GOLDBONDS2029SR-V""",NSE,EQ
1396993,DUGLOBAL-SM,"""DUDIGITAL GLOBAL""",NSE,EQ
1399041,PARIN-ST,"""PARIN ENTERPRISES""",NSE,EQ
1399553,638MH27-SG,"""SDL MH 6.38% 2027""",NSE,EQ
1399809,698AS31A-SG,"""SDL AS 6.98% 2031""",NSE,EQ
1400065,697GA31-SG,"""SDL GA 6.97% 2031""",NSE,EQ
1400321,699WB31-SG,"""SDL WB 6.99% 2031""",NSE,EQ
1400577,695TN31B-SG,"""SDL TN 6.95% 2031""",NSE,EQ
1401089,698UP31-SG,"""SDL UP 6.98% 2031""",NSE,EQ
1401345,697KL31-SG,"""SDL KL 6.97% 2031""",NSE,EQ
1401601,GRSE,"""GARDEN REACH SHIP&ENG""",NSE,EQ
1402625,719KL51-SG,"""SDL KL 7.19% 2051""",NSE,EQ
1408257,YUKEN,"""YUKEN INDIA""",NSE,EQ
1409793,SERVOTECH,"""SERVOTECH REN POW SYS""",NSE,EQ
1412097,JAIPURKURT,"""NANDANI CREATION""",NSE,EQ
1414145,628GJ27-SG,"""SDL GJ 6.28% 2027""",NSE,EQ
1414401,599MP26-SG,"""SDL MP 5.99% 2026""",NSE,EQ
1414657,705TS35-SG,"""SDL TS 7.05% 2035""",NSE,EQ
1414913,705AP35-SG,"""SDL AP 7.05% 2035""",NSE,EQ
1415169,KOTHARIPRO,"""KOTHARI PRODUCTS""",NSE,EQ
1417217,687HR31-SG,"""SDL HR 6.87% 2031""",NSE,EQ
1417473,693HP31-SG,"""SDL HP 6.93% 2031""",NSE,EQ
1417729,698HP32-SG,"""SDL HP 6.98% 2032""",NSE,EQ
1417985,704KL34-SG,"""SDL KL 7.04% 2034""",NSE,EQ
1418497,691RJ31A-SG,"""SDL RJ 6.91% 2031""",NSE,EQ
1418753,712WB51-SG,"""SDL WB 7.12% 2051""",NSE,EQ
1419265,708JK36-SG,"""SDL JK 7.08% 2036""",NSE,EQ
1419521,706KL39-SG,"""SDL KL 7.06% 2039""",NSE,EQ
1421057,ABMINTLLTD-BE,"""ABM INTERNATIONAL""",NSE,EQ
1422337,685BR30-SG,"""SDL BR 6.85% 2030""",NSE,EQ
1422593,688GA31-SG,"""SDL GA 6.88% 2031""",NSE,EQ
1422849,684GJ31A-SG,"""SDL GJ 6.84% 2031""",NSE,EQ
1423105,70MZ34-SG,"""SDL MZ 7.0% 2034""",NSE,EQ
1423361,689PN31-SG,"""SDL PN 6.89% 2031""",NSE,EQ
1423617,687RJ31-SG,"""SDL RJ 6.87% 2031""",NSE,EQ
1424641,689UP31-SG,"""SDL UP 6.89% 2031""",NSE,EQ
1424897,685WB31-SG,"""SDL WB 6.85% 2031""",NSE,EQ
1425153,70AP39A-SG,"""SDL AP 7.0% 2039""",NSE,EQ
1425409,70TS36-SG,"""SDL TS 7.0% 2036""",NSE,EQ
1425665,702AP41-SG,"""SDL AP 7.02% 2041""",NSE,EQ
1425921,702ML41-SG,"""SDL ML 7.02% 2041""",NSE,EQ
1427201,SGBSEP29VI-GB,"""2.5%GOLDBONDS2029SR-VI""",NSE,EQ
1427713,667GS2035-GS,"""GOI LOAN  6.67% 2035""",NSE,EQ
1427969,ACUTAAS,"""ACUTAAS CHEMICALS""",NSE,EQ
1429761,VIJAYA,"""VIJAYA DIAGNOSTIC CEN""",NSE,EQ
1435137,INTLCONV,"""INTL CONVEYORS""",NSE,EQ
1436161,ASTRAZEN,"""ASTRAZENECA PHARMA IND LT""",NSE,EQ
1437185,GANESHBE,"""GANESH BENZOPLAST""",NSE,EQ
1439233,CEMPRO,"""CEMINDIA PROJECTS""",NSE,EQ
1441537,PAR,"""PAR DRUGS AND CHEM""",NSE,EQ
1442049,J&KBANK,"""J & K BANK""",NSE,EQ
1446401,SHANTI,"""SHANTI OVERSEAS INDIA""",NSE,EQ
1449473,BEWLTD-SM,"""BEW ENGINEERING""",NSE,EQ
1451009,698AP36-SG,"""SDL AP 6.98% 2036""",NSE,EQ
1451521,687AS31-SG,"""SDL AS 6.87% 2031""",NSE,EQ
1451777,653CG28-SG,"""SDL CG 6.53% 2028""",NSE,EQ
1452545,685GA31B-SG,"""SDL GA 6.85% 2031""",NSE,EQ
1453057,687JH31-SG,"""SDL JH 6.87% 2031""",NSE,EQ
1453313,685MP31-SG,"""SDL MP 6.85% 2031""",NSE,EQ
1453569,691MH33-SG,"""SDL MH 6.91% 2033""",NSE,EQ
1453825,691MH34-SG,"""SDL MH 6.91% 2034""",NSE,EQ
1456129,ARCHIES,"""ARCHIES""",NSE,EQ
1456897,687MN31-SG,"""SDL MN 6.87% 2031""",NSE,EQ
1457921,687UP31-SG,"""SDL UP 6.87% 2031""",NSE,EQ
1458433,698WB36-SG,"""SDL WB 6.98% 2036""",NSE,EQ
1459457,CUB,"""CITY UNION BANK""",NSE,EQ
1463809,SHREMINVIT-IV,"""SHREM INVIT""",NSE,EQ
1467393,AXISCETF,"""AXISAMC - AXISCETF""",NSE,EQ
1468417,686AP35-SG,"""SDL AP 6.86% 2035""",NSE,EQ
1468673,686KL35-SG,"""SDL KL 6.86% 2035""",NSE,EQ
1469441,686RJ36-SG,"""SDL RJ 6.86% 2036""",NSE,EQ
1469697,687AP40-SG,"""SDL AP 6.87% 2040""",NSE,EQ
1469953,676TN31-SG,"""SDL TN 6.76% 2031""",NSE,EQ
1470209,677RJ31A-SG,"""SDL RJ 6.77% 2031""",NSE,EQ
1470465,68NL31-SG,"""SDL NL 6.8% 2031""",NSE,EQ
1470721,68SK31-SG,"""SDL SK 6.8% 2031""",NSE,EQ
1471489,CYIENT,"""CYIENT""",NSE,EQ
1472257,SANSERA,"""SANSERA ENGINEERING""",NSE,EQ
1480193,MASPTOP50,"""MIRAEAMC - MASPTOP50""",NSE,EQ
1497601,925SCL26-NR,,NSE,EQ
1497857,BANKNIFTY1,"""KOTAKMAMC-KOTAKBKETF""",NSE,EQ
1498881,889SCL26-NS,,NSE,EQ
1499393,975SCL28-NT,,NSE,EQ
1499905,889SCL28-NU,,NSE,EQ
1500417,935SCL28-NV,,NSE,EQ
1500929,850SCL25A-NW,,NSE,EQ
1501441,LAGNAM,"""LAGNAM SPINTEX""",NSE,EQ
1502721,QUADPRO-SM,"""QUADPRO ITES""",NSE,EQ
1504513,623RJ27-SG,"""SDL RJ 6.23% 2027""",NSE,EQ
1505281,596PY26-SG,"""SDL PY 5.96% 2026""",NSE,EQ
1505537,685AS31A-SG,"""SDL AS 6.85% 2031""",NSE,EQ
1505793,683GA31-SG,"""SDL GA 6.83% 2031""",NSE,EQ
1506049,684PN31-SG,"""SDL PN 6.84% 2031""",NSE,EQ
1506561,698PN33-SG,"""SDL PN 6.98% 2033""",NSE,EQ
1506817,694RJ33-SG,"""SDL RJ 6.94% 2033""",NSE,EQ
1507073,684UP31-SG,"""SDL UP 6.84% 2031""",NSE,EQ
1507585,693AP38-SG,"""SDL AP 6.93% 2038""",NSE,EQ
1507841,698JK36-SG,"""SDL JK 6.98% 2036""",NSE,EQ
1508097,699KL36-SG,"""SDL KL 6.99% 2036""",NSE,EQ
1508353,699TR36-SG,"""SDL TR 6.99% 2036""",NSE,EQ
1509121,699WB36A-SG,"""SDL WB 6.99% 2036""",NSE,EQ
1509377,693TS37-SG,"""SDL TS 6.93% 2037""",NSE,EQ
1509633,694AP41-SG,"""SDL AP 6.94% 2041""",NSE,EQ
1510401,AXISBANK,"""AXIS BANK""",NSE,EQ
1513217,PARAS,"""PARAS DEF AND SPCE TECH L""",NSE,EQ
1517057,INTELLECT,"""INTELLECT DESIGN ARENA""",NSE,EQ
1520129,MONTECARLO,"""MONTE CARLO FASHIONS""",NSE,EQ
1521921,UWCSL-SM,"""ULTRA WIRING CONN SYS""",NSE,EQ
1522689,SOUTHBANK,"""THE SOUTH INDIAN BANK""",NSE,EQ
1524993,BSLSENETFG,"""BIRLASLAMC - BSLSENETFG""",NSE,EQ
1525761,SGBOCT26-GB,"""2.50%GOLDBONDS2026SR-II""",NSE,EQ
1527553,704AP34-SG,"""SDL AP 7.04% 2034""",NSE,EQ
1527809,709AP39-SG,"""SDL AP 7.09% 2039""",NSE,EQ
1528065,691AS31-SG,"""SDL AS 6.91% 2031""",NSE,EQ
1528321,687BR30-SG,"""SDL BR 6.87% 2030""",NSE,EQ
1528577,659CG28-SG,"""SDL CG 6.59% 2028""",NSE,EQ
1528833,689GA31A-SG,"""SDL GA 6.89% 2031""",NSE,EQ
1530113,689GJ31-SG,"""SDL GJ 6.89% 2031""",NSE,EQ
1531649,70JH33-SG,"""SDL JH 7.0% 2033""",NSE,EQ
1532417,688KA31-SG,"""SDL KA 6.88% 2031""",NSE,EQ
1532673,693KA32-SG,"""SDL KA 6.93% 2032""",NSE,EQ
1533697,705KL36-SG,"""SDL KL 7.05% 2036""",NSE,EQ
1533953,706MZ34-SG,"""SDL MZ 7.06% 2034""",NSE,EQ
1534465,601RJ26-SG,"""SDL RJ 6.01% 2026""",NSE,EQ
1534721,691RJ31B-SG,"""SDL RJ 6.91% 2031""",NSE,EQ
1535233,69TN31-SG,"""SDL TN 6.9% 2031""",NSE,EQ
1535489,709TS40-SG,"""SDL TS 7.09% 2040""",NSE,EQ
1536001,692UP31-SG,"""SDL UP 6.92% 2031""",NSE,EQ
1536257,705WB36-SG,"""SDL WB 7.05% 2036""",NSE,EQ
1537537,COASTCORP,"""COASTAL CORPORATION""",NSE,EQ
1539073,JAINAM-SM,"""JAINAM FER ALLOYS (I)""",NSE,EQ
1540609,ABSLAMC,"""ADIT BIRL SUN LIF AMC""",NSE,EQ
1546241,EIFFL,"""EURO (I) FRESH FOODS""",NSE,EQ
1547521,PASUPTAC,"""PASUPATI ACRYLON""",NSE,EQ
1549313,BMETRICS-SM,"""BOMBAY METRICS S C""",NSE,EQ
1549825,CYBERTECH-BE,"""CYBERTECH SYSTEMS & SOFTW""",NSE,EQ
1551873,LICNETFGSC,"""LICNAMC - LICNMFET""",NSE,EQ
1552897,ATGL,"""ADANI TOTAL GAS""",NSE,EQ
1553409,AIROLAM,"""AIRO LAM""",NSE,EQ
1556225,DYNAMIC-SM,"""DYNAMIC SRVCS & SEC""",NSE,EQ
1558273,DESTINY-SM,"""DESTINY LOGISTICS & I""",NSE,EQ
1559809,675GJ29-SG,"""SDL GJ 6.75% 2029""",NSE,EQ
1560321,696KA31-SG,"""SDL KA 6.96% 2031""",NSE,EQ
1560577,697TN31C-SG,"""SDL TN 6.97% 2031""",NSE,EQ
1561345,697UP31A-SG,"""SDL UP 6.97% 2031""",NSE,EQ
1561601,698RJ31-SG,"""SDL RJ 6.98% 2031""",NSE,EQ
1561857,70MN31A-SG,"""SDL MN 7.0% 2031""",NSE,EQ
1562369,70NL31-SG,"""SDL NL 7.0% 2031""",NSE,EQ
1562625,703KA32-SG,"""SDL KA 7.03% 2032""",NSE,EQ
1564673,713AP36A-SG,"""SDL AP 7.13% 2036""",NSE,EQ
1565441,714AP41A-SG,"""SDL AP 7.14% 2041""",NSE,EQ
1568001,GOODLUCK,"""GOODLUCK INDIA""",NSE,EQ
1570817,DIGJAMLMTD-BE,"""DIGJAM""",NSE,EQ
1572097,PANSARI,"""PANSARI DEVELOPERS""",NSE,EQ
1574145,930SFL28-YP,,NSE,EQ
1575937,ARTNIRMAN,"""ART NIRMAN""",NSE,EQ
1577985,BHAGCHEM,"""BHAGIRADHA CHEM & INDS L""",NSE,EQ
1579009,97SFL28-YS,,NSE,EQ
1586433,842IIFL26-NL,,NSE,EQ
1586689,FCL,"""FINEOTEX CHEMICAL""",NSE,EQ
1587201,875IIFL26-NM,,NSE,EQ
1588993,IIFLZC26-NN,,NSE,EQ
1589505,604GJ26-SG,"""SDL GJ 6.04% 2026""",NSE,EQ
1589761,695KA31-SG,"""SDL KA 6.95% 2031""",NSE,EQ
1590017,699HR31-SG,"""SDL HR 6.99% 2031""",NSE,EQ
1590273,708KA34A-SG,"""SDL KA 7.08% 2034""",NSE,EQ
1591297,CAMLINFINE,"""CAMLIN FINE SCIENCES""",NSE,EQ
1593857,SIKKO-BE,"""SIKKO INDUSTRIES""",NSE,EQ
1594113,DTIL,"""DHUNSERI TEA & IND.""",NSE,EQ
1595393,3IINFOLTD,"""3I INFOTECH""",NSE,EQ
1599489,PREMIER-BE,"""PREMIER""",NSE,EQ
1599745,DKEGL-SM,"""D K ENTERPRISES GLOBAL L""",NSE,EQ
1602049,ROLTA-BZ,"""ROLTA INDIA""",NSE,EQ
1602305,RAJVIR-BZ,"""RAJVIR INDUSTRIES""",NSE,EQ
1605889,PVP-BE,"""PVP VENTURES""",NSE,EQ
1606145,SELMC-BE,"""SEL MANUFACTURING CO""",NSE,EQ
1607169,MEDICAMEQ,"""MEDICAMEN BIOTECH""",NSE,EQ
1609217,GULPOLY,"""GULSHAN POLYOLS""",NSE,EQ
1612033,HEALTHY,"""BIRLASLAMC - HEALTHY""",NSE,EQ
1613313,APOLSINHOT,"""APOLLO SINDOORI HOTEL""",NSE,EQ
1613825,609AS26-SG,"""SDL AS 6.09% 2026""",NSE,EQ
1614593,634RJ27-SG,"""SDL RJ 6.34% 2027""",NSE,EQ
1616641,662CG28-SG,"""SDL CG 6.62% 2028""",NSE,EQ
1617153,663HR28-SG,"""SDL HR 6.63% 2028""",NSE,EQ
1617409,695BR30-SG,"""SDL BR 6.95% 2030""",NSE,EQ
1617921,693GJ31A-SG,"""SDL GJ 6.93% 2031""",NSE,EQ
1619713,696RJ31-SG,"""SDL RJ 6.96% 2031""",NSE,EQ
1620481,699AS31-SG,"""SDL AS 6.99% 2031""",NSE,EQ
1625601,699UP31B-SG,"""SDL UP 6.99% 2031""",NSE,EQ
1625857,702AP36-SG,"""SDL AP 7.02% 2036""",NSE,EQ
1626113,702AP37-SG,"""SDL AP 7.02% 2037""",NSE,EQ
1626369,NIFTYETF,"""MIRAEAMC - MAN50ETF""",NSE,EQ
1626881,SGBNOV26-GB,"""2.50%GOLDBONDS2026SR-III""",NSE,EQ
1628417,708WB41-SG,"""SDL WB 7.08% 2041""",NSE,EQ
1629185,NATIONALUM,"""NATIONAL ALUMINIUM CO""",NSE,EQ
1634561,CCHHL,"""COUNTRY CLUB HOSP HOL""",NSE,EQ
1640193,LAMBODHARA,"""LAMBODHARA TEXTILES""",NSE,EQ
1642753,KRITI,"""KRITI INDUSTRIES IND""",NSE,EQ
1644033,MANORG,"""MANGALAM ORGANICS""",NSE,EQ
1645825,RSSOFTWARE,"""R. S. SOFTWARE (INDIA) LI""",NSE,EQ
1647361,AIRTELPP-E1,"""AIRTEL RS. 1.25 PPD UP""",NSE,EQ
1648897,KOTYARK-SM,"""KOTYARK INDUSTRIES""",NSE,EQ
1649921,TECHNOE,"""TECHNO ELEC & ENG CO.""",NSE,EQ
1650177,CONSUMIETF,"""ICICIPRAMC - ICICICONSU""",NSE,EQ
1651457,SHUBHLAXMI-SM,"""SHUBHLAXMI JEWEL ART""",NSE,EQ
1654273,TECH,"""BIRLASLAMC - TECH""",NSE,EQ
1658369,698BR30-SG,"""SDL BR 6.98% 2030""",NSE,EQ
1658625,703MN31-SG,"""SDL MN 7.03% 2031""",NSE,EQ
1658881,698RJ31A-SG,"""SDL RJ 6.98% 2031""",NSE,EQ
1659137,696TN31-SG,"""SDL TN 6.96% 2031""",NSE,EQ
1659393,70WB31A-SG,"""SDL WB 7.0% 2031""",NSE,EQ
1659649,70GA31-SG,"""SDL GA 7.0% 2031""",NSE,EQ
1659905,706JK33-SG,"""SDL JK 7.06% 2033""",NSE,EQ
1660161,708AP35-SG,"""SDL AP 7.08% 2035""",NSE,EQ
1660673,708AP40-SG,"""SDL AP 7.08% 2040""",NSE,EQ
1660929,708TS42-SG,"""SDL TS 7.08% 2042""",NSE,EQ
1661185,IRIS,"""IRIS BUSINESS SERV""",NSE,EQ
1668609,SGBNV29VII-GB,"""2.5%GOLDBONDS2029SR-VII""",NSE,EQ
1671937,NHIT-IV,"""NATIONAL HIGHW INFRA TRUS""",NSE,EQ
1675009,GRPLTD,"""GRP""",NSE,EQ
1675521,NYKAA,"""FSN E COMMERCE VENTURES""",NSE,EQ
1678337,694AS31-SG,"""SDL AS 6.94% 2031""",NSE,EQ
1678593,692RJ31-SG,"""SDL RJ 6.92% 2031""",NSE,EQ
1678849,693UP31-SG,"""SDL UP 6.93% 2031""",NSE,EQ
1680129,70AP38A-SG,"""SDL AP 7.0% 2038""",NSE,EQ
1680385,70AP39B-SG,"""SDL AP 7.0% 2039""",NSE,EQ
1681409,LAXMICOT,"""LAXMI COTSPIN""",NSE,EQ
1684225,FINOPB,"""FINO PAYMENTS BANK""",NSE,EQ
1687553,NIDAN-SM,"""NIDAN LABS AND HEALTH""",NSE,EQ
1688577,SONATSOFTW,"""SONATA SOFTWARE""",NSE,EQ
1689601,GENUSPAPER,"""GENUS P&B""",NSE,EQ
1691137,EQUAL50ADD,"""DSPAMC - DSPNEWETF""",NSE,EQ
1700609,SJS,"""SJS ENTERPRISES""",NSE,EQ
1703937,POLICYBZR,"""PB FINTECH""",NSE,EQ
1705729,SIGACHI,"""SIGACHI INDUSTRIES""",NSE,EQ
1708289,FOODSIN,"""FOODS & INNS""",NSE,EQ
1711617,DRSDILIP-SM,"""DRS DILIP ROADLINES""",NSE,EQ
1713921,574GS2026-GS,"""GOI LOAN  5.74% 2026""",NSE,EQ
1714177,699GS2051-GS,"""GOI LOAN  6.99% 2051""",NSE,EQ
1716481,PAYTM,"""ONE 97 COMMUNICATIONS""",NSE,EQ
1718017,IVC,"""IL&FS INVESTMENT MANAGERS""",NSE,EQ
1718529,MOLDTKPAC,"""MOLD-TEK PACKAGING""",NSE,EQ
1719809,SAPPHIRE,"""SAPPHIRE FOODS INDIA""",NSE,EQ
1723649,JINDALSTEL,"""JINDAL STEEL""",NSE,EQ
1725697,671TN29-SG,"""SDL TN 6.71% 2029""",NSE,EQ
1726209,69KA31-SG,"""SDL KA 6.9% 2031""",NSE,EQ
1726465,693UP31A-SG,"""SDL UP 6.93% 2031""",NSE,EQ
1727745,698WB37-SG,"""SDL WB 6.98% 2037""",NSE,EQ
1728001,699MP41-SG,"""SDL MP 6.99% 2041""",NSE,EQ
1728513,699TS43-SG,"""SDL TS 6.99% 2043""",NSE,EQ
1736193,NIPPOBATRY,"""INDO-NATIONAL""",NSE,EQ
1738753,SBC,"""SBC EXPORTS""",NSE,EQ
1741569,STEELCAS,"""STEELCAST""",NSE,EQ
1745153,695GS2061-GS,"""GOI LOAN  6.95% 2061""",NSE,EQ
1745409,LATENTVIEW,"""LATENT VIEW ANALYTICS""",NSE,EQ
1749249,1018GS2026-GS,"""GOI LOAN 10.18% 2026""",NSE,EQ
1749761,795GS2032-GS,"""GOI LOAN 7.95% 2032""",NSE,EQ
1750017,FOCUS,"""FOCUS LIGHTG & FIXTRS""",NSE,EQ
1751809,SMLT,"""SARTHAK METALS""",NSE,EQ
1753089,GREENLAM,"""GREENLAM INDUSTRIES""",NSE,EQ
1754369,MIRCELECTR-BE,"""MIRCELECTR-DEPO""",NSE,EQ
1755649,DHRUV,"""DHRUV CONSULTANCY SER""",NSE,EQ
1756929,BAJAJHCARE,"""BAJAJ HEALTHCARE""",NSE,EQ
1757697,601GS2028-GS,"""GOI LOAN 6.01% 2028""",NSE,EQ
1758209,613GS2028-GS,"""GOI LOAN 6.13% 2028""",NSE,EQ
1759489,75GS2034-GS,"""GOI LOAN 7.50% 2034""",NSE,EQ
1759745,74GS2035-GS,"""GOI LOAN 7.40% 2035""",NSE,EQ
1760513,687BR30A-SG,"""SDL BR 6.87% 2030""",NSE,EQ
1760769,686HP30-SG,"""SDL HP 6.86% 2030""",NSE,EQ
1761025,691HP31-SG,"""SDL HP 6.91% 2031""",NSE,EQ
1761281,693HP32-SG,"""SDL HP 6.93% 2032""",NSE,EQ
1761537,692HP33-SG,"""SDL HP 6.92% 2033""",NSE,EQ
1762049,833GS2036-GS,"""GOI LOAN 8.33% 2036""",NSE,EQ
1762305,824GS2027-GS,"""GOI LOAN 8.24%2027""",NSE,EQ
1762561,828GS2032-GS,"""GOI LOAN 8.28%2032""",NSE,EQ
1763073,687KA31-SG,"""SDL KA 6.87% 2031""",NSE,EQ
1765121,662PY28-SG,"""SDL PY 6.62% 2028""",NSE,EQ
1765633,691WB31-SG,"""SDL WB 6.91% 2031""",NSE,EQ
1765889,826GS2027-GS,"""GOI LOAN 8.26% 2027""",NSE,EQ
1766145,832GS2032-GS,"""GOI LOAN 8.32% 2032""",NSE,EQ
1768449,VISHNU,"""VISHNU CHEMICALS""",NSE,EQ
1769729,RPPL,"""RAJSHREE POLYPACK""",NSE,EQ
1771777,828GS2027-GS,"""GOI LOAN 8.28% 2027""",NSE,EQ
1772033,833GS2032-GS,"""GOI LOAN 8.33% 2032""",NSE,EQ
1775361,683GS2039-GS,"""GOI 6.83% 2039""",NSE,EQ
1777409,TARSONS,"""TARSONS PRODUCTS""",NSE,EQ
1777665,GANECOS,"""GANESHA ECOSPHERE""",NSE,EQ
1779457,LINC,"""LINC""",NSE,EQ
1782017,MENONBE,"""MENON BEARINGS""",NSE,EQ
1782785,GOCOLORS,"""GO FASHION INDIA""",NSE,EQ
1785089,DMCC,"""DMCC SPECIALITY CHEMICALS""",NSE,EQ
1787137,83GS2040-GS,"""GOI LOAN 8.30% 2040""",NSE,EQ
1788673,607RJ26-SG,"""SDL RJ 6.07% 2026""",NSE,EQ
1788929,683KA31-SG,"""SDL KA 6.83% 2031""",NSE,EQ
1789441,684RJ31B-SG,"""SDL RJ 6.84% 2031""",NSE,EQ
1789697,687SK31-SG,"""SDL SK 6.87% 2031""",NSE,EQ
1789953,692AP41-SG,"""SDL AP 6.92% 2041""",NSE,EQ
1790209,692TN46-SG,"""SDL TN 6.92% 2046""",NSE,EQ
1790465,BSOFT,"""BIRLASOFT""",NSE,EQ
1794817,897GS2030-GS,"""GOI LOAN 8.97% 2030""",NSE,EQ
1795329,883GS2041-GS,"""GOI LOAN 8.83% 2041""",NSE,EQ
1796097,SHIVALIK,"""SHIVALIK RASAYAN""",NSE,EQ
1796865,833GS2026-GS,"""GOI LOAN 8.33% 2026""",NSE,EQ
1799681,ASIANENE,"""ASIAN ENERGY SERVICES""",NSE,EQ
1800705,83GS2042-GS,"""GOI LOAN 8.30% 2042""",NSE,EQ
1801729,604AS26-SG,"""SDL AS 6.04% 2026""",NSE,EQ
1801985,92GS2030-GS,"""GOI LOAN 9.20% 2030""",NSE,EQ
1802497,687AS31A-SG,"""SDL AS 6.87% 2031""",NSE,EQ
1803009,683BR30-SG,"""SDL BR 6.83% 2030""",NSE,EQ
1803265,694JK36-SG,"""SDL JK 6.94% 2036""",NSE,EQ
1803521,683KA31A-SG,"""SDL KA 6.83% 2031""",NSE,EQ
1804033,688KA32-SG,"""SDL KA 6.88% 2032""",NSE,EQ
1804289,HESTERBIO,"""HESTER BIOSCIENCES""",NSE,EQ
1804801,666TN29-SG,"""SDL TN 6.66% 2029""",NSE,EQ
1805569,ACCELYA,"""ACCELYA SOLN INDIA""",NSE,EQ
1806081,696TS45-SG,"""SDL TS 6.96% 2045""",NSE,EQ
1810945,MAHKTECH,"""MIRAEAMC - MAHKTECH""",NSE,EQ
1813249,STARHEALTH,"""STAR HEALTH & AL INS CO L""",NSE,EQ
1814273,923GS2043-GS,"""GOI LOAN 9.23% 2043""",NSE,EQ
1814529,86GS2028-GS,"""GOI LOAN 8.6% 2028""",NSE,EQ
1816065,SEJALLTD-BE,"""SEJAL GLASS""",NSE,EQ
1817089,SGBD29VIII-GB,"""2.50%GOLDBONDS2029SR-VIII""",NSE,EQ
1818881,TEGA,"""TEGA INDUSTRIES""",NSE,EQ
1819137,824GS2033-GS,"""GOI LOAN 8.24% 2033""",NSE,EQ
1819905,JMA,"""JULLUNDUR MOT AGENCY""",NSE,EQ
1821185,815GS2026-GS,"""GOI LOAN 8.15% 2026""",NSE,EQ
1821441,817GS2044-GS,"""GOI LOAN 8.17% 2044""",NSE,EQ
1823233,788GS2030-GS,"""GOI LOAN 7.88% 2030""",NSE,EQ
1823745,813GS2045-GS,"""GOI LOAN 8.13% 2045""",NSE,EQ
1824513,773GS2034-GS,"""GOI LOAN 7.73% 2034""",NSE,EQ
1825025,ZODIAC,"""ZODIAC ENERGY""",NSE,EQ
1825281,759GS2029-GS,"""GOI LOAN 7.59% 2029""",NSE,EQ
1826817,772GS2055-GS,"""GOI LOAN 7.72% 2055""",NSE,EQ
1827585,759GS2026-GS,"""GOI LOAN 7.59% 2026""",NSE,EQ
1828353,761GS2030-GS,"""GOI LOAN 7.61% 2030""",NSE,EQ
1829121,ANANDRATHI,"""ANAND RATHI WEALTH""",NSE,EQ
1830913,684BR30-SG,"""SDL BR 6.84% 2030""",NSE,EQ
1831169,63PY27-SG,"""SDL PY 6.3% 2027""",NSE,EQ
1831425,685GA31C-SG,"""SDL GA 6.85% 2031""",NSE,EQ
1831681,683KA31B-SG,"""SDL KA 6.83% 2031""",NSE,EQ
1831937,683TN31A-SG,"""SDL TN 6.83% 2031""",NSE,EQ
1832449,697GS2026-GS,"""GOI LOAN 6.97% 2026""",NSE,EQ
1832705,689KA33-SG,"""SDL KA 6.89% 2033""",NSE,EQ
1832961,694WB36-SG,"""SDL WB 6.94% 2036""",NSE,EQ
1835265,MICEL,"""MIC ELECTRONICS""",NSE,EQ
1837313,RATEGAIN,"""RATEGAIN TRAVEL TECHN""",NSE,EQ
1839105,706GS2046-GS,"""GOI LOAN 7.06% 2046""",NSE,EQ
1841409,662GS2051-GS,"""GOI LOAN 6.62% 2051""",NSE,EQ
1841665,657GS2033-GS,"""GOI LOAN 6.57% 2033""",NSE,EQ
1841921,679GS2029-GS,"""GOI LOAN 6.79% 2029""",NSE,EQ
1842177,BBETF0432,"""EDELAMC - BBETF0432""",NSE,EQ
1843201,SHRIRAMPPS,"""SHRIRAM PROPERTIES""",NSE,EQ
1843713,679GS2027-GS,"""GOI LOAN 6.79% 2027""",NSE,EQ
1844481,668GS2031-GS,"""GOI LOAN 6.68% 2031""",NSE,EQ
1845249,717GS2028-GS,"""GOI LOAN 7.17% 2028""",NSE,EQ
1846017,JETFREIGHT,"""JET FREIGHT LOGISTICS""",NSE,EQ
1847809,SBIETFQLTY,"""SBIAMC - SBIETFQLTY""",NSE,EQ
1850113,MAPMYINDIA,"""C.E. INFO SYSTEMS""",NSE,EQ
1850625,HCLTECH,"""HCL TECHNOLOGIES""",NSE,EQ
1853953,METROBRAND,"""METRO BRANDS""",NSE,EQ
1857025,MEDPLUS,"""MEDPLUS HEALTH SERV""",NSE,EQ
1865473,JTLIND,"""JTL INDUSTRIES""",NSE,EQ
1867521,697AS31A-SG,"""SDL AS 6.97% 2031""",NSE,EQ
1867777,698GA31-SG,"""SDL GA 6.98% 2031""",NSE,EQ
1869825,696KA31A-SG,"""SDL KA 6.96% 2031""",NSE,EQ
1870081,702KA33-SG,"""SDL KA 7.02% 2033""",NSE,EQ
1870593,70JK33-SG,"""SDL JK 7.0% 2033""",NSE,EQ
1872385,696UP31-SG,"""SDL UP 6.96% 2031""",NSE,EQ
1872641,704TS32-SG,"""SDL TS 7.04% 2032""",NSE,EQ
1872897,70NL31A-SG,"""SDL NL 7.0% 2031""",NSE,EQ
1873409,707TN38-SG,"""SDL TN 7.07% 2038""",NSE,EQ
1873665,705WB36A-SG,"""SDL WB 7.05% 2036""",NSE,EQ
1875201,DCMSRIND,"""DCM SHRIRAM IND""",NSE,EQ
1878785,ABSLNN50ET,"""BIRLASLAMC - ABSLNN50ET""",NSE,EQ
1882369,SETFNN50,"""SBI-ETF NIFTY NEXT 50""",NSE,EQ
1883649,DATAPATTNS,"""DATA PATTERNS INDIA""",NSE,EQ
1884417,SETFNIFBK,"""SBI-ETF NIFTY BANK""",NSE,EQ
1885697,TRIGYN-BE,"""TRIGYN TECHNOLOGIES""",NSE,EQ
1887745,STAR,"""STRIDES PHARMA SCI""",NSE,EQ
1888257,HPAL,"""HP ADHESIVES""",NSE,EQ
1890561,FOCE-SM,"""FOCE INDIA""",NSE,EQ
1891841,SUPRIYA,"""SUPRIYA LIFESCIENCE""",NSE,EQ
1894657,RAJESHEXPO,"""RAJESH EXPORTS""",NSE,EQ
1895937,GLENMARK,"""GLENMARK PHARMACEUTICALS""",NSE,EQ
1897473,ALPHA,"""KOTAKMAMC - KOTAKALPHA""",NSE,EQ
1897729,MANAKCOAT,"""MAN COAT METAL & IND""",NSE,EQ
1900033,MONQ50,"""MOTILALAMC - MONQ50""",NSE,EQ
1900801,HECPROJECT,"""HEC INFRA PROJECTS""",NSE,EQ
1901313,MANAKALUCO-BE,"""MANAK ALUMINIUM CO.""",NSE,EQ
1907201,NILASPACES-BE,"""NILA SPACES""",NSE,EQ
1907457,NIFTY50ADD,"""DSPAMC - DSPN50ETF""",NSE,EQ
1908737,MIDQ50ADD,"""DSPAMC - DSPQ50ETF""",NSE,EQ
1908993,HAVISHA,"""SRI HAVISHA HOSP & INFR L""",NSE,EQ
1910529,MANAKSTEEL,"""MANAKSIA STEELS""",NSE,EQ
1918721,633AS26A-SG,"""SDL AS 6.33% 2026""",NSE,EQ
1920001,629RJ26A-SG,"""SDL RJ 6.29% 2026""",NSE,EQ
1921537,WOCKPHARMA,"""WOCKHARDT""",NSE,EQ
1922049,ZENTEC,"""ZEN TECHNOLOGIES""",NSE,EQ
1922817,696PY30-SG,"""SDL PY 6.96% 2030""",NSE,EQ
1923073,703AS31-SG,"""SDL AS 7.03% 2031""",NSE,EQ
1923329,70GA31A-SG,"""SDL GA 7.0% 2031""",NSE,EQ
1924865,703HP31-SG,"""SDL HP 7.03% 2031""",NSE,EQ
1926145,702KA31-SG,"""SDL KA 7.02% 2031""",NSE,EQ
1927425,LCCINFOTEC,"""LCC INFOTECH""",NSE,EQ
1927681,70MN31B-SG,"""SDL MN 7.0% 2031""",NSE,EQ
1927937,703RJ31-SG,"""SDL RJ 7.03% 2031""",NSE,EQ
1928449,702TN31-SG,"""SDL TN 7.02% 2031""",NSE,EQ
1928705,704UP31-SG,"""SDL UP 7.04% 2031""",NSE,EQ
1928961,705UK31-SG,"""SDL UK 7.05% 2031""",NSE,EQ
1929217,714HP33-SG,"""SDL HP 7.14% 2033""",NSE,EQ
1929729,714TS33-SG,"""SDL TS 7.14% 2033""",NSE,EQ
1929985,712KA34-SG,"""SDL KA 7.12% 2034""",NSE,EQ
1930241,714AP35-SG,"""SDL AP 7.14% 2035""",NSE,EQ
1930497,714KL35-SG,"""SDL KL 7.14% 2035""",NSE,EQ
1931009,714JK36-SG,"""SDL JK 7.14% 2036""",NSE,EQ
1931265,714PN36-SG,"""SDL PN 7.14% 2036""",NSE,EQ
1932289,712WB36-SG,"""SDL WB 7.12% 2036""",NSE,EQ
1932545,714AP40-SG,"""SDL AP 7.14% 2040""",NSE,EQ
1932801,714AP41B-SG,"""SDL AP 7.14% 2041""",NSE,EQ
1933569,NRBBEARING,"""NRB BEARING""",NSE,EQ
1936385,UNITEDPOLY-BE,"""UNITED POLYFAB GUJ.""",NSE,EQ
1946369,CMSINFO,"""CMS INFO SYSTEMS""",NSE,EQ
1946881,TREJHARA-BE,"""TREJHARA SOLUTIONS""",NSE,EQ
1948161,VIVO-SM,"""VIVO COLLAB SOLUTIONS""",NSE,EQ
1954305,SHREERAMA-BE,"""SHREE RAMA MULTI TECH""",NSE,EQ
1957889,820IIFL27-N9,,NSE,EQ
1959425,SGBDEC26-GB,"""2.50%GOLDBONDS2026SR-IV""",NSE,EQ
1961473,850IIFL27-NA,,NSE,EQ
1962497,IIFLHFZC27-NB,,NSE,EQ
1963009,843IHFL29-NC,,NSE,EQ
1963777,875IHFL29-ND,,NSE,EQ
1964033,IMAGICAA,"""IMAGICAAWORLD ENT""",NSE,EQ
1964545,IIFLHF29-NE,,NSE,EQ
1965825,MONARCH,"""MONARCH NETWORTH CAP""",NSE,EQ
1968641,718TS33-SG,"""SDL TS 7.18% 2033""",NSE,EQ
1968897,712AS32-SG,"""SDL AS 7.12% 2032""",NSE,EQ
1969153,713HR32-SG,"""SDL HR 7.13% 2032""",NSE,EQ
1969409,71KA32-SG,"""SDL KA 7.1% 2032""",NSE,EQ
1969665,718KA33-SG,"""SDL KA 7.18% 2033""",NSE,EQ
1972993,722KA35-SG,"""SDL KA 7.22% 2035""",NSE,EQ
1973249,714PN32-SG,"""SDL PN 7.14% 2032""",NSE,EQ
1973505,712UP32-SG,"""SDL UP 7.12% 2032""",NSE,EQ
1973761,714WB32-SG,"""SDL WB 7.14% 2032""",NSE,EQ
1974017,724AP38-SG,"""SDL AP 7.24% 2038""",NSE,EQ
1974529,718AP40-SG,"""SDL AP 7.18% 2040""",NSE,EQ
1974785,719PN37-SG,"""SDL PN 7.19% 2037""",NSE,EQ
1975041,722AP42-SG,"""SDL AP 7.22% 2042""",NSE,EQ
1986305,ABAN-BE,"""ABAN OFFSHORE""",NSE,EQ
1987841,875SCFL27-Y9,,NSE,EQ
1988865,925SCFL27-YA,,NSE,EQ
1989633,843SCFL27-YB,,NSE,EQ
1990913,889SCFL27-YC,,NSE,EQ
1992449,BCONCEPTS-BE,"""BRAND CONCEPTS""",NSE,EQ
1994497,UNIINFO,"""UNIINFO TELECOM SERVI""",NSE,EQ
1996801,TIMESCAN-SM,"""TIMESCAN LOGISTICS IND L""",NSE,EQ
1999873,704TN30-SG,"""SDL TN 7.04% 2030""",NSE,EQ
2000129,714KA32-SG,"""SDL KA 7.14% 2032""",NSE,EQ
2000641,728TS35-SG,"""SDL TS 7.28% 2035""",NSE,EQ
2000897,731KA35-SG,"""SDL KA 7.31% 2035""",NSE,EQ
2001665,714RJ32-SG,"""SDL RJ 7.14% 2032""",NSE,EQ
2002177,715UP32-SG,"""SDL UP 7.15% 2032""",NSE,EQ
2002433,731PY35-SG,"""SDL PY 7.31% 2035""",NSE,EQ
2002689,729KA34-SG,"""SDL KA 7.29% 2034""",NSE,EQ
2005761,WEL,"""WONDER ELECTRICALS""",NSE,EQ
2006529,NETF,"""TATAAML - NETF""",NSE,EQ
2007809,654GS2032-GS,"""GOI LOAN  6.54% 2032""",NSE,EQ
2008065,AUTOIETF,"""ICICIPRAMC - ICICIAUTO""",NSE,EQ
2009089,BIL,"""BHARTIYA INTERNATIONAL""",NSE,EQ
2009857,RAMCOSYS,"""RAMCO SYSTEMS""",NSE,EQ
2010113,INOXWIND,"""INOX WIND""",NSE,EQ
2010881,723MN32-SG,"""SDL MN 7.23% 2032""",NSE,EQ
2011137,724UP32-SG,"""SDL UP 7.24% 2032""",NSE,EQ
2011393,723WB32-SG,"""SDL WB 7.23% 2032""",NSE,EQ
2011649,733KA37-SG,"""SDL KA 7.33% 2037""",NSE,EQ
2011905,733KA40-SG,"""SDL KA 7.33% 2040""",NSE,EQ
2012417,733MP42-SG,"""SDL MP 7.33% 2042""",NSE,EQ
2012673,GVPIL,"""GE POWER INDIA""",NSE,EQ
2013953,643RJ27-SG,"""SDL RJ 6.43% 2027""",NSE,EQ
2014721,724BR32-SG,"""SDL BR 7.24% 2032""",NSE,EQ
2014977,723GA32-SG,"""SDL GA 7.23% 2032""",NSE,EQ
2015233,735KA36-SG,"""SDL KA 7.35% 2036""",NSE,EQ
2015745,734TS34-SG,"""SDL TS 7.34% 2034""",NSE,EQ
2017025,SGBJAN30IX-GB,"""2.50%GOLDBONDS2030SR-IX""",NSE,EQ
2017281,AUTOBEES,"""NIPPONAMC - NETFAUTO""",NSE,EQ
2018817,MHLXMIRU,"""MAHALAXMI RUBTECH""",NSE,EQ
2020353,618GJ26A-SG,"""SDL GJ 6.18% 2026""",NSE,EQ
2020609,69PY28-SG,"""SDL PY 6.9% 2028""",NSE,EQ
2020865,645RJ27A-SG,"""SDL RJ 6.45% 2027""",NSE,EQ
2021633,727AR32-SG,"""SDL AR 7.27% 2032""",NSE,EQ
2021889,729MZ33-SG,"""SDL MZ 7.29% 2033""",NSE,EQ
2022145,724RJ32-SG,"""SDL RJ 7.24% 2032""",NSE,EQ
2022401,727SK32-SG,"""SDL SK 7.27% 2032""",NSE,EQ
2022913,LFIC,"""LAKSHMI FIN IND CORP""",NSE,EQ
2023425,724TN32-SG,"""SDL TN 7.24% 2032""",NSE,EQ
2023681,728UP32-SG,"""SDL UP 7.28% 2032""",NSE,EQ
2024193,725UK32-SG,"""SDL UK 7.25% 2032""",NSE,EQ
2024449,737KA38-SG,"""SDL KA 7.37% 2038""",NSE,EQ
2024961,736KA39-SG,"""SDL KA 7.36% 2039""",NSE,EQ
2025217,748WB37-SG,"""SDL WB 7.48% 2037""",NSE,EQ
2027265,BYKE,"""THE BYKE HOSPITALITY""",NSE,EQ
2029825,ZYDUSLIFE,"""ZYDUS LIFESCIENCES""",NSE,EQ
2031617,AVANTIFEED,"""AVANTI FEEDS""",NSE,EQ
2033153,SILVERIETF,"""ICICIPRAMC - ICICISILVE""",NSE,EQ
2035201,PRECISION-SM,"""PRECISION METALIKS""",NSE,EQ
2039041,MALLCOM,"""MALLCOM (INDIA)""",NSE,EQ
2041601,1015ECL29-NR,,NSE,EQ
2042625,MAKEINDIA,"""MIRAEAMC - MAMFGETF""",NSE,EQ
2043393,GRWRHITECH,"""GARWARE HI-TECH FILMS""",NSE,EQ
2044417,1060ECL29-NS,,NSE,EQ
2048769,SILVER,"""BIRLASLAMC - SILVER""",NSE,EQ
2049537,732KA34-SG,"""SDL KA 7.32% 2034""",NSE,EQ
2049793,733TN52-SG,"""SDL TN 7.33% 2052""",NSE,EQ
2050561,62RJ26-SG,"""SDL RJ 6.2% 2026""",NSE,EQ
2050817,696HR29-SG,"""SDL HR 6.96% 2029""",NSE,EQ
2051073,721KA32-SG,"""SDL KA 7.21% 2032""",NSE,EQ
2051329,721RJ32-SG,"""SDL RJ 7.21% 2032""",NSE,EQ
2054145,CINEVISTA,"""CINEVISTA""",NSE,EQ
2054913,726GS2029-GS,"""GOI LOAN 7.26% 2029""",NSE,EQ
2060801,MAHLIFE,"""MAHINDRA LIFESPACE DEVLTD""",NSE,EQ
2061825,KTKBANK,"""KARNATAKA BANK""",NSE,EQ
2067201,DALBHARAT,"""DALMIA BHARAT""",NSE,EQ
2067713,MIDCAP,"""KOTAKMAMC - KOTAKMID50""",NSE,EQ
2068481,SILVERBEES,"""NIPPONAMC - NETFSILVER""",NSE,EQ
2069249,CROWN,"""CROWN LIFTERS""",NSE,EQ
2076161,AWL,"""AWL AGRI BUSINESS""",NSE,EQ
2078465,RPSGVENT,"""RPSG VENTURES""",NSE,EQ
2078721,744KA35-SG,"""SDL KA 7.44% 2035""",NSE,EQ
2078977,737TS36-SG,"""SDL TS 7.37% 2036""",NSE,EQ
2079233,737AP38-SG,"""SDL AP 7.37% 2038""",NSE,EQ
2079489,737AP42-SG,"""SDL AP 7.37% 2042""",NSE,EQ
2079745,AJANTPHARM,"""AJANTA PHARMA""",NSE,EQ
2080257,654MH27-SG,"""SDL MH 6.54% 2027""",NSE,EQ
2080769,699MH29-SG,"""SDL MH 6.99% 2029""",NSE,EQ
2081281,705MZ29-SG,"""SDL MZ 7.05% 2029""",NSE,EQ
2081793,BLBLIMITED,"""BLB""",NSE,EQ
2082305,704TN30A-SG,"""SDL TN 7.04% 2030""",NSE,EQ
2082817,724RJ32A-SG,"""SDL RJ 7.24% 2032""",NSE,EQ
2083073,730KA32-SG,"""SDL KA 7.30% 2032""",NSE,EQ
2083329,732AS32-SG,"""SDL AS 7.32% 2032""",NSE,EQ
2083841,734MN32-SG,"""SDL MN 7.34% 2032""",NSE,EQ
2085377,DEVIT,"""DEV INFO TECHNOLOGY""",NSE,EQ
2087937,MEGASTAR-BE,"""MEGASTAR FOODS""",NSE,EQ
2088705,FIBERWEB,"""FIBERWEB INDIA""",NSE,EQ
2089729,SPENCERS,"""SPENCER S RETAIL""",NSE,EQ
2090753,MANYAVAR,"""VEDANT FASHIONS""",NSE,EQ
2092801,SAGARDEEP,"""SAGARDEEP ALLOYS""",NSE,EQ
2094593,MOMOMENTUM,"""MOTILALAMC - MOMOMENTUM""",NSE,EQ
2095617,685AS29-SG,"""SDL AS 6.85% 2029""",NSE,EQ
2095873,709AS32-SG,"""SDL AS 7.09% 2032""",NSE,EQ
2096385,706GJ32-SG,"""SDL GJ 7.06% 2032""",NSE,EQ
2096641,716KA36-SG,"""SDL KA 7.16% 2036""",NSE,EQ
2096897,709RJ32-SG,"""SDL RJ 7.09% 2032""",NSE,EQ
2097153,713JK34-SG,"""SDL JK 7.13% 2034""",NSE,EQ
2097409,713AP40-SG,"""SDL AP 7.13% 2040""",NSE,EQ
2097665,713AP41-SG,"""SDL AP 7.13% 2041""",NSE,EQ
2098177,712KA37-SG,"""SDL KA 7.12% 2037""",NSE,EQ
2098433,712PN37-SG,"""SDL PN 7.12% 2037""",NSE,EQ
2098689,713TN47-SG,"""SDL TN 7.13% 2047""",NSE,EQ
2102273,RICHA-ST,"""RICHA INFO SYSTEMS""",NSE,EQ
2114305,MADHAVBAUG-SM,"""VAIDYA SANE AYUR LAB""",NSE,EQ
2116097,SOFTTECH,"""SOFTTECH ENGINEERS""",NSE,EQ
2120705,699PY29-SG,"""SDL PY 6.99% 2029""",NSE,EQ
2121473,702TN30-SG,"""SDL TN 7.02% 2030""",NSE,EQ
2121985,709GJ32-SG,"""SDL GJ 7.09% 2032""",NSE,EQ
2122753,71TN32-SG,"""SDL TN 7.1% 2032""",NSE,EQ
2123521,712AS32A-SG,"""SDL AS 7.12% 2032""",NSE,EQ
2124289,713BR32-SG,"""SDL BR 7.13% 2032""",NSE,EQ
2124545,713TS37-SG,"""SDL TS 7.13% 2037""",NSE,EQ
2125057,713KA38-SG,"""SDL KA 7.13% 2038""",NSE,EQ
2125313,713KA39-SG,"""SDL KA 7.13% 2039""",NSE,EQ
2125825,PRITI,"""PRITI INTERNATIONAL""",NSE,EQ
2126849,SGBJAN27-GB,"""2.50%GOLDBONDS2027SR-V""",NSE,EQ
2127617,BLUESTARCO,"""BLUE STAR""",NSE,EQ
2129665,648RJ27-SG,"""SDL RJ 6.48% 2027""",NSE,EQ
2130177,703TN30-SG,"""SDL TN 7.03% 2030""",NSE,EQ
2130945,712GJ32-SG,"""SDL GJ 7.12% 2032""",NSE,EQ
2131201,714TN32-SG,"""SDL TN 7.14% 2032""",NSE,EQ
2131457,715GA32-SG,"""SDL GA 7.15% 2032""",NSE,EQ
2131713,717BR32-SG,"""SDL BR 7.17% 2032""",NSE,EQ
2132225,717KL32-SG,"""SDL KL 7.17% 2032""",NSE,EQ
2132737,717RJ32-SG,"""SDL RJ 7.17% 2032""",NSE,EQ
2132993,717WB32-SG,"""SDL WB 7.17% 2032""",NSE,EQ
2133249,713TS34-SG,"""SDL TS 7.13% 2034""",NSE,EQ
2133505,712JK37-SG,"""SDL JK 7.12% 2037""",NSE,EQ
2133761,713AP39-SG,"""SDL AP 7.13% 2039""",NSE,EQ
2134017,713HR42-SG,"""SDL HR 7.13% 2042""",NSE,EQ
2134273,719TN42-SG,"""SDL TN 7.19% 2042""",NSE,EQ
2135297,CALSOFT,"""CALIFORNIA SOFTWARE CO LT""",NSE,EQ
2135553,GSEC5IETF,"""ICICIPRAMC - ICICI5GSEC""",NSE,EQ
2137857,708MP29-SG,"""SDL MP 7.08% 2029""",NSE,EQ
2138113,712TN30-SG,"""SDL TN 7.12% 2030""",NSE,EQ
2138625,725GJ32-SG,"""SDL GJ 7.25% 2032""",NSE,EQ
2138881,725HR32-SG,"""SDL HR 7.25% 2032""",NSE,EQ
2139393,725TN32-SG,"""SDL TN 7.25% 2032""",NSE,EQ
2139649,735PY33-SG,"""SDL PY 7.35% 2033""",NSE,EQ
2139905,725MZ34-SG,"""SDL MZ 7.25% 2034""",NSE,EQ
2140161,728JH37-SG,"""SDL JH 7.28% 2037""",NSE,EQ
2140929,748AP38-SG,"""SDL AP 7.48% 2038""",NSE,EQ
2141185,743HR41-SG,"""SDL HR 7.43% 2041""",NSE,EQ
2141697,731AP42-SG,"""SDL AP 7.31% 2042""",NSE,EQ
2142977,733TN52A-SG,"""SDL TN 7.33% 2052""",NSE,EQ
2143233,733TN57-SG,"""SDL TN 7.33% 2057""",NSE,EQ
2148865,SHIGAN-SM,"""SHIGAN QUANTUM TECH""",NSE,EQ
2150657,SGBMAR30X-GB,"""2.50%GOLDBONDS2030SR-X""",NSE,EQ
2153473,GLFL-BE,"""GUJARAT LEASE FINANCING L""",NSE,EQ
2153729,MIDCAPETF,"""MIRAEAMC - MAM150ETF""",NSE,EQ
2156545,VIPULLTD,"""VIPUL""",NSE,EQ
2157569,RAJRILTD-BE,"""RAJ RAYON INDUSTRIES""",NSE,EQ
2168065,MITCON,"""MITCON CON & ENG SER""",NSE,EQ
2170369,XELPMOC-BE,"""XELPMOC DESIGN & TECH""",NSE,EQ
2170625,TVSMOTOR,"""TVS MOTOR COMPANY """,NSE,EQ
2173185,709TN30-SG,"""SDL TN 7.09% 2030""",NSE,EQ
2173697,719TN32-SG,"""SDL TN 7.19% 2032""",NSE,EQ
2173953,722RJ32-SG,"""SDL RJ 7.22% 2032""",NSE,EQ
2174209,724SK32-SG,"""SDL SK 7.24% 2032""",NSE,EQ
2174721,734TS35-SG,"""SDL TS 7.34% 2035""",NSE,EQ
2174977,739JK37-SG,"""SDL JK 7.39% 2037""",NSE,EQ
2175489,735JH38-SG,"""SDL JH 7.35% 2038""",NSE,EQ
2175745,746WB40-SG,"""SDL WB 7.46% 2040""",NSE,EQ
2176257,741PN42-SG,"""SDL PN 7.41% 2042""",NSE,EQ
2176513,739TN52-SG,"""SDL TN 7.39% 2052""",NSE,EQ
2177537,MID150BEES,"""NIP IND ETF MIDCAP 150""",NSE,EQ
2178561,GATEWAY,"""GATEWAY DISTRIPARKS""",NSE,EQ
2179329,SURANI-SM,"""SURANI STEEL TUBES""",NSE,EQ
2182913,SPRL-ST,"""SP REFRACTORIES""",NSE,EQ
2183425,GMRP&UI,"""GMR POW AND URBAN INFRA L""",NSE,EQ
2187777,CHALET,"""CHALET HOTELS""",NSE,EQ
2189313,BLUECOAST-BE,"""BLUE COAST HOTELS""",NSE,EQ
2191361,COOLCAPS-SM,"""COOL CAPS INDUSTRIES""",NSE,EQ
2193409,HITECHGEAR-BE,"""THE HI-TECH GEARS""",NSE,EQ
2193665,709HR29-SG,"""SDL HR 7.09% 2029""",NSE,EQ
2193921,713TN30-SG,"""SDL TN 7.13% 2030""",NSE,EQ
2194689,723TN32-SG,"""SDL TN 7.23% 2032""",NSE,EQ
2194945,724RJ32B-SG,"""SDL RJ 7.24% 2032""",NSE,EQ
2195201,726HR32-SG,"""SDL HR 7.26% 2032""",NSE,EQ
2195457,727ML32-SG,"""SDL ML 7.27% 2032""",NSE,EQ
2195969,737RJ34-SG,"""SDL RJ 7.37% 2034""",NSE,EQ
2196225,742KL34-SG,"""SDL KL 7.42% 2034""",NSE,EQ
2196481,74HR37-SG,"""SDL HR 7.4% 2037""",NSE,EQ
2197505,74WB38-SG,"""SDL WB 7.4% 2038""",NSE,EQ
2197761,NLCINDIA,"""NLC INDIA""",NSE,EQ
2198273,743TN47-SG,"""SDL TN 7.43% 2047""",NSE,EQ
2198529,ABNINT-IT,"""A B N INTERCORP""",NSE,EQ
2199041,74TN42-SG,"""SDL TN 7.4% 2042""",NSE,EQ
2199297,AKSHOPTFBR,"""AKSH OPTIFIBRE""",NSE,EQ
2200577,MSUMI,"""MOTHERSON SUMI WRNG IND L""",NSE,EQ
2202113,KNAGRI-SM,"""KN AGRI RESOURCES""",NSE,EQ
2203649,SWARAJ-SM,"""SWARAJ SUITING""",NSE,EQ
2205185,INDOBORAX,"""INDO BORAX & CHEMICAL""",NSE,EQ
2208001,957ICCL25-YW,,NSE,EQ
2209793,LOWVOL1,"""KOTAKMAMC - KOTAKLOVOL""",NSE,EQ
2212353,97SFL29-YZ,,NSE,EQ
2214401,BLUECHIP-BE,"""BLUE CHIP INDIA""",NSE,EQ
2214913,VETO,"""VETO SWITCHGEAR CABLE""",NSE,EQ
2215425,MOLOWVOL,"""MOTILALAMC - MOLOWVOL""",NSE,EQ
2216193,DIL,"""DEBOCK INDUSTRIES""",NSE,EQ
2222081,713RJ29-SG,"""SDL RJ 7.13% 2029""",NSE,EQ
2222337,717TN30-SG,"""SDL TN 7.17% 2030""",NSE,EQ
2222849,729GJ32-SG,"""SDL GJ 7.29% 2032""",NSE,EQ
2223105,729RJ32-SG,"""SDL RJ 7.29% 2032""",NSE,EQ
2223361,73TN32-SG,"""SDL TN 7.3% 2032""",NSE,EQ
2223617,731KL32-SG,"""SDL KL 7.31% 2032""",NSE,EQ
2223873,MUKTAARTS,"""MUKTA ARTS""",NSE,EQ
2224129,733AS32-SG,"""SDL AS 7.33% 2032""",NSE,EQ
2224385,734UK32-SG,"""SDL UK 7.34% 2032""",NSE,EQ
2225153,734GA32-SG,"""SDL GA 7.34% 2032""",NSE,EQ
2225409,734UP32-SG,"""SDL UP 7.34% 2032""",NSE,EQ
2225921,734MN32A-SG,"""SDL MN 7.34% 2032""",NSE,EQ
2226177,VRLLOG,"""VRL LOGISTICS""",NSE,EQ
2226689,734NL32-SG,"""SDL NL 7.34% 2032""",NSE,EQ
2226945,735SK32-SG,"""SDL SK 7.35% 2032""",NSE,EQ
2227457,736WB32-SG,"""SDL WB 7.36% 2032""",NSE,EQ
2227713,735UP34-SG,"""SDL UP 7.35% 2034""",NSE,EQ
2227969,736TS36-SG,"""SDL TS 7.36% 2036""",NSE,EQ
2228481,739UP37-SG,"""SDL UP 7.39% 2037""",NSE,EQ
2230529,74KL37-SG,"""SDL KL 7.4% 2037""",NSE,EQ
2231809,737PN42-SG,"""SDL PN 7.37% 2042""",NSE,EQ
2232065,739TN42-SG,"""SDL TN 7.39% 2042""",NSE,EQ
2232577,744AP42-SG,"""SDL AP 7.44% 2042""",NSE,EQ
2234113,SHAILY,"""SHAILY ENG PLASTICS""",NSE,EQ
2236161,PROPEQUITY-SM,"""P. E. ANALYTICS""",NSE,EQ
2236417,PNBGILTS,"""PNB GILTS""",NSE,EQ
2244097,SGBFEB27-GB,"""2.50%GOLDBONDS2027SR-VI""",NSE,EQ
2248193,KRISHNADEF-SM,"""KRISHNA DEF AND ALD IND L""",NSE,EQ
2252033,OBCL,"""ORISSA BENGAL CARRIER""",NSE,EQ
2254337,SONAMLTD,"""SONAM""",NSE,EQ
2259201,PRIVISCL,"""PRIVI SPECIALITY CHE""",NSE,EQ
2259713,AVROIND,"""AVRO INDIA""",NSE,EQ
2259969,GAEL,"""GUJARAT AMBUJA EXPORTS LT""",NSE,EQ
2261249,BCG,"""BRIGHTCOM GROUP""",NSE,EQ
2263041,USHAMART,"""USHA MARTIN""",NSE,EQ
2263553,UMAEXPORTS,"""UMA EXPORTS""",NSE,EQ
2269697,CHOICEIN,"""CHOICE INTERNATIONAL""",NSE,EQ
2273793,TNIDETF,"""TATAAML - TNIDETF""",NSE,EQ
2274817,EUROTEXIND-BE,"""EUROTEX IND & EXPORTS""",NSE,EQ
2275841,VERANDA,"""VERANDA LEARNING SOL""",NSE,EQ
2278401,MINDPOOL-SM,"""MINDPOOL TECHNOLOGIES""",NSE,EQ
2286081,729AP34-SG,"""SDL AP 7.29% 2034""",NSE,EQ
2286593,734AP40-SG,"""SDL AP 7.34% 2040""",NSE,EQ
2287105,718MH30-SG,"""SDL MH 7.18% 2030""",NSE,EQ
2287361,711MH29-SG,"""SDL MH 7.11% 2029""",NSE,EQ
2287873,E2E,"""E2E NETWORKS""",NSE,EQ
2289665,RITCO,"""RITCO LOGISTICS""",NSE,EQ
2291969,ELDEHSG,"""ELDECO HSG & IND""",NSE,EQ
2292225,TTML,"""TATA TELESERV(MAHARASTRA)""",NSE,EQ
2294273,HARDWYN,"""HARDWYN INDIA""",NSE,EQ
2295809,HARIOMPIPE,"""HARIOM PIPE INDUSTRIES L""",NSE,EQ
2297345,752AP38-SG,"""SDL AP 7.52% 2038""",NSE,EQ
2298113,752AP42-SG,"""SDL AP 7.52% 2042""",NSE,EQ
2303489,UMIYA-MRO,"""UMIYA BUILDCON""",NSE,EQ
2307585,ANUP,"""THE ANUP ENGINEERING""",NSE,EQ
2309121,VCL,"""VAXTEX COTFAB""",NSE,EQ
2313985,UFO,"""UFO MOVIEZ INDIA""",NSE,EQ
2315777,AGROPHOS,"""AGRO PHOS INDIA""",NSE,EQ
2316033,710GS2029-GS,"""GOI LOAN 7.10% 2029""",NSE,EQ
2316545,ROTO,"""ROTO PUMPS""",NSE,EQ
2326273,PIXTRANS,"""PIX TRANSMISSIONS""",NSE,EQ
2329345,748PN42-SG,"""SDL PN 7.48% 2042""",NSE,EQ
2330625,SOMATEX-BE,"""SOMA TEXTILEI NDUSTRIES L""",NSE,EQ
2332417,ARVINDFASN,"""ARVIND FASHIONS""",NSE,EQ
2333697,INDOAMIN,"""INDO AMINES""",NSE,EQ
2333953,TIPSMUSIC,"""TIPS MUSIC""",NSE,EQ
2344449,BALAJITELE,"""BALAJI TELEFILMS""",NSE,EQ
2347009,UTISXN50,"""UTIAMC - UTISXN50""",NSE,EQ
2360065,TPLPLASTEH,"""TPL PLASTECH""",NSE,EQ
2368769,NILAINFRA,"""NILA INFRASTRUCTURES""",NSE,EQ
2369281,875SCL27-YQ,,NSE,EQ
2370561,ARROWGREEN,"""ARROW GREENTECH""",NSE,EQ
2371073,925SCL27-YR,,NSE,EQ
2373889,843SCL27-YS,,NSE,EQ
2374913,889SCL27-YT,,NSE,EQ
2377729,KRITIKA,"""KRITIKA WIRES""",NSE,EQ
2382081,STARTECK,"""STARTECK FINANCE""",NSE,EQ
2383105,STLTECH,"""STERLITE TECHNOLOGIES""",NSE,EQ
2389249,715HR28-SG,"""SDL HR 7.15% 2028""",NSE,EQ
2392065,727HR30-SG,"""SDL HR 7.27% 2030""",NSE,EQ
2392321,745AP37-SG,"""SDL AP 7.45% 2037""",NSE,EQ
2392577,PNC-BE,"""PRITISH NANDY COMMUNICATI""",NSE,EQ
2393089,IOB,"""INDIAN OVERSEAS BANK""",NSE,EQ
2394625,TAJGVK,"""TAJ GVK HOTELS & RESORTS""",NSE,EQ
2395137,MSTCLTD,"""MSTC""",NSE,EQ
2396673,CAMPUS,"""CAMPUS ACTIVEWEAR""",NSE,EQ
2399233,LEMERITE-SM,"""LE MERITE EXPORTS""",NSE,EQ
2400257,QUINTEGRA-BE,"""QUINTEGRA SOLUTIONS""",NSE,EQ
2400769,TRU,"""TRUCAP FINANCE""",NSE,EQ
2401281,IL&FSENGG-BZ,"""IL&FS ENG AND CONS CO""",NSE,EQ
2401537,IL&FSTRANS-BZ,"""IL&FS TRANS NET""",NSE,EQ
2402049,EMBASSY-RR,"""EMBASSY OFFICE PARKS REIT""",NSE,EQ
2402305,CREATIVEYE,"""CREATIVE EYE""",NSE,EQ
2402561,PNCINFRA,"""PNC INFRATECH""",NSE,EQ
2405633,BHARATGEAR-BE,"""BHARAT GEARS""",NSE,EQ
2408449,RAINBOW,"""RAINBOW CHILDRENS MED""",NSE,EQ
2412033,SILVERTUC,"""SILVER TOUCH TECHNO""",NSE,EQ
2413569,SKIPPER,"""SKIPPER""",NSE,EQ
2414337,NORBTEAEXP-BE,"""NORBEN TEA &EXPORTS""",NSE,EQ
2414849,763HR29-SG,"""SDL HR 7.63% 2029""",NSE,EQ
2415361,761MH29-SG,"""SDL MH 7.61% 2029""",NSE,EQ
2415873,763MH30-SG,"""SDL MH 7.63% 2030""",NSE,EQ
2416129,776AP32-SG,"""SDL AP 7.76% 2032""",NSE,EQ
2416641,AXISCADES-BE,"""AXISCADES TECH""",NSE,EQ
2416897,773HR33-SG,"""SDL HR 7.73% 2033""",NSE,EQ
2417665,774HR35-SG,"""SDL HR 7.74% 2035""",NSE,EQ
2418945,776PN37-SG,"""SDL PN 7.76% 2037""",NSE,EQ
2419201,778AP41-SG,"""SDL AP 7.78% 2041""",NSE,EQ
2419457,778AP42-SG,"""SDL AP 7.78% 2042""",NSE,EQ
2421249,SONUINFRA-SM,"""SONU INFRATECH""",NSE,EQ
2426881,LICI,"""LIFE INSURA CORP OF INDIA""",NSE,EQ
2439681,746AP27-SG,"""SDL AP 7.46% 2027""",NSE,EQ
2439937,763AP30-SG,"""SDL AP 7.63% 2030""",NSE,EQ
2440193,77RJ32-SG,"""SDL RJ 7.7% 2032""",NSE,EQ
2441473,727GS2026-GS,"""GOI LOAN 7.27% 2026""",NSE,EQ
2441729,762GS2039-GS,"""GOI LOAN 7.62% 2039""",NSE,EQ
2441985,SAKAR,"""SAKAR HEALTHCARE""",NSE,EQ
2445313,RVNL,"""RAIL VIKAS NIGAM""",NSE,EQ
2445569,PRUDENT,"""PRUDENT CORP ADV SER""",NSE,EQ
2447361,AKSHAR-BE,"""AKSHAR SPINTEX""",NSE,EQ
2449921,KHFM-SM,"""KHFM HOS FAC MANA SER""",NSE,EQ
2451457,MAHESHWARI,"""MAHESHWARI LOGISTICS""",NSE,EQ
2452737,METROPOLIS,"""METROPOLIS HEALTHCARE""",NSE,EQ
2453761,754GS2036-GS,"""GOI LOAN  7.54% 2036""",NSE,EQ
2455041,POLYCAB,"""POLYCAB INDIA""",NSE,EQ
2455553,VENUSPIPES,"""VENUS PIPES & TUBES""",NSE,EQ
2457345,DELHIVERY,"""DELHIVERY""",NSE,EQ
2458625,772GS2049-GS,"""GOI LOAN 7.72% 2049""",NSE,EQ
2460161,ICDSLTD-BE,"""ICDSLTD""",NSE,EQ
2461953,SPLPETRO,"""SUPREME PETROCHEM""",NSE,EQ
2468097,KHANDSE,"""KHANDWALA SECURITIES""",NSE,EQ
2470913,RELCHEMQ,"""RELIANCE CHEMOTEX IND""",NSE,EQ
2475009,HIKAL,"""HIKAL""",NSE,EQ
2476289,MEDICO-BE,"""MEDICO REMEDIES""",NSE,EQ
2477569,SOUTHWEST,"""SOUTH WEST PINNACLE""",NSE,EQ
2478849,KPITTECH,"""KPIT TECHNOLOGIES""",NSE,EQ
2479361,TRIDENT,"""TRIDENT""",NSE,EQ
2481921,762MH30-SG,"""SDL MH 7.62% 2030""",NSE,EQ
2482177,767AP31-SG,"""SDL AP 7.67% 2031""",NSE,EQ
2485249,769MZ31-SG,"""SDL MZ 7.69% 2031""",NSE,EQ
2486017,771AP32-SG,"""SDL AP 7.71% 2032""",NSE,EQ
2487553,772JK32-SG,"""SDL JK 7.72% 2032""",NSE,EQ
2487809,772MN32-SG,"""SDL MN 7.72% 2032""",NSE,EQ
2488065,773WB32-SG,"""SDL WB 7.73% 2032""",NSE,EQ
2488833,770MH32-SG,"""SDL MH 7.70% 2032""",NSE,EQ
2489345,772MH34-SG,"""SDL MH 7.72% 2034""",NSE,EQ
2489601,772RJ35-SG,"""SDL RJ 7.72% 2035""",NSE,EQ
2493697,PARADEEP,"""PARADEEP PHOSPHATES""",NSE,EQ
2496001,ETHOSLTD,"""ETHOS""",NSE,EQ
2497537,EMUDHRA,"""EMUDHRA""",NSE,EQ
2499585,GSTL-SM,"""GLOBESECURE TECHNO""",NSE,EQ
2500865,EASTSILK-BE,"""EASTERN SILK INDUSTRIES L""",NSE,EQ
2501121,763HR28-SG,"""SDL HR 7.63% 2028""",NSE,EQ
2501377,777GJ31-SG,"""SDL GJ 7.77% 2031""",NSE,EQ
2501889,78AP31-SG,"""SDL AP 7.8% 2031""",NSE,EQ
2502145,78ML31-SG,"""SDL ML 7.8% 2031""",NSE,EQ
2502657,78TN32-SG,"""SDL TN 7.8% 2032""",NSE,EQ
2502913,78GJ32-SG,"""SDL GJ 7.8% 2032""",NSE,EQ
2503425,781GA32-SG,"""SDL GA 7.81% 2032""",NSE,EQ
2503681,781HR32-SG,"""SDL HR 7.81% 2032""",NSE,EQ
2503937,782MN32-SG,"""SDL MN 7.82% 2032""",NSE,EQ
2504193,783WB32-SG,"""SDL WB 7.83% 2032""",NSE,EQ
2504961,79AP33-SG,"""SDL AP 7.9% 2033""",NSE,EQ
2505729,785KL34-SG,"""SDL KL 7.85% 2034""",NSE,EQ
2508033,79AP34-SG,"""SDL AP 7.9% 2034""",NSE,EQ
2508801,79RJ42-SG,"""SDL RJ 7.9% 2042""",NSE,EQ
2511361,AETHER,"""AETHER INDUSTRIES""",NSE,EQ
2513665,HAVELLS,"""HAVELLS INDIA""",NSE,EQ
2514177,786MH30-SG,"""SDL MH 7.86% 2030""",NSE,EQ
2514433,789MH32-SG,"""SDL MH 7.89% 2032""",NSE,EQ
2514945,802TS35-SG,"""SDL TS 8.02% 2035""",NSE,EQ
2515457,803AP35-SG,"""SDL AP 8.03% 2035""",NSE,EQ
2516225,SAMBHAAV-BE,"""SAMBHAAV MEDIA""",NSE,EQ
2516481,807AP36-SG,"""SDL AP 8.07% 2036""",NSE,EQ
2517505,799TN42-SG,"""SDL TN 7.99% 2042""",NSE,EQ
2520833,NV20BEES,"""NIP IND ETF ETF NV20""",NSE,EQ
2522625,RILINFRA-SM,"""RACHANA INFRA""",NSE,EQ
2523649,FIDEL-SM,"""FIDEL SOFTECH""",NSE,EQ
2525441,WEWIN-BE,"""WE WIN""",NSE,EQ
2525953,NEXTMEDIA,"""NEXT MEDIAWORKS""",NSE,EQ
2526465,794TN32-SG,"""SDL TN 7.94% 2032""",NSE,EQ
2526721,795HR32-SG,"""SDL HR 7.95% 2032""",NSE,EQ
2526977,804AP41-SG,"""SDL AP 8.04% 2041""",NSE,EQ
2527233,804AP42-SG,"""SDL AP 8.04% 2042""",NSE,EQ
2527489,769HR27-SG,"""SDL HR 7.69% 2027""",NSE,EQ
2527745,GOLDTECH,"""AION-TECH SOLUTIONS""",NSE,EQ
2529025,CHEVIOT,"""CHEVIOT COMPANY""",NSE,EQ
2531329,769GS2043-GS,"""GOI LOAN 7.69% 2043""",NSE,EQ
2531585,SMARTLINK,"""SMARTLINK HOLDINGS""",NSE,EQ
2533633,AIRAN,"""AIRAN""",NSE,EQ
2534913,AXITA,"""AXITA COTTON""",NSE,EQ
2536193,763GS2059-GS,"""GOI LOAN 7.63% 2059""",NSE,EQ
2537729,738GS2027-GS,"""GOI LOAN 7.38% 2027""",NSE,EQ
2537985,78AP31A-SG,"""SDL AP 7.8% 2031""",NSE,EQ
2538241,783RJ32-SG,"""SDL RJ 7.83% 2032""",NSE,EQ
2538497,786AS32-SG,"""SDL AS 7.86% 2032""",NSE,EQ
2538753,NEOGEN,"""NEOGEN CHEMICALS""",NSE,EQ
2539777,ALANKIT,"""ALANKIT""",NSE,EQ
2540033,786MZ32-SG,"""SDL MZ 7.86% 2032""",NSE,EQ
2540289,788NL32-SG,"""SDL NL 7.88% 2032""",NSE,EQ
2541569,785AP37-SG,"""SDL AP 7.85% 2037""",NSE,EQ
2542337,VIKASLIFE,"""VIKAS LIFECARE""",NSE,EQ
2544385,ONEPOINT,"""ONE POINT ONE SOL""",NSE,EQ
2545409,785RJ37-SG,"""SDL RJ 7.85% 2037""",NSE,EQ
2547713,785RJ39-SG,"""SDL RJ 7.85% 2039""",NSE,EQ
2547969,784TN52-SG,"""SDL TN 7.84% 2052""",NSE,EQ
2553601,829PFL29-N6,,NSE,EQ
2555393,85PFL26A-N7,,NSE,EQ
2571777,757GS2033-GS,"""GOI LOAN 7.57% 2033""",NSE,EQ
2578945,EMAMIPAP,"""EMAMI PAPER MILLS""",NSE,EQ
2584833,GUJRAFFIA-BE,"""GUJARAT RAFFIA INDUST""",NSE,EQ
2585345,GODREJCP,"""GODREJ CONSUMER PRODUCTS""",NSE,EQ
2601729,ORICONENT-BE,"""ORICON ENTERPRISES""",NSE,EQ
2605057,SETFNIF50,"""SBI-ETF NIFTY 50""",NSE,EQ
2606337,BALKRISHNA,"""BALKRISHNA PAPER MILLS L""",NSE,EQ
2608129,SHYAMCENT,"""SHYAM CENTURY FERROUS""",NSE,EQ
2608641,781TN52-SG,"""SDL TN 7.81% 2052""",NSE,EQ
2609921,753AS27-SG,"""SDL AS 7.53% 2027""",NSE,EQ
2610177,782GJ32-SG,"""SDL GJ 7.82% 2032""",NSE,EQ
2610433,785AS32-SG,"""SDL AS 7.85% 2032""",NSE,EQ
2610689,785MP32-SG,"""SDL MP 7.85% 2032""",NSE,EQ
2611457,ICICM58-M1,,NSE,EQ
2611713,786HR32-SG,"""SDL HR 7.86% 2032""",NSE,EQ
2611969,793AP33-SG,"""SDL AP 7.93% 2033""",NSE,EQ
2612225,793TS34-SG,"""SDL TS 7.93% 2034""",NSE,EQ
2612481,794HR34-SG,"""SDL HR 7.94% 2034""",NSE,EQ
2612737,794AP34-SG,"""SDL AP 7.94% 2034""",NSE,EQ
2612993,793TS35-SG,"""SDL TS 7.93% 2035""",NSE,EQ
2614273,794TS36-SG,"""SDL TS 7.94% 2036""",NSE,EQ
2614529,796WB37-SG,"""SDL WB 7.96% 2037""",NSE,EQ
2614785,795AP38-SG,"""SDL AP 7.95% 2038""",NSE,EQ
2615041,795AP39-SG,"""SDL AP 7.95% 2039""",NSE,EQ
2615297,795AP40-SG,"""SDL AP 7.95% 2040""",NSE,EQ
2615553,ADANIENSOL,"""ADANI ENERGY SOLUTION""",NSE,EQ
2615809,792AP42-SG,"""SDL AP 7.92% 2042""",NSE,EQ
2616065,781RJ47-SG,"""SDL RJ 7.81% 2047""",NSE,EQ
2618113,MANORAMA,"""MANORAMA INDUSTRIES""",NSE,EQ
2619393,SGBJUN30-GB,"""2.50%GOLDBONDS2030SR-I""",NSE,EQ
2619649,765GJ29-SG,"""SDL GJ 7.65% 2029""",NSE,EQ
2619905,765TN29-SG,"""SDL TN 7.65% 2029""",NSE,EQ
2620161,776HP30-SG,"""SDL HP 7.76% 2030""",NSE,EQ
2620929,CONFIPET,"""CONFIDENCE PETRO IND""",NSE,EQ
2622209,SYNGENE,"""SYNGENE INTERNATIONAL""",NSE,EQ
2622977,782AS32-SG,"""SDL AS 7.82% 2032""",NSE,EQ
2623233,782HP32-SG,"""SDL HP 7.82% 2032""",NSE,EQ
2624513,782WB32-SG,"""SDL WB 7.82% 2032""",NSE,EQ
2624769,EMKAYTOOLS-SM,"""EMKAY TAP & CUT. TOOL""",NSE,EQ
2625281,795AP40A-SG,"""SDL AP 7.95% 2040""",NSE,EQ
2625793,792AP42A-SG,"""SDL AP 7.92% 2042""",NSE,EQ
2626817,SGBJUN27-GB,"""2.50%GOLDBONDS2027SR-I""",NSE,EQ
2628609,804PN42-SG,"""SDL PN 8.04% 2042""",NSE,EQ
2628865,791TS43-SG,"""SDL TS 7.91% 2043""",NSE,EQ
2629377,79TS44-SG,"""SDL TS 7.9% 2044""",NSE,EQ
2629633,792TS45-SG,"""SDL TS 7.92% 2045""",NSE,EQ
2630657,KAYA,"""KAYA""",NSE,EQ
2630913,NGLFINE,"""NGL FINE CHEM""",NSE,EQ
2632961,AYMSYNTEX,"""AYM SYNTEX""",NSE,EQ
2635777,KCK-ST,"""KCK INDUSTRIES""",NSE,EQ
2636033,PPL,"""PRAKASH PIPES""",NSE,EQ
2636801,RAMASTEEL,"""RAMA STEEL TUBES""",NSE,EQ
2639361,AURUM,"""AURUM PROPTECH""",NSE,EQ
2641409,PKTEA-BE,"""THE P K TEA PROD CO""",NSE,EQ
2643201,SKP-SM,"""SKP BEARING INDUSTRI.""",NSE,EQ
2644481,778ML31-SG,"""SDL ML 7.78% 2031""",NSE,EQ
2644737,781HR32A-SG,"""SDL HR 7.81% 2032""",NSE,EQ
2644993,79HR34-SG,"""SDL HR 7.9% 2034""",NSE,EQ
2645249,794PN42-SG,"""SDL PN 7.94% 2042""",NSE,EQ
2645505,789TS34-SG,"""SDL TS 7.89% 2034""",NSE,EQ
2646017,797AP39-SG,"""SDL AP 7.97% 2039""",NSE,EQ
2646273,792AP41-SG,"""SDL AP 7.92% 2041""",NSE,EQ
2646529,787TN33-SG,"""SDL TN 7.87% 2033""",NSE,EQ
2647809,RADHIKAJWE,"""RADHIKA JEWELTECH""",NSE,EQ
2648577,DGCONTENT,"""DIGICONTENT""",NSE,EQ
2649601,CSLFINANCE,"""CSL FINANCE""",NSE,EQ
2650881,803AP36-SG,"""SDL AP 8.03% 2036""",NSE,EQ
2651393,783AS32-SG,"""SDL AS 7.83% 2032""",NSE,EQ
2653697,UNIVAFOODS-BE,"""UNIVA FOODS""",NSE,EQ
2653953,78GJ32A-SG,"""SDL GJ 7.8% 2032""",NSE,EQ
2654209,783MN32-SG,"""SDL MN 7.83% 2032""",NSE,EQ
2655745,802MZ36-SG,"""SDL MZ 8.02% 2036""",NSE,EQ
2657537,798RJ42-SG,"""SDL RJ 7.98% 2042""",NSE,EQ
2657793,795TS35-SG,"""SDL TS 7.95% 2035""",NSE,EQ
2658049,802AP38-SG,"""SDL AP 8.02% 2038""",NSE,EQ
2658305,802WB37-SG,"""SDL WB 8.02% 2037""",NSE,EQ
2660609,801WB41-SG,"""SDL WB 8.01% 2041""",NSE,EQ
2660865,785PN32-SG,"""SDL PN 7.85% 2032""",NSE,EQ
2661633,JISLJALEQS,"""JAIN IRRIGATION SYSTEMS""",NSE,EQ
2663937,STEELCITY,"""STEEL CITY SECURITIES""",NSE,EQ
2664193,KSHITIJPOL,"""KSHITIJ POLYLINE""",NSE,EQ
2666241,MUTHOOTCAP,"""MUTHOOT CAP SERV""",NSE,EQ
2666753,DYCL,"""DYNAMIC CABLES""",NSE,EQ
2671361,OSEINTRUST-IV,"""ORIENTAL INFRATRUST""",NSE,EQ
2672641,LUPIN,"""LUPIN""",NSE,EQ
2674433,UNITDSPR,"""UNITED SPIRITS""",NSE,EQ
2675713,764TN29-SG,"""SDL TN 7.64% 2029""",NSE,EQ
2675969,SATIN,"""SATIN CREDIT NET""",NSE,EQ
2676225,797WB42-SG,"""SDL WB 7.97% 2042""",NSE,EQ
2676993,ARVSMART,"""ARVIND SMARTSPACES""",NSE,EQ
2677249,779AP31-SG,"""SDL AP 7.79% 2031""",NSE,EQ
2677505,777GJ32-SG,"""SDL GJ 7.77% 2032""",NSE,EQ
2677761,78TN32A-SG,"""SDL TN 7.8% 2032""",NSE,EQ
2678017,781HR32B-SG,"""SDL HR 7.81% 2032""",NSE,EQ
2678273,781RJ32-SG,"""SDL RJ 7.81% 2032""",NSE,EQ
2678529,782NL32-SG,"""SDL NL 7.82% 2032""",NSE,EQ
2680321,782SK32-SG,"""SDL SK 7.82% 2032""",NSE,EQ
2680577,804AP37-SG,"""SDL AP 8.04% 2037""",NSE,EQ
2681089,POWERMECH,"""POWER MECH PROJECTS""",NSE,EQ
2681345,805RJ37-SG,"""SDL RJ 8.05% 2037""",NSE,EQ
2682113,806JK37-SG,"""SDL JK 8.06% 2037""",NSE,EQ
2682369,807WB38-SG,"""SDL WB 8.07% 2038""",NSE,EQ
2682625,797HR42-SG,"""SDL HR 7.97% 2042""",NSE,EQ
2682881,797RJ42-SG,"""SDL RJ 7.97% 2042""",NSE,EQ
2684161,RAMRAT,"""RAM RATNA WIRES""",NSE,EQ
2687489,AGNI-ST,"""AGNI GREEN POWER""",NSE,EQ
2690049,MOHEALTH,"""MOTILALAMC - MOHEALTH""",NSE,EQ
2690817,UTINIFTETF,"""UTIAMC - UTINIFTETF""",NSE,EQ
2691073,CONS,"""KOTAKMAMC - KOTAKCONS""",NSE,EQ
2691841,UTISENSETF,"""UTIAMC - UTISENSETF""",NSE,EQ
2694401,782RJ44-SG,"""SDL RJ 7.82% 2044""",NSE,EQ
2694657,757HP31-SG,"""SDL HP 7.57% 2031""",NSE,EQ
2694913,772AP34-SG,"""SDL AP 7.72% 2034""",NSE,EQ
2695169,768AS32-SG,"""SDL AS 7.68% 2032""",NSE,EQ
2695425,765BR32-SG,"""SDL BR 7.65% 2032""",NSE,EQ
2695681,SHARDAMOTR,"""SHARDA MOTOR INDS""",NSE,EQ
2695937,761GJ32-SG,"""SDL GJ 7.61% 2032""",NSE,EQ
2696193,785KL35-SG,"""SDL KL 7.85% 2035""",NSE,EQ
2698241,774MZ33-SG,"""SDL MZ 7.74% 2033""",NSE,EQ
2698497,767NL32-SG,"""SDL NL 7.67% 2032""",NSE,EQ
2699009,765RJ32-SG,"""SDL RJ 7.65% 2032""",NSE,EQ
2699265,764TN32-SG,"""SDL TN 7.64% 2032""",NSE,EQ
2699521,784TS36-SG,"""SDL TS 7.84% 2036""",NSE,EQ
2701057,789HP37-SG,"""SDL HP 7.89% 2037""",NSE,EQ
2701569,789WB37-SG,"""SDL WB 7.89% 2037""",NSE,EQ
2702081,782AP42-SG,"""SDL AP 7.82% 2042""",NSE,EQ
2702593,NAVKARCORP,"""NAVKAR CORPORATION""",NSE,EQ
2702849,782PN42-SG,"""SDL PN 7.82% 2042""",NSE,EQ
2703105,743HP28-SG,"""SDL HP 7.43% 2028""",NSE,EQ
2705409,RAMAPHO,"""RAMA PHOSPHATES""",NSE,EQ
2707457,NIFTYBEES,"""NIP IND ETF NIFTY BEES""",NSE,EQ
2707713,KRBL,"""KRBL""",NSE,EQ
2707969,MPSLTD,"""MPS""",NSE,EQ
2708225,MARKSANS,"""MARKSANS PHARMA""",NSE,EQ
2708481,TCI,"""TRANSPORT CORPN OF INDIA""",NSE,EQ
2709761,MOM30IETF,"""ICICIPRAMC - ICICIMOM30""",NSE,EQ
2710529,SHREEPUSHK,"""SHRE PUSH CHEM & FERT""",NSE,EQ
2711041,LOYALTEX,"""LOYAL TEXTILE MILLS""",NSE,EQ
2713345,GUJGASLTD,"""GUJARAT GAS""",NSE,EQ
2714625,BHARTIARTL,"""BHARTI AIRTEL""",NSE,EQ
2716161,USASEEDS-SM,"""UPSURGE SEEDS OF AGRI""",NSE,EQ
2718465,HDFCNEXT50,"""HDFCAMC - HDFCNEXT50""",NSE,EQ
2719233,SADBHIN-BE,"""SADBHAV INFRA PROJ""",NSE,EQ
2722049,HDFCNIF100,"""HDFCAMC - HDFCNIF100""",NSE,EQ
2722305,ASAL,"""AUTOMOTIVE STAMPINGS & AS""",NSE,EQ
2723073,OLECTRA,"""OLECTRA GREENTECH""",NSE,EQ
2723329,777RJ32-SG,"""SDL RJ 7.77% 2032""",NSE,EQ
2723585,797AP36-SG,"""SDL AP 7.97% 2036""",NSE,EQ
2723841,795HR37-SG,"""SDL HR 7.95% 2037""",NSE,EQ
2724353,795TS37-SG,"""SDL TS 7.95% 2037""",NSE,EQ
2724609,796AP40-SG,"""SDL AP 7.96% 2040""",NSE,EQ
2724865,793TN42-SG,"""SDL TN 7.93% 2042""",NSE,EQ
2725121,793RJ45-SG,"""SDL RJ 7.93% 2045""",NSE,EQ
2725377,754AS28-SG,"""SDL AS 7.54% 2028""",NSE,EQ
2725633,774AP31-SG,"""SDL AP 7.74% 2031""",NSE,EQ
2725889,773GJ32-SG,"""SDL GJ 7.73% 2032""",NSE,EQ
2726657,775TN32-SG,"""SDL TN 7.75% 2032""",NSE,EQ
2726913,777HR32-SG,"""SDL HR 7.77% 2032""",NSE,EQ
2729217,PONNIERODE,"""PONNIE SUGARS (ERODE)""",NSE,EQ
2730497,PNB,"""PUNJAB NATIONAL BANK""",NSE,EQ
2733057,MNC,"""KOTAKMAMC - KOTAKMNC""",NSE,EQ
2735105,SHAIVAL-ST,"""SHAIVAL REALITY""",NSE,EQ
2736641,NIFTYQLITY,"""BIRLASLAMC - NIFTYQLITY""",NSE,EQ
2737409,MOMENTUM,"""BIRLASLAMC - MOMENTUM""",NSE,EQ
2739201,SURANAT&P,"""SURANA TELECOM AND POW LT""",NSE,EQ
2741761,VEEKAYEM-SM,"""VEEKAYEM FASH & APP""",NSE,EQ
2743553,TEAMGTY,"""TEAM INDIA GUARANTY""",NSE,EQ
2743809,772AP35-SG,"""SDL AP 7.72% 2035""",NSE,EQ
2744065,774AP38-SG,"""SDL AP 7.74% 2038""",NSE,EQ
2744321,76TN32-SG,"""SDL TN 7.6% 2032""",NSE,EQ
2744577,765BR32A-SG,"""SDL BR 7.65% 2032""",NSE,EQ
2744833,726GS2032-GS,"""GOI LOAN  7.26% 2032""",NSE,EQ
2745089,INFRAIETF,"""ICICIPRAMC - ICICIINFRA""",NSE,EQ
2745857,INDIAMART,"""INDIAMART INTERMESH""",NSE,EQ
2747649,SPORTKING,"""SPORTKING INDIA""",NSE,EQ
2748929,OFSS,"""ORACLE FIN SERV SOFT""",NSE,EQ
2749697,728NTPC30B-N9,,NSE,EQ
2750465,737NTPC35C-NA,,NSE,EQ
2751745,753NTPC30E-NC,,NSE,EQ
2752257,762NTPC35F-ND,,NSE,EQ
2752769,UNIONBANK,"""UNION BANK OF INDIA""",NSE,EQ
2753281,APTECHT,"""APTECH""",NSE,EQ
2753793,VERTIS-IV,"""VERTIS INFRASTRUCTURE TST""",NSE,EQ
2754817,SILVERADD,"""DSPAMC - DSPSILVETF""",NSE,EQ
2755841,765AS32-SG,"""SDL AS 7.65% 2032""",NSE,EQ
2756609,OAL,"""ORIENTAL AROMATICS""",NSE,EQ
2757121,AHIMSA-ST,"""AHIMSA INDUSTRIES""",NSE,EQ
2757377,766UP32-SG,"""SDL UP 7.66% 2032""",NSE,EQ
2757889,776KL38-SG,"""SDL KL 7.76% 2038""",NSE,EQ
2760193,775PN42-SG,"""SDL PN 7.75% 2042""",NSE,EQ
2760449,774TS45-SG,"""SDL TS 7.74% 2045""",NSE,EQ
2760705,774TS46-SG,"""SDL TS 7.74% 2046""",NSE,EQ
2761217,NOIDATOLL,"""NOIDA TOLL BRIDGE CO""",NSE,EQ
2762497,NUCLEUS,"""NUCLEUS SOFTWARE EXPORTS""",NSE,EQ
2763009,SYRMA,"""SYRMA SGS TECHNOLOGY""",NSE,EQ
2763265,CANBK,"""CANARA BANK""",NSE,EQ
2770433,MOQUALITY,"""MOTILALAMC - MOQUALITY""",NSE,EQ
2771201,MOVALUE,"""MOTILALAMC - MOVALUE""",NSE,EQ
2774017,SEYAIND-BE,"""SEYA INDUSTRIES""",NSE,EQ
2776065,77TN42-SG,"""SDL TN 7.7% 2042""",NSE,EQ
2776321,771KL42-SG,"""SDL KL 7.71% 2042""",NSE,EQ
2776577,771AP42-SG,"""SDL AP 7.71% 2042""",NSE,EQ
2776833,771AP39-SG,"""SDL AP 7.71% 2039""",NSE,EQ
2777089,771AP37-SG,"""SDL AP 7.71% 2037""",NSE,EQ
2777857,767KL34-SG,"""SDL KL 7.67% 2034""",NSE,EQ
2778113,761TN32-SG,"""SDL TN 7.61% 2032""",NSE,EQ
2778369,761HR32-SG,"""SDL HR 7.61% 2032""",NSE,EQ
2778625,762BR32-SG,"""SDL BR 7.62% 2032""",NSE,EQ
2778881,753HR30-SG,"""SDL HR 7.53% 2030""",NSE,EQ
2779905,DREAMFOLKS,"""DREAMFOLKS SERVICES""",NSE,EQ
2781441,GVPTECH,"""GVP INFOTECH""",NSE,EQ
2782977,GRMOVER,"""GRM OVERSEAS""",NSE,EQ
2784257,HDFCSILVER,"""HDFCAMC - HDFCSILVER""",NSE,EQ
2786561,JFLLIFE-SM,"""JFL LIFE SCIENCES""",NSE,EQ
2788353,KORE-ST,"""JAY JALARAM TECHNO""",NSE,EQ
2788609,DBOL,"""DHAMPUR BIO ORGANICS""",NSE,EQ
2789889,AMEYA-SM,"""AMEYA PRECISION ENG""",NSE,EQ
2790913,745TS30-SG,"""SDL TS 7.45% 2030""",NSE,EQ
2791425,747TS31-SG,"""SDL TS 7.47% 2031""",NSE,EQ
2791681,GENESYS,"""GENESYS INTL CORPN""",NSE,EQ
2791937,753AS32-SG,"""SDL AS 7.53% 2032""",NSE,EQ
2792193,758PN42-SG,"""SDL PN 7.58% 2042""",NSE,EQ
2793217,758AP40-SG,"""SDL AP 7.58% 2040""",NSE,EQ
2793473,758GA37-SG,"""SDL GA 7.58% 2037""",NSE,EQ
2793729,758AP42-SG,"""SDL AP 7.58% 2042""",NSE,EQ
2796033,OMAXAUTO,"""OMAX AUTOS""",NSE,EQ
2796289,753BR32-SG,"""SDL BR 7.53% 2032""",NSE,EQ
2796801,GODREJIND,"""GODREJ INDUSTRIES""",NSE,EQ
2798337,736GS2052-GS,"""GOI LOAN  7.36% 2052""",NSE,EQ
2798593,RADAAN,"""RADAAN MEDIAWORKS (I)""",NSE,EQ
2800385,JUNIORBEES,"""NIP IND ETF JUNIOR BEES""",NSE,EQ
2800641,DIVISLAB,"""DIVI S LABORATORIES""",NSE,EQ
2801921,TMB,"""TAMILNAD MERCA BANK""",NSE,EQ
2802689,STCINDIA,"""THE STATE TRADING CORPN""",NSE,EQ
2804481,745HR32-SG,"""SDL HR 7.45% 2032""",NSE,EQ
2804737,745BR32-SG,"""SDL BR 7.45% 2032""",NSE,EQ
2804993,746MP32-SG,"""SDL MP 7.46% 2032""",NSE,EQ
2805249,748HP33-SG,"""SDL HP 7.48% 2033""",NSE,EQ
2805505,749HP34-SG,"""SDL HP 7.49% 2034""",NSE,EQ
2805761,75HP36-SG,"""SDL HP 7.5% 2036""",NSE,EQ
2806017,75HP37-SG,"""SDL HP 7.5% 2037""",NSE,EQ
2806273,745AP40-SG,"""SDL AP 7.45% 2040""",NSE,EQ
2806529,745AP42-SG,"""SDL AP 7.45% 2042""",NSE,EQ
2806785,746TS48-SG,"""SDL TS 7.46% 2048""",NSE,EQ
2807041,746TS49-SG,"""SDL TS 7.46% 2049""",NSE,EQ
2807297,745SK32-SG,"""SDL SK 7.45% 2032""",NSE,EQ
2807553,VIVIANA-SM,"""VIVIANA POWER TECH""",NSE,EQ
2810881,MEGAFLEX-ST,"""MEGA FLEX PLASTICS""",NSE,EQ
2811137,74GS2062-GS,"""GOI LOAN  7.4% 2062""",NSE,EQ
2812161,SABAR-ST,"""SABAR FLEX INDIA""",NSE,EQ
2813441,RADICO,"""RADICO KHAITAN""",NSE,EQ
2814209,INDORAMA,"""INDO RAMA SYNTHETICS""",NSE,EQ
2814465,TAPIFRUIT-ST,"""TAPI FRUIT PROCESSING""",NSE,EQ
2814721,ISHAN-SM,"""ISHAN INTERNATIONAL""",NSE,EQ
2815745,MARUTI,"""MARUTI SUZUKI INDIA""",NSE,EQ
2817537,LIQUIDBEES,"""NIP IND ETF LIQUID BEES""",NSE,EQ
2822913,INFOBEAN,"""INFOBEANS TECHNO.""",NSE,EQ
2824193,SANGINITA,"""SANGINITA CHEMICALS""",NSE,EQ
2825473,BANKIETF,"""ICICIPRAMC - IPRU5008""",NSE,EQ
2825985,DCMNVL,"""DCM NOUVELLE""",NSE,EQ
2827521,SATIA,"""SATIA INDUSTRIES""",NSE,EQ
2828801,SIRCA,"""SIRCA PAINT INDIA""",NSE,EQ
2830849,SECURKLOUD,"""SECUREKLOUD TECH""",NSE,EQ
2831361,KSOLVES,"""KSOLVES INDIA""",NSE,EQ
2832641,NATHBIOGEN,"""NATH BIO-GENES (I)""",NSE,EQ
2834433,AGRITECH,"""AGRI-TECH (INDIA)""",NSE,EQ
2836225,GFSTEELS-BE,"""GRAND FOUNDRY""",NSE,EQ
2836993,LIBAS,"""LIBAS CONSU PRODUCTS""",NSE,EQ
2840065,755BR32-SG,"""SDL BR 7.55% 2032""",NSE,EQ
2840321,755AS32-SG,"""SDL AS 7.55% 2032""",NSE,EQ
2840577,757JK34-SG,"""SDL JK 7.57% 2034""",NSE,EQ
2840833,758GA37A-SG,"""SDL GA 7.58% 2037""",NSE,EQ
2851841,SUMIT,"""SUMIT WOODS""",NSE,EQ
2854145,SHRENIK,"""SHRENIK""",NSE,EQ
2855425,SGBJUL27-GB,"""2.50%GOLDBONDS2027SR-II""",NSE,EQ
2855681,CREATIVE,"""CREATIVE NEWTECH""",NSE,EQ
2856705,756WB39-SG,"""SDL WB 7.56% 2039""",NSE,EQ
2856961,756TS40-SG,"""SDL TS 7.56% 2040""",NSE,EQ
2857217,756WB42-SG,"""SDL WB 7.56% 2042""",NSE,EQ
2857473,HARSHA,"""HARSHA ENGINEERS INT""",NSE,EQ
2859265,COFFEEDAY-BE,"""COFFEE DAY ENTERPRISE""",NSE,EQ
2863105,IDFCFIRSTB,"""IDFC FIRST BANK""",NSE,EQ
2865153,SGBAUG30-GB,"""2.50%GOLDBONDS2030SR-II""",NSE,EQ
2865409,AXISILVER,"""AXISAMC - AXISILVER""",NSE,EQ
2865921,INDIGO,"""INTERGLOBE AVIATION""",NSE,EQ
2866689,ANNAPURNA-SM,"""ANNAPURNA SWADISHT""",NSE,EQ
2870017,KANDARP-ST,"""KANDARP DG SMART BPO""",NSE,EQ
2870273,SHK,"""S H KELKAR AND CO.""",NSE,EQ
2871809,MAKS-SM,"""MAKS ENERGY SOL INDIA""",NSE,EQ
2872321,VARDHACRLC,"""VARDHAMAN ACRYLICS""",NSE,EQ
2873089,UCOBANK,"""UCO BANK""",NSE,EQ
2873857,BAGFILMS,"""B.A.G FILMS AND MEDIA""",NSE,EQ
2875649,SUVEN,"""SUVEN LIFE SCIENCES""",NSE,EQ
2876417,JSL,"""JINDAL STAINLESS""",NSE,EQ
2877185,NSIL,"""NALWA SONS INVESTMENT""",NSE,EQ
2877697,HDFCGROWTH,"""HDFCAMC - HDFCGROWTH""",NSE,EQ
2880769,WELSPUNLIV,"""WELSPUN LIVING""",NSE,EQ
2881281,HDFCQUAL,"""HDFCAMC - HDFCQUAL""",NSE,EQ
2881537,JAIBALAJI,"""JAI BALAJI INDUSTRIES""",NSE,EQ
2882561,HDFCVALUE,"""HDFCAMC - HDFCVALUE""",NSE,EQ
2883073,IGL,"""INDRAPRASTHA GAS""",NSE,EQ
2883841,TVSELECT,"""TVS ELECTRONICS""",NSE,EQ
2885377,DREDGECORP,"""DREDGING CORP OF INDIA""",NSE,EQ
2885889,749GJ26-SG,"""SDL GJ 7.49% 2026""",NSE,EQ
2886401,TVTODAY,"""TV TODAY NETWORK""",NSE,EQ
2886657,768PN42-SG,"""SDL PN 7.68% 2042""",NSE,EQ
2886913,762MH30A-SG,"""SDL MH 7.62% 2030""",NSE,EQ
2887937,771AP34-SG,"""SDL AP 7.71% 2034""",NSE,EQ
2888193,769BR32-SG,"""SDL BR 7.69% 2032""",NSE,EQ
2888449,769GA32-SG,"""SDL GA 7.69% 2032""",NSE,EQ
2888705,767HR32-SG,"""SDL HR 7.67% 2032""",NSE,EQ
2888961,764MH32-SG,"""SDL MH 7.64% 2032""",NSE,EQ
2889217,771MN32-SG,"""SDL MN 7.71% 2032""",NSE,EQ
2889473,UPL,"""UPL""",NSE,EQ
2889729,765RJ32A-SG,"""SDL RJ 7.65% 2032""",NSE,EQ
2889985,768UP32-SG,"""SDL UP 7.68% 2032""",NSE,EQ
2890497,768WB32-SG,"""SDL WB 7.68% 2032""",NSE,EQ
2890753,769KL40-SG,"""SDL KL 7.69% 2040""",NSE,EQ
2891009,UNIENTER,"""UNIPHOS ENTERPRISES""",NSE,EQ
2891265,778MZ37-SG,"""SDL MZ 7.78% 2037""",NSE,EQ
2891521,772WB38-SG,"""SDL WB 7.72% 2038""",NSE,EQ
2892033,SIL,"""STANDARD INDUSTRIES""",NSE,EQ
2892545,76AP28-SG,"""SDL AP 7.6% 2028""",NSE,EQ
2893057,LUXIND,"""LUX INDUSTRIES""",NSE,EQ
2895105,BALAXI,"""BALAXI PHARMA""",NSE,EQ
2897665,LICNETFN50,"""LICNAMC - LICNFENGP""",NSE,EQ
2899201,MUKANDLTD,"""MUKAND""",NSE,EQ
2903809,AFFLE,"""AFFLE 3I""",NSE,EQ
2905857,PETRONET,"""PETRONET LNG""",NSE,EQ
2906881,PTC,"""PTC INDIA""",NSE,EQ
2907137,87SCL27-Z6,,NSE,EQ
2907905,DHANBANK,"""DHANLAXMI BANK""",NSE,EQ
2908417,915SCL27-Z7,,NSE,EQ
2909185,VAIBHAVGBL,"""VAIBHAV GLOBAL""",NSE,EQ
2909441,865SCL24B-Z8,,NSE,EQ
2910209,905SC24B-Z9,,NSE,EQ
2910465,TTKHLTCARE,"""TTK HEALTHCARE""",NSE,EQ
2910977,BGLOBAL-BZ,"""BHARATIYA GLOBAL INFO""",NSE,EQ
2911489,BIOCON,"""BIOCON""",NSE,EQ
2911745,TIPSFILMS,"""TIPS FILMS""",NSE,EQ
2912513,MAHABANK,"""BANK OF MAHARASHTRA""",NSE,EQ
2914817,PVTBANIETF,"""ICICIPRAMC - ICICIBANKP""",NSE,EQ
2915841,776MH30-SG,"""SDL MH 7.76% 2030""",NSE,EQ
2916865,ZOTA,"""ZOTA HEALTH CARE""",NSE,EQ
2918145,SALZERELEC,"""SALZER ELECTRONICS""",NSE,EQ
2918401,775GJ32-SG,"""SDL GJ 7.75% 2032""",NSE,EQ
2918657,778MZ32-SG,"""SDL MZ 7.78% 2032""",NSE,EQ
2919169,POONAWALLA,"""POONAWALLA FINCORP""",NSE,EQ
2919425,779RJ32-SG,"""SDL RJ 7.79% 2032""",NSE,EQ
2919681,779TN32-SG,"""SDL TN 7.79% 2032""",NSE,EQ
2920193,XPROINDIA,"""XPRO INDIA""",NSE,EQ
2920449,781UP32-SG,"""SDL UP 7.81% 2032""",NSE,EQ
2920705,784TS34-SG,"""SDL TS 7.84% 2034""",NSE,EQ
2921217,RKFORGE,"""RAMKRISHNA FORGINGS""",NSE,EQ
2921473,782AP35-SG,"""SDL AP 7.82% 2035""",NSE,EQ
2921729,783TS35-SG,"""SDL TS 7.83% 2035""",NSE,EQ
2922241,783TS36-SG,"""SDL TS 7.83% 2036""",NSE,EQ
2922497,77PN42-SG,"""SDL PN 7.7% 2042""",NSE,EQ
2922753,774AP42-SG,"""SDL AP 7.74% 2042""",NSE,EQ
2923009,774RJ42-SG,"""SDL RJ 7.74% 2042""",NSE,EQ
2924289,DATAMATICS,"""DATAMATICS GLOBAL SER""",NSE,EQ
2924545,77KL47-SG,"""SDL KL 7.7% 2047""",NSE,EQ
2925313,NDTV,"""NDTV""",NSE,EQ
2926593,KRITINUT,"""KRITI NUTRIENTS""",NSE,EQ
2927361,SPANDANA,"""SPANDANA SPHOORTY FIN""",NSE,EQ
2928385,BANKBEES,"""NIP IND ETF BANK BEES""",NSE,EQ
2928897,LICNETFSEN,"""LICNAMC - LICNFESGP""",NSE,EQ
2929921,PILANIINVS,"""PILANI INV & IND COR""",NSE,EQ
2930433,CMRSL-SM,"""CYBER MEDIA RES & SER""",NSE,EQ
2931713,CCL,"""CCL PRODUCTS (I)""",NSE,EQ
2932993,NV20,"""KOTAKMAMC - KTKNV20ETF""",NSE,EQ
2934017,JPASSOCIAT-BE,"""JAIPRAKASH ASSOCIATES""",NSE,EQ
2935553,QMSMEDI-SM,"""QMS MEDICAL ALLIED S""",NSE,EQ
2936577,EXCELINDUS,"""EXCEL INDUSTRIES""",NSE,EQ
2936833,LLOYDS-SM,"""LLOYDS LUXURIES""",NSE,EQ
2938881,KRIDHANINF,"""KRIDHAN INFRA""",NSE,EQ
2939649,LT,"""LARSEN & TOUBRO""",NSE,EQ
2941697,APARINDS,"""APAR INDUSTRIES""",NSE,EQ
2941953,SWASTIK-SM,"""SWASTIK PIPE""",NSE,EQ
2942977,AMBICAAGAR,"""AMBICA AGAR & AROMAINDLTD""",NSE,EQ
2944257,FROG-SM,"""FROG INNOVATIONS""",NSE,EQ
2945281,785AS32A-SG,"""SDL AS 7.85% 2032""",NSE,EQ
2945537,781GJ32-SG,"""SDL GJ 7.81% 2032""",NSE,EQ
2945793,783HR32-SG,"""SDL HR 7.83% 2032""",NSE,EQ
2946305,785SK32-SG,"""SDL SK 7.85% 2032""",NSE,EQ
2946561,785UK32-SG,"""SDL UK 7.85% 2032""",NSE,EQ
2947073,CENTEXT-BE,"""CENTURY EXTRUSIONS""",NSE,EQ
2947329,785BR32-SG,"""SDL BR 7.85% 2032""",NSE,EQ
2947585,785AP40-SG,"""SDL AP 7.85% 2040""",NSE,EQ
2947841,785PN42-SG,"""SDL PN 7.85% 2042""",NSE,EQ
2949633,NIITLTD,"""NIIT""",NSE,EQ
2951681,EMIL,"""ELECTRONICS MART IND""",NSE,EQ
2952193,ULTRACEMCO,"""ULTRATECH CEMENT""",NSE,EQ
2953217,TCS,"""TATA CONSULTANCY SERV LT""",NSE,EQ
2953729,HDFCMOMENT,"""HDFCAMC - HDFCMOMENT""",NSE,EQ
2955009,COFORGE,"""COFORGE""",NSE,EQ
2956033,HDFCLOWVOL,"""HDFCAMC - HDFCLOWVOL""",NSE,EQ
2956545,TEXINFRA,"""TEXMACO INFRA & HOLDG""",NSE,EQ
2960897,DCI,"""DC INFOTECH AND COMUN""",NSE,EQ
2962177,PPLPHARMA,"""PIRAMAL PHARMA""",NSE,EQ
2962689,FORCEMOT,"""FORCE MOTORS""",NSE,EQ
2964481,WESTLIFE,"""WESTLIFE FOODWORLD""",NSE,EQ
2964737,GULFPETRO,"""GP PETROLEUMS""",NSE,EQ
2964993,TRACXN,"""TRACXN TECHNOLOGIES""",NSE,EQ
2966529,741GJ26-SG,"""SDL GJ 7.41% 2026""",NSE,EQ
2966785,762GJ29-SG,"""SDL GJ 7.62% 2029""",NSE,EQ
2967041,77MH30-SG,"""SDL MH 7.7% 2030""",NSE,EQ
2967297,HDFCNIFTY,"""HDFCAMC - HDFCNIFTY""",NSE,EQ
2967809,HDFCSENSEX,"""HDFCAMC - HDFCSENSEX""",NSE,EQ
2968577,LINCOLN,"""LINCOLN PHARMA""",NSE,EQ
2968833,774GA32-SG,"""SDL GA 7.74% 2032""",NSE,EQ
2969089,773BR32-SG,"""SDL BR 7.73% 2032""",NSE,EQ
2970369,781UP34-SG,"""SDL UP 7.81% 2034""",NSE,EQ
2970625,777JK37-SG,"""SDL JK 7.77% 2037""",NSE,EQ
2971137,GUFICBIO,"""GUFIC BIOSCIENCES""",NSE,EQ
2971393,774WB39-SG,"""SDL WB 7.74% 2039""",NSE,EQ
2972673,PHANTOMFX-SM,"""PHANTOM DIGITAL EFF""",NSE,EQ
2974209,ASTRAMICRO,"""ASTRA MICROWAVE""",NSE,EQ
2974465,GOLDENTOBC-BZ,"""GOLDEN TOBACCO""",NSE,EQ
2976257,WELENT,"""WELSPUN ENTERPRISES""",NSE,EQ
2977281,NTPC,"""NTPC""",NSE,EQ
2977537,NARMADA-BE,"""NARMADA AGROBASE""",NSE,EQ
2979073,SALSTEEL-BE,"""S.A.L. STEEL""",NSE,EQ
2979841,BOHRAIND,"""BOHRA INDUSTRIES""",NSE,EQ
2981633,KOTARISUG,"""KOTHARI SUG & CHEM""",NSE,EQ
2983425,LALPATHLAB,"""DR. LAL PATH LABS""",NSE,EQ
2983681,JBMA,"""JBM AUTO""",NSE,EQ
2984449,79NHIT35-N1,,NSE,EQ
2986241,79NHIT40-N2,,NSE,EQ
2986753,DWARKESH,"""DWARIKESH SUGAR IND""",NSE,EQ
2987265,79NHIT47-N3,,NSE,EQ
2989057,774HR29-SG,"""SDL HR 7.74% 2029""",NSE,EQ
2989313,INDOCO,"""INDOCO REMEDIES""",NSE,EQ
2989569,778MH30-SG,"""SDL MH 7.78% 2030""",NSE,EQ
2989825,784AS32-SG,"""SDL AS 7.84% 2032""",NSE,EQ
2990593,785BR32A-SG,"""SDL BR 7.85% 2032""",NSE,EQ
2990849,783GA32-SG,"""SDL GA 7.83% 2032""",NSE,EQ
2992385,SUPRAJIT,"""SUPRAJIT ENGINEERING""",NSE,EQ
2992641,781HR32C-SG,"""SDL HR 7.81% 2032""",NSE,EQ
2992897,784RJ32-SG,"""SDL RJ 7.84% 2032""",NSE,EQ
2993409,782TN32-SG,"""SDL TN 7.82% 2032""",NSE,EQ
2993921,788MP33-SG,"""SDL MP 7.88% 2033""",NSE,EQ
2994177,789TS36-SG,"""SDL TS 7.89% 2036""",NSE,EQ
2994433,791UP37-SG,"""SDL UP 7.91% 2037""",NSE,EQ
2994689,793WB37-SG,"""SDL WB 7.93% 2037""",NSE,EQ
2994945,PATELENG,"""PATEL ENGINEERING""",NSE,EQ
2995201,795WB39-SG,"""SDL WB 7.95% 2039""",NSE,EQ
2995457,787RJ40-SG,"""SDL RJ 7.87% 2040""",NSE,EQ
2995969,ALKEM,"""ALKEM LABORATORIES""",NSE,EQ
2996225,783TN42-SG,"""SDL TN 7.83% 2042""",NSE,EQ
2996481,XCHANGING,"""XCHANGING SOLUTIONS""",NSE,EQ
2996737,781KL44-SG,"""SDL KL 7.81% 2044""",NSE,EQ
3000833,707IRFC25-NF,,NSE,EQ
3001089,JSWSTEEL,"""JSW STEEL""",NSE,EQ
3002881,728IRFC30-NG,,NSE,EQ
3003137,CONSOFINVT,"""CONSO. FIN. & HOLD.""",NSE,EQ
3006209,JINDALPHOT,"""JINDAL PHOTO""",NSE,EQ
3007489,725IRFC35-NH,,NSE,EQ
3008257,732IRFC25-NI,,NSE,EQ
3009025,753IRFC30-NJ,,NSE,EQ
3009793,750IRFC35-NK,,NSE,EQ
3010305,786AP33-SG,"""SDL AP 7.86% 2033""",NSE,EQ
3010561,775AP29-SG,"""SDL AP 7.75% 2029""",NSE,EQ
3011329,JPPOWER,"""JAIPRAKASH POWER VEN.""",NSE,EQ
3011585,782AS32A-SG,"""SDL AS 7.82% 2032""",NSE,EQ
3011841,782RJ32-SG,"""SDL RJ 7.82% 2032""",NSE,EQ
3012353,784TS39-SG,"""SDL TS 7.84% 2039""",NSE,EQ
3012609,784TS40-SG,"""SDL TS 7.84% 2040""",NSE,EQ
3012865,783PN42-SG,"""SDL PN 7.83% 2042""",NSE,EQ
3013121,78KL45-SG,"""SDL KL 7.8% 2045""",NSE,EQ
3015169,GOKEX,"""GOKALDAS EXPORTS""",NSE,EQ
3015425,ACEINTEG,"""ACE INTEGRATED SOLU.""",NSE,EQ
3016193,EVEREADY,"""EVEREADY INDS. IND. """,NSE,EQ
3017473,GOYALALUM,"""GOYAL ALUMINIUMS""",NSE,EQ
3019265,SAKSOFT,"""SAKSOFT""",NSE,EQ
3019777,HPIL,"""HINDPRAKASH INDUSTRY""",NSE,EQ
3020289,ALLDIGI,"""ALLDIGI TECH""",NSE,EQ
3021825,SUKHJITS,"""SUKHJIT STARCH & CHEM""",NSE,EQ
3023105,IIFL,"""IIFL FINANCE""",NSE,EQ
3024129,SHOPERSTOP,"""SHOPPERS STOP""",NSE,EQ
3025153,MANGALAM,"""MANGALAM DRUG & CHEM""",NSE,EQ
3026177,WELCORP,"""WELSPUN CORP""",NSE,EQ
3028225,SSWL,"""STEEL STRIPS WHEELS""",NSE,EQ
3031041,NH,"""NARAYANA HRUDAYALAYA""",NSE,EQ
3032321,CYBERMEDIA-BE,"""CYBER MEDIA (INDIA)""",NSE,EQ
3034113,SURYALAXMI,"""SURYALAKSHMI COT MIL""",NSE,EQ
3034625,915SCL27A-ZL,,NSE,EQ
3035137,SHAHALLOYS,"""SHAH ALLOYS""",NSE,EQ
3035393,89SCL24A-ZM,,NSE,EQ
3036161,JKPAPER,"""JK PAPER""",NSE,EQ
3036417,93SCL24A-ZN,,NSE,EQ
3037185,PRIMESECU,"""PRIME SECURITIES""",NSE,EQ
3037697,757GJ26-SG,"""SDL GJ 7.57% 2026""",NSE,EQ
3037953,776HR30-SG,"""SDL HR 7.76% 2030""",NSE,EQ
3038209,63MOONS,"""63 MOONS TECHNOLOGIES""",NSE,EQ
3038465,787HP35-SG,"""SDL HP 7.87% 2035""",NSE,EQ
3038721,785HP36-SG,"""SDL HP 7.85% 2036""",NSE,EQ
3039233,GRANULES,"""GRANULES INDIA""",NSE,EQ
3039489,787MZ36-SG,"""SDL MZ 7.87% 2036""",NSE,EQ
3039745,784HP37-SG,"""SDL HP 7.84% 2037""",NSE,EQ
3040513,78TN42-SG,"""SDL TN 7.8% 2042""",NSE,EQ
3040769,782SK32A-SG,"""SDL SK 7.82% 2032""",NSE,EQ
3041281,JSWHL,"""JSW HOLDINGS""",NSE,EQ
3041537,782NL32A-SG,"""SDL NL 7.82% 2032""",NSE,EQ
3041793,783BR32-SG,"""SDL BR 7.83% 2032""",NSE,EQ
3042305,MANINDS,"""MAN INDUSTRIES (I)""",NSE,EQ
3042561,786JH34-SG,"""SDL JH 7.86% 2034""",NSE,EQ
3042817,787HP34-SG,"""SDL HP 7.87% 2034""",NSE,EQ
3044353,VHL,"""VARDHMAN HOLDINGS""",NSE,EQ
3045121,DCXINDIA,"""DCX SYSTEMS""",NSE,EQ
3045377,GEOJITFSL,"""GEOJIT FINANCIAL SER L""",NSE,EQ
3047169,IPSL-SM,"""INTEGRATED PERSO SER""",NSE,EQ
3047681,GENUSPOWER,"""GENUS POWER INFRASTRU""",NSE,EQ
3048705,SWELECTES,"""SWELECT ENERGY SYS""",NSE,EQ
3048961,RITEZONE-SM,"""RITE ZONE CHEMCON IND""",NSE,EQ
3050241,YESBANK,"""YES BANK""",NSE,EQ
3051265,MSPL,"""MSP STEEL & POWER""",NSE,EQ
3051521,VITAL-SM,"""VITAL CHEMTECH""",NSE,EQ
3053313,NECLIFE,"""NECTAR LIFESCIENCES""",NSE,EQ
3054593,FUSION,"""FUSION FINANCE""",NSE,EQ
3055361,SPLIL,"""SPL INDUSTRIES""",NSE,EQ
3056385,AMIABLE-SM,"""AMIABLE LOGISTICS (I)""",NSE,EQ
3057665,MCLEODRUSS-BE,"""MCLEOD RUSSEL INDIA""",NSE,EQ
3057921,ANZEN-IV,"""ANZEN IND ENE YLD PLU TRU""",NSE,EQ
3058945,714NHAI26-N7,,NSE,EQ
3059713,739NHAI26-N8,,NSE,EQ
3060225,735NHAI31-N9,,NSE,EQ
3060737,MEDANTA,"""GLOBAL HEALTH""",NSE,EQ
3062017,SEMAC,"""SEMAC CONSTRUCTION""",NSE,EQ
3063297,BIKAJI,"""BIKAJI FOODS INTERN""",NSE,EQ
3064577,GOLDIAM,"""GOLDIAM INTERNATIONAL""",NSE,EQ
3065601,RML,"""RANE (MADRAS)""",NSE,EQ
3066369,768KA31-SG,"""SDL KA 7.68% 2031""",NSE,EQ
3066625,HTMEDIA,"""HT MEDIA""",NSE,EQ
3066881,767AS32-SG,"""SDL AS 7.67% 2032""",NSE,EQ
3067137,765PN42-SG,"""SDL PN 7.65% 2042""",NSE,EQ
3067649,SASKEN,"""SASKEN TECHNOLOGIES""",NSE,EQ
3067905,767KA32-SG,"""SDL KA 7.67% 2032""",NSE,EQ
3068161,768BR32-SG,"""SDL BR 7.68% 2032""",NSE,EQ
3068673,ICIL,"""INDO COUNT INDUSTRIES""",NSE,EQ
3069953,SYNCOMF,"""SYNCOM FORMU (I)""",NSE,EQ
3071745,FCSSOFT,"""FCS SOFTWARE SOLN.""",NSE,EQ
3072001,FAZE3Q,"""FAZE THREE""",NSE,EQ
3072769,76NHAI31-NA,,NSE,EQ
3074305,IMPAL,"""IND MOTOR PART & ACC""",NSE,EQ
3075841,AEROENTER,"""AEROFLEX ENTERPRISES""",NSE,EQ
3076609,SUZLON,"""SUZLON ENERGY""",NSE,EQ
3077633,AURIONPRO,"""AURIONPRO SOLN""",NSE,EQ
3078145,ACI,"""ARCHEAN CHEMICAL IND""",NSE,EQ
3078657,RENUKA,"""SHREE RENUKA SUGARS""",NSE,EQ
3080193,FIVESTAR,"""FIVE-STAR BUS FIN""",NSE,EQ
3080705,BASML,"""BANNARI AM SPIN MILL""",NSE,EQ
3090433,SCPL,"""SHEETAL COOL PRODUCTS""",NSE,EQ
3095553,KAYNES,"""KAYNES TECHNOLOGY IND""",NSE,EQ
3097857,HDFCNIFIT,"""HDFCAMC - HDFCNIFIT""",NSE,EQ
3099649,HDFCPVTBAN,"""HDFCAMC - HDFCPVTBAN""",NSE,EQ
3102977,AARTISURF-P1,"""AARTI SURFACTANTS""",NSE,EQ
3103745,DOLATALGO,"""DOLAT ALGOTECH""",NSE,EQ
3111169,BBTCL,"""B&B TRIPLEWALL CONT""",NSE,EQ
3116289,HNDFDS,"""HINDUSTAN FOODS""",NSE,EQ
3120129,INOXGREEN,"""INOX GREEN ENERGY SER""",NSE,EQ
3128065,RUSTOMJEE,"""KEYSTONE REALTORS""",NSE,EQ
3145985,739ML26-SG,"""SDL ML 7.39% 2026""",NSE,EQ
3147521,768HR31-SG,"""SDL HR 7.68% 2031""",NSE,EQ
3148801,77BR32-SG,"""SDL BR 7.7% 2032""",NSE,EQ
3149057,769GA32A-SG,"""SDL GA 7.69% 2032""",NSE,EQ
3149569,77HR34-SG,"""SDL HR 7.7% 2034""",NSE,EQ
3151617,774KA37-SG,"""SDL KA 7.74% 2037""",NSE,EQ
3152129,766KA42-SG,"""SDL KA 7.66% 2042""",NSE,EQ
3154177,763TS43-SG,"""SDL TS 7.63% 2043""",NSE,EQ
3155969,763TS44-SG,"""SDL TS 7.63% 2044""",NSE,EQ
3160321,763TN47-SG,"""SDL TN 7.63% 2047""",NSE,EQ
3170305,ZIMLAB,"""ZIM LABORATORIES""",NSE,EQ
3191041,10CAGL27-N5,,NSE,EQ
3192577,CAGL27A-N6,,NSE,EQ
3197185,SWSOLAR,"""STRLNG & WIL REN ENE""",NSE,EQ
3197441,VINNY,"""VINNY OVERSEAS""",NSE,EQ
3210753,AAATECH-BE,"""AAA TECHNOLOGIES""",NSE,EQ
3219969,FINIETF,"""ICICIPRAMC-ICICIFIN""",NSE,EQ
3226369,PRECAM,"""PRECISION CAMSHAFTS""",NSE,EQ
3236609,OSIAHYPER-BE,"""OSIA HYPER RETAIL""",NSE,EQ
3240193,744HR27-SG,"""SDL HR 7.44% 2027""",NSE,EQ
3240961,75AP28-SG,"""SDL AP 7.5% 2028""",NSE,EQ
3241217,755AP29-SG,"""SDL AP 7.55% 2029""",NSE,EQ
3241985,757HR30-SG,"""SDL HR 7.57% 2030""",NSE,EQ
3242497,762AS32-SG,"""SDL AS 7.62% 2032""",NSE,EQ
3242753,76GJ32-SG,"""SDL GJ 7.6% 2032""",NSE,EQ
3244289,762PN32-SG,"""SDL PN 7.62% 2032""",NSE,EQ
3245569,762GA32-SG,"""SDL GA 7.62% 2032""",NSE,EQ
3247617,MBAPL,"""MADHYA BHARAT AGRO P.""",NSE,EQ
3248385,764AP33-SG,"""SDL AP 7.64% 2033""",NSE,EQ
3249153,763KA37-SG,"""SDL KA 7.63% 2037""",NSE,EQ
3251457,768JK37-SG,"""SDL JK 7.68% 2037""",NSE,EQ
3252737,763PN39-SG,"""SDL PN 7.63% 2039""",NSE,EQ
3253761,763KA42-SG,"""SDL KA 7.63% 2042""",NSE,EQ
3255297,TEAMLEASE,"""TEAMLEASE SERVICES""",NSE,EQ
3257857,763KL43-SG,"""SDL KL 7.63% 2043""",NSE,EQ
3263745,DJML,"""DJ MEDIAPRINT & LOG""",NSE,EQ
3280385,HYBRIDFIN-BE,"""HYBRID FINANCIAL SERVICE""",NSE,EQ
3288833,KRISHANA,"""KRISHANA PHOSCHEM""",NSE,EQ
3303425,SGBAUG27-GB,"""2.50%GOLDBONDS2027SR-III""",NSE,EQ
3305729,SARVESHWAR,"""SARVESHWAR FOODS""",NSE,EQ
3307265,931SFL26-Z5,,NSE,EQ
3310849,97SFL26-Z9,,NSE,EQ
3312897,SFLZC26A-ZC,,NSE,EQ
3320577,PRITIKA-SM,"""PRITIKA ENG COMPO""",NSE,EQ
3322369,NPBET,"""TATAAML - NPBET""",NSE,EQ
3325185,BAHETI-SM,"""BAHETI RECYCLING IND""",NSE,EQ
3328257,DHARMAJ,"""DHARMAJ CROP GUARD""",NSE,EQ
3336193,SECL-ST,"""SALASAR EXTERIOR CONT""",NSE,EQ
3336961,SAFARI,"""SAFARI IND (INDIA)""",NSE,EQ
3337729,755BR32A-SG,"""SDL BR 7.55% 2032""",NSE,EQ
3340545,759KA38-SG,"""SDL KA 7.59% 2038""",NSE,EQ
3340801,754KA41-SG,"""SDL KA 7.54% 2041""",NSE,EQ
3341057,753TS47-SG,"""SDL TS 7.53% 2047""",NSE,EQ
3342593,UNIPARTS,"""UNIPARTS INDIA""",NSE,EQ
3343617,360ONE,"""360 ONE WAM""",NSE,EQ
3346433,IIFLCAPS,"""IIFL CAPITAL SERVICES""",NSE,EQ
3348737,TRIVENI,"""TRIVENI ENGG. & INDS.""",NSE,EQ
3348993,SILVER1,"""KOTAKMAMC - KOTAKSILVE""",NSE,EQ
3350017,AIAENG,"""AIA ENGINEERING""",NSE,EQ
3351297,EKC,"""EVEREST KANTO CYLINDERLTD""",NSE,EQ
3353089,ARHAM-ST,"""ARHAM TECHNOLOGIES""",NSE,EQ
3353857,VIMTALABS,"""VIMTA LABS""",NSE,EQ
3355137,NAHARINDUS,"""NAHAR INDS ENT""",NSE,EQ
3356417,ORIENTCER,"""ORIENT CERATECH""",NSE,EQ
3356673,757AS32-SG,"""SDL AS 7.57% 2032""",NSE,EQ
3356929,758BR32-SG,"""SDL BR 7.58% 2032""",NSE,EQ
3357697,QUICKHEAL,"""QUICK HEAL TECH""",NSE,EQ
3357953,757HP32-SG,"""SDL HP 7.57% 2032""",NSE,EQ
3358209,74ML27-SG,"""SDL ML 7.4% 2027""",NSE,EQ
3358977,KERNEX,"""KERNEX MICROSYS(I)""",NSE,EQ
3359233,751HR29-SG,"""SDL HR 7.51% 2029""",NSE,EQ
3359745,755GA32-SG,"""SDL GA 7.55% 2032""",NSE,EQ
3360257,REPRO,"""REPRO INDIA""",NSE,EQ
3360513,763HP37-SG,"""SDL HP 7.63% 2037""",NSE,EQ
3360769,763KA39-SG,"""SDL KA 7.63% 2039""",NSE,EQ
3362305,763KA40-SG,"""SDL KA 7.63% 2040""",NSE,EQ
3362561,761JK42-SG,"""SDL JK 7.61% 2042""",NSE,EQ
3363585,EBBETF0433,"""EDELAMC - EBBETF0433""",NSE,EQ
3364609,GSEC10IETF,"""ICICIPRAMC - ICICI10GS""",NSE,EQ
3365633,PVRINOX,"""PVR INOX""",NSE,EQ
3369473,CELEBRITY,"""CELEBRITY FASHIONS""",NSE,EQ
3372801,NITINSPIN,"""NITIN SPINNERS""",NSE,EQ
3374593,ROHLTD,"""ROYAL ORCHID HOTELS""",NSE,EQ
3376129,RCOM-BE,"""RELIANCE COMMUNICATIONS L""",NSE,EQ
3377153,ENIL,"""ENTERTAIN NET. IND.""",NSE,EQ
3377665,741GS2036-GS,"""GOI LOAN  7.41% 2036""",NSE,EQ
3378433,GSPL,"""GUJARAT STATE PETRO""",NSE,EQ
3378689,COMMOIETF,"""ICICIPRAMC - ICICICOMMO""",NSE,EQ
3379969,ALLETEC-SM,"""ALL E TECHNOLOGIES""",NSE,EQ
3381505,SGBSEP27-GB,"""2.50%GOLDBONDS2027SR-IV""",NSE,EQ
3382017,JAGRAN,"""JAGRAN PRAKASHAN""",NSE,EQ
3383809,SULA,"""SULA VINEYARDS""",NSE,EQ
3386625,GVKPIL-BE,"""GVK POW. & INFRA""",NSE,EQ
3388417,SADBHAV,"""SADBHAV ENGINEERING""",NSE,EQ
3388673,767WB37-SG,"""SDL WB 7.67% 2037""",NSE,EQ
3389185,749ML27-SG,"""SDL ML 7.49% 2027""",NSE,EQ
3389697,758HR30-SG,"""SDL HR 7.58% 2030""",NSE,EQ
3389953,764BR32-SG,"""SDL BR 7.64% 2032""",NSE,EQ
3390209,765GA32-SG,"""SDL GA 7.65% 2032""",NSE,EQ
3390465,763HR32-SG,"""SDL HR 7.63% 2032""",NSE,EQ
3390721,76KA32-SG,"""SDL KA 7.6% 2032""",NSE,EQ
3391233,765NL32-SG,"""SDL NL 7.65% 2032""",NSE,EQ
3391489,764WB32-SG,"""SDL WB 7.64% 2032""",NSE,EQ
3392257,SAKUMA,"""SAKUMA EXPORTS""",NSE,EQ
3392513,769MN34-SG,"""SDL MN 7.69% 2034""",NSE,EQ
3393025,768KA34-SG,"""SDL KA 7.68% 2034""",NSE,EQ
3393537,77MZ35-SG,"""SDL MZ 7.7% 2035""",NSE,EQ
3393793,767JH37-SG,"""SDL JH 7.67% 2037""",NSE,EQ
3394561,KEC,"""KEC INTL.""",NSE,EQ
3397121,JKCEMENT,"""JK CEMENT""",NSE,EQ
3398401,INDOTECH,"""INDO TECH TRANSFORM""",NSE,EQ
3398657,LANDMARK,"""LANDMARK CARS""",NSE,EQ
3400961,M&MFIN,"""M&M FIN. SERVICES""",NSE,EQ
3401729,AFSL,"""ABANS FINANCIAL SRVCS""",NSE,EQ
3402241,BLKASHYAP,"""B.L.KASHYAP & SON""",NSE,EQ
3404289,VISASTEEL-BE,"""VISA STEEL""",NSE,EQ
3404801,NITCO,"""NITCO""",NSE,EQ
3406081,CENTURYPLY,"""CENTURY PLYBOARDS (I)""",NSE,EQ
3407361,KEI,"""KEI INDUSTRIES""",NSE,EQ
3410177,ORTEL-BZ,"""ORTEL COMMUNICATIONS""",NSE,EQ
3410689,DOLLEX-SM,"""DOLLEX AGROTECH""",NSE,EQ
3412993,SOLARINDS,"""SOLAR INDUSTRIES (I)""",NSE,EQ
3414273,GALLANTT,"""GALLANTT ISPAT""",NSE,EQ
3415553,VAKRANGEE,"""VAKRANGEE""",NSE,EQ
3417089,ARIHANTACA-ST,"""ARIHANT ACADEMY""",NSE,EQ
3417345,UMA-SM,"""UMA CONVERTER""",NSE,EQ
3418113,MALUPAPER,"""MALU PAPER MILLS""",NSE,EQ
3419905,KFINTECH,"""KFIN TECHNOLOGIES""",NSE,EQ
3421697,755GJ30-SG,"""SDL GJ 7.55% 2030""",NSE,EQ
3421953,SGL,"""STL GLOBAL""",NSE,EQ
3422209,758JH31-SG,"""SDL JH 7.58% 2031""",NSE,EQ
3422465,757GJ31-SG,"""SDL GJ 7.57% 2031""",NSE,EQ
3423233,762AR32-SG,"""SDL AR 7.62% 2032""",NSE,EQ
3423489,762GA32A-SG,"""SDL GA 7.62% 2032""",NSE,EQ
3423745,76KA32A-SG,"""SDL KA 7.6% 2032""",NSE,EQ
3424001,763KL32-SG,"""SDL KL 7.63% 2032""",NSE,EQ
3424257,UTTAMSUGAR,"""UTTAM SUGAR MILLS""",NSE,EQ
3424513,761RJ32-SG,"""SDL RJ 7.61% 2032""",NSE,EQ
3425025,761TN32A-SG,"""SDL TN 7.61% 2032""",NSE,EQ
3425537,KKCL,"""KEWAL KIRAN CLOTHING""",NSE,EQ
3425793,763PY32-SG,"""SDL PY 7.63% 2032""",NSE,EQ
3426305,765KA34-SG,"""SDL KA 7.65% 2034""",NSE,EQ
3427073,766TS34-SG,"""SDL TS 7.66% 2034""",NSE,EQ
3427585,767TS35-SG,"""SDL TS 7.67% 2035""",NSE,EQ
3428353,77JK37-SG,"""SDL JK 7.7% 2037""",NSE,EQ
3428609,769TN37-SG,"""SDL TN 7.69% 2037""",NSE,EQ
3429633,769PY37-SG,"""SDL PY 7.69% 2037""",NSE,EQ
3429889,768PN39-SG,"""SDL PN 7.68% 2039""",NSE,EQ
3430145,767WB39-SG,"""SDL WB 7.67% 2039""",NSE,EQ
3430401,BHAGERIA,"""BHAGERIA INDUSTRIES""",NSE,EQ
3430657,767WB41-SG,"""SDL WB 7.67% 2041""",NSE,EQ
3431425,SUNTV,"""SUN TV NETWORK""",NSE,EQ
3432705,GPIL,"""GODAWARI POW & ISP""",NSE,EQ
3433985,RSYSTEMS,"""R SYS INTERNATIONAL""",NSE,EQ
3435265,SUPREMEINF-BZ,"""SUPREME INFRA.""",NSE,EQ
3436289,ELIN,"""ELIN ELECTRONICS""",NSE,EQ
3436545,EMKAY-BE,"""EMKAY GLOBAL FIN SERV""",NSE,EQ
3438081,KELLTONTEC,"""KELLTON TECH SOL""",NSE,EQ
3439617,LOKESHMACH,"""LOKESH MACHINES""",NSE,EQ
3440897,BALPHARMA,"""BAL PHARMA""",NSE,EQ
3443457,RATNAMANI,"""RATNAMANI MET & TUB""",NSE,EQ
3444993,KAMDHENU,"""KAMDHENU""",NSE,EQ
3445761,905SCL25-ZT,,NSE,EQ
3446529,PIONEEREMB,"""PIONEER EMBROIDERIES""",NSE,EQ
3447041,955SCL25-ZU,,NSE,EQ
3448833,645GS2029-GS,"""GOI LOAN 6.45% 2029""",NSE,EQ
3450113,87SCL25-ZV,,NSE,EQ
3451393,916SCL25-ZW,,NSE,EQ
3451905,98SCL27-ZX,,NSE,EQ
3452673,894SCL27-ZY,,NSE,EQ
3453697,JKLAKSHMI,"""JK LAKSHMI CEMENT""",NSE,EQ
3453953,939SCL27-ZZ,,NSE,EQ
3454977,PFOCUS,"""PRIME FOCUS""",NSE,EQ
3455233,965SCL25C-N0,,NSE,EQ
3457025,ALLCARGO-BE,"""ALLCARGO LOGISTICS""",NSE,EQ
3457793,MOXSH-ST,"""MOXSH OVERSEAS EDUCON""",NSE,EQ
3458561,AKASH,"""AKASH INFRA-PROJECTS""",NSE,EQ
3458817,MUNJALAU,"""MUNJAL AUTO IND.""",NSE,EQ
3459841,OMKARCHEM-BZ,"""OMKAR SPL CHEM""",NSE,EQ
3460353,EMAMILTD,"""EMAMI""",NSE,EQ
3461633,NECCLTD,"""NORTH EAST CARRY CORP""",NSE,EQ
3462657,HOMESFY-SM,"""HOMESFY REALTY""",NSE,EQ
3463169,GMRAIRPORT,"""GMR AIRPORTS""",NSE,EQ
3465217,VIDHIING,"""VIDHI SPCLTY F INGRDNTS L""",NSE,EQ
3465729,TECHM,"""TECH MAHINDRA""",NSE,EQ
3470593,AVONMORE,"""AVONMORE CAP&MGT SERV""",NSE,EQ
3471361,GRINDWELL,"""GRINDWELL NORTON""",NSE,EQ
3472641,RAMANEWS,"""SHREE RAMA NEWSPRINT""",NSE,EQ
3473921,RBMINFRA-SM,"""RBM INFRACON""",NSE,EQ
3475201,MANUGRAPH-BE,"""MANUGRAPH INDIA""",NSE,EQ
3475713,VOLTAMP,"""VOLTAMP TRANSFORMERS""",NSE,EQ
3476481,RADIANTCMS,"""RADIANT CASH MGMT SER""",NSE,EQ
3476993,ATLANTAA-BE,"""ATLANTAA""",NSE,EQ
3478273,ACE,"""ACTION CONST EQUIP""",NSE,EQ
3480065,75HR29-SG,"""SDL HR 7.5% 2029""",NSE,EQ
3480321,HGM-BE,"""HANDSON GBL MNGMNT""",NSE,EQ
3481089,ANTELOPUS,"""ANTELOPUS SELAN ENRGY""",NSE,EQ
3481601,762HR31-SG,"""SDL HR 7.62% 2031""",NSE,EQ
3481857,76KA33-SG,"""SDL KA 7.6% 2033""",NSE,EQ
3482113,762TN33-SG,"""SDL TN 7.62% 2033""",NSE,EQ
3483137,764KL34-SG,"""SDL KL 7.64% 2034""",NSE,EQ
3484417,IRCTC,"""INDIAN RAIL TOUR CORP""",NSE,EQ
3486465,764GA38-SG,"""SDL GA 7.64% 2038""",NSE,EQ
3486721,ANANTRAJ,"""ANANT RAJ""",NSE,EQ
3486977,764WB42-SG,"""SDL WB 7.64% 2042""",NSE,EQ
3487745,762KL53-SG,"""SDL KL 7.62% 2053""",NSE,EQ
3488001,BILVYAPAR,"""BIL VYAPAR""",NSE,EQ
3488257,767NL33-SG,"""SDL NL 7.67% 2033""",NSE,EQ
3488513,763HR33-SG,"""SDL HR 7.63% 2033""",NSE,EQ
3489537,SKYGOLD,"""SKY GOLD AND DIAMONDS""",NSE,EQ
3491073,JMFINANCIL,"""JM FINANCIAL""",NSE,EQ
3492353,SGBDE30III-GB,"""2.50%GOLDBONDS2030SR-III""",NSE,EQ
3492609,ELECON,"""ELECON ENG. CO.""",NSE,EQ
3492865,BANKETFADD,"""DSPAMC - DSPBANKETF""",NSE,EQ
3493889,TALBROAUTO,"""TALBROS AUTO. COMP.""",NSE,EQ
3495937,ALICON,"""ALICON CASTALLOY""",NSE,EQ
3496193,ANLON-SM,"""ANLON TECHNOLOGY SOL""",NSE,EQ
3496449,GEECEE,"""GEECEE VENTURES""",NSE,EQ
3499777,MADHUCON,"""MADHUCON PROJECTS""",NSE,EQ
3500801,NRL,"""NUPUR RECYCLERS""",NSE,EQ
3504385,AERONEU,"""AEROFLEX NEU""",NSE,EQ
3505409,INFOMEDIA,"""INFOMEDIA PRESS""",NSE,EQ
3507457,GOLDKART-ST,"""GOLDKART JEWELS""",NSE,EQ
3507713,VISHWARAJ,"""VISHWARAJ SUGAR IND""",NSE,EQ
3509761,FIEMIND,"""FIEM INDUSTRIES""",NSE,EQ
3510273,754AP29-SG,"""SDL AP 7.54% 2029""",NSE,EQ
3511041,757TN33-SG,"""SDL TN 7.57% 2033""",NSE,EQ
3511297,762UK33-SG,"""SDL UK 7.62% 2033""",NSE,EQ
3511553,759AP33-SG,"""SDL AP 7.59% 2033""",NSE,EQ
3511809,763TS36-SG,"""SDL TS 7.63% 2036""",NSE,EQ
3512065,759TS37-SG,"""SDL TS 7.59% 2037""",NSE,EQ
3512321,JHS,"""JHS SVEND. LAB.""",NSE,EQ
3512577,759TS40-SG,"""SDL TS 7.59% 2040""",NSE,EQ
3513601,DCBBANK,"""DCB BANK""",NSE,EQ
3514881,INSPIRISYS,"""INSPIRISYS SOLUTIONS""",NSE,EQ
3515137,CMNL-SM,"""CHAMAN METALLICS""",NSE,EQ
3516161,GLOBALVECT,"""GLOBAL VEC HELICORP""",NSE,EQ
3517441,SHYAMTEL,"""SHYAM TELECOM""",NSE,EQ
3518721,GTLINFRA,"""GTL INFRA.LTD""",NSE,EQ
3520001,FLUOROCHEM,"""GUJARAT FLUOROCHEM""",NSE,EQ
3520257,NAUKRI,"""INFO EDGE (I)""",NSE,EQ
3520769,MANOMAY,"""MANOMAY TEX INDIA""",NSE,EQ
3521537,SHIVAMAUTO,"""SHIVAM AUTO.LTD""",NSE,EQ
3522817,BBL,"""BHARAT BIJLEE""",NSE,EQ
3524097,DUCOL-SM,"""DUCOL ORGS AND COLOURS LT""",NSE,EQ
3525121,755TS30-SG,"""SDL TS 7.55% 2030""",NSE,EQ
3525633,757TS31-SG,"""SDL TS 7.57% 2031""",NSE,EQ
3525889,757GJ32-SG,"""SDL GJ 7.57% 2032""",NSE,EQ
3526401,VGL-BE,"""VARVEE GLOBAL""",NSE,EQ
3526657,GESHIP,"""THE GE SHPG.LTD""",NSE,EQ
3527169,762UP35-SG,"""SDL UP 7.62% 2035""",NSE,EQ
3527425,755JK38-SG,"""SDL JK 7.55% 2038""",NSE,EQ
3529217,TORNTPOWER,"""TORRENT POWER""",NSE,EQ
3530497,PARSVNATH,"""PARSVNATH DEVELOPER""",NSE,EQ
3531265,BAIDFIN,"""BAID FINSERV""",NSE,EQ
3531777,MANALIPETC,"""MANALI PETROCHEMICALS LT""",NSE,EQ
3533057,SUTLEJTEX,"""SUTLEJ TEXT & INDUS""",NSE,EQ
3535361,GREENPANEL,"""GREENPANEL INDUSTRIES""",NSE,EQ
3535873,FEL-BZ,"""FUTURE ENTERPRISES""",NSE,EQ
3536385,KAMOPAINTS,"""KAMDHENU VENTURES""",NSE,EQ
3536897,LTFOODS,"""LT FOODS""",NSE,EQ
3538177,RUCHIRA,"""RUCHIRA PAPERS""",NSE,EQ
3539457,SOBHA,"""SOBHA""",NSE,EQ
3542785,DONEAR,"""DONEAR IND.""",NSE,EQ
3544065,MMFL,"""MM FORGINGS""",NSE,EQ
3544321,875IIFL26A-NQ,,NSE,EQ
3545601,IIFLZC26A-NR,,NSE,EQ
3546113,865IIFL28-NS,,NSE,EQ
3546625,9IIFL28A-NT,,NSE,EQ
3547649,IIFLZC28A-NU,,NSE,EQ
3547905,VENUSREM,"""VENUS REMEDIES""",NSE,EQ
3550209,AARTIPHARM,"""AARTI PHARMALABS""",NSE,EQ
3550721,KUANTUM,"""KUANTUM PAPERS""",NSE,EQ
3551745,765TN33-SG,"""SDL TN 7.65% 2033""",NSE,EQ
3552001,JINDRILL,"""JINDAL DRILLING IND.""",NSE,EQ
3552513,767AS33-SG,"""SDL AS 7.67% 2033""",NSE,EQ
3552769,769AP35-SG,"""SDL AP 7.69% 2035""",NSE,EQ
3553281,BANCOINDIA,"""BANCO PRODUCTS (I)""",NSE,EQ
3553537,765RJ33-SG,"""SDL RJ 7.65% 2033""",NSE,EQ
3553793,765HR33-SG,"""SDL HR 7.65% 2033""",NSE,EQ
3554817,764MH33-SG,"""SDL MH 7.64% 2033""",NSE,EQ
3555073,764GA33-SG,"""SDL GA 7.64% 2033""",NSE,EQ
3555841,HIRECT,"""HIND RECTIFIER""",NSE,EQ
3556097,769UP35-SG,"""SDL UP 7.69% 2035""",NSE,EQ
3556353,77MN35-SG,"""SDL MN 7.7% 2035""",NSE,EQ
3557377,77HP36-SG,"""SDL HP 7.7% 2036""",NSE,EQ
3557633,769MZ37-SG,"""SDL MZ 7.69% 2037""",NSE,EQ
3558401,CREST,"""CREST VENTURES""",NSE,EQ
3558657,77HP38-SG,"""SDL HP 7.7% 2038""",NSE,EQ
3558913,764RJ38-SG,"""SDL RJ 7.64% 2038""",NSE,EQ
3559937,766WB39-SG,"""SDL WB 7.66% 2039""",NSE,EQ
3560449,762TN43-SG,"""SDL TN 7.62% 2043""",NSE,EQ
3561217,76KL45-SG,"""SDL KL 7.6% 2045""",NSE,EQ
3561729,757MH31-SG,"""SDL MH 7.57% 2031""",NSE,EQ
3562241,764HR31-SG,"""SDL HR 7.64% 2031""",NSE,EQ
3562497,763GJ32-SG,"""SDL GJ 7.63% 2032""",NSE,EQ
3563521,PLASTIBLEN,"""PLASTIBLENDS INDIA""",NSE,EQ
3564801,NFL,"""NATIONAL FERT.""",NSE,EQ
3565057,ARISTO-SM,"""ARISTO BIO T AND LIFESC L""",NSE,EQ
3569921,PRAENG-BE,"""PRAJAY ENG. SYN.""",NSE,EQ
3571201,LIQUID1,"""KOTAKMAMC - KOTAKLIQ""",NSE,EQ
3571457,PARACABLES,"""PARAMOUNT COMM""",NSE,EQ
3572993,765HR30-SG,"""SDL HR 7.65% 2030""",NSE,EQ
3573249,766AP32-SG,"""SDL AP 7.66% 2032""",NSE,EQ
3573505,769AS33-SG,"""SDL AS 7.69% 2033""",NSE,EQ
3573761,766RJ33-SG,"""SDL RJ 7.66% 2033""",NSE,EQ
3574785,765GJ33-SG,"""SDL GJ 7.65% 2033""",NSE,EQ
3575041,767MP33-SG,"""SDL MP 7.67% 2033""",NSE,EQ
3575297,HBLENGINE,"""HBL ENGINEERING""",NSE,EQ
3575553,767NL33A-SG,"""SDL NL 7.67% 2033""",NSE,EQ
3575809,768HR33-SG,"""SDL HR 7.68% 2033""",NSE,EQ
3576833,771AP36-SG,"""SDL AP 7.71% 2036""",NSE,EQ
3577089,772UP36-SG,"""SDL UP 7.72% 2036""",NSE,EQ
3577857,TANLA,"""TANLA PLATFORMS""",NSE,EQ
3578113,772MP38-SG,"""SDL MP 7.72% 2038""",NSE,EQ
3578625,773RJ38-SG,"""SDL RJ 7.73% 2038""",NSE,EQ
3579137,SGBOCT27-GB,"""2.50%GOLDBONDS2027SR-V""",NSE,EQ
3579393,JASH,"""JASH ENGINEERING""",NSE,EQ
3580673,ABSLBANETF,"""BIRLASLAMC - ABSLBANETF""",NSE,EQ
3581697,771WB39-SG,"""SDL WB 7.71% 2039""",NSE,EQ
3581953,77PN40-SG,"""SDL PN 7.7% 2040""",NSE,EQ
3582209,768TS42-SG,"""SDL TS 7.68% 2042""",NSE,EQ
3582465,766RJ43-SG,"""SDL RJ 7.66% 2043""",NSE,EQ
3582721,766TS44-SG,"""SDL TS 7.66% 2044""",NSE,EQ
3582977,765KL48-SG,"""SDL KL 7.65% 2048""",NSE,EQ
3583233,765TN53-SG,"""SDL TN 7.65% 2053""",NSE,EQ
3584769,ZEEMEDIA,"""ZEE MEDIA CORPORATION""",NSE,EQ
3586049,AVTNPL,"""AVT NATURAL PRODUCTS""",NSE,EQ
3587585,LUMAXTECH,"""LUMAX AUTO TECH""",NSE,EQ
3588865,VEEDOL,"""VEEDOL CORPORATION""",NSE,EQ
3590657,966SFIL25A-NI,,NSE,EQ
3591169,1030SFIL26-NJ,,NSE,EQ
3591681,984SFIL26A-NK,,NSE,EQ
3592193,980SFIL28-NL,,NSE,EQ
3592705,1030SFIL28-NM,,NSE,EQ
3593217,940SFIL28-NN,,NSE,EQ
3593729,985SFIL28-NO,,NSE,EQ
3595009,SARLAPOLY,"""SARLA PERF. FIBERS""",NSE,EQ
3595521,965IFSL26-N6,,NSE,EQ
3596545,10IFSL26-N7,,NSE,EQ
3597057,726GS2033-GS,"""GOI LOAN  7.26% 2033""",NSE,EQ
3597313,GRCL-SM,"""GAYATRI RUBB AND CHEM""",NSE,EQ
3598849,SANGHVIMOV,"""SANGHVI MOVERS""",NSE,EQ
3600129,WANBURY,"""WANBURY""",NSE,EQ
3601409,SAGCEM,"""SAGAR CEMENTS""",NSE,EQ
3601665,ASMS-BE,"""BARTRONICS INDIA""",NSE,EQ
3606017,IGPL,"""I G PETROCHEMICALS""",NSE,EQ
3606273,763JH30-SG,"""SDL JH 7.63% 2030""",NSE,EQ
3606529,761TS32-SG,"""SDL TS 7.61% 2032""",NSE,EQ
3607553,767AS33A-SG,"""SDL AS 7.67% 2033""",NSE,EQ
3607809,764MP33-SG,"""SDL MP 7.64% 2033""",NSE,EQ
3608577,SIYSIL,"""SIYARAM SILK MILLS""",NSE,EQ
3608833,764TS33-SG,"""SDL TS 7.64% 2033""",NSE,EQ
3609089,766BR33-SG,"""SDL BR 7.66% 2033""",NSE,EQ
3609857,PTL,"""PTL ENTERPRISES""",NSE,EQ
3610113,767UK33-SG,"""SDL UK 7.67% 2033""",NSE,EQ
3610369,76JK35-SG,"""SDL JK 7.6% 2035""",NSE,EQ
3611137,AUTOIND,"""AUTOLINE INDUSTRIES""",NSE,EQ
3611393,76GJ35-SG,"""SDL GJ 7.6% 2035""",NSE,EQ
3611905,764UP36-SG,"""SDL UP 7.64% 2036""",NSE,EQ
3612417,NETWORK18,"""NETWORK18 MEDIA & INV""",NSE,EQ
3612673,756TS48-SG,"""SDL TS 7.56% 2048""",NSE,EQ
3612929,756RJ48-SG,"""SDL RJ 7.56% 2048""",NSE,EQ
3613697,GANDHITUBE,"""GANDHI SPL. TUBES""",NSE,EQ
3613953,755TN53-SG,"""SDL TN 7.55% 2053""",NSE,EQ
3618305,PITTIENG,"""PITTI ENGINEERING""",NSE,EQ
3619585,SBGLP,"""SURATWWALA BUS GROUP""",NSE,EQ
3622401,BTML,"""BODHI TREE MULTIMEDIA""",NSE,EQ
3623425,UNOMINDA,"""UNO MINDA""",NSE,EQ
3623937,768GJ30-SG,"""SDL GJ 7.68% 2030""",NSE,EQ
3624705,77HR31-SG,"""SDL HR 7.7% 2031""",NSE,EQ
3624961,771AS33-SG,"""SDL AS 7.71% 2033""",NSE,EQ
3625217,772BR33-SG,"""SDL BR 7.72% 2033""",NSE,EQ
3625473,766UP33-SG,"""SDL UP 7.66% 2033""",NSE,EQ
3625729,762MP34-SG,"""SDL MP 7.62% 2034""",NSE,EQ
3625985,762PY35-SG,"""SDL PY 7.62% 2035""",NSE,EQ
3626241,762MN35-SG,"""SDL MN 7.62% 2035""",NSE,EQ
3626497,762MZ36-SG,"""SDL MZ 7.62% 2036""",NSE,EQ
3626753,759TS40A-SG,"""SDL TS 7.59% 2040""",NSE,EQ
3627009,759PY41-SG,"""SDL PY 7.59% 2041""",NSE,EQ
3628033,SHERA-SM,"""SHERA ENERGY""",NSE,EQ
3629569,IZMO-BE,"""IZMO""",NSE,EQ
3630081,NSLNISP,"""NMDC STEEL""",NSE,EQ
3633665,NINSYS,"""NINTEC SYSTEMS""",NSE,EQ
3634689,TIMKEN,"""TIMKEN INDIA""",NSE,EQ
3635969,HUBTOWN,"""HUBTOWN""",NSE,EQ
3636225,LRRPL-SM,"""LEAD REC AND RUB PROD""",NSE,EQ
3638785,IMC1-N0,,NSE,EQ
3639809,CTE,"""CAMBRIDGE TECH ENTER""",NSE,EQ
3640065,IMC1-N1,,NSE,EQ
3641089,TIIL,"""TECHNOCRAFT IND""",NSE,EQ
3641345,IMC1-N2,,NSE,EQ
3642369,IMC1-N3,,NSE,EQ
3642881,HDFCBSE500,"""HDFCAMC - HDFCBSE500""",NSE,EQ
3643649,HDFCSML250,"""HDFCAMC - HDFCSML250""",NSE,EQ
3644417,HDFCMID150,"""HDFCAMC - HDFCMID150""",NSE,EQ
3646721,TVSSRICHAK,"""TVS SRICHAKRA""",NSE,EQ
3648513,SGBOCT27VI-GB,"""2.50%GOLDBONDS2027SR-VI""",NSE,EQ
3649281,REDINGTON,"""REDINGTON""",NSE,EQ
3650561,PGIL,"""PEARL GLOBAL IND""",NSE,EQ
3651329,AGARWALFT-SM,"""AGARWAL FLOAT GLASS I""",NSE,EQ
3652609,77AP30-SG,"""SDL AP 7.7% 2030""",NSE,EQ
3652865,766GJ30-SG,"""SDL GJ 7.66% 2030""",NSE,EQ
3653121,771AP33-SG,"""SDL AP 7.71% 2033""",NSE,EQ
3653377,768BR33-SG,"""SDL BR 7.68% 2033""",NSE,EQ
3653633,765HR33A-SG,"""SDL HR 7.65% 2033""",NSE,EQ
3653889,766UP33A-SG,"""SDL UP 7.66% 2033""",NSE,EQ
3654145,766SK33-SG,"""SDL SK 7.66% 2033""",NSE,EQ
3654657,759HP38-SG,"""SDL HP 7.59% 2038""",NSE,EQ
3654913,759MP38-SG,"""SDL MP 7.59% 2038""",NSE,EQ
3655169,ORIENTBELL,"""ORIENT BELL""",NSE,EQ
3655425,759PN39-SG,"""SDL PN 7.59% 2039""",NSE,EQ
3655681,753TN53-SG,"""SDL TN 7.53% 2053""",NSE,EQ
3657217,GOLDETF,"""MIRAEAMC - MAGOLDETF""",NSE,EQ
3659777,SEQUENT,"""SEQUENT SCIENTIFIC""",NSE,EQ
3660545,PFC,"""POWER FIN CORP""",NSE,EQ
3661825,FSL,"""FIRSTSOURCE SOLU.""",NSE,EQ
3663105,INDIANB,"""INDIAN BANK""",NSE,EQ
3663361,OSWALSEEDS-BE,"""SHREEOSWAL S AND CHE""",NSE,EQ
3664385,TTL,"""T T""",NSE,EQ
3665665,TFL,"""TRANSWARRANTY FIN.""",NSE,EQ
3667201,VIAZ-ST,"""VIAZ TYRES""",NSE,EQ
3668225,SMSPHARMA,"""SMS PHARMACEUTICALS""",NSE,EQ
3669505,HSCL,"""HIMADRI SPECIALITY CHEM L""",NSE,EQ
3670785,GANESHHOU,"""GANESH HOUSING""",NSE,EQ
3671041,769WB39-SG,"""SDL WB 7.69% 2039""",NSE,EQ
3671297,777AP40-SG,"""SDL AP 7.77% 2040""",NSE,EQ
3672577,ORIENTALTL,"""ORIENTAL TRIMEX""",NSE,EQ
3672833,769WB42-SG,"""SDL WB 7.69% 2042""",NSE,EQ
3673345,769TN43-SG,"""SDL TN 7.69% 2043""",NSE,EQ
3673857,769AP43-SG,"""SDL AP 7.69% 2043""",NSE,EQ
3674113,769MP43-SG,"""SDL MP 7.69% 2043""",NSE,EQ
3674369,758TS45-SG,"""SDL TS 7.58% 2045""",NSE,EQ
3674625,758RJ48-SG,"""SDL RJ 7.58% 2048""",NSE,EQ
3674881,758KL49-SG,"""SDL KL 7.58% 2049""",NSE,EQ
3675393,756TN53-SG,"""SDL TN 7.56% 2053""",NSE,EQ
3675905,77AP28-SG,"""SDL AP 7.7% 2028""",NSE,EQ
3676417,APOLLOPIPE,"""APOLLO PIPES""",NSE,EQ
3677697,IDEA,"""VODAFONE IDEA""",NSE,EQ
3677953,772MH31-SG,"""SDL MH 7.72% 2031""",NSE,EQ
3678465,773HR32-SG,"""SDL HR 7.73% 2032""",NSE,EQ
3679489,774AP32-SG,"""SDL AP 7.74% 2032""",NSE,EQ
3679745,771GJ33-SG,"""SDL GJ 7.71% 2033""",NSE,EQ
3680001,772BR33A-SG,"""SDL BR 7.72% 2033""",NSE,EQ
3680257,774UK33-SG,"""SDL UK 7.74% 2033""",NSE,EQ
3680769,774MH33-SG,"""SDL MH 7.74% 2033""",NSE,EQ
3681025,776MN35-SG,"""SDL MN 7.76% 2035""",NSE,EQ
3681281,769RJ39-SG,"""SDL RJ 7.69% 2039""",NSE,EQ
3681537,769PN39-SG,"""SDL PN 7.69% 2039""",NSE,EQ
3682561,POCL,"""PONDY OXIDES & CHEM""",NSE,EQ
3685889,AMDIND,"""AMD INDUSTRIES""",NSE,EQ
3687169,RAJTV,"""RAJ TV NETWORK""",NSE,EQ
3689217,SRIVASAVI-SM,"""SRIVASAVI ADHESIVE TAPE L""",NSE,EQ
3689729,PAGEIND,"""PAGE INDUSTRIES""",NSE,EQ
3691009,ASTRAL,"""ASTRAL""",NSE,EQ
3691777,77AP29-SG,"""SDL AP 7.7% 2029""",NSE,EQ
3692289,LAOPALA,"""LA OPALA RG""",NSE,EQ
3692545,77MH31-SG,"""SDL MH 7.7% 2031""",NSE,EQ
3692801,77MH33-SG,"""SDL MH 7.7% 2033""",NSE,EQ
3693569,GOLDBEES,"""NIP IND ETF GOLD BEES""",NSE,EQ
3694337,771BR33-SG,"""SDL BR 7.71% 2033""",NSE,EQ
3694593,771GJ34-SG,"""SDL GJ 7.71% 2034""",NSE,EQ
3695361,JKTYRE,"""JK TYRE & INDUSTRIES""",NSE,EQ
3695617,773TS34-SG,"""SDL TS 7.73% 2034""",NSE,EQ
3695873,777JK35-SG,"""SDL JK 7.77% 2035""",NSE,EQ
3696641,NAHARSPING,"""NAHAR SPINNING MILLS""",NSE,EQ
3696897,775UP35-SG,"""SDL UP 7.75% 2035""",NSE,EQ
3697153,775UP38-SG,"""SDL UP 7.75% 2038""",NSE,EQ
3697921,NAHARPOLY,"""NAHAR POLY FILMS""",NSE,EQ
3698177,775WB39-SG,"""SDL WB 7.75% 2039""",NSE,EQ
3698433,779WB42-SG,"""SDL WB 7.79% 2042""",NSE,EQ
3699201,EMBDL,"""EMBASSY DEVELOPMENTS""",NSE,EQ
3699457,777MP43-SG,"""SDL MP 7.77% 2043""",NSE,EQ
3699713,772TS46-SG,"""SDL TS 7.72% 2046""",NSE,EQ
3700481,757TN53-SG,"""SDL TN 7.57% 2053""",NSE,EQ
3702273,LEXUS-BE,"""LEXUS GRANITO (INDIA)""",NSE,EQ
3706625,DIVGIITTS,"""DIVGI TORQTRANSFER SYST L""",NSE,EQ
3706881,GOKULAGRO,"""GOKUL AGRO RESOURCES""",NSE,EQ
3708161,THEMISMED,"""THEMIS MEDICARE""",NSE,EQ
3709441,NCLIND,"""NCL INDUSTRIES""",NSE,EQ
3711233,704NHAI26-NB,,NSE,EQ
3711745,729NHAI26-NC,,NSE,EQ
3712257,BALAMINES,"""BALAJI AMINES""",NSE,EQ
3712769,VERTEXPLUS-ST,"""VERTEXPLUS TECHNOLOGIES L""",NSE,EQ
3713537,SYSTANGO-SM,"""SYSTANGO TECHNOLOGIES""",NSE,EQ
3714817,BANSWRAS,"""BANSWARA SYNTEX""",NSE,EQ
3716609,ABSLLIQUID,"""BIRLASLAMC - ABSLLIQUID""",NSE,EQ
3717633,739NHAI31A-ND,,NSE,EQ
3717889,ICRA,"""ICRA""",NSE,EQ
3719425,769NHAI31-NE,,NSE,EQ
3719937,769MH31-SG,"""SDL MH 7.69% 2031""",NSE,EQ
3720193,77HR32-SG,"""SDL HR 7.7% 2032""",NSE,EQ
3720449,769TS32-SG,"""SDL TS 7.69% 2032""",NSE,EQ
3720705,773BR33-SG,"""SDL BR 7.73% 2033""",NSE,EQ
3720961,GOLDSHARE,"""UTI GOLD ETF""",NSE,EQ
3721473,DISHTV,"""DISH TV INDIA""",NSE,EQ
3721729,773UP33-SG,"""SDL UP 7.73% 2033""",NSE,EQ
3721985,772AS33-SG,"""SDL AS 7.72% 2033""",NSE,EQ
3724289,768GJ33-SG,"""SDL GJ 7.68% 2033""",NSE,EQ
3724545,766MH33-SG,"""SDL MH 7.66% 2033""",NSE,EQ
3724801,NDLVENTURE-BE,"""NDL VENTURES""",NSE,EQ
3725313,PHOENIXLTD,"""THE PHOENIX MILLS""",NSE,EQ
3725569,772GJ35-SG,"""SDL GJ 7.72% 2035""",NSE,EQ
3725825,774UP37-SG,"""SDL UP 7.74% 2037""",NSE,EQ
3726593,AROGRANITE,"""ARO GRANITE IND.""",NSE,EQ
3726849,774MZ38-SG,"""SDL MZ 7.74% 2038""",NSE,EQ
3727105,766MP48-SG,"""SDL MP 7.66% 2048""",NSE,EQ
3728129,766KL50-SG,"""SDL KL 7.66% 2050""",NSE,EQ
3728385,767TN53-SG,"""SDL TN 7.67% 2053""",NSE,EQ
3728897,ZENITHSTL-BE,"""ZENITH STEEL PIP IND""",NSE,EQ
3730945,MCON-SM,"""MCON RASAYAN INDIA""",NSE,EQ
3732993,SRHHYPOLTD,"""SREE RAYALSEEMA HHP""",NSE,EQ
3733505,PSUBNKIETF,"""ICICIPRAMC - PSUBANKICI""",NSE,EQ
3735041,VELS-SM,"""VELS FILM INTERNATIONAL L""",NSE,EQ
3735553,FORTIS,"""FORTIS HEALTHCARE""",NSE,EQ
3736833,ALPHAGEO,"""ALPHAGEO (INDIA)""",NSE,EQ
3737089,SGBMAR31IV-GB,"""2.50%GOLDBONDS2031SR-IV""",NSE,EQ
3737345,GSLSU,"""GLOBAL SURFACES""",NSE,EQ
3738113,WEBELSOLAR,"""WEBSOL ENERGY SYSTEM""",NSE,EQ
3739393,TGBHOTELS,"""TGB BANQUETS&HOTELS""",NSE,EQ
3740929,QFIL-SM,"""QUALITY FOILS (INDIA)""",NSE,EQ
3742209,CHEMBOND,"""CHEMBOND MATERIALTECH""",NSE,EQ
3744513,HILTON,"""HILTON METAL FORGING""",NSE,EQ
3745281,SANCO-BZ,"""SANCO INDUSTRIES""",NSE,EQ
3746305,735GJ26-SG,"""SDL GJ 7.35% 2026""",NSE,EQ
3746561,766HR29-SG,"""SDL HR 7.66% 2029""",NSE,EQ
3746817,77AP30A-SG,"""SDL AP 7.7% 2030""",NSE,EQ
3747073,772HP31-SG,"""SDL HP 7.72% 2031""",NSE,EQ
3747329,772HR32-SG,"""SDL HR 7.72% 2032""",NSE,EQ
3747585,772MH32-SG,"""SDL MH 7.72% 2032""",NSE,EQ
3747841,773AP32-SG,"""SDL AP 7.73% 2032""",NSE,EQ
3748097,776HP33-SG,"""SDL HP 7.76% 2033""",NSE,EQ
3748353,777RJ33-SG,"""SDL RJ 7.77% 2033""",NSE,EQ
3748609,772GJ34-SG,"""SDL GJ 7.72% 2034""",NSE,EQ
3749121,773MH34-SG,"""SDL MH 7.73% 2034""",NSE,EQ
3749633,778TS34-SG,"""SDL TS 7.78% 2034""",NSE,EQ
3750145,778UP35-SG,"""SDL UP 7.78% 2035""",NSE,EQ
3750401,779JK35-SG,"""SDL JK 7.79% 2035""",NSE,EQ
3750657,778UP36-SG,"""SDL UP 7.78% 2036""",NSE,EQ
3750913,773GJ36-SG,"""SDL GJ 7.73% 2036""",NSE,EQ
3751169,774PN39-SG,"""SDL PN 7.74% 2039""",NSE,EQ
3751425,774RJ40-SG,"""SDL RJ 7.74% 2040""",NSE,EQ
3751681,774WB41-SG,"""SDL WB 7.74% 2041""",NSE,EQ
3751937,774MP43-SG,"""SDL MP 7.74% 2043""",NSE,EQ
3752193,INSECTICID,"""INSECTICIDES (I)""",NSE,EQ
3752449,774WB43-SG,"""SDL WB 7.74% 2043""",NSE,EQ
3752961,774TS48-SG,"""SDL TS 7.74% 2048""",NSE,EQ
3753729,774RJ49-SG,"""SDL RJ 7.74% 2049""",NSE,EQ
3754753,KMSUGAR,"""K M SUGAR MILLS""",NSE,EQ
3756033,NAVINFLUOR,"""NAVIN FLUORINE INT.""",NSE,EQ
3758337,GUJAPOLLO-BE,"""GUJ. APOLLO IND.""",NSE,EQ
3759873,GOACARBON,"""GOA CARBON""",NSE,EQ
3762177,990SCFL26-AJ,,NSE,EQ
3763713,NAGREEKEXP,"""NAGREEKA EXPORTS""",NSE,EQ
3764225,965SCL28-AK,,NSE,EQ
3764993,TIMETECHNO,"""TIME TECHNOPLAST""",NSE,EQ
3765761,1015SCL28A-AL,,NSE,EQ
3766273,HGS,"""HINDUJA GLOBAL SOLS.""",NSE,EQ
3766785,925SCL28-AM,,NSE,EQ
3767809,971SCL28-AN,,NSE,EQ
3768321,990SCL26D-AH,,NSE,EQ
3768577,948SCL26D-AI,,NSE,EQ
3768833,NIRMAN-SM,"""NIRMAN AGRI GENTICS""",NSE,EQ
3771393,DLF,"""DLF""",NSE,EQ
3773185,TECILCHEM-BE,"""TECIL CHEMICALS""",NSE,EQ
3773953,AXSENSEX,"""AXISAMC - AXSENSEX""",NSE,EQ
3774721,ADVANIHOTR,"""ADVANI HOT.& RES.(I)""",NSE,EQ
3777793,WINSOME-BZ,"""WINSOME YARNS""",NSE,EQ
3778817,NELCAST,"""NELCAST""",NSE,EQ
3780097,V2RETAIL,"""V2 RETAIL""",NSE,EQ
3781377,TARMAT,"""TARMAT""",NSE,EQ
3785217,LOWVOL,"""MIRAEAMC - MANV30F""",NSE,EQ
3785729,SPARC,"""SUN PHARMA ADV.RES.CO.LTD""",NSE,EQ
3788033,MEGASOFT-BE,"""MEGASOFT""",NSE,EQ
3790337,IRBIT-IV,"""IRB INFRASTRUCTURE TRUST""",NSE,EQ
3791873,749GJ28-SG,"""SDL GJ 7.49% 2028""",NSE,EQ
3792129,ADSL,"""ALLIED DIGITAL SERV.""",NSE,EQ
3792385,774HR31-SG,"""SDL HR 7.74% 2031""",NSE,EQ
3792897,775CG31-SG,"""SDL CG 7.75% 2031""",NSE,EQ
3793409,775HP32-SG,"""SDL HP 7.75% 2032""",NSE,EQ
3793665,773MH32-SG,"""SDL MH 7.73% 2032""",NSE,EQ
3793921,776UK33-SG,"""SDL UK 7.76% 2033""",NSE,EQ
3794177,775NL33-SG,"""SDL NL 7.75% 2033""",NSE,EQ
3794433,775SK33-SG,"""SDL SK 7.75% 2033""",NSE,EQ
3794945,778RJ33-SG,"""SDL RJ 7.78% 2033""",NSE,EQ
3795201,777HR33-SG,"""SDL HR 7.77% 2033""",NSE,EQ
3795969,WSI,"""W.S.INDUSTRIES (I)""",NSE,EQ
3796225,779UP33-SG,"""SDL UP 7.79% 2033""",NSE,EQ
3796481,781UP34A-SG,"""SDL UP 7.81% 2034""",NSE,EQ
3797505,78JK35-SG,"""SDL JK 7.8% 2035""",NSE,EQ
3798017,797PN38-SG,"""SDL PN 7.97% 2038""",NSE,EQ
3798529,DECCANCE,"""DECCAN CEMENTS""",NSE,EQ
3798785,779HP38-SG,"""SDL HP 7.79% 2038""",NSE,EQ
3799041,783KL39-SG,"""SDL KL 7.83% 2039""",NSE,EQ
3799809,VIPCLOTHNG,"""VIP CLOTHING""",NSE,EQ
3800065,789WB40-SG,"""SDL WB 7.89% 2040""",NSE,EQ
3800321,784RJ41-SG,"""SDL RJ 7.84% 2041""",NSE,EQ
3801089,ALPA,"""ALPA LABORATORIES""",NSE,EQ
3801345,785WB42-SG,"""SDL WB 7.85% 2042""",NSE,EQ
3801601,777MP47-SG,"""SDL MP 7.77% 2047""",NSE,EQ
3802369,OMAXE,"""OMAXE""",NSE,EQ
3802625,783RJ50-SG,"""SDL RJ 7.83% 2050""",NSE,EQ
3802881,776KL51-SG,"""SDL KL 7.76% 2051""",NSE,EQ
3803649,GOLD1,"""KOTAK GOLD ETF""",NSE,EQ
3804161,776TN53-SG,"""SDL TN 7.76% 2053""",NSE,EQ
3804417,776KL58-SG,"""SDL KL 7.76% 2058""",NSE,EQ
3806209,FLFL-BZ,"""FUT LIFESTYLE FASH""",NSE,EQ
3806977,USK,"""UDAYSHIVAKUMAR INFRA""",NSE,EQ
3811585,ASIANTILES,"""ASIAN GRANITO IND.""",NSE,EQ
3811841,AKI,"""AKI INDIA""",NSE,EQ
3812865,CENTRALBK,"""CENTRAL BANK OF INDIA""",NSE,EQ
3814401,SAHYADRI,"""SAHYADRI INDUSTRIES""",NSE,EQ
3816449,KDDL,"""KDDL""",NSE,EQ
3817473,KPRMILL,"""KPR MILL""",NSE,EQ
3819521,TAKE-BE,"""TAKE SOLUTIONS""",NSE,EQ
3820033,PURVA,"""PURAVANKARA""",NSE,EQ
3820545,LAL,"""LORENZINI APPARELS""",NSE,EQ
3823873,CIEINDIA,"""CIE AUTOMOTIVE INDIA""",NSE,EQ
3824129,GSEC10YEAR,"""MIRAEAMC - MAGS813ETF""",NSE,EQ
3825409,NAGREEKCAP-BE,"""NAGREEKA CAP & INFR.LTD""",NSE,EQ
3826433,MOTILALOFS,"""MOTILAL OSWAL FIN""",NSE,EQ
3827713,INDOWIND,"""INDOWIND ENERGY""",NSE,EQ
3828225,76AP29-SG,"""SDL AP 7.6% 2029""",NSE,EQ
3828993,MAGNUM,"""MAGNUM VENTURES""",NSE,EQ
3829249,77AP32-SG,"""SDL AP 7.7% 2032""",NSE,EQ
3829505,771AP33A-SG,"""SDL AP 7.71% 2033""",NSE,EQ
3831297,CSBBANK,"""CSB BANK""",NSE,EQ
3832321,706GS2028-GS,"""GOI LOAN  7.06% 2028""",NSE,EQ
3832577,710GR2028-GS,"""GOI LOAN  7.10% 2028""",NSE,EQ
3832833,KSCL,"""KAVERI SEED CO.""",NSE,EQ
3833089,729GR2033-GS,"""GOI LOAN  7.29% 2033""",NSE,EQ
3834113,POWERGRID,"""POWER GRID CORP.""",NSE,EQ
3835393,CENTUM,"""CENTUM ELECTRONICS""",NSE,EQ
3838209,SOTAC-SM,"""SOTAC PHARMACEUTICALS""",NSE,EQ
3838977,CCCL-BE,"""CONS. CONST. CONSORT""",NSE,EQ
3842305,736MH28-SG,"""SDL MH 7.36% 2028""",NSE,EQ
3843841,749MH30-SG,"""SDL MH 7.49% 2030""",NSE,EQ
3844097,758AS33-SG,"""SDL AS 7.58% 2033""",NSE,EQ
3844353,MAANALU,"""MAAN ALUMINIUM""",NSE,EQ
3844865,759PN33-SG,"""SDL PN 7.59% 2033""",NSE,EQ
3845377,758NL33-SG,"""SDL NL 7.58% 2033""",NSE,EQ
3847681,ASCOM-ST,"""ASCOM LEASIN & INVEST""",NSE,EQ
3848193,PSUBNKBEES,"""NIP IND ETF PSU BANK BEES""",NSE,EQ
3848705,BAJAJELEC,"""BAJAJ ELECT.LTD""",NSE,EQ
3849217,INFINIUM-SM,"""INFINIUM PHARMACHEM""",NSE,EQ
3849985,CERA,"""CERA SANITARYWARE""",NSE,EQ
3851265,DELTACORP,"""DELTA CORP""",NSE,EQ
3851777,699GS2026-GS,"""GOI LOAN  6.99% 2026""",NSE,EQ
3852545,ENERGYDEV,"""ENERGY DEVE. CO.LTD""",NSE,EQ
3852801,717GS2030-GS,"""GOI LOAN  7.17% 2030""",NSE,EQ
3853057,MOS-SM,"""MOS UTILITY""",NSE,EQ
3854849,AVALON,"""AVALON TECHNOLOGIES""",NSE,EQ
3855617,PSUBANK,"""KOTAK PSU BANK""",NSE,EQ
3857153,BLAL,"""BEML LAND ASSETS""",NSE,EQ
3857409,RELIGARE,"""RELIGARE ENTER.""",NSE,EQ
3859713,BVCL-BE,"""BARAK VALLEY CEM.""",NSE,EQ
3859969,CUBEINVIT-IV,"""CUBE HIGHWAYS TRUST""",NSE,EQ
3860993,RADIOCITY-P1,"""MUSIC BROADCAST""",NSE,EQ
3861249,ADANIPORTS,"""ADANI PORT & SEZ""",NSE,EQ
3861761,SILVERETF,"""UTIAMC - SILVERETF""",NSE,EQ
3864321,756RJ33-SG,"""SDL RJ 7.56% 2033""",NSE,EQ
3865089,75HR30-SG,"""SDL HR 7.5% 2030""",NSE,EQ
3865601,762PN38-SG,"""SDL PN 7.62% 2038""",NSE,EQ
3866881,761RJ43-SG,"""SDL RJ 7.61% 2043""",NSE,EQ
3867137,761TS44-SG,"""SDL TS 7.61% 2044""",NSE,EQ
3867905,759RJ48-SG,"""SDL RJ 7.59% 2048""",NSE,EQ
3868161,704IRFC26-NL,,NSE,EQ
3868673,735IRFC31-NM,,NSE,EQ
3870465,EDELWEISS,"""EDELWEISS FIN SERV""",NSE,EQ
3870977,SVLL,"""SHREE VASU LOGISTICS""",NSE,EQ
3871745,KOLTEPATIL,"""KOLTE PATIL DEV.""",NSE,EQ
3873025,RGL,"""RENAISSANCE GLOBAL""",NSE,EQ
3874305,729IRFC26-NN,,NSE,EQ
3875841,KAUSHALYA-BE,"""KAUSHALYA INFRA DEV""",NSE,EQ
3876097,COLPAL,"""COLGATE PALMOLIVE""",NSE,EQ
3876609,PATTECH-ST,"""PATTECH FITWELL TUB COM L""",NSE,EQ
3877377,JYOTHYLAB,"""JYOTHY LABS""",NSE,EQ
3877633,AGUL-SM,"""A G UNIVERSAL""",NSE,EQ
3878657,MADHAV,"""MADHAV MARBLE & GRANITE""",NSE,EQ
3879937,KALYANIFRG,"""KALYANI FORGE""",NSE,EQ
3880193,RHL,"""ROBUST HOTELS""",NSE,EQ
3881217,HITECHCORP,"""HITECH CORPORATION""",NSE,EQ
3883009,764IRFC31-NO,,NSE,EQ
3884545,TARIL,"""TRANS & RECTI.""",NSE,EQ
3885825,ECLERX,"""ECLERX SERVICES""",NSE,EQ
3886081,KIRLPNU,"""KIRLOSKAR PNEUMATIC COM L""",NSE,EQ
3887105,BRIGADE,"""BRIGADE ENTER.""",NSE,EQ
3889409,BGRENERGY-BE,"""BGR ENERGY SYSTEMS""",NSE,EQ
3890945,MANAKSIA,"""MANAKSIA""",NSE,EQ
3892225,ARIES,"""ARIES AGRO""",NSE,EQ
3893505,PPAP,"""PPAP AUTOMOTIVE""",NSE,EQ
3894785,DVL,"""DHUNSERI VENTURES""",NSE,EQ
3896065,PATINTLOG,"""PATEL INT. LOG.""",NSE,EQ
3898369,UJJIVANSFB,"""UJJIVAN SMALL FINANC BANK""",NSE,EQ
3898625,LICNFNHGP,"""LICNAMC - LICNFNHGP""",NSE,EQ
3899137,1025SFIL26-NT,,NSE,EQ
3899905,AMBIKCO,"""AMBIKA COTTON MILL""",NSE,EQ
3900161,98SFIL26-NU,,NSE,EQ
3901185,BIRLAMONEY,"""ADITYA BIRLA MONEY""",NSE,EQ
3901441,1050SFIL28-NV,,NSE,EQ
3902721,957SFIL28-NW,,NSE,EQ
3903489,KAVDEFENCE-BE,"""KAVVERI DFS & WIR TEC""",NSE,EQ
3903745,1003SFIL28-NX,,NSE,EQ
3904257,866SFIL23A-NY,,NSE,EQ
3904769,890SFIL23A-NZ,,NSE,EQ
3905025,CEATLTD,"""CEAT""",NSE,EQ
3905537,739HR29-SG,"""SDL HR 7.39% 2029""",NSE,EQ
3906305,RPOWER,"""RELIANCE POWER""",NSE,EQ
3906561,738GJ30-SG,"""SDL GJ 7.38% 2030""",NSE,EQ
3907073,741AP30-SG,"""SDL AP 7.41% 2030""",NSE,EQ
3907585,743AP31-SG,"""SDL AP 7.43% 2031""",NSE,EQ
3907841,743TS33-SG,"""SDL TS 7.43% 2033""",NSE,EQ
3908097,JKIL,"""JKUMAR INFR.LTD.""",NSE,EQ
3908353,747AP37-SG,"""SDL AP 7.47% 2037""",NSE,EQ
3909377,CORDSCABLE,"""CORDS CABLE INDUS""",NSE,EQ
3911169,ONMOBILE,"""ONMOBILE GLOBAL""",NSE,EQ
3912449,KNRCON,"""KNR CONSTRU""",NSE,EQ
3912961,QUICKTOUCH-SM,"""QUICKTOUCH TECHNOLOGIES L""",NSE,EQ
3913729,HERCULES,"""HERCULES INVESTMENTS""",NSE,EQ
3917569,BANG,"""BANG OVERSEAS""",NSE,EQ
3917825,VIRINCHI-BE,"""VIRINCHI""",NSE,EQ
3918849,SEPC,"""SEPC""",NSE,EQ
3919105,745RJ33-SG,"""SDL RJ 7.45% 2033""",NSE,EQ
3919361,744TN33-SG,"""SDL TN 7.44% 2033""",NSE,EQ
3920129,IRB,"""IRB INFRA DEV""",NSE,EQ
3920385,745UP33-SG,"""SDL UP 7.45% 2033""",NSE,EQ
3920641,749MN35-SG,"""SDL MN 7.49% 2035""",NSE,EQ
3921665,747PN43-SG,"""SDL PN 7.47% 2043""",NSE,EQ
3921921,747WB43-SG,"""SDL WB 7.47% 2043""",NSE,EQ
3922689,746WB46-SG,"""SDL WB 7.46% 2046""",NSE,EQ
3922945,746KL48-SG,"""SDL KL 7.46% 2048""",NSE,EQ
3924481,QGOLDHALF,"""QUANTUM GOLD FUND""",NSE,EQ
3924993,NMDC,"""NMDC""",NSE,EQ
3925249,746TS48A-SG,"""SDL TS 7.46% 2048""",NSE,EQ
3926273,RAIN,"""RAIN INDUSTRIES""",NSE,EQ
3927553,SHALPAINTS,"""SHALIM PAINTS""",NSE,EQ
3928833,GSS,"""GSS INFOTECH""",NSE,EQ
3929345,SADHNANIQ-BE,"""SADHANA NITROCHEM""",NSE,EQ
3930881,RECLTD,"""REC""",NSE,EQ
3931137,GOLDETFADD,"""DSPAMC - DSPGOLDETF""",NSE,EQ
3932161,NAHARCAP,"""NAHAR CAP & FIN.""",NSE,EQ
3932673,VGUARD,"""V-GUARD IND""",NSE,EQ
3934721,830CIFC26-N2,,NSE,EQ
3935233,CIFCZC26A-N3,,NSE,EQ
3935745,840CIFCL28-N4,,NSE,EQ
3936257,CIFCZC28A-N5,,NSE,EQ
3936513,PDMJEPAPER,"""PUDUMJEE PAPER PRO.""",NSE,EQ
3937281,MANKIND,"""MANKIND PHARMA""",NSE,EQ
3940097,RACE,"""RACE ECO CHAIN""",NSE,EQ
3942145,EIHAHOTELS,"""EIH ASSOCIATED HOTELS - OBEROI HOTELS""",NSE,EQ
3943425,ATAM,"""ATAM VALVES""",NSE,EQ
3944705,NESCO,"""NESCO""",NSE,EQ
3945985,TITAGARH,"""TITAGARH RAIL SYSTEMS""",NSE,EQ
3947265,DPSCLTD,"""DPSC""",NSE,EQ
3950337,ACL-BE,"""ANDHRA CEMENTS""",NSE,EQ
3950593,SGBDC27VII-GB,"""2.50%GOLDBONDS2027SR-VII""",NSE,EQ
3954945,DENEERS-SM,"""DE NEERS TOOLS""",NSE,EQ
3961601,734AP29-SG,"""SDL AP 7.34% 2029""",NSE,EQ
3962113,74AP31-SG,"""SDL AP 7.4% 2031""",NSE,EQ
3968001,739HR31-SG,"""SDL HR 7.39% 2031""",NSE,EQ
3968769,739TN33-SG,"""SDL TN 7.39% 2033""",NSE,EQ
3970049,74AS33-SG,"""SDL AS 7.4% 2033""",NSE,EQ
3974657,739AP33-SG,"""SDL AP 7.39% 2033""",NSE,EQ
3982081,HCG,"""HEALTHCARE GLOB. ENT.""",NSE,EQ
3986433,738AP40-SG,"""SDL AP 7.38% 2040""",NSE,EQ
3987969,737AP43-SG,"""SDL AP 7.37% 2043""",NSE,EQ
3990785,AVG,"""AVG LOGISTICS""",NSE,EQ
4006145,ATALREAL,"""ATAL REALTECH""",NSE,EQ
4026881,PIGL-BE,"""POWER INSTRUMENT (G)""",NSE,EQ
4030465,727GJ31-SG,"""SDL GJ 7.27% 2031""",NSE,EQ
4031745,733TN33-SG,"""SDL TN 7.33% 2033""",NSE,EQ
4032001,737AS33-SG,"""SDL AS 7.37% 2033""",NSE,EQ
4034305,735AP39-SG,"""SDL AP 7.35% 2039""",NSE,EQ
4039681,732AP43-SG,"""SDL AP 7.32% 2043""",NSE,EQ
4040449,732TS48-SG,"""SDL TS 7.32% 2048""",NSE,EQ
4048641,NXST-RR,"""NEXUS SELECT TRUST""",NSE,EQ
4057089,LATTEYS-BE,"""LATTEYS INDUSTRIES""",NSE,EQ
4062465,AUROIMPEX-SM,"""AURO IMPEX & CHEMICALS L""",NSE,EQ
4066049,HINDWAREAP,"""HINDWARE HME INOVATON""",NSE,EQ
4087297,716HR27-SG,"""SDL HR 7.16% 2027""",NSE,EQ
4088577,72MH28-SG,"""SDL MH 7.2% 2028""",NSE,EQ
4089089,726MH30-SG,"""SDL MH 7.26% 2030""",NSE,EQ
4100865,734AS33-SG,"""SDL AS 7.34% 2033""",NSE,EQ
4103425,732TN33-SG,"""SDL TN 7.32% 2033""",NSE,EQ
4104961,733NL33-SG,"""SDL NL 7.33% 2033""",NSE,EQ
4107521,PRINCEPIPE,"""PRINCE PIPES FITTINGS""",NSE,EQ
4108545,733UP33-SG,"""SDL UP 7.33% 2033""",NSE,EQ
4111873,734RJ33-SG,"""SDL RJ 7.34% 2033""",NSE,EQ
4112385,735HR33-SG,"""SDL HR 7.35% 2033""",NSE,EQ
4112897,736AP34-SG,"""SDL AP 7.36% 2034""",NSE,EQ
4113665,737JK35-SG,"""SDL JK 7.37% 2035""",NSE,EQ
4114177,73AP38-SG,"""SDL AP 7.3% 2038""",NSE,EQ
4119553,729KL49-SG,"""SDL KL 7.29% 2049""",NSE,EQ
4127489,BHARATWIRE,"""BHARAT WIRE ROPES""",NSE,EQ
4130049,KRISHCA-SM,"""KRISHCA STRAPPING SLTN L""",NSE,EQ
4135425,REMUS-SM,"""REMUS PHARMACEUTICALS L""",NSE,EQ
4145153,PAVNAIND,"""PAVNA INDUSTRIES""",NSE,EQ
4152321,729HR29-SG,"""SDL HR 7.29% 2029""",NSE,EQ
4153345,733MH31-SG,"""SDL MH 7.33% 2031""",NSE,EQ
4154113,732MH32-SG,"""SDL MH 7.32% 2032""",NSE,EQ
4154625,736MP33-SG,"""SDL MP 7.36% 2033""",NSE,EQ
4156161,737NL33-SG,"""SDL NL 7.37% 2033""",NSE,EQ
4157185,737SK33-SG,"""SDL SK 7.37% 2033""",NSE,EQ
4158465,738AP35-SG,"""SDL AP 7.38% 2035""",NSE,EQ
4159745,INFIBEAM,"""INFIBEAM AVENUES""",NSE,EQ
4160001,739MN35-SG,"""SDL MN 7.39% 2035""",NSE,EQ
4160769,EBBETF0430,"""EDELAMC - EBBETF0430""",NSE,EQ
4162817,743MZ36-SG,"""SDL MZ 7.43% 2036""",NSE,EQ
4164609,743MZ37-SG,"""SDL MZ 7.43% 2037""",NSE,EQ
4166145,732TN53-SG,"""SDL TN 7.32% 2053""",NSE,EQ
4169985,736ML32-SG,"""SDL ML 7.36% 2032""",NSE,EQ
4170241,737AP33-SG,"""SDL AP 7.37% 2033""",NSE,EQ
4184577,736RJ33-SG,"""SDL RJ 7.36% 2033""",NSE,EQ
4186881,PANACHE-BE,"""PANACHE DIGILIFE""",NSE,EQ
4189185,736HR33-SG,"""SDL HR 7.36% 2033""",NSE,EQ
4189953,737PN38-SG,"""SDL PN 7.37% 2038""",NSE,EQ
4191745,735RJ43-SG,"""SDL RJ 7.35% 2043""",NSE,EQ
4193025,736WB43-SG,"""SDL WB 7.36% 2043""",NSE,EQ
4197121,MMP,"""MMP INDUSTRIES""",NSE,EQ
4197633,732TS49-SG,"""SDL TS 7.32% 2049""",NSE,EQ
4197889,732KL53-SG,"""SDL KL 7.32% 2053""",NSE,EQ
4203265,CRAYONS-SM,"""CRAYONS ADVERTISING""",NSE,EQ
4212225,DENTALKART-SM,"""VASA DENTICITY""",NSE,EQ
4219649,PROV-SM,"""PROVENTUS AGROCOM""",NSE,EQ
4246529,INFOLLION-SM,"""INFOLLION RESEARCH SER L""",NSE,EQ
4246785,VAISHALI,"""VAISHALI PHARMA""",NSE,EQ
4259329,726HP29-SG,"""SDL HP 7.26% 2029""",NSE,EQ
4259585,KIRIINDUS,"""KIRI INDUSTRIES""",NSE,EQ
4259841,729CG30-SG,"""SDL CG 7.29% 2030""",NSE,EQ
4260097,729HP31-SG,"""SDL HP 7.29% 2031""",NSE,EQ
4261121,734AS33A-SG,"""SDL AS 7.34% 2033""",NSE,EQ
4261377,734RJ33A-SG,"""SDL RJ 7.34% 2033""",NSE,EQ
4261633,733AP33-SG,"""SDL AP 7.33% 2033""",NSE,EQ
4261889,732HR33-SG,"""SDL HR 7.32% 2033""",NSE,EQ
4262145,736AP37-SG,"""SDL AP 7.36% 2037""",NSE,EQ
4262401,737JK38-SG,"""SDL JK 7.37% 2038""",NSE,EQ
4262657,718GJ28-SG,"""SDL GJ 7.18% 2028""",NSE,EQ
4262913,739TS39-SG,"""SDL TS 7.39% 2039""",NSE,EQ
4263169,733AP42-SG,"""SDL AP 7.33% 2042""",NSE,EQ
4263425,733AP43-SG,"""SDL AP 7.33% 2043""",NSE,EQ
4263681,729KL51-SG,"""SDL KL 7.29% 2051""",NSE,EQ
4263937,729TN53-SG,"""SDL TN 7.29% 2053""",NSE,EQ
4264193,ANIKINDS,"""ANIK INDUSTRIES""",NSE,EQ
4265985,SIGMA-BE,"""SIGMA SOLVE""",NSE,EQ
4267265,BAJAJ-AUTO,"""BAJAJ AUTO""",NSE,EQ
4268801,BAJAJFINSV,"""BAJAJ FINSERV""",NSE,EQ
4270593,PTCIL,"""PTC INDUSTRIES""",NSE,EQ
4271873,DIGISPICE-BE,"""DIGISPICE TECHNOLOGIES LT""",NSE,EQ
4274177,GHCLTEXTIL,"""GHCL TEXTILES""",NSE,EQ
4276481,GOKUL,"""GOKUL REFOILS & SOLV""",NSE,EQ
4278017,SAHANA-SM,"""SAHANA SYSTEM""",NSE,EQ
4278529,UBL,"""UNITED BREWERIES""",NSE,EQ
4280065,ALMONDZ,"""ALMONDZ GLOBAL SEC""",NSE,EQ
4281601,RPGLIFE,"""RPG LIFE SCIENCES""",NSE,EQ
4283649,725GS2063-GS,"""GOI LOAN  7.25% 2063""",NSE,EQ
4284417,MKPL,"""M K PROTEINS""",NSE,EQ
4290049,KDL-SM,"""KORE DIGITAL""",NSE,EQ
4294913,SILVERAG,"""MIRAEAMC - MASILVER""",NSE,EQ
4295937,722GJ28-SG,"""SDL GJ 7.22% 2028""",NSE,EQ
4296193,734MH31-SG,"""SDL MH 7.34% 2031""",NSE,EQ
4296449,GVT&D,"""GE VERNOVA T&D INDIA""",NSE,EQ
4296705,734HR31-SG,"""SDL HR 7.34% 2031""",NSE,EQ
4296961,735MH32-SG,"""SDL MH 7.35% 2032""",NSE,EQ
4299521,ARCHIDPLY,"""ARCHIDPLY IND.""",NSE,EQ
4299777,735TN33-SG,"""SDL TN 7.35% 2033""",NSE,EQ
4300033,736GA33-SG,"""SDL GA 7.36% 2033""",NSE,EQ
4301057,736HR33A-SG,"""SDL HR 7.36% 2033""",NSE,EQ
4301313,737NL33A-SG,"""SDL NL 7.37% 2033""",NSE,EQ
4301569,741UP34-SG,"""SDL UP 7.41% 2034""",NSE,EQ
4301825,741PN34-SG,"""SDL PN 7.41% 2034""",NSE,EQ
4302081,74MP34-SG,"""SDL MP 7.4% 2034""",NSE,EQ
4302337,739AP35-SG,"""SDL AP 7.39% 2035""",NSE,EQ
4302849,736AP38-SG,"""SDL AP 7.36% 2038""",NSE,EQ
4303105,736TS41-SG,"""SDL TS 7.36% 2041""",NSE,EQ
4303617,LOTUSEYE-BE,"""LOTUS EYE HOSP & INST L""",NSE,EQ
4304385,735TN43-SG,"""SDL TN 7.35% 2043""",NSE,EQ
4304641,735TS45-SG,"""SDL TS 7.35% 2045""",NSE,EQ
4305665,QNIFTY,"""QUANTUM NIFTY 50 ETF""",NSE,EQ
4306177,VINYLINDIA,"""VINYL CHEMICALS (I)""",NSE,EQ
4306433,IKIO,"""IKIO TECHNOLOGIES""",NSE,EQ
4307713,KOKUYOCMLN,"""KOKUYO CAMLIN""",NSE,EQ
4310529,801TCH28-N7,,NSE,EQ
4315905,SINDHUTRAD,"""SINDHU TRADE LINKS""",NSE,EQ
4316929,LPDC,"""LANDMARK PR.DEV.CO.LTD""",NSE,EQ
4317441,73GS2053-GS,"""GOI LOAN  7.3% 2053""",NSE,EQ
4318721,81TCHF28-N8,,NSE,EQ
4319233,83TCHF28-N9,,NSE,EQ
4319745,84TCHF28-NA,,NSE,EQ
4320257,SPECTSTM-SM,"""SPECTRUM TALENT MGMT""",NSE,EQ
4323329,URBAN-SM,"""URBAN ENVIRO WASTE MGMT L""",NSE,EQ
4324865,TCHF30-NB,,NSE,EQ
4326401,DPWIRES,"""D P WIRES""",NSE,EQ
4328449,TOUCHWOOD,"""TOUCHWOOD ENTERTAIN""",NSE,EQ
4329729,ARTEMISMED,"""ARTEMIS MED SERVICE""",NSE,EQ
4330241,ZFCVINDIA,"""ZF COM VE CTR SYS IND""",NSE,EQ
4331777,20MICRONS,"""20 MICRONS""",NSE,EQ
4332289,74AP32-SG,"""SDL AP 7.4% 2032""",NSE,EQ
4333313,JOCIL,"""JOCIL""",NSE,EQ
4333569,739TN33A-SG,"""SDL TN 7.39% 2033""",NSE,EQ
4333825,736JK35-SG,"""SDL JK 7.36% 2035""",NSE,EQ
4334849,INDBANK,"""INDBANK MERCH BANK""",NSE,EQ
4335105,736MZ38-SG,"""SDL MZ 7.36% 2038""",NSE,EQ
4335361,735AP40-SG,"""SDL AP 7.35% 2040""",NSE,EQ
4336385,734TN43-SG,"""SDL TN 7.34% 2043""",NSE,EQ
4337409,ASHOKAMET,"""ASHOKA METCAST""",NSE,EQ
4339201,CELLPOINT-SM,"""CELL POINT (INDIA)""",NSE,EQ
4340225,VILINBIO-SM,"""VILIN BIO MED""",NSE,EQ
4341505,ALKALI,"""ALKALI METALS""",NSE,EQ
4342017,AATMAJ-SM,"""AATMAJ HEALTHCARE""",NSE,EQ
4345089,738GJ30A-SG,"""SDL GJ 7.38% 2030""",NSE,EQ
4345345,74CG30-SG,"""SDL CG 7.4% 2030""",NSE,EQ
4345601,74MH31-SG,"""SDL MH 7.4% 2031""",NSE,EQ
4345857,742CG31-SG,"""SDL CG 7.42% 2031""",NSE,EQ
4346113,742ML32-SG,"""SDL ML 7.42% 2032""",NSE,EQ
4346369,74MH32-SG,"""SDL MH 7.4% 2032""",NSE,EQ
4346625,74HR33-SG,"""SDL HR 7.4% 2033""",NSE,EQ
4347137,745PN34-SG,"""SDL PN 7.45% 2034""",NSE,EQ
4347393,747GA38-SG,"""SDL GA 7.47% 2038""",NSE,EQ
4348417,COUNCODOS,"""COUNTRY CONDO S""",NSE,EQ
4348673,743AP39-SG,"""SDL AP 7.43% 2039""",NSE,EQ
4348929,742AP41-SG,"""SDL AP 7.42% 2041""",NSE,EQ
4349953,742TN43-SG,"""SDL TN 7.42% 2043""",NSE,EQ
4350209,742AP43-SG,"""SDL AP 7.42% 2043""",NSE,EQ
4350465,74TS45-SG,"""SDL TS 7.4% 2045""",NSE,EQ
4350721,739RJ48-SG,"""SDL RJ 7.39% 2048""",NSE,EQ
4350977,TPHQ,"""TEAMO PRODUCTIONS HQ""",NSE,EQ
4351233,739TS51-SG,"""SDL TS 7.39% 2051""",NSE,EQ
4351489,739KL52-SG,"""SDL KL 7.39% 2052""",NSE,EQ
4352769,739TN53-SG,"""SDL TN 7.39% 2053""",NSE,EQ
4357633,MAWANASUG,"""MAWANA SUGARS""",NSE,EQ
4358145,85IFL26-NX,,NSE,EQ
4359425,PATANJALI,"""PATANJALI FOODS""",NSE,EQ
4360193,THYROCARE,"""THYROCARE TECH""",NSE,EQ
4360705,IIFLZC26B-NY,,NSE,EQ
4361985,865IFL28-NZ,,NSE,EQ
4362497,9IIFL28-Y0,,NSE,EQ
4363009,IIFLZC28B-Y1,,NSE,EQ
4363265,SHARIABEES,"""NIP IND ETF SHARIAH BEES""",NSE,EQ
4365569,HMAAGRO,"""HMA AGRO INDUSTRIES""",NSE,EQ
4367105,PALREDTEC-BE,"""PALRED TECHNOLOGIES""",NSE,EQ
4370177,URAVIDEF,"""URAVI DEFENCE &TECH""",NSE,EQ
4373505,ESFL-SM,"""ESSEN SPECIALITY FILMS L""",NSE,EQ
4374529,MAGSON-SM,"""MAGSON RETAIL AND DIST L""",NSE,EQ
4375553,GREENCHEF-SM,"""GREENCHEF APPLIANCES""",NSE,EQ
4376065,CROMPTON,"""CROMPT GREA CON ELEC""",NSE,EQ
4377857,75HP38-SG,"""SDL HP 7.5% 2038""",NSE,EQ
4378113,752AP39-SG,"""SDL AP 7.52% 2039""",NSE,EQ
4378369,747TS41-SG,"""SDL TS 7.47% 2041""",NSE,EQ
4378625,747KL42-SG,"""SDL KL 7.47% 2042""",NSE,EQ
4378881,SUMICHEM,"""SUMITOMO CHEM INDIA""",NSE,EQ
4380161,SGBJ28VIII-GB,"""2.50%GOLDBONDS2028SR-VIII""",NSE,EQ
4380417,746AP43-SG,"""SDL AP 7.46% 2043""",NSE,EQ
4380673,745TN43-SG,"""SDL TN 7.45% 2043""",NSE,EQ
4380929,743RJ48-SG,"""SDL RJ 7.43% 2048""",NSE,EQ
4381185,743PN48-SG,"""SDL PN 7.43% 2048""",NSE,EQ
4381441,743TS50-SG,"""SDL TS 7.43% 2050""",NSE,EQ
4381697,744ML31-SG,"""SDL ML 7.44% 2031""",NSE,EQ
4381953,745AS33-SG,"""SDL AS 7.45% 2033""",NSE,EQ
4382209,745HP33-SG,"""SDL HP 7.45% 2033""",NSE,EQ
4382465,744TN33A-SG,"""SDL TN 7.44% 2033""",NSE,EQ
4383233,744RJ33-SG,"""SDL RJ 7.44% 2033""",NSE,EQ
4383745,746AP34-SG,"""SDL AP 7.46% 2034""",NSE,EQ
4384513,747PN34-SG,"""SDL PN 7.47% 2034""",NSE,EQ
4385281,PARAGMILK,"""PARAG MILK FOODS""",NSE,EQ
4387585,PENTAGON-ST,"""PENTAGON RUBBER""",NSE,EQ
4387841,IDEAFORGE,"""IDEAFORGE TECHNO""",NSE,EQ
4389121,AARTECH,"""AARTECH SOLONICS""",NSE,EQ
4390913,MIDCAPIETF,"""ICICIPRAMC - ICICIM150""",NSE,EQ
4392705,875SFL27-ZF,,NSE,EQ
4394753,GLOBALPET-SM,"""GLOBAL PET INDUSTRIES""",NSE,EQ
4396033,91SFL27-ZI,,NSE,EQ
4398337,NEXT50,"""MIRAEAMC - MANXT50""",NSE,EQ
4399617,SHRIPISTON,"""SHRIRAM PIST. & RING""",NSE,EQ
4399873,CYIENTDLM,"""CYIENT DLM""",NSE,EQ
4402433,PAKKA,"""PAKKA""",NSE,EQ
4403713,SGBJUN31I-GB,"""2.50%GOLDBONDS2031SR-I""",NSE,EQ
4403969,SYNOPTICS-SM,"""SYNOPTICS TECHNOLOGIES L""",NSE,EQ
4404993,ITETFADD,"""DSPAMC - DSPITETF""",NSE,EQ
4405761,TRIDHYA-SM,"""TRIDHYA TECH""",NSE,EQ
4408321,744HR32-SG,"""SDL HR 7.44% 2032""",NSE,EQ
4408577,742TN33-SG,"""SDL TN 7.42% 2033""",NSE,EQ
4408833,747HR35-SG,"""SDL HR 7.47% 2035""",NSE,EQ
4409089,744JK38-SG,"""SDL JK 7.44% 2038""",NSE,EQ
4409345,744TS39-SG,"""SDL TS 7.44% 2039""",NSE,EQ
4416001,743AP41-SG,"""SDL AP 7.43% 2041""",NSE,EQ
4416257,743AP42-SG,"""SDL AP 7.43% 2042""",NSE,EQ
4417537,ALBERTDAVD,"""ALBERT DAVID""",NSE,EQ
4417793,742KL43-SG,"""SDL KL 7.42% 2043""",NSE,EQ
4419329,ARMANFIN,"""ARMAN FIN SERV""",NSE,EQ
4421121,ASPINWALL,"""ASPINWALL & CO""",NSE,EQ
4421377,SENCO,"""SENCO GOLD""",NSE,EQ
4421633,SETFGOLD,"""SBI-ETF GOLD""",NSE,EQ
4423425,BLS,"""BLS INTL SERVS""",NSE,EQ
4427521,NAGAFERT,"""NAGARJUN FERT AND CHE""",NSE,EQ
4430593,AJMERA,"""AJMERA REALTY & INF I""",NSE,EQ
4432129,LLOYDSME,"""LLOYDS METALS N ENERGY L""",NSE,EQ
4434433,737BR30-SG,"""SDL BR 7.37% 2030""",NSE,EQ
4434689,735TN33A-SG,"""SDL TN 7.35% 2033""",NSE,EQ
4434945,738GA33-SG,"""SDL GA 7.38% 2033""",NSE,EQ
4435201,736AP38A-SG,"""SDL AP 7.36% 2038""",NSE,EQ
4435457,736MZ38A-SG,"""SDL MZ 7.36% 2038""",NSE,EQ
4435713,736KL38-SG,"""SDL KL 7.36% 2038""",NSE,EQ
4435969,734TS44-SG,"""SDL TS 7.34% 2044""",NSE,EQ
4436225,734TS46-SG,"""SDL TS 7.34% 2046""",NSE,EQ
4437249,MHRIL,"""MAHINDRA HOLIDAYS""",NSE,EQ
4441345,1050NFL26-N7,,NSE,EQ
4441857,SALONA,"""SALONA COTSPIN""",NSE,EQ
4442113,1102NFL26-N8,,NSE,EQ
4443393,GKWLIMITED,"""GKW""",NSE,EQ
4443649,UTKARSHBNK,"""UTKARSH SMALL FIN BANK L""",NSE,EQ
4445185,VINATIORGA,"""VINATI ORGANICS""",NSE,EQ
4447233,DRONE-SM,"""DRONE DESTINATION""",NSE,EQ
4449281,EXCEL-BE,"""EXCEL REALTY N INFRA""",NSE,EQ
4451329,ADANIPOWER,"""ADANI POWER""",NSE,EQ
4453121,SETF10GILT,"""SBIAMC - SETF10GILT""",NSE,EQ
4453633,PREMEXPLN,"""PREMIER EXPLOSIVES""",NSE,EQ
4453889,718GS2037-GS,"""GOI LOAN  7.18% 2037""",NSE,EQ
4454145,SERVICE-SM,"""SERVICE CARE""",NSE,EQ
4454401,NHPC,"""NHPC""",NSE,EQ
4459265,BANKETF,"""MIRAEAMC - BANKETF""",NSE,EQ
4460545,GLOBUSSPR,"""GLOBUS SPIRITS""",NSE,EQ
4462849,NETWEB,"""NETWEB TECH INDIA""",NSE,EQ
4464129,OIL,"""OIL INDIA""",NSE,EQ
4466177,74BR30-SG,"""SDL BR 7.4% 2030""",NSE,EQ
4467969,74UP33-SG,"""SDL UP 7.4% 2033""",NSE,EQ
4468225,739TN33B-SG,"""SDL TN 7.39% 2033""",NSE,EQ
4468481,741GA33-SG,"""SDL GA 7.41% 2033""",NSE,EQ
4468737,741RJ33-SG,"""SDL RJ 7.41% 2033""",NSE,EQ
4468993,743AP35-SG,"""SDL AP 7.43% 2035""",NSE,EQ
4469249,741MN35-SG,"""SDL MN 7.41% 2035""",NSE,EQ
4469505,736KL41-SG,"""SDL KL 7.36% 2041""",NSE,EQ
4469761,736RJ41-SG,"""SDL RJ 7.36% 2041""",NSE,EQ
4470017,736WB41-SG,"""SDL WB 7.36% 2041""",NSE,EQ
4470529,736TN43-SG,"""SDL TN 7.36% 2043""",NSE,EQ
4473601,NV20IETF,"""ICICI PRUDENTIAL NV20 ETF""",NSE,EQ
4474113,CONTROLPR,"""CONTROL PRINT""",NSE,EQ
4476417,EXPLEOSOL,"""EXPLEO SOLUTIONS""",NSE,EQ
4481793,INCREDIBLE,"""INCREDIBLE INDUSTRIES""",NSE,EQ
4482049,940SCL26C-AU,,NSE,EQ
4483585,SETCO,"""SETCO AUTOMOTIVE""",NSE,EQ
4483841,990SCL26I-AV,,NSE,EQ
4485121,RTNPOWER,"""RATTANINDIA POWER""",NSE,EQ
4485377,902SCL26I-AW,,NSE,EQ
4487169,948SCL26I-AX,,NSE,EQ
4487937,MAHASTEEL-BE,"""MAHAMAYA STEEL INDS""",NSE,EQ
4488705,MGL,"""MAHANAGAR GAS""",NSE,EQ
4488961,SCLZC26B-AY,,NSE,EQ
4490497,DAMODARIND,"""DAMODAR INDUSTRIES""",NSE,EQ
4490753,1015SCL28B-AZ,,NSE,EQ
4491777,925SCL28I-BA,,NSE,EQ
4492033,AMRUTANJAN,"""AMRUTAJAN HEALTH""",NSE,EQ
4496385,971SCL28I-BC,,NSE,EQ
4498433,LIQUID,"""MIRAEAMC - LIQUID""",NSE,EQ
4499457,PVTBANKADD,"""DSPAMC - DSPPVBKETF""",NSE,EQ
4505089,ASALCBR,"""ASSO ALCOHOLS & BREW""",NSE,EQ
4506369,MAHEPC,"""MAHINDRA EPC IRRIG""",NSE,EQ
4508929,SENSEXADD,"""DSPAMC - DSPSENXETF""",NSE,EQ
4509697,PSUBANKADD,"""DSPAMC - DSPPSBKETF""",NSE,EQ
4512001,MOLDTECH,"""MOLD-TEK TECHNOLOGIES""",NSE,EQ
4512513,YCCL-SM,"""YASONS CHEMEX CARE""",NSE,EQ
4514561,ZYDUSWELL,"""ZYDUS WELLNESS""",NSE,EQ
4515073,745TS30A-SG,"""SDL TS 7.45% 2030""",NSE,EQ
4516097,SUNTECK,"""SUNTECK REALTY""",NSE,EQ
4516353,745AS33A-SG,"""SDL AS 7.45% 2033""",NSE,EQ
4516609,745AP33-SG,"""SDL AP 7.45% 2033""",NSE,EQ
4518657,POKARNA,"""POKARNA""",NSE,EQ
4518913,749RJ34-SG,"""SDL RJ 7.49% 2034""",NSE,EQ
4519169,745KL40-SG,"""SDL KL 7.45% 2040""",NSE,EQ
4520705,UNIVPHOTO,"""UNIVERSUS IMAGINGS""",NSE,EQ
4521985,SGBFEB28IX-GB,"""2.50%GOLDBONDS2028SR-IX""",NSE,EQ
4522753,745TS40-SG,"""SDL TS 7.45% 2040""",NSE,EQ
4523009,745AP40A-SG,"""SDL AP 7.45% 2040""",NSE,EQ
4523265,744AP43-SG,"""SDL AP 7.44% 2043""",NSE,EQ
4523521,743TN43-SG,"""SDL TN 7.43% 2043""",NSE,EQ
4523777,743TN53-SG,"""SDL TN 7.43% 2053""",NSE,EQ
4524033,744JK53-SG,"""SDL JK 7.44% 2053""",NSE,EQ
4524801,ALOKINDS,"""ALOK INDUSTRIES""",NSE,EQ
4527105,SHRITECH-SM,"""SHRI TECHTEX""",NSE,EQ
4527361,GPTINFRA,"""GPT INFRAPROJECTS""",NSE,EQ
4528897,VIJIFIN,"""VIJI FINANCE""",NSE,EQ
4531201,LTGILTBEES,"""NIP IND ETF LONGTERM GILT""",NSE,EQ
4531713,MIDSELIETF,"""ICICI PRUD MIDCAP SEL ETF""",NSE,EQ
4532225,QUESS,"""QUESS CORP""",NSE,EQ
4536833,DEN,"""DEN NETWORKS""",NSE,EQ
4538369,ASTEC,"""ASTEC LIFESCIENCES""",NSE,EQ
4540161,BAFNAPH-BE,"""BAFNA PHARMACEUTICALS""",NSE,EQ
4540929,YATHARTH,"""YATHARTH HOSP & TRA C S L""",NSE,EQ
4543233,NIITMTS,"""NIIT LEARNING SYSTEMS""",NSE,EQ
4544513,SHILPAMED,"""SHILPA MEDICARE""",NSE,EQ
4546049,SARDAEN,"""SARDA ENERGY & MIN""",NSE,EQ
4547585,REFEX,"""REFEX INDUSTRIES""",NSE,EQ
4548097,ZEAL-SM,"""ZEAL GLOBAL SERVICES""",NSE,EQ
4549121,GROBTEA,"""THE GROB TEA COMPANY""",NSE,EQ
4551169,ATL,"""ALLCARGO TERMINALS""",NSE,EQ
4551937,KKVAPOW-SM,"""KKV AGRO POWERS""",NSE,EQ
4555265,SOMICONVEY,"""SOMI CONVEYOR BELT.""",NSE,EQ
4555521,TREL,"""TRANSINDIA REAL ESTATE L""",NSE,EQ
4557057,LLOYDSENGG,"""LLOYDS ENGG WORK""",NSE,EQ
4558849,QUAL30IETF,"""ICICIPRAMC - ICICIQTY30""",NSE,EQ
4561409,LTIM,"""LTIMINDTREE""",NSE,EQ
4565249,AHLUCONT,"""AHLUWALIA CONT IND""",NSE,EQ
4565505,747TS32-SG,"""SDL TS 7.47% 2032""",NSE,EQ
4565761,744TN33B-SG,"""SDL TN 7.44% 2033""",NSE,EQ
4566785,GILLANDERS,"""GILLANDERS ARBUTHNOT""",NSE,EQ
4567041,743TS41-SG,"""SDL TS 7.43% 2041""",NSE,EQ
4567297,743PN48A-SG,"""SDL PN 7.43% 2048""",NSE,EQ
4569601,743JK53-SG,"""SDL JK 7.43% 2053""",NSE,EQ
4569857,DLINKINDIA,"""D-LINK INDIA""",NSE,EQ
4570113,747AP32-SG,"""SDL AP 7.47% 2032""",NSE,EQ
4571905,REDTAPE,"""REDTAPE""",NSE,EQ
4573185,957NIDO26-N5,,NSE,EQ
4573697,10NIDO26-N6,,NSE,EQ
4574209,NIDOZC26-N7,,NSE,EQ
4574465,JSWENERGY,"""JSW ENERGY""",NSE,EQ
4576001,GODREJPROP,"""GODREJ PROPERTIES""",NSE,EQ
4577537,DBCORP,"""D.B.CORP""",NSE,EQ
4577793,ORIANA-SM,"""ORIANA POWER""",NSE,EQ
4579329,GATECH,"""GACM TECHNOLOGIES""",NSE,EQ
4581889,VINSYS-SM,"""VINSYS IT SERVICES IND LT""",NSE,EQ
4583169,ABBOTINDIA,"""ABBOTT INDIA""",NSE,EQ
4587521,HDIL-BZ,"""HOUSING DEV & INFRA""",NSE,EQ
4588033,GEEKAYWIRE,"""GEEKAY WIRES""",NSE,EQ
4589313,BAYERCROP,"""BAYER CROPSCIENCE""",NSE,EQ
4590849,BEARDSELL,"""BEARDSELL""",NSE,EQ
4592385,HINDCOPPER,"""HINDUSTAN COPPER""",NSE,EQ
4592641,925IHFL25E-N8,,NSE,EQ
4593921,COHANCE,"""COHANCE LIFESCIENCES""",NSE,EQ
4595713,CIFC26A-N9,,NSE,EQ
4596993,MMTC,"""MMTC""",NSE,EQ
4597249,84CIFCL28-NA,,NSE,EQ
4598529,NESTLEIND,"""NESTLE INDIA""",NSE,EQ
4598785,CIFC28-NB,,NSE,EQ
4600577,SBICARD,"""SBI CARDS & PAY SER""",NSE,EQ
4604673,TRF,"""TRF""",NSE,EQ
4607745,UNITEDTEA,"""UNITED NILGIRI TEA""",NSE,EQ
4610817,WHIRLPOOL,"""WHIRLPOOL OF INDIA""",NSE,EQ
4611073,VLEGOV,"""VL E GOV AND IT SOL""",NSE,EQ
4614145,SETUINFRA-BZ,"""SETUBANDHAN INFRA""",NSE,EQ
4614401,718GS2033-GS,"""GOI LOAN  7.18% 2033""",NSE,EQ
4614657,SBFC,"""SBFC FINANCE""",NSE,EQ
4615425,MBLINFRA,"""MBL INFRASTRUCTURE""",NSE,EQ
4616961,SANGANI-SM,"""SANGANI HOSPITALS""",NSE,EQ
4617985,ADVENZYMES,"""ADVANCED ENZYME TECH""",NSE,EQ
4618241,YUDIZ-SM,"""YUDIZ SOLUTIONS""",NSE,EQ
4620545,MINDTECK,"""MINDTECK (INDIA)""",NSE,EQ
4622337,SSFL-SM,"""SRIVARI SPICES N FOODS L""",NSE,EQ
4623361,CONCORDBIO,"""CONCORD BIOTECH""",NSE,EQ
4628481,75BR31-SG,"""SDL BR 7.5% 2031""",NSE,EQ
4628737,749HR33-SG,"""SDL HR 7.49% 2033""",NSE,EQ
4628993,75GA33-SG,"""SDL GA 7.5% 2033""",NSE,EQ
4629249,752PN35-SG,"""SDL PN 7.52% 2035""",NSE,EQ
4629505,751MN35-SG,"""SDL MN 7.51% 2035""",NSE,EQ
4629761,75UP35-SG,"""SDL UP 7.5% 2035""",NSE,EQ
4630017,DBL,"""DILIP BUILDCON""",NSE,EQ
4630273,751PN36-SG,"""SDL PN 7.51% 2036""",NSE,EQ
4630529,749PN37-SG,"""SDL PN 7.49% 2037""",NSE,EQ
4632577,JUBLFOOD,"""JUBILANT FOODWORKS""",NSE,EQ
4632833,747KL39-SG,"""SDL KL 7.47% 2039""",NSE,EQ
4633089,745TS47-SG,"""SDL TS 7.45% 2047""",NSE,EQ
4634113,NIFTY1,"""KOTAK NIFTY ETF""",NSE,EQ
4634881,745JK53-SG,"""SDL JK 7.45% 2053""",NSE,EQ
4636161,VASCONEQ,"""VASCON ENGINEERS""",NSE,EQ
4637697,ELECTCAST-W1,"""ELECTCAST WARRANTS""",NSE,EQ
4638209,THANGAMAYL,"""THANGAMAYIL JEWELLERY""",NSE,EQ
4638465,SRGHFL,"""SRG HOUSING FINANCE L""",NSE,EQ
4639745,DBREALTY,"""VALOR ESTATE""",NSE,EQ
4641537,YASHO,"""YASHO INDUSTRIES""",NSE,EQ
4643585,DOLPHIN,"""DOLPHIN OFF ENT (IND) L""",NSE,EQ
4644353,EMMBI,"""EMMBI INDUSTRIES""",NSE,EQ
4644609,JIOFIN,"""JIO FIN SERVICES""",NSE,EQ
4646657,TVSSCS,"""TVS SUPPLY CHAIN SOL L""",NSE,EQ
4647425,HATHWAY,"""HATHWAY CABLE & DATACOM""",NSE,EQ
4659969,747AS28-SG,"""SDL AS 7.47% 2028""",NSE,EQ
4660225,749BR31-SG,"""SDL BR 7.49% 2031""",NSE,EQ
4661249,ORIENTLTD,"""ORIENT PRESS""",NSE,EQ
4661505,749GA33-SG,"""SDL GA 7.49% 2033""",NSE,EQ
4661761,749UP34-SG,"""SDL UP 7.49% 2034""",NSE,EQ
4662785,TEXMOPIPES,"""TEXMO PIPE & PRODUCTS""",NSE,EQ
4663041,747KL37-SG,"""SDL KL 7.47% 2037""",NSE,EQ
4663297,746AP38-SG,"""SDL AP 7.46% 2038""",NSE,EQ
4664321,KECL,"""KIRLOSKAR ELECTRIC CO""",NSE,EQ
4664577,746MZ39-SG,"""SDL MZ 7.46% 2039""",NSE,EQ
4665857,MANINFRA,"""MAN INFRA""",NSE,EQ
4667393,LORDSCHLO,"""LORDS CHLORO ALKALI""",NSE,EQ
4672001,PYRAMID,"""PYRAMID TECHNOPLAST""",NSE,EQ
4672513,SPAL,"""S. P. APPARELS""",NSE,EQ
4674561,CLSL-SM,"""CROP LIFE SCIENCE""",NSE,EQ
4675585,SEL-SM,"""SUNGARNER ENERGIES""",NSE,EQ
4676609,AEROFLEX,"""AEROFLEX INDUSTRIES""",NSE,EQ
4679425,HDFCLIQUID,"""HDFCAMC - HDFCLIQUID""",NSE,EQ
4680449,74WB42-SG,"""SDL WB 7.4% 2042""",NSE,EQ
4680705,HNGSNGBEES,"""NIP IND ETF HANGSENG BEES""",NSE,EQ
4682753,IVZINGOLD,"""INVESCO INDIA GOLD ETF""",NSE,EQ
4689921,745BR31-SG,"""SDL BR 7.45% 2031""",NSE,EQ
4690177,LGBBROSLTD,"""LG BALAKRISHNAN & BROS""",NSE,EQ
4690433,744RJ33A-SG,"""SDL RJ 7.44% 2033""",NSE,EQ
4690689,744HR33-SG,"""SDL HR 7.44% 2033""",NSE,EQ
4691713,744GA33-SG,"""SDL GA 7.44% 2033""",NSE,EQ
4692993,745AP34-SG,"""SDL AP 7.45% 2034""",NSE,EQ
4693249,745HR35-SG,"""SDL HR 7.45% 2035""",NSE,EQ
4693505,741WB39-SG,"""SDL WB 7.41% 2039""",NSE,EQ
4693761,741RJ39-SG,"""SDL RJ 7.41% 2039""",NSE,EQ
4694017,74KL41-SG,"""SDL KL 7.4% 2041""",NSE,EQ
4694273,74RJ41-SG,"""SDL RJ 7.4% 2041""",NSE,EQ
4695297,VPRPL,"""VISHNU PRAKASH R PUNGLI L""",NSE,EQ
4696833,NIFMID150,"""UTIAMC - NIFMID150""",NSE,EQ
4699905,SANDUMA,"""SANDUR MANG & IRON ORES L""",NSE,EQ
4701441,PERSISTENT,"""PERSISTENT SYSTEMS""",NSE,EQ
4702977,NDGL,"""NAGA DHUNSERI GROUP""",NSE,EQ
4703233,CPS-SM,"""C P S SHAPERS""",NSE,EQ
4708097,RBLBANK,"""RBL BANK""",NSE,EQ
4708353,MONOPHARMA-SM,"""MONO PHARMACARE""",NSE,EQ
4710401,744AP33-SG,"""SDL AP 7.44% 2033""",NSE,EQ
4710657,747AS33-SG,"""SDL AS 7.47% 2033""",NSE,EQ
4710913,747UK33-SG,"""SDL UK 7.47% 2033""",NSE,EQ
4711169,747GA33-SG,"""SDL GA 7.47% 2033""",NSE,EQ
4711425,743TN33-SG,"""SDL TN 7.43% 2033""",NSE,EQ
4711681,745PN34A-SG,"""SDL PN 7.45% 2034""",NSE,EQ
4711937,744MN35-SG,"""SDL MN 7.44% 2035""",NSE,EQ
4712193,744HR35-SG,"""SDL HR 7.44% 2035""",NSE,EQ
4712449,744RJ36-SG,"""SDL RJ 7.44% 2036""",NSE,EQ
4712705,742HP38-SG,"""SDL HP 7.42% 2038""",NSE,EQ
4712961,744TS39A-SG,"""SDL TS 7.44% 2039""",NSE,EQ
4713217,744AP40-SG,"""SDL AP 7.44% 2040""",NSE,EQ
4713473,74TS43-SG,"""SDL TS 7.4% 2043""",NSE,EQ
4713729,74AP43-SG,"""SDL AP 7.4% 2043""",NSE,EQ
4715265,RISHABH-BE,"""RISHABH INSTRUMENTS""",NSE,EQ
4716033,ASIANHOTNR,"""ASIAN HOTELS (NORTH)""",NSE,EQ
4716289,RATNAVEER,"""RATNAVEER PRECISION ENG L""",NSE,EQ
4718337,BIGBLOC,"""BIGBLOC CONSTRUCTION""",NSE,EQ
4721153,BASILIC-SM,"""BASILIC FLY STUDIO""",NSE,EQ
4723457,SGBMAR28X-GB,"""2.50%GOLDBONDS2028SR-X""",NSE,EQ
4724993,POWERINDIA,"""HITACHI ENERGY INDIA""",NSE,EQ
4728577,925CAGL26-N9,,NSE,EQ
4729089,CAGL26-NA,,NSE,EQ
4729345,719GS2060-GS,"""GOI LOAN 7.19% 2060""",NSE,EQ
4730625,ISFT,"""INTRASOFT TECH.""",NSE,EQ
4730881,940CAGL27-NB,,NSE,EQ
4732161,CAGL27-NC,,NSE,EQ
4732673,970CAGL28-ND,,NSE,EQ
4735489,CAGL28-NE,,NSE,EQ
4736257,SABEVENTS-BE,"""SAB EVENTS & GOVERNANCE""",NSE,EQ
4737025,TVVISION,"""TV VISION""",NSE,EQ
4739329,SAROJA-ST,"""SAROJA PHARMA INDUS IND L""",NSE,EQ
4739585,PRAMARA-SM,"""PRAMARA PROMOTIONS""",NSE,EQ
4740609,748AP38A-SG,"""SDL AP 7.48% 2038""",NSE,EQ
4740865,743JK53A-SG,"""SDL JK 7.43% 2053""",NSE,EQ
4741121,CUPID,"""CUPID""",NSE,EQ
4741377,748PN34-SG,"""SDL PN 7.48% 2034""",NSE,EQ
4741633,746GA38-SG,"""SDL GA 7.46% 2038""",NSE,EQ
4742913,746MP38-SG,"""SDL MP 7.46% 2038""",NSE,EQ
4743169,747MH34-SG,"""SDL MH 7.47% 2034""",NSE,EQ
4743425,747HR33-SG,"""SDL HR 7.47% 2033""",NSE,EQ
4743937,746MH33-SG,"""SDL MH 7.46% 2033""",NSE,EQ
4744193,748UK33-SG,"""SDL UK 7.48% 2033""",NSE,EQ
4745217,746MP39-SG,"""SDL MP 7.46% 2039""",NSE,EQ
4745473,746TS42-SG,"""SDL TS 7.46% 2042""",NSE,EQ
4745729,744TS45-SG,"""SDL TS 7.44% 2045""",NSE,EQ
4745985,746AP41-SG,"""SDL AP 7.46% 2041""",NSE,EQ
4747009,DIACABS,"""DIAMOND POWER INFRA""",NSE,EQ
4749569,JLHL,"""JUPITER LIFE LINE HOSP L""",NSE,EQ
4750849,JIWANRAM-SM,"""JIWANRAM SHEODUTTRA IND L""",NSE,EQ
4751617,716GS2050-GS,"""GOI LOAN 7.16% 2050""",NSE,EQ
4751873,MITTAL,"""MITTAL LIFE STYLE""",NSE,EQ
4752385,LTTS,"""L&T TECHNOLOGY SER.""",NSE,EQ
4752897,RRKABEL,"""R R KABEL""",NSE,EQ
4754177,GNA,"""GNA AXLES""",NSE,EQ
4756737,KIRLOSBROS,"""KIRLOSKAR BROTHERS""",NSE,EQ
4759297,UNIHEALTH-ST,"""UNIHEALTH HOSPITALS""",NSE,EQ
4759809,EMSLIMITED,"""EMS""",NSE,EQ
4763649,ZAGGLE,"""ZAGGLE PREPA OCEAN SER L""",NSE,EQ
4765185,SAMHI,"""SAMHI HOTELS""",NSE,EQ
4767745,865SCL26-N8,,NSE,EQ
4768257,885SCL26-N9,,NSE,EQ
4768769,9SCL26BA-NA,,NSE,EQ
4769281,SCLZC26-NB,,NSE,EQ
4769793,879SCL26-NC,,NSE,EQ
4770305,9SCL26B-ND,,NSE,EQ
4770817,915SCL26-NE,,NSE,EQ
4771329,SCLZC26A-NF,,NSE,EQ
4772865,DIAMINESQ,"""DIAMINES & CHEMICALS""",NSE,EQ
4774145,HOLMARC-SM,"""HOLMARC OPTO MECHATRO L""",NSE,EQ
4774913,ICICIPRULI,"""ICICI PRU LIFE INS CO""",NSE,EQ
4775425,CHAVDA-SM,"""CHAVDA INFRA""",NSE,EQ
4776705,MARATHON,"""MARATHON NXTGEN REALT""",NSE,EQ
4781825,HPL,"""HPL ELECTRIC & POWER""",NSE,EQ
4782081,745HR35A-SG,"""SDL HR 7.45% 2035""",NSE,EQ
4782337,744AP36-SG,"""SDL AP 7.44% 2036""",NSE,EQ
4783617,741WB42-SG,"""SDL WB 7.41% 2042""",NSE,EQ
4783873,741JK53-SG,"""SDL JK 7.41% 2053""",NSE,EQ
4784129,74GJ27-SG,"""SDL GJ 7.4% 2027""",NSE,EQ
4784385,747CG30-SG,"""SDL CG 7.47% 2030""",NSE,EQ
4784641,746TS30-SG,"""SDL TS 7.46% 2030""",NSE,EQ
4784897,749BR31A-SG,"""SDL BR 7.49% 2031""",NSE,EQ
4785409,AVSL-ST,"""AVSL INDUSTRIES""",NSE,EQ
4785665,745HR33-SG,"""SDL HR 7.45% 2033""",NSE,EQ
4786177,746GA33-SG,"""SDL GA 7.46% 2033""",NSE,EQ
4787201,JETKNIT-ST,"""JET KNITWEARS""",NSE,EQ
4787457,746SK33-SG,"""SDL SK 7.46% 2033""",NSE,EQ
4787969,744MP35-SG,"""SDL MP 7.44% 2035""",NSE,EQ
4789249,KEL-SM,"""KUNDAN EDIFICE""",NSE,EQ
4792577,NUVAMA,"""NUVAMA WEALTH MANAGE""",NSE,EQ
4794369,MADHUSUDAN-SM,"""MADHUSUDAN MASALA""",NSE,EQ
4795137,MASKINVEST-BE,"""MASK INVESTMENTS""",NSE,EQ
4797697,GRETEX-SM,"""GRETEX INDUSTRIES""",NSE,EQ
4798209,SIGNATURE,"""SIGNATUREGLOBAL INDIA""",NSE,EQ
4800257,KODYTECH-SM,"""KODY TECHNOLAB""",NSE,EQ
4801281,KALAMANDIR,"""SAI SILKS (KALAMANDIR) L""",NSE,EQ
4802561,YATRA,"""YATRA ONLINE""",NSE,EQ
4803073,ALCODIS-SM,"""ALCOKRAFT DISTILLERIE""",NSE,EQ
4804865,DRL-SM,"""DHANUKA REALTY""",NSE,EQ
4805889,MARCO-SM,"""MARCO CABLE & CONDUCTOR L""",NSE,EQ
4808449,IDFNIFTYET,"""BANDHANAMC - IDFNIFTYET""",NSE,EQ
4811265,HIGREEN-SM,"""HI GREEN CARBON""",NSE,EQ
4814337,CELLECOR-SM,"""CELLECOR GADGETS""",NSE,EQ
4816641,GICL-SM,"""GLOBE INTL CARRIERS""",NSE,EQ
4818433,ENDURANCE,"""ENDURANCE TECHNO.""",NSE,EQ
4820737,TARAPUR-BE,"""TARAPUR TRANSFORMERS""",NSE,EQ
4823041,NIRAJISPAT,"""NIRAJ ISPAT IND""",NSE,EQ
4827137,965SCL28C-BR,,NSE,EQ
4827393,579GS2030-GS,"""GOI LOAN 5.79% 2030""",NSE,EQ
4827905,925SCL28C-BS,,NSE,EQ
4828417,971SCL28C-BU,,NSE,EQ
4828673,SGBAPR28I-GB,"""2.50%GOLDBONDS2028SR-I""",NSE,EQ
4828929,VERTOZ,"""VERTOZ""",NSE,EQ
4829697,MAZDA,"""MAZDA""",NSE,EQ
4830209,10SCL30A-BV,,NSE,EQ
4831745,1003SCL30-BW,,NSE,EQ
4833025,957SCL30-BX,,NSE,EQ
4834049,SJVN,"""SJVN""",NSE,EQ
4835585,KSL,"""KALYANI STEELS""",NSE,EQ
4837633,1025SCL33A-N1,,NSE,EQ
4838913,1075SCL33A-N2,,NSE,EQ
4839425,980SCL33A-N3,,NSE,EQ
4839937,888SCL25E-N4,,NSE,EQ
4840449,PNBHOUSING,"""PNB HOUSING FIN""",NSE,EQ
4841217,745RJ44-SG,"""SDL RJ 7.45% 2044""",NSE,EQ
4841473,745MP44-SG,"""SDL MP 7.45% 2044""",NSE,EQ
4842497,743RJ49-SG,"""SDL RJ 7.43% 2049""",NSE,EQ
4843777,VBL,"""VARUN BEVERAGES""",NSE,EQ
4844033,743TN53A-SG,"""SDL TN 7.43% 2053""",NSE,EQ
4844289,748MP29-SG,"""SDL MP 7.48% 2029""",NSE,EQ
4846337,SUNDARAM,"""SUNDARAM MULTI PAP""",NSE,EQ
4846593,749CG30-SG,"""SDL CG 7.49% 2030""",NSE,EQ
4846849,752BR31-SG,"""SDL BR 7.52% 2031""",NSE,EQ
4848129,745GJ31-SG,"""SDL GJ 7.45% 2031""",NSE,EQ
4848385,746RJ33-SG,"""SDL RJ 7.46% 2033""",NSE,EQ
4849921,749GA33A-SG,"""SDL GA 7.49% 2033""",NSE,EQ
4850177,747HR33A-SG,"""SDL HR 7.47% 2033""",NSE,EQ
4850689,KINGFA-BE,"""KINGFA SCI & TEC IND""",NSE,EQ
4852225,748HR35-SG,"""SDL HR 7.48% 2035""",NSE,EQ
4854273,RAJRATAN,"""RAJRATAN GLOBAL WIRE""",NSE,EQ
4855553,KAPSTON,"""KAPSTON SERVICES""",NSE,EQ
4856833,SGBMAY28-GB,"""2.50%GOLDBONDS2028SR-II""",NSE,EQ
4857089,619GS2034-GS,"""GOI LOAN 6.19% 2034""",NSE,EQ
4858113,UNIVASTU,"""UNIVASTU INDIA""",NSE,EQ
4861697,759MN35-SG,"""SDL MN 7.59% 2035""",NSE,EQ
4862209,749PN35-SG,"""SDL PN 7.49% 2035""",NSE,EQ
4862465,746MP38A-SG,"""SDL MP 7.46% 2038""",NSE,EQ
4863489,746WB39-SG,"""SDL WB 7.46% 2039""",NSE,EQ
4863745,745KL39-SG,"""SDL KL 7.45% 2039""",NSE,EQ
4864001,744WB42-SG,"""SDL WB 7.44% 2042""",NSE,EQ
4866817,MASTER-SM,"""MASTER COMPONENTS""",NSE,EQ
4867841,MVGJL,"""MANOJ VAIBHAV GEM N JEW L""",NSE,EQ
4869121,JSWINFRA,"""JSW INFRASTRUCTURE""",NSE,EQ
4870401,KIRLOSIND,"""KIRLOSKAR INDUSTRIES""",NSE,EQ
4873217,PODDARMENT,"""PODDAR PIGMENTS""",NSE,EQ
4875521,10IIFL29-N6,,NSE,EQ
4876033,105IIFL29-N7,,NSE,EQ
4879617,MANAPPURAM,"""MANAPPURAM FINANCE""",NSE,EQ
4882689,AARVI,"""AARVI ENCON""",NSE,EQ
4883969,SGBJUN28-GB,"""2.5%GOLDBONDS2028SR-III""",NSE,EQ
4885505,ITBEES,"""NIP IND ETF IT""",NSE,EQ
4889345,SILLYMONKS-BE,"""SILLY MONKS ENTERTAIN""",NSE,EQ
4890625,ROLLT,"""ROLLATAINERS""",NSE,EQ
4892417,NBIFIN,"""N.B.I. IND. FIN. CO.""",NSE,EQ
4892673,SAAKSHI-ST,"""SAAKSHI MEDTEC N PANELS L""",NSE,EQ
4892929,UDS,"""UPDATER SERVICES""",NSE,EQ
4896257,KIOCL,"""KIOCL""",NSE,EQ
4898305,MAL-SM,"""MANGALAM ALLOYS""",NSE,EQ
4899329,DIGIKORE-SM,"""DIGIKORE STUDIOS""",NSE,EQ
4900353,UMESLTD,"""USHA MARTIN EDU & SOL""",NSE,EQ
4903425,INSPIRE-SM,"""INSPIRE FILMS""",NSE,EQ
4905217,NEWJAISA-ST,"""NEWJAISA TECHNOLOGIES""",NSE,EQ
4905473,752TN33-SG,"""SDL TN 7.52% 2033""",NSE,EQ
4905729,754UK33-SG,"""SDL UK 7.54% 2033""",NSE,EQ
4905985,76AP34-SG,"""SDL AP 7.6% 2034""",NSE,EQ
4906241,755MP35-SG,"""SDL MP 7.55% 2035""",NSE,EQ
4906497,759HR35-SG,"""SDL HR 7.59% 2035""",NSE,EQ
4906753,767PN35-SG,"""SDL PN 7.67% 2035""",NSE,EQ
4907009,756UP35-SG,"""SDL UP 7.56% 2035""",NSE,EQ
4907265,751MP38-SG,"""SDL MP 7.51% 2038""",NSE,EQ
4908033,759WB39-SG,"""SDL WB 7.59% 2039""",NSE,EQ
4908545,75AP41-SG,"""SDL AP 7.5% 2041""",NSE,EQ
4909313,749TS44-SG,"""SDL TS 7.49% 2044""",NSE,EQ
4909569,749KL45-SG,"""SDL KL 7.49% 2045""",NSE,EQ
4909825,753HR33-SG,"""SDL HR 7.53% 2033""",NSE,EQ
4910081,754CG31-SG,"""SDL CG 7.54% 2031""",NSE,EQ
4910337,762BR31-SG,"""SDL BR 7.62% 2031""",NSE,EQ
4911105,SFL,"""SHEELA FOAM""",NSE,EQ
4911361,755TS32-SG,"""SDL TS 7.55% 2032""",NSE,EQ
4911617,762AS33-SG,"""SDL AS 7.62% 2033""",NSE,EQ
4912897,754RJ33-SG,"""SDL RJ 7.54% 2033""",NSE,EQ
4914177,TI,"""TILAKNAGAR INDUSTRIES""",NSE,EQ
4916481,HEADSUP,"""HEADS UP VENTURES""",NSE,EQ
4916737,VINYAS-SM,"""VINYAS INNOVATIVE TECH L""",NSE,EQ
4918017,HMVL,"""HINDUSTAN MEDIA VENT""",NSE,EQ
4919809,VALIANTLAB,"""VALIANT LABORATORIES""",NSE,EQ
4921089,TCIEXP,"""TCI EXPRESS""",NSE,EQ
4921345,SENSEXETF,"""MIRAEAMC - SENSEXETF""",NSE,EQ
4923649,AARTISURF,"""AARTI SURFACTANTS""",NSE,EQ
4923905,LAURUSLABS,"""LAURUS LABS""",NSE,EQ
4924161,IMFA,"""INDIAN METALS & FERRO""",NSE,EQ
4924673,MONIFTY500,"""MOTILALAMC - MONIFTY500""",NSE,EQ
4928769,ARABIAN-SM,"""ARABIAN PETROLEUM""",NSE,EQ
4929793,CHOLAFIN-D1,,NSE,EQ
4931841,BLISSGVS,"""BLISS GVS PHARMA""",NSE,EQ
4934913,EMAMIREAL,"""EMAMI REALTY""",NSE,EQ
4935169,EFACTOR-ST,"""E FACTOR EXPERIENCES""",NSE,EQ
4935425,THEJO,"""THEJO ENGINEERING""",NSE,EQ
4937473,KONTOR-SM,"""KONTOR SPACE""",NSE,EQ
4937985,MOM50,"""MOTILAL OSWAL M50 ETF""",NSE,EQ
4939777,TERASOFT-BE,"""TERA SOFTWARE""",NSE,EQ
4940545,ITDC,"""INDIA TOUR. DEV. CO.""",NSE,EQ
4940801,VISHNUINFR-SM,"""VISHNUSURYA PROJ N INFR L""",NSE,EQ
4946433,HISARMETAL,"""HISAR METAL IND.""",NSE,EQ
4954113,PROLIFE-SM,"""PROLIFE INDUSTRIES""",NSE,EQ
4955137,GOYALSALT-SM,"""GOYAL SALT""",NSE,EQ
4958209,CANARYS-SM,"""CANARYS AUTOMATIONS""",NSE,EQ
4960001,SPCENET-BE,"""SPACENET ENTERS IND""",NSE,EQ
4962817,OLIL-SM,"""ONECLICK LOGISTICS IND L""",NSE,EQ
4966657,BOROLTD,"""BOROSIL""",NSE,EQ
4968961,ROSSARI,"""ROSSARI BIOTECH""",NSE,EQ
4976129,AHLEAST,"""ASIAN HOTELS (EAST)""",NSE,EQ
4976641,SICALLOG-BE,"""SICAL LOGISTICS""",NSE,EQ
4978433,CAPTRUST,"""CAPITAL TRUST""",NSE,EQ
4980737,SGBSEP31II-GB,"""2.50%GOLDBONDS2031SR-II""",NSE,EQ
4981249,PLAZACABLE,"""PLAZA WIRES""",NSE,EQ
4983809,KARNIKA-ST,"""KARNIKA INDUSTRIES""",NSE,EQ
4986625,SCML-ST,"""SHARP CHUCKS N MACHINES L""",NSE,EQ
4986881,762GJ28-SG,"""SDL GJ 7.62% 2028""",NSE,EQ
4987137,77GA33-SG,"""SDL GA 7.7% 2033""",NSE,EQ
4987393,771UK33-SG,"""SDL UK 7.71% 2033""",NSE,EQ
4987649,775SK33A-SG,"""SDL SK 7.75% 2033""",NSE,EQ
4987905,77UP34-SG,"""SDL UP 7.7% 2034""",NSE,EQ
4988161,769UP35A-SG,"""SDL UP 7.69% 2035""",NSE,EQ
4988417,775PN36-SG,"""SDL PN 7.75% 2036""",NSE,EQ
4988673,767AP38-SG,"""SDL AP 7.67% 2038""",NSE,EQ
4988929,762TN53-SG,"""SDL TN 7.62% 2053""",NSE,EQ
4989953,PLADAINFO-SM,"""PLADA INFOTECH SERVICES L""",NSE,EQ
4990977,SECMARK,"""SECMARK CONSULTANCY""",NSE,EQ
4992769,TICL-BE,"""TWAMEV CONS AND INFRA""",NSE,EQ
4996097,COMMITTED-ST,"""COMMITTED CARGO CARE""",NSE,EQ
4996353,772ML31-SG,"""SDL ML 7.72% 2031""",NSE,EQ
4996609,762RJ43-SG,"""SDL RJ 7.62% 2043""",NSE,EQ
4996865,762HP43-SG,"""SDL HP 7.62% 2043""",NSE,EQ
4997121,764WB43-SG,"""SDL WB 7.64% 2043""",NSE,EQ
4997377,756JK53-SG,"""SDL JK 7.56% 2053""",NSE,EQ
4997633,77BR31-SG,"""SDL BR 7.7% 2031""",NSE,EQ
4997889,764KA32-SG,"""SDL KA 7.64% 2032""",NSE,EQ
4998145,765TN33A-SG,"""SDL TN 7.65% 2033""",NSE,EQ
4998401,IITL,"""INDUSTRIAL INV TRUST""",NSE,EQ
4998657,767AS33B-SG,"""SDL AS 7.67% 2033""",NSE,EQ
4998913,767GA33-SG,"""SDL GA 7.67% 2033""",NSE,EQ
4999937,BAJAJCON,"""BAJAJ CONSUMER CARE""",NSE,EQ
5000193,768UP34-SG,"""SDL UP 7.68% 2034""",NSE,EQ
5000449,766HR35-SG,"""SDL HR 7.66% 2035""",NSE,EQ
5001729,766AP37-SG,"""SDL AP 7.66% 2037""",NSE,EQ
5001985,772MZ38-SG,"""SDL MZ 7.72% 2038""",NSE,EQ
5003009,HDFCGOLD,"""HDFC GOLD ETF""",NSE,EQ
5004801,765TS39-SG,"""SDL TS 7.65% 2039""",NSE,EQ
5005313,761AP43-SG,"""SDL AP 7.61% 2043""",NSE,EQ
5006337,BHANDARI,"""BHANDARI HOSIERY EXP""",NSE,EQ
5008897,737GS2028-GS,"""GOI LOAN  7.37% 2028""",NSE,EQ
5011969,UGARSUGAR,"""THE UGAR SUGAR WORKS""",NSE,EQ
5012225,ARVINDPORT-SM,"""ARVIND PORT AND INFRA""",NSE,EQ
5013761,BSE,"""BSE""",NSE,EQ
5016833,IRMENERGY,"""IRM ENERGY""",NSE,EQ
5017345,PRAKASHSTL,"""PRAKASH STEELAGE""",NSE,EQ
5019137,77KA34-SG,"""SDL KA 7.7% 2034""",NSE,EQ
5019905,772TS35-SG,"""SDL TS 7.72% 2035""",NSE,EQ
5020417,773MN35-SG,"""SDL MN 7.73% 2035""",NSE,EQ
5021185,768TN30-SG,"""SDL TN 7.68% 2030""",NSE,EQ
5021441,769KA33-SG,"""SDL KA 7.69% 2033""",NSE,EQ
5021697,77UP33-SG,"""SDL UP 7.7% 2033""",NSE,EQ
5021953,771RJ33-SG,"""SDL RJ 7.71% 2033""",NSE,EQ
5022209,772TN33-SG,"""SDL TN 7.72% 2033""",NSE,EQ
5022465,768MP34-SG,"""SDL MP 7.68% 2034""",NSE,EQ
5022721,772AP36-SG,"""SDL AP 7.72% 2036""",NSE,EQ
5022977,766AP42-SG,"""SDL AP 7.66% 2042""",NSE,EQ
5023233,766TN43-SG,"""SDL TN 7.66% 2043""",NSE,EQ
5023489,76JK53-SG,"""SDL JK 7.6% 2053""",NSE,EQ
5024513,WOMANCART-SM,"""WOMANCART""",NSE,EQ
5025537,PRICOLLTD,"""PRICOL""",NSE,EQ
5026049,ITETF,"""MIRAEAMC - ITETF""",NSE,EQ
5027841,ALPHAETF,"""MIRAEAMC - ALPHAETF""",NSE,EQ
5029377,MAXESTATES,"""MAX ESTATES""",NSE,EQ
5031169,KALYANI-BE,"""KALYANI COMMERCIALS""",NSE,EQ
5035521,COMPINFO-BZ,"""COMPUAGE INFOCOM""",NSE,EQ
5036801,GAYAPROJ-BZ,"""GAYATRI PROJECTS""",NSE,EQ
5037057,CMICABLES-BZ,"""CMI""",NSE,EQ
5037313,ANSALAPI-BZ,"""ANSAL PROP & INFRA""",NSE,EQ
5037825,GOLDIETF,"""ICICI PRUDENTIAL GOLD ETF""",NSE,EQ
5038337,RCDL-SM,"""RAJGOR CASTOR DERIVATI L""",NSE,EQ
5039361,733GS2026-GS,"""GOI LOAN  7.33% 2026""",NSE,EQ
5039617,BLUEJET,"""BLUE JET HEALTHCARE""",NSE,EQ
5041153,ONDOOR-SM,"""ON DOOR CONCEPTS""",NSE,EQ
5041921,JITFINFRA-BE,"""JITF INFRALOGISTICS""",NSE,EQ
5042689,HMT-BZ,"""HMT -""",NSE,EQ
5044481,LIQUIDSBI,"""SBIAMC - LIQUIDSBI""",NSE,EQ
5047297,773RJ33-SG,"""SDL RJ 7.73% 2033""",NSE,EQ
5047553,773GA33-SG,"""SDL GA 7.73% 2033""",NSE,EQ
5048321,777PN33-SG,"""SDL PN 7.77% 2033""",NSE,EQ
5048577,773KA35-SG,"""SDL KA 7.73% 2035""",NSE,EQ
5048833,775HR35-SG,"""SDL HR 7.75% 2035""",NSE,EQ
5049089,773KA36-SG,"""SDL KA 7.73% 2036""",NSE,EQ
5049345,774AP36-SG,"""SDL AP 7.74% 2036""",NSE,EQ
5049601,775TS37-SG,"""SDL TS 7.75% 2037""",NSE,EQ
5049857,776AP37-SG,"""SDL AP 7.76% 2037""",NSE,EQ
5050113,776MP37-SG,"""SDL MP 7.76% 2037""",NSE,EQ
5050369,774RJ39-SG,"""SDL RJ 7.74% 2039""",NSE,EQ
5050625,772AP41-SG,"""SDL AP 7.72% 2041""",NSE,EQ
5050881,77AP43-SG,"""SDL AP 7.7% 2043""",NSE,EQ
5051137,GPPL,"""GUJARAT PIPAVAV PORT""",NSE,EQ
5051393,77RJ43-SG,"""SDL RJ 7.7% 2043""",NSE,EQ
5051649,767TS45-SG,"""SDL TS 7.67% 2045""",NSE,EQ
5052673,766KL46-SG,"""SDL KL 7.66% 2046""",NSE,EQ
5053441,765RJ48-SG,"""SDL RJ 7.65% 2048""",NSE,EQ
5053953,763JK53-SG,"""SDL JK 7.63% 2053""",NSE,EQ
5054721,768TN30A-SG,"""SDL TN 7.68% 2030""",NSE,EQ
5054977,773CG31-SG,"""SDL CG 7.73% 2031""",NSE,EQ
5055233,778BR31-SG,"""SDL BR 7.78% 2031""",NSE,EQ
5055489,771UP33-SG,"""SDL UP 7.71% 2033""",NSE,EQ
5057281,SHANTHALA-ST,"""SHANTHALA FMCG PRODUCTS L""",NSE,EQ
5058049,940SCL26-N6,,NSE,EQ
5058561,990SCL26-N7,,NSE,EQ
5058817,ADFFOODS,"""ADF FOODS""",NSE,EQ
5059329,902SCL26-N8,,NSE,EQ
5060609,948SCL26-N9,,NSE,EQ
5061121,SCL26-NA,,NSE,EQ
5061633,SCLZC26C-NB,,NSE,EQ
5062145,888SCL25D-NC,,NSE,EQ
5062657,980SCL33C-ND,,NSE,EQ
5063425,PARAGON-SM,"""PARAGON FINE S.C.""",NSE,EQ
5064449,MUFIN,"""MUFIN GREEN FINANCE""",NSE,EQ
5067521,CELLO,"""CELLO WORLD""",NSE,EQ
5068801,WELINV,"""WELSPUN INV & COMM""",NSE,EQ
5069057,TRANSTEEL-SM,"""TRANSTEEL SEATING TECH L""",NSE,EQ
5070849,746GS2073-GS,"""GOI LOAN  7.46% 2073""",NSE,EQ
5071105,MAITREYA-SM,"""MAITREYA MEDICARE""",NSE,EQ
5072129,HONASA,"""HONASA CONSUMER - MAMAEARTH""",NSE,EQ
5084929,SARTELE-SM,"""SAR TELEVENTURE""",NSE,EQ
5085953,AMNPLST,"""AMINES & PLASTICIZERS""",NSE,EQ
5088257,LGHL,"""LAXMI GOLDORNA HOUSE""",NSE,EQ
5088513,RADIOCITY,"""MUSIC BROADCAST""",NSE,EQ
5088769,ESAFSFB,"""ESAF SMALL FINANCE BANK L""",NSE,EQ
5091073,MICROPRO-SM,"""MICROPRO SOFTWARE SOL L""",NSE,EQ
5092097,773UP33A-SG,"""SDL UP 7.73% 2033""",NSE,EQ
5092353,774AS33-SG,"""SDL AS 7.74% 2033""",NSE,EQ
5094145,77MH34-SG,"""SDL MH 7.7% 2034""",NSE,EQ
5094401,772UP34-SG,"""SDL UP 7.72% 2034""",NSE,EQ
5094657,772HR35-SG,"""SDL HR 7.72% 2035""",NSE,EQ
5094913,772TS36-SG,"""SDL TS 7.72% 2036""",NSE,EQ
5095169,775RJ36-SG,"""SDL RJ 7.75% 2036""",NSE,EQ
5095425,773BR38-SG,"""SDL BR 7.73% 2038""",NSE,EQ
5095681,779WB40-SG,"""SDL WB 7.79% 2040""",NSE,EQ
5095937,759RJ46-SG,"""SDL RJ 7.59% 2046""",NSE,EQ
5096193,758JK50-SG,"""SDL JK 7.58% 2050""",NSE,EQ
5096449,765TN30-SG,"""SDL TN 7.65% 2030""",NSE,EQ
5096705,77KA33-SG,"""SDL KA 7.7% 2033""",NSE,EQ
5096961,77GA33A-SG,"""SDL GA 7.7% 2033""",NSE,EQ
5097217,771MH33-SG,"""SDL MH 7.71% 2033""",NSE,EQ
5097473,772RJ33-SG,"""SDL RJ 7.72% 2033""",NSE,EQ
5097729,DMART,"""AVENUE SUPERMARTS""",NSE,EQ
5100545,812REC27-NI,,NSE,EQ
5101057,743REC35-NH,,NSE,EQ
5101569,764HUDCO31-N8,,NSE,EQ
5102081,769HUDCO31-N9,,NSE,EQ
5102337,ORISSAMINE,"""ORISSA MIN DEV CO""",NSE,EQ
5102849,EGOLD,"""EDELAMC - EGOLD""",NSE,EQ
5103873,KILITCH,"""KILITCH DRUGS INDIA""",NSE,EQ
5105409,DEEPAKNTR,"""DEEPAK NITRITE""",NSE,EQ
5109505,WAAREEINDO-BE,"""INDOSOLAR""",NSE,EQ
5110785,851HUDCO28-NB,,NSE,EQ
5111297,858HUDCO29-NC,,NSE,EQ
5111809,876HUDCO28-ND,,NSE,EQ
5112321,901HUDCO34-NE,,NSE,EQ
5112833,735PFCL35-N1,,NSE,EQ
5113345,736PFCL28-N2,,NSE,EQ
5113857,760PFCL35-N3,,NSE,EQ
5124097,714BR30-SG,"""SDL BR 7.14% 2030""",NSE,EQ
5124353,72KA31-SG,"""SDL KA 7.2% 2031""",NSE,EQ
5124609,71JK30-SG,"""SDL JK 7.1% 2030""",NSE,EQ
5124865,714AP34-SG,"""SDL AP 7.14% 2034""",NSE,EQ
5125121,718AP33-SG,"""SDL AP 7.18% 2033""",NSE,EQ
5125633,830PFCL27-N5,,NSE,EQ
5126657,867PFCL33-N7,,NSE,EQ
5127169,892PFCL33-N8,,NSE,EQ
5127681,774IREDA31-N7,,NSE,EQ
5128193,735NABAR31-N1,,NSE,EQ
5128705,764NABAR31-N2,,NSE,EQ
5130241,711HP30-SG,"""SDL HP 7.11% 2030""",NSE,EQ
5130497,711HP28-SG,"""SDL HP 7.11% 2028""",NSE,EQ
5131521,940SCL26A-NK,,NSE,EQ
5131777,872MMFSL26-N1,,NSE,EQ
5132289,9MMFSML-N2,,NSE,EQ
5132801,M&MFIN-N3,,NSE,EQ
5133313,740IIFCL33-N1,,NSE,EQ
5134337,866IIFC34B-N3,,NSE,EQ
5134849,891IIFCL34-N4,,NSE,EQ
5135617,990SCL26A-NL,,NSE,EQ
5136129,SASTASUNDR,"""SASTASUNDAR VENTURES""",NSE,EQ
5136641,902SCL26A-NM,,NSE,EQ
5138433,INFRABEES,"""NIP IND ETF INFRA BEES""",NSE,EQ
5139201,948SCL26A-NN,,NSE,EQ
5139713,INTENTECH-BE,"""INTENSE TECHNOLOGIES""",NSE,EQ
5140993,SCLZC26D-NO,,NSE,EQ
5142017,CPCAP,"""CP CAPITAL""",NSE,EQ
5142529,SCLZC26E-NP,,NSE,EQ
5143553,TASTYBITE,"""TASTY BITE EATABLES""",NSE,EQ
5144065,965SCL28A-NQ,,NSE,EQ
5145345,710GJ30-SG,"""SDL GJ 7.10% 2030""",NSE,EQ
5145601,711AS30-SG,"""SDL AS 7.11% 2030""",NSE,EQ
5146113,1015SCL28-NR,,NSE,EQ
5146625,925SCL28A-NS,,NSE,EQ
5147137,971SCL28A-NT,,NSE,EQ
5147649,718HP32-SG,"""SDL HP 7.18% 2032""",NSE,EQ
5147905,718BR30-SG,"""SDL BR 7.18% 2030""",NSE,EQ
5148161,GREENPOWER,"""ORIENT GREEN POWER CO""",NSE,EQ
5148417,1050SCL30-NU,,NSE,EQ
5149697,1003SCL30A-NV,,NSE,EQ
5150209,1075SCL33B-NW,,NSE,EQ
5150721,980SCL33-NX,,NSE,EQ
5152001,925SCL25G-NY,,NSE,EQ
5153281,965SCL25F-NZ,,NSE,EQ
5154305,RAMKY,"""RAMKY INFRA""",NSE,EQ
5154817,732GS2030-GS,"""GOI LOAN  7.32% 2030""",NSE,EQ
5156097,BABAFP-SM,"""BABA FOOD PROCESSING""",NSE,EQ
5157377,718AS30-SG,"""SDL AS 7.18% 2030""",NSE,EQ
5157633,719AP34-SG,"""SDL AP 7.19% 2034""",NSE,EQ
5157889,69GA30-SG,"""SDL GA 6.9% 2030""",NSE,EQ
5158657,725GR2028-GS,"""GOI LOAN   7.25% 2028""",NSE,EQ
5158913,ASKAUTOLTD,"""ASK AUTOMOTIVE""",NSE,EQ
5159425,69KA30-SG,"""SDL KA 6.9% 2030""",NSE,EQ
5159681,69AS30-SG,"""SDL AS 6.9% 2030""",NSE,EQ
5160705,ARIHANTSUP,"""ARIHANT SUPERSTRUCT""",NSE,EQ
5160961,CANTABIL,"""CANTABIL RETAIL""",NSE,EQ
5162753,ROXHITECH-SM,"""ROX HI TECH""",NSE,EQ
5163777,77GA33B-SG,"""SDL GA 7.7% 2033""",NSE,EQ
5164033,77MH33A-SG,"""SDL MH 7.7% 2033""",NSE,EQ
5164289,77MH34A-SG,"""SDL MH 7.7% 2034""",NSE,EQ
5165569,AKSHARCHEM,"""AKSHARCHEM INDIA""",NSE,EQ
5165825,773UP34-SG,"""SDL UP 7.73% 2034""",NSE,EQ
5166081,773UP35-SG,"""SDL UP 7.73% 2035""",NSE,EQ
5166593,ASHOKA,"""ASHOKA BUILDCON""",NSE,EQ
5166849,772AP38-SG,"""SDL AP 7.72% 2038""",NSE,EQ
5167105,774HP38-SG,"""SDL HP 7.74% 2038""",NSE,EQ
5168129,WABAG,"""VA TECH WABAG""",NSE,EQ
5168385,773TS40-SG,"""SDL TS 7.73% 2040""",NSE,EQ
5168641,769AP42-SG,"""SDL AP 7.69% 2042""",NSE,EQ
5170177,BEDMUTHA,"""BEDMUTHA INDUST""",NSE,EQ
5170433,76JK53A-SG,"""SDL JK 7.6% 2053""",NSE,EQ
5171969,URJA,"""URJA GLOBAL""",NSE,EQ
5174529,SUNREST-SM,"""SUNREST LIFESCIENCE""",NSE,EQ
5175809,750GA30-SG,"""SDL GA 7.50% 2030""",NSE,EQ
5176065,780HR30-SG,"""SDL HR 7.80% 2030""",NSE,EQ
5176321,768UP34A-SG,"""SDL UP 7.68% 2034""",NSE,EQ
5176577,77UP35-SG,"""SDL UP 7.7% 2035""",NSE,EQ
5176833,767KA36-SG,"""SDL KA 7.67% 2036""",NSE,EQ
5177345,JWL,"""JUPITER WAGONS""",NSE,EQ
5177601,768TS37-SG,"""SDL TS 7.68% 2037""",NSE,EQ
5177857,77BR38-SG,"""SDL BR 7.7% 2038""",NSE,EQ
5178881,756JK48-SG,"""SDL JK 7.56% 2048""",NSE,EQ
5179137,766ML32-SG,"""SDL ML 7.66% 2032""",NSE,EQ
5179649,CLEDUCATE-BE,"""CL EDUCATE""",NSE,EQ
5180929,765GA33-SG,"""SDL GA 7.65% 2033""",NSE,EQ
5181441,765HR33B-SG,"""SDL HR 7.65% 2033""",NSE,EQ
5181953,OBEROIRLTY,"""OBEROI REALTY""",NSE,EQ
5182209,767NL33B-SG,"""SDL NL 7.67% 2033""",NSE,EQ
5182465,768AR33-SG,"""SDL AR 7.68% 2033""",NSE,EQ
5185793,ESILVER,"""EDELAMC - ESILVER""",NSE,EQ
5186817,IREDA,"""INDIAN RENEWABLE ENERGY""",NSE,EQ
5190913,745GJ30-SG,"""SDL GJ 7.45% 2030""",NSE,EQ
5191169,750AS30-SG,"""SDL AS 7.50% 2030""",NSE,EQ
5191425,657GJ29-SG,"""SDL GJ 6.57% 2029""",NSE,EQ
5191681,658AP30-SG,"""SDL AP 6.58% 2030""",NSE,EQ
5193729,658KA30-SG,"""SDL KA 6.58% 2030""",NSE,EQ
5193985,ROCKINGDCE-SM,"""ROCKINGDEALS CIRCU ECO L""",NSE,EQ
5195009,TATATECH,"""TATA TECHNOLOGIES""",NSE,EQ
5195777,SHAH,"""SHAH METACORP""",NSE,EQ
5197313,PRESTIGE,"""PRESTIGE ESTATE""",NSE,EQ
5197569,GANDHAR,"""GANDHAR OIL REFINE IND L""",NSE,EQ
5199105,718AP28-SG,"""SDL AP 7.18% 2028""",NSE,EQ
5199361,717HR29-SG,"""SDL HR 7.17% 2029""",NSE,EQ
5199617,718AS29-SG,"""SDL AS 7.18% 2029""",NSE,EQ
5199873,72JK29-SG,"""SDL JK 7.2% 2029""",NSE,EQ
5200129,709KA30-SG,"""SDL KA 7.09% 2030""",NSE,EQ
5200385,NRAIL,"""N R AGARWAL INDS""",NSE,EQ
5202177,SHANKARA,"""SHANKARA BLDG PRODUCT""",NSE,EQ
5202433,FEDFINA,"""FEDBANK FINANCIAL SER L""",NSE,EQ
5202689,RESPONIND,"""RESPONSIVE INDUSTRIES""",NSE,EQ
5204225,CGCL,"""CAPRI GLOBAL CAPITAL""",NSE,EQ
5205761,768TN30B-SG,"""SDL TN 7.68% 2030""",NSE,EQ
5207553,774CG31-SG,"""SDL CG 7.74% 2031""",NSE,EQ
5208065,771HR33-SG,"""SDL HR 7.71% 2033""",NSE,EQ
5208833,774RJ33-SG,"""SDL RJ 7.74% 2033""",NSE,EQ
5209089,775GA33-SG,"""SDL GA 7.75% 2033""",NSE,EQ
5209345,775UP33-SG,"""SDL UP 7.75% 2033""",NSE,EQ
5209601,773KA34-SG,"""SDL KA 7.73% 2034""",NSE,EQ
5209857,775UP34-SG,"""SDL UP 7.75% 2034""",NSE,EQ
5210113,774TS35-SG,"""SDL TS 7.74% 2035""",NSE,EQ
5210369,775HR35A-SG,"""SDL HR 7.75% 2035""",NSE,EQ
5210625,775RJ35-SG,"""SDL RJ 7.75% 2035""",NSE,EQ
5210881,777AP35-SG,"""SDL AP 7.77% 2035""",NSE,EQ
5211137,779PN36-SG,"""SDL PN 7.79% 2036""",NSE,EQ
5211393,776MP37A-SG,"""SDL MP 7.76% 2037""",NSE,EQ
5211649,720AS30-SG,"""SDL AS 7.20% 2030""",NSE,EQ
5211905,704GJ30-SG,"""SDL GJ 7.04% 2030""",NSE,EQ
5212161,779PN37-SG,"""SDL PN 7.79% 2037""",NSE,EQ
5212417,777MN38-SG,"""SDL MN 7.77% 2038""",NSE,EQ
5212673,771WB41-SG,"""SDL WB 7.71% 2041""",NSE,EQ
5212929,771WB43-SG,"""SDL WB 7.71% 2043""",NSE,EQ
5213185,771KL43-SG,"""SDL KL 7.71% 2043""",NSE,EQ
5213441,774JK43-SG,"""SDL JK 7.74% 2043""",NSE,EQ
5213697,764RJ49-SG,"""SDL RJ 7.64% 2049""",NSE,EQ
5213953,758GJ26-SG,"""SDL GJ 7.58% 2026""",NSE,EQ
5214209,765GJ29A-SG,"""SDL GJ 7.65% 2029""",NSE,EQ
5215233,FLAIR,"""FLAIR WRITING INDUST""",NSE,EQ
5215745,COALINDIA,"""COAL INDIA""",NSE,EQ
5219841,77AP29A-SG,"""SDL AP 7.7% 2029""",NSE,EQ
5220097,773AP32A-SG,"""SDL AP 7.73% 2032""",NSE,EQ
5220353,769KA33A-SG,"""SDL KA 7.69% 2033""",NSE,EQ
5220609,772HR33-SG,"""SDL HR 7.72% 2033""",NSE,EQ
5220865,774RJ33A-SG,"""SDL RJ 7.74% 2033""",NSE,EQ
5221121,778NL33-SG,"""SDL NL 7.78% 2033""",NSE,EQ
5221377,772KA35-SG,"""SDL KA 7.72% 2035""",NSE,EQ
5221633,777PN36-SG,"""SDL PN 7.77% 2036""",NSE,EQ
5221889,771AP37A-SG,"""SDL AP 7.71% 2037""",NSE,EQ
5222145,772WB37-SG,"""SDL WB 7.72% 2037""",NSE,EQ
5222401,781MZ37-SG,"""SDL MZ 7.81% 2037""",NSE,EQ
5222657,774BR38-SG,"""SDL BR 7.74% 2038""",NSE,EQ
5222913,764JK50-SG,"""SDL JK 7.64% 2050""",NSE,EQ
5223937,CBAZAAR-SM,"""NET AVENUE TECHNOLOGIES L""",NSE,EQ
5224961,MARINETRAN-SM,"""MARINETRANS INDIA""",NSE,EQ
5225729,IOLCP,"""IOL CHEM AND PHARMA""",NSE,EQ
5226241,SHEETAL-SM,"""SHEETAL UNIVERSAL""",NSE,EQ
5228801,NACLIND,"""NACL INDUSTRIES""",NSE,EQ
5231361,850CIFCL26-NE,,NSE,EQ
5231873,CIFCZC26-NF,,NSE,EQ
5233409,860CIFCL28-NG,,NSE,EQ
5233921,CIFCZC28-NH,,NSE,EQ
5234689,724GR2033-GS,"""GOI LOAN 7.24% 2033""",NSE,EQ
5235969,APCL,"""ANJANI PORTLAND CEM""",NSE,EQ
5236225,GRAPHISAD-SM,"""GRAPHISADS""",NSE,EQ
5240321,767TN30-SG,"""SDL TN 7.67% 2030""",NSE,EQ
5240833,771AP31-SG,"""SDL AP 7.71% 2031""",NSE,EQ
5241601,771HR33A-SG,"""SDL HR 7.71% 2033""",NSE,EQ
5241857,774AS33A-SG,"""SDL AS 7.74% 2033""",NSE,EQ
5242113,772KA35A-SG,"""SDL KA 7.72% 2035""",NSE,EQ
5242369,771KA36-SG,"""SDL KA 7.71% 2036""",NSE,EQ
5242625,766GJ30A-SG,"""SDL GJ 7.66% 2030""",NSE,EQ
5242881,77TS38-SG,"""SDL TS 7.7% 2038""",NSE,EQ
5243137,WIPL,"""THE WESTERN INDIA PLY""",NSE,EQ
5243393,77AP38-SG,"""SDL AP 7.7% 2038""",NSE,EQ
5243649,763JK53A-SG,"""SDL JK 7.63% 2053""",NSE,EQ
5244929,ACCENTMIC-SM,"""ACCENT MICROCELL""",NSE,EQ
5247489,PRESSTONIC-SM,"""PRESSTONIC ENGINEERING L""",NSE,EQ
5248769,ASLIND-ST,"""ASL INDUSTRIES""",NSE,EQ
5252609,720AR30-SG,"""SDL AR 7.20% 2030""",NSE,EQ
5252865,724HR29-SG,"""SDL HR 7.24% 2029""",NSE,EQ
5254913,PRUDMOULI,"""PRUDENTIAL SUGAR CORPORAT""",NSE,EQ
5255937,BAJEL,"""BAJEL PROJECTS""",NSE,EQ
5256193,AXISGOLD,"""AXIS MF - AXIS GOLD ETF""",NSE,EQ
5256705,GRAVITA,"""GRAVITA INDIA""",NSE,EQ
5258753,SJLOGISTIC-SM,"""S J LOGISTICS (INDIA)""",NSE,EQ
5259777,715GA30-SG,"""SDL GA 7.15% 2030""",NSE,EQ
5260033,BBNPPGOLD,"""BARODABNP - BBNPPGOLD""",NSE,EQ
5261057,DOMS,"""DOMS INDUSTRIES""",NSE,EQ
5262337,INDIASHLTR,"""INDIA SHELTER FIN CORP L""",NSE,EQ
5263361,DOLLAR,"""DOLLAR INDUSTRIES""",NSE,EQ
5265921,764AR30-SG,"""SDL AR 7.64% 2030""",NSE,EQ
5266177,764GA30-SG,"""SDL GA 7.64% 2030""",NSE,EQ
5266433,635AP27-SG,"""SDL AP 6.35% 2027""",NSE,EQ
5266689,717KA29-SG,"""SDL KA 7.17% 2029""",NSE,EQ
5266945,72AP30-SG,"""SDL AP 7.2% 2030""",NSE,EQ
5267201,721AP31-SG,"""SDL AP 7.21% 2031""",NSE,EQ
5270017,810ABHF28-N0,,NSE,EQ
5270529,802ABHF28-N1,,NSE,EQ
5271041,803ABHF27-N2,,NSE,EQ
5272321,813ABHF28-N3,,NSE,EQ
5273089,658GA30-SG,"""SDL GA 6.58% 2030""",NSE,EQ
5273345,690AP27-SG,"""SDL AP 6.90% 2027""",NSE,EQ
5273601,670AP26-SG,"""SDL AP 6.70% 2026""",NSE,EQ
5273857,644GJ29-SG,"""SDL GJ 6.44% 2029""",NSE,EQ
5274369,SHREEOSFM-SM,"""SHREE OSFM E-MOBILITY""",NSE,EQ
5275393,INOXINDIA,"""INOX INDIA""",NSE,EQ
5276673,850TPL26-N0,,NSE,EQ
5277185,847TPL26-N1,,NSE,EQ
5277697,SUPERHOUSE,"""SUPERHOUSE""",NSE,EQ
5277953,820TPL26-N2,,NSE,EQ
5278977,PENIND,"""PENNAR INDUSTRIES""",NSE,EQ
5279233,TPL26-N3,,NSE,EQ
5280769,843TPL26-N4,,NSE,EQ
5283329,92LTF29-N4,,NSE,EQ
5284353,JINDWORLD,"""JINDAL WORLDWIDE""",NSE,EQ
5284609,935LTF29-N5,,NSE,EQ
5285889,884LTF29-N6,,NSE,EQ
5287169,655AS30-SG,"""SDL AS 6.55% 2030""",NSE,EQ
5287425,65AP30-SG,"""SDL AP 6.5% 2030""",NSE,EQ
5287681,898LTF29-N7,,NSE,EQ
5290497,656AP31-SG,"""SDL AP 6.56% 2031""",NSE,EQ
5290753,714GA30-SG,"""SDL GA 7.14% 2030""",NSE,EQ
5291777,885LTF27-NE,,NSE,EQ
5295873,905LTF27-NF,,NSE,EQ
5296385,852LTF27-NG,,NSE,EQ
5296897,87LTF27-NH,,NSE,EQ
5298177,718GJ30-SG,"""SDL GJ 7.18% 2030""",NSE,EQ
5298689,SCHAND,"""S CHAND AND COMPANY""",NSE,EQ
5302529,85LTF26-NM,,NSE,EQ
5303041,865LTF26-NN,,NSE,EQ
5304833,754AS28A-SG,"""SDL AS 7.54% 2028""",NSE,EQ
5305345,755GJ31-SG,"""SDL GJ 7.55% 2031""",NSE,EQ
5307137,763ML32-SG,"""SDL ML 7.63% 2032""",NSE,EQ
5307393,762UP33-SG,"""SDL UP 7.62% 2033""",NSE,EQ
5307649,763GA33-SG,"""SDL GA 7.63% 2033""",NSE,EQ
5307905,763AR33-SG,"""SDL AR 7.63% 2033""",NSE,EQ
5308161,762UP34-SG,"""SDL UP 7.62% 2034""",NSE,EQ
5308673,706AP30-SG,"""SDL AP 7.06% 2030""",NSE,EQ
5308929,765HP35-SG,"""SDL HP 7.65% 2035""",NSE,EQ
5309185,762KL38-SG,"""SDL KL 7.62% 2038""",NSE,EQ
5309441,76KA38-SG,"""SDL KA 7.6% 2038""",NSE,EQ
5309697,763BR38-SG,"""SDL BR 7.63% 2038""",NSE,EQ
5309953,761HP38-SG,"""SDL HP 7.61% 2038""",NSE,EQ
5310209,763WB38-SG,"""SDL WB 7.63% 2038""",NSE,EQ
5310465,764KA39-SG,"""SDL KA 7.64% 2039""",NSE,EQ
5310721,758TS41-SG,"""SDL TS 7.58% 2041""",NSE,EQ
5310977,771JK48-SG,"""SDL JK 7.71% 2048""",NSE,EQ
5311233,815SHFL25-N0,,NSE,EQ
5311745,878MFL27-NH,,NSE,EQ
5312257,885MFL28-NI,,NSE,EQ
5312769,771HDFCB33-N0,,NSE,EQ
5314561,RPPINFRA,"""R.P.P INFRA PROJECTS""",NSE,EQ
5315073,921ISFL25-N0,,NSE,EQ
5316353,960ISFL25-N1,,NSE,EQ
5316865,957ISFL26-N2,,NSE,EQ
5317377,10ISFL26-N3,,NSE,EQ
5317633,715AP31-SG,"""SDL AP 7.15% 2031""",NSE,EQ
5317889,715AP32-SG,"""SDL AP 7.15% 2032""",NSE,EQ
5318145,705AS30-SG,"""SDL AS 7.05% 2030""",NSE,EQ
5318401,712HR40-SG,"""SDL HR 7.12% 2040""",NSE,EQ
5319169,JAMNAAUTO,"""JAMNA AUTO IND""",NSE,EQ
5319425,1003ISFL28-N4,,NSE,EQ
5320705,1050ISFL28-N5,,NSE,EQ
5321217,80409TCH27-NC,,NSE,EQ
5321729,MOTISONS,"""MOTISONS JEWELLERS""",NSE,EQ
5323265,SUMEETINDS-BE,"""SUMEET IND""",NSE,EQ
5323777,707JK30-SG,"""SDL JK 7.07% 2030""",NSE,EQ
5324033,708KA31-SG,"""SDL KA 7.08% 2031""",NSE,EQ
5324545,BHAGYANGR-BE,"""BHAGYANAGAR INDIA""",NSE,EQ
5329153,IRBINVIT-IV,"""IRB INVIT FUND""",NSE,EQ
5330433,SURAJEST,"""SURAJ ESTATE DEVELOPERS L""",NSE,EQ
5331201,HUDCO,"""HSG & URBAN DEV CORPN""",NSE,EQ
5332481,MOIL,"""MOIL""",NSE,EQ
5332737,MUTHOOTMF,"""MUTHOOT MICROFIN""",NSE,EQ
5335297,765NBFID38-N0,,NSE,EQ
5335809,779SIDBI27-N0,,NSE,EQ
5336065,72HP35-SG,"""SDL HP 7.2% 2035""",NSE,EQ
5336321,716KA30-SG,"""SDL KA 7.16% 2030""",NSE,EQ
5336577,717HP30-SG,"""SDL HP 7.17% 2030""",NSE,EQ
5337089,768IREDA33-N8,,NSE,EQ
5337345,717HR30-SG,"""SDL HR 7.17% 2030""",NSE,EQ
5337601,722AS30-SG,"""SDL AS 7.22% 2030""",NSE,EQ
5337857,702AS30-SG,"""SDL AS 7.02% 2030""",NSE,EQ
5338113,ZEELEARN,"""ZEE LEARN""",NSE,EQ
5338625,HAPPYFORGE,"""HAPPY FORGINGS""",NSE,EQ
5339649,695HP34-SG,"""SDL HP 6.95% 2034""",NSE,EQ
5339905,695HP33-SG,"""SDL HP 6.95% 2033""",NSE,EQ
5340161,696HR40-SG,"""SDL HR 6.96% 2040""",NSE,EQ
5340417,699AR30-SG,"""SDL AR 6.99% 2030""",NSE,EQ
5340673,699GA30-SG,"""SDL GA 6.99% 2030""",NSE,EQ
5340929,702AP30-SG,"""SDL AP 7.02% 2030""",NSE,EQ
5341185,697KA28-SG,"""SDL KA 6.97% 2028""",NSE,EQ
5343745,RBZJEWEL,"""RBZ JEWELLERS""",NSE,EQ
5344513,PSPPROJECT,"""PSP PROJECTS""",NSE,EQ
5344769,MUFTI,"""CREDO BRANDS MARKETING L""",NSE,EQ
5350145,EFORCE-SM,"""ELECTRO FORCE (INDIA)""",NSE,EQ
5351169,813PNBH33-N0,,NSE,EQ
5351681,AZAD,"""AZAD ENGINEERING""",NSE,EQ
5351937,A2ZINFRA,"""A2Z INFRA ENGINEERING""",NSE,EQ
5353473,697KA30-SG,"""SDL KA 6.97% 2030""",NSE,EQ
5353729,672GA30-SG,"""SDL GA 6.72% 2030""",NSE,EQ
5353985,672AP28-SG,"""SDL AP 6.72% 2028""",NSE,EQ
5354241,722AS29-SG,"""SDL AS 7.22% 2029""",NSE,EQ
5354497,722GA29-SG,"""SDL GA 7.22% 2029""",NSE,EQ
5354753,724AS30-SG,"""SDL AS 7.24% 2030""",NSE,EQ
5355009,717KA30-SG,"""SDL KA 7.17% 2030""",NSE,EQ
5355265,715AP36-SG,"""SDL AP 7.15% 2036""",NSE,EQ
5355777,654GA30-SG,"""SDL GA 6.54% 2030""",NSE,EQ
5356033,648AP27-SG,"""SDL AP 6.48% 2027""",NSE,EQ
5356289,654AP30-SG,"""SDL AP 6.54% 2030""",NSE,EQ
5357057,74GJ26-SG,"""SDL GJ 7.4% 2026""",NSE,EQ
5357313,758GJ32-SG,"""SDL GJ 7.58% 2032""",NSE,EQ
5357569,766TN33-SG,"""SDL TN 7.66% 2033""",NSE,EQ
5357825,JALAN-SM,"""JALAN TRANSOLU. INDIA""",NSE,EQ
5358337,767UK33A-SG,"""SDL UK 7.67% 2033""",NSE,EQ
5358849,756TN53A-SG,"""SDL TN 7.56% 2053""",NSE,EQ
5359617,KIRLOSENG,"""KIRLOSKAR OIL ENG""",NSE,EQ
5359873,767GA33A-SG,"""SDL GA 7.67% 2033""",NSE,EQ
5360129,767UP33-SG,"""SDL UP 7.67% 2033""",NSE,EQ
5361153,767RJ33-SG,"""SDL RJ 7.67% 2033""",NSE,EQ
5361409,765UP34-SG,"""SDL UP 7.65% 2034""",NSE,EQ
5361665,767HR35-SG,"""SDL HR 7.67% 2035""",NSE,EQ
5361921,768KA37-SG,"""SDL KA 7.68% 2037""",NSE,EQ
5362177,764WB43A-SG,"""SDL WB 7.64% 2043""",NSE,EQ
5362433,772JK43-SG,"""SDL JK 7.72% 2043""",NSE,EQ
5362689,762KL44-SG,"""SDL KL 7.62% 2044""",NSE,EQ
5363201,RKDL,"""RAVI KUMAR DIST.""",NSE,EQ
5364737,SUNCLAY,"""SUNDARAM CLAYTON""",NSE,EQ
5365505,719JK29-SG,"""SDL JK 7.19% 2029""",NSE,EQ
5365761,72AS29-SG,"""SDL AS 7.2% 2029""",NSE,EQ
5366017,798AP31-SG,"""SDL AP 7.98% 2031""",NSE,EQ
5366529,8AR30-SG,"""SDL AR 8% 2030""",NSE,EQ
5366785,780KA30-SG,"""SDL KA 7.80% 2030""",NSE,EQ
5367041,793KA31-SG,"""SDL KA 7.93% 2031""",NSE,EQ
5367809,925SCL25H-Y0,,NSE,EQ
5368321,965SCL25B-Y1,,NSE,EQ
5368833,888SCL25B-Y2,,NSE,EQ
5369089,VSCL-SM,"""VADIVARHE SPCLTY CHEM""",NSE,EQ
5370113,925SCL25B-Y3,,NSE,EQ
5371393,SCLZC25E-Y4,,NSE,EQ
5371905,SCLZC25F-Y5,,NSE,EQ
5372417,940SCL26B-Y6,,NSE,EQ
5372929,INDIGRID-IV,"""INDIGRID INFRASTRUCT TRST""",NSE,EQ
5374721,990SCL26B-Y7,,NSE,EQ
5376001,948SCL26B-Y8,,NSE,EQ
5376257,PSB,"""PUNJAB & SIND BANK""",NSE,EQ
5376769,SCLZC26F-Y9,,NSE,EQ
5378049,SCLZC26G-YA,,NSE,EQ
5378561,965SCL28B-YB,,NSE,EQ
5380097,925SCL28B-YC,,NSE,EQ
5380865,971SCL28B-YD,,NSE,EQ
5381377,FMNL-BE,"""FUTURE MKT NETWORKS""",NSE,EQ
5382145,980SCL33D-YG,,NSE,EQ
5382657,835SCL23A-YH,,NSE,EQ
5383169,875SCL23A-YI,,NSE,EQ
5383681,1025SCL33-YJ,,NSE,EQ
5383937,8HR30-SG,"""SDL HR 8% 2030""",NSE,EQ
5384193,726GJ29-SG,"""SDL GJ 7.26% 2029""",NSE,EQ
5384705,726AS29-SG,"""SDL AS 7.26% 2029""",NSE,EQ
5385985,648AP32-SG,"""SDL AP 6.48% 2032""",NSE,EQ
5386241,641GA30-SG,"""SDL GA 6.41% 2030""",NSE,EQ
5386753,1075SCL33-YK,,NSE,EQ
5387265,980SCL33B-YL,,NSE,EQ
5387777,795JK30-SG,"""SDL JK 7.95% 2030""",NSE,EQ
5388033,788GA30-SG,"""SDL GA 7.88% 2030""",NSE,EQ
5388289,8AS30-SG,"""SDL AS 8% 2030""",NSE,EQ
5388545,773GJ29-SG,"""SDL GJ 7.73% 2029""",NSE,EQ
5388801,780AP33-SG,"""SDL AP 7.80% 2033""",NSE,EQ
5389057,73HP30-SG,"""SDL HP 7.3% 2030""",NSE,EQ
5389569,699GJ26-SG,"""SDL GJ 6.99% 2026""",NSE,EQ
5389825,688AP35-SG,"""SDL AP 6.88% 2035""",NSE,EQ
5390337,835SCL23B-YM,,NSE,EQ
5391617,INDIFRA-ST,"""INDIFRA""",NSE,EQ
5391873,INNOVACAP,"""INNOVA CAPTAB""",NSE,EQ
5393153,SUPREMEPWR-SM,"""SUPREME POWER EQUIPMENT L""",NSE,EQ
5395713,SURANASOL,"""SURANA SOLAR""",NSE,EQ
5395969,TECHLABS-SM,"""TRIDENT TECHLABS""",NSE,EQ
5399297,STARCEMENT,"""STAR CEMENT""",NSE,EQ
5400321,SHEKHAWATI,"""SHEKHAWATI INDUSTRIES""",NSE,EQ
5400577,SAIFL-SM,"""SAMEERA AGRO AND INFRA L""",NSE,EQ
5403393,HRHNEXT-SM,"""HRH NEXT SERVICES""",NSE,EQ
5404929,BFINVEST,"""BF INVESTMENT""",NSE,EQ
5406465,KICL,"""KALYANI INVEST CO""",NSE,EQ
5406977,AKANKSHA-SM,"""AKANKSHA POWER N INFRA L""",NSE,EQ
5409537,TEJASNET,"""TEJAS NETWORKS""",NSE,EQ
5410049,743GJ27-SG,"""SDL GJ 7.43% 2027""",NSE,EQ
5411329,688AP34-SG,"""SDL AP 6.88% 2034""",NSE,EQ
5411585,694GA30-SG,"""SDL GA 6.94% 2030""",NSE,EQ
5411841,629HP26-SG,"""SDL HP 6.29% 2026""",NSE,EQ
5412097,695HP29-SG,"""SDL HP 6.95% 2029""",NSE,EQ
5414913,747GJ28-SG,"""SDL GJ 7.47% 2028""",NSE,EQ
5415169,774AP32A-SG,"""SDL AP 7.74% 2032""",NSE,EQ
5415425,ERIS,"""ERIS LIFESCIENCES""",NSE,EQ
5415681,774KA34-SG,"""SDL KA 7.74% 2034""",NSE,EQ
5415937,774RJ34-SG,"""SDL RJ 7.74% 2034""",NSE,EQ
5417217,692BR32-SG,"""SDL BR 6.92% 2032""",NSE,EQ
5417473,695AS30-SG,"""SDL AS 6.95% 2030""",NSE,EQ
5417729,773KA35A-SG,"""SDL KA 7.73% 2035""",NSE,EQ
5417985,774AP36A-SG,"""SDL AP 7.74% 2036""",NSE,EQ
5418241,778PN37-SG,"""SDL PN 7.78% 2037""",NSE,EQ
5418497,779PN38-SG,"""SDL PN 7.79% 2038""",NSE,EQ
5418753,773BR39-SG,"""SDL BR 7.73% 2039""",NSE,EQ
5419009,77AP43A-SG,"""SDL AP 7.7% 2043""",NSE,EQ
5419265,724GJ29-SG,"""SDL GJ 7.24% 2029""",NSE,EQ
5420289,KCEIL-SM,"""KAY CEE ENERGY & INFRA L""",NSE,EQ
5420545,CDSL,"""CENTRAL DEPO SER (I)""",NSE,EQ
5423617,KLL-SM,"""KAUSHALYA LOGISTICS""",NSE,EQ
5425665,855TCAPS27-N7,,NSE,EQ
5425921,GTPL,"""GTPL HATHWAY""",NSE,EQ
5426433,865TCAPS27-N8,,NSE,EQ
5430529,730AS29-SG,"""SDL AS 7.30% 2029""",NSE,EQ
5430785,728GJ29-SG,"""SDL GJ 7.28% 2029""",NSE,EQ
5431297,654GJ30-SG,"""SDL GJ 6.54% 2030""",NSE,EQ
5431553,ACCORD-SM,"""ACCORD SYNERGY""",NSE,EQ
5432577,9TCAP28-N9,,NSE,EQ
5433601,910TCAP28-NA,,NSE,EQ
5434113,875TCAPS29-NB,,NSE,EQ
5434625,885TCAPS29-NC,,NSE,EQ
5435137,815LTF27-NO,,NSE,EQ
5435649,9HFL34-N0,,NSE,EQ
5436161,657AP30-SG,"""SDL AP 6.57% 2030""",NSE,EQ
5436417,703HR40-SG,"""SDL HR 7.03% 2040""",NSE,EQ
5436673,705AP31-SG,"""SDL AP 7.05% 2031""",NSE,EQ
5436929,AUBANK,"""AU SMALL FINANCE BANK""",NSE,EQ
5437185,78NABARD27-N0,,NSE,EQ
5439233,DIGIDRIVE,"""DIGIDRIVE DISTRIBUTORS L""",NSE,EQ
5440513,AXISNIFTY,"""AXISAMC - AXISNIFTY""",NSE,EQ
5441025,LOWVOLIETF,"""ICICI PR NIF LW VL 30 ETF""",NSE,EQ
5442305,753AS29-SG,"""SDL AS 7.53% 2029""",NSE,EQ
5442561,TRANSWIND-SM,"""TRANSWIND INFRA""",NSE,EQ
5443073,764GJ31-SG,"""SDL GJ 7.64% 2031""",NSE,EQ
5443585,766GJ32-SG,"""SDL GJ 7.66% 2032""",NSE,EQ
5444865,772TN34-SG,"""SDL TN 7.72% 2034""",NSE,EQ
5445121,778AS34-SG,"""SDL AS 7.78% 2034""",NSE,EQ
5445377,772MH35-SG,"""SDL MH 7.72% 2035""",NSE,EQ
5445633,776KL35-SG,"""SDL KL 7.76% 2035""",NSE,EQ
5445889,773MH36-SG,"""SDL MH 7.73% 2036""",NSE,EQ
5446145,774KA36-SG,"""SDL KA 7.74% 2036""",NSE,EQ
5446401,SUMMITSEC,"""SUMMIT SECURITIES""",NSE,EQ
5446657,777HR36-SG,"""SDL HR 7.77% 2036""",NSE,EQ
5446913,778PY36-SG,"""SDL PY 7.78% 2036""",NSE,EQ
5447937,772KA37-SG,"""SDL KA 7.72% 2037""",NSE,EQ
5448449,771KA38-SG,"""SDL KA 7.71% 2038""",NSE,EQ
5449729,768JK44-SG,"""SDL JK 7.68% 2044""",NSE,EQ
5454849,777IREDA27-N9,,NSE,EQ
5456385,DYNPRO,"""DYNEMIC PRODUCTS""",NSE,EQ
5456641,765PGCIL34-N0,,NSE,EQ
5458177,SEITINVIT-IV,"""SUSTAINABLE ENERGY INFRA""",NSE,EQ
5459201,840CIFCL27-NI,,NSE,EQ
5461505,JYOTICNC,"""JYOTI CNC AUTOMATION""",NSE,EQ
5462785,STEELXIND,"""STEEL EXCHANGE INDIA""",NSE,EQ
5465089,IBLFL-SM,"""IBL FINANCE""",NSE,EQ
5468673,SALASAR,"""SALASAR TECHNO ENGG.""",NSE,EQ
5472001,702BR30-SG,"""SDL BR 7.02% 2030""",NSE,EQ
5474049,PALASHSECU,"""PALASH SECURITIES""",NSE,EQ
5475585,66GA30-SG,"""SDL GA 6.6% 2030""",NSE,EQ
5475841,649KA30-SG,"""SDL KA 6.49% 2030""",NSE,EQ
5476353,MAGADSUGAR,"""MAGADH SUGAR & ENERGY""",NSE,EQ
5476865,757NHB31-N8,,NSE,EQ
5478145,GANGESSECU,"""GANGES SECURITIES""",NSE,EQ
5478657,TATAGOLD,"""TATAAML-TATAGOLD""",NSE,EQ
5479937,AVADHSUGAR,"""AVADH SUG & ENERGY""",NSE,EQ
5483265,651KA31-SG,"""SDL KA 6.51% 2031""",NSE,EQ
5484033,647GJ30-SG,"""SDL GJ 6.47% 2030""",NSE,EQ
5484289,MOM100,"""MOTILAL OS MIDCAP100 ETF""",NSE,EQ
5485313,THEINVEST,"""THE INVEST TRUST OF IND L""",NSE,EQ
5485569,TATSILV,"""TATAAML-TATSILV""",NSE,EQ
5491457,APS-SM,"""AUSTRALIAN PREM SOLAR I L""",NSE,EQ
5494529,793THDC34-N0,,NSE,EQ
5496065,OPTIEMUS,"""OPTIEMUS INFRACOM""",NSE,EQ
5496321,771REC27-NJ,,NSE,EQ
5498369,UTINEXT50,"""UTIAMC - UTINEXT50""",NSE,EQ
5499905,STEL,"""STEL HOLDINGS""",NSE,EQ
5500161,764REC34-NK,,NSE,EQ
5502465,764AP31-SG,"""SDL AP 7.64% 2031""",NSE,EQ
5502977,768AS31-SG,"""SDL AS 7.68% 2031""",NSE,EQ
5503745,768CG32-SG,"""SDL CG 7.68% 2032""",NSE,EQ
5504001,764GJ33-SG,"""SDL GJ 7.64% 2033""",NSE,EQ
5504257,SIS,"""SIS""",NSE,EQ
5504513,767CG33-SG,"""SDL CG 7.67% 2033""",NSE,EQ
5504769,764GJ34-SG,"""SDL GJ 7.64% 2034""",NSE,EQ
5506049,COCHINSHIP,"""COCHIN SHIPYARD""",NSE,EQ
5506305,767HP34-SG,"""SDL HP 7.67% 2034""",NSE,EQ
5506561,767AP38A-SG,"""SDL AP 7.67% 2038""",NSE,EQ
5507073,764HP39-SG,"""SDL HP 7.64% 2039""",NSE,EQ
5507329,768KA39-SG,"""SDL KA 7.68% 2039""",NSE,EQ
5513985,773BR39A-SG,"""SDL BR 7.73% 2039""",NSE,EQ
5514241,769KA40-SG,"""SDL KA 7.69% 2040""",NSE,EQ
5514753,76TS43-SG,"""SDL TS 7.6% 2043""",NSE,EQ
5515009,76AP44-SG,"""SDL AP 7.6% 2044""",NSE,EQ
5516033,76TS47-SG,"""SDL TS 7.6% 2047""",NSE,EQ
5516289,756TN54-SG,"""SDL TN 7.56% 2054""",NSE,EQ
5516545,655AP28-SG,"""SDL AP 6.55% 2028""",NSE,EQ
5516801,727AS29-SG,"""SDL AS 7.27% 2029""",NSE,EQ
5517057,SMSLIFE,"""SMS LIFESCIENCES (I)""",NSE,EQ
5522433,835SMFG27-N0,,NSE,EQ
5528065,COMSYN-BE,"""COMMERCIAL SYN BAGS""",NSE,EQ
5533185,ABCAPITAL,"""ADITYA BIRLA CAPITAL""",NSE,EQ
5533441,875GFL27-N0,,NSE,EQ
5534977,757IRFC29-NP,,NSE,EQ
5535489,APEX,"""APEX FROZEN FOODS""",NSE,EQ
5535745,840TPL28-N2,,NSE,EQ
5539841,624HR26-SG,"""SDL HR 6.24% 2026""",NSE,EQ
5540353,729BR30-SG,"""SDL BR 7.29% 2030""",NSE,EQ
5540609,729AP30-SG,"""SDL AP 7.29% 2030""",NSE,EQ
5540865,724AP33-SG,"""SDL AP 7.24% 2033""",NSE,EQ
5541121,724AP35-SG,"""SDL AP 7.24% 2035""",NSE,EQ
5541377,728JK30-SG,"""SDL JK 7.28% 2030""",NSE,EQ
5541633,639AP26-SG,"""SDL AP 6.39% 2026""",NSE,EQ
5542401,66GJ29-SG,"""SDL GJ 6.6% 2029""",NSE,EQ
5542657,730JK29-SG,"""SDL JK 7.30% 2029""",NSE,EQ
5544705,840TPL26-N0,,NSE,EQ
5549313,840TPL27-N1,,NSE,EQ
5550849,BRNL,"""BHARAT ROAD NETWORK""",NSE,EQ
5551105,840TPL29-N3,,NSE,EQ
5552641,DIXON,"""DIXON TECHNO (INDIA)""",NSE,EQ
5552897,MAXPOSURE-SM,"""MAXPOSURE""",NSE,EQ
5554689,MANAV-ST,"""MANAV INFRA PROJECTS""",NSE,EQ
5556225,DCAL,"""DISHMAN CARBO AMCIS""",NSE,EQ
5556481,MEDIASSIST,"""MEDI ASSIST HEALTH SER L""",NSE,EQ
5557761,723KA28-SG,"""SDL KA 7.23% 2028""",NSE,EQ
5558017,68PN26-SG,"""SDL PN 6.8% 2026""",NSE,EQ
5559297,665PN50-SG,"""SDL PN 6.65% 2050""",NSE,EQ
5559553,73PN34-SG,"""SDL PN 7.3% 2034""",NSE,EQ
5560065,67PN30-SG,"""SDL PN 6.7% 2030""",NSE,EQ
5561089,LASA-BE,"""LASA SUPERGENERICS""",NSE,EQ
5561857,MATRIMONY,"""MATRIMONY.COM""",NSE,EQ
5564161,737GR2054-GS,"""GOI LOAN   7.37% 2054""",NSE,EQ
5565441,CHOLAHLDNG,"""CHOLAMANDALAM FIN HOL""",NSE,EQ
5565697,775SIDBI27-N1,,NSE,EQ
5567233,EDUCOMP-BZ,"""EDUCOMP SOLUTIONS""",NSE,EQ
5567745,CAPACITE,"""CAPACITE INFRAPROJECT""",NSE,EQ
5568001,LIQUIDCASE,"""ZERODHA NIFTY 1D RATE LIQUID ETF""",NSE,EQ
5570561,832TFSIL29-N0,,NSE,EQ
5572353,83645TFS27-N1,,NSE,EQ
5573121,ICICIGI,"""ICICI LOMBARD GIC""",NSE,EQ
5577217,672PN30-SG,"""SDL PN 6.72% 2030""",NSE,EQ
5577985,697PN40-SG,"""SDL PN 6.97% 2040""",NSE,EQ
5578753,MPTODAY-SM,"""M P TODAY MEDIA""",NSE,EQ
5579265,DAVANGERE,"""DAVANGERE SUGAR COMPANY L""",NSE,EQ
5582849,SBILIFE,"""SBI LIFE INSURANCE CO""",NSE,EQ
5585409,773KA41-SG,"""SDL KA 7.73% 2041""",NSE,EQ
5585921,767KA42-SG,"""SDL KA 7.67% 2042""",NSE,EQ
5586689,CADSYS-SM,"""CADSYS (INDIA)""",NSE,EQ
5587201,77AP42-SG,"""SDL AP 7.7% 2042""",NSE,EQ
5587713,766WB43-SG,"""SDL WB 7.66% 2043""",NSE,EQ
5587969,TEXRAIL,"""TEXMACO RAIL & ENG.""",NSE,EQ
5588225,759TN44-SG,"""SDL TN 7.59% 2044""",NSE,EQ
5588481,759TS46-SG,"""SDL TS 7.59% 2046""",NSE,EQ
5591041,DIAMONDYD,"""PRATAAP SNACKS""",NSE,EQ
5591297,758TN54-SG,"""SDL TN 7.58% 2054""",NSE,EQ
5591553,766RJ31-SG,"""SDL RJ 7.66% 2031""",NSE,EQ
5593345,767CG31-SG,"""SDL CG 7.67% 2031""",NSE,EQ
5593857,768JH32-SG,"""SDL JH 7.68% 2032""",NSE,EQ
5595137,763GJ33-SG,"""SDL GJ 7.63% 2033""",NSE,EQ
5595649,763GJ34-SG,"""SDL GJ 7.63% 2034""",NSE,EQ
5596929,767RJ34-SG,"""SDL RJ 7.67% 2034""",NSE,EQ
5597441,769GA34-SG,"""SDL GA 7.69% 2034""",NSE,EQ
5598465,TIRUPATI-ST,"""SHREE TIRUPATI BALAJEE""",NSE,EQ
5598721,768AP37-SG,"""SDL AP 7.68% 2037""",NSE,EQ
5599233,773MZ39-SG,"""SDL MZ 7.73% 2039""",NSE,EQ
5600513,774BR39-SG,"""SDL BR 7.74% 2039""",NSE,EQ
5601025,771MP40-SG,"""SDL MP 7.71% 2040""",NSE,EQ
5604609,722PN32-SG,"""SDL PN 7.22% 2032""",NSE,EQ
5604865,730PN31-SG,"""SDL PN 7.30% 2031""",NSE,EQ
5605121,692PN35-SG,"""SDL PN 6.92% 2035""",NSE,EQ
5606145,705KL30-SG,"""SDL KL 7.05% 2030""",NSE,EQ
5606657,655KL30-SG,"""SDL KL 6.55% 2030""",NSE,EQ
5607169,673KL28-SG,"""SDL KL 6.73% 2028""",NSE,EQ
5607425,791KL30-SG,"""SDL KL 7.91% 2030""",NSE,EQ
5607681,810KL32-SG,"""SDL KL 8.10% 2032""",NSE,EQ
5607937,896KL35-SG,"""SDL KL 8.96% 2035""",NSE,EQ
5608449,728KL30-SG,"""SDL KL 7.28% 2030""",NSE,EQ
5608705,65KL27-SG,"""SDL KL 6.5% 2027""",NSE,EQ
5608961,663KL30-SG,"""SDL KL 6.63% 2030""",NSE,EQ
5609473,718KL29-SG,"""SDL KL 7.18% 2029""",NSE,EQ
5609729,684KL30-SG,"""SDL KL 6.84% 2030""",NSE,EQ
5609985,716KL30-SG,"""SDL KL 7.16% 2030""",NSE,EQ
5610241,703KL30-SG,"""SDL KL 7.03% 2030""",NSE,EQ
5610497,67KL27-SG,"""SDL KL 6.7% 2027""",NSE,EQ
5611265,642MN30-SG,"""SDL MN 6.42% 2030""",NSE,EQ
5611521,705MN30-SG,"""SDL MN 7.05% 2030""",NSE,EQ
5611777,656MN30-SG,"""SDL MN 6.56% 2030""",NSE,EQ
5612033,699MN30-SG,"""SDL MN 6.99% 2030""",NSE,EQ
5612289,8MN30-SG,"""SDL MN 8% 2030""",NSE,EQ
5612545,68MN30-SG,"""SDL MN 6.8% 2030""",NSE,EQ
5612801,695MN30-SG,"""SDL MN 6.95% 2030""",NSE,EQ
5613057,69MN30-SG,"""SDL MN 6.9% 2030""",NSE,EQ
5613313,57KA26-SG,"""SDL KA 5.7% 2026""",NSE,EQ
5613825,612KA27-SG,"""SDL KA 6.12% 2027""",NSE,EQ
5614081,609KA28-SG,"""SDL KA 6.09% 2028""",NSE,EQ
5614593,654MH30-SG,"""SDL MH 6.54% 2030""",NSE,EQ
5614849,778MH29-SG,"""SDL MH 7.78% 2029""",NSE,EQ
5615105,76MH30-SG,"""SDL MH 7.6% 2030""",NSE,EQ
5615617,657MH31-SG,"""SDL MH 6.57% 2031""",NSE,EQ
5615873,66MH31-SG,"""SDL MH 6.6% 2031""",NSE,EQ
5616385,698MH28-SG,"""SDL MH 6.98% 2028""",NSE,EQ
5616641,783MH30-SG,"""SDL MH 7.83% 2030""",NSE,EQ
5616897,714MH29-SG,"""SDL MH 7.14% 2029""",NSE,EQ
5617153,727MH30-SG,"""SDL MH 7.27% 2030""",NSE,EQ
5617665,70MH28-SG,"""SDL MH 7.0% 2028""",NSE,EQ
5618177,697MH28-SG,"""SDL MH 6.97% 2028""",NSE,EQ
5618433,624MH28-SG,"""SDL MH 6.24% 2028""",NSE,EQ
5618689,658MP35-SG,"""SDL MP 6.58% 2035""",NSE,EQ
5618945,652MP35-SG,"""SDL MP 6.52% 2035""",NSE,EQ
5619201,729MP35-SG,"""SDL MP 7.29% 2035""",NSE,EQ
5619457,HFCL,"""HFCL""",NSE,EQ
5619969,833TPL27-N5,,NSE,EQ
5620993,INDTERRAIN,"""IND TERRAIN FASHIONS""",NSE,EQ
5621505,NIFTYBETF,"""BFAM - NIFTYBETF""",NSE,EQ
5622529,711MP30-SG,"""SDL MP 7.11% 2030""",NSE,EQ
5623041,704MP30-SG,"""SDL MP 7.04% 2030""",NSE,EQ
5623297,712MP35-SG,"""SDL MP 7.12% 2035""",NSE,EQ
5623553,719MP40-SG,"""SDL MP 7.19% 2040""",NSE,EQ
5624577,664MP30-SG,"""SDL MP 6.64% 2030""",NSE,EQ
5624833,718MP30-SG,"""SDL MP 7.18% 2030""",NSE,EQ
5625089,717MP35-SG,"""SDL MP 7.17% 2035""",NSE,EQ
5625601,657MP30-SG,"""SDL MP 6.57% 2030""",NSE,EQ
5625857,717MP29-SG,"""SDL MP 7.17% 2029""",NSE,EQ
5626113,721MP34-SG,"""SDL MP 7.21% 2034""",NSE,EQ
5626369,698MP30-SG,"""SDL MP 6.98% 2030""",NSE,EQ
5626625,694MP35-SG,"""SDL MP 6.94% 2035""",NSE,EQ
5626881,729MP30-SG,"""SDL MP 7.29% 2030""",NSE,EQ
5627137,673MP30-SG,"""SDL MP 6.73% 2030""",NSE,EQ
5627393,735MP29-SG,"""SDL MP 7.35% 2029""",NSE,EQ
5627649,689MP35-SG,"""SDL MP 6.89% 2035""",NSE,EQ
5628417,BANKBETF,"""BFAM - BANKBETF""",NSE,EQ
5629697,709MP30-SG,"""SDL MP 7.09% 2030""",NSE,EQ
5629953,669MP30-SG,"""SDL MP 6.69% 2030""",NSE,EQ
5630209,652NL30-SG,"""SDL NL 6.52% 2030""",NSE,EQ
5630465,705NL30-SG,"""SDL NL 7.05% 2030""",NSE,EQ
5630721,80NL30-SG,"""SDL NL 8.0% 2030""",NSE,EQ
5630977,72NL29-SG,"""SDL NL 7.2% 2029""",NSE,EQ
5631233,703NL30-SG,"""SDL NL 7.03% 2030""",NSE,EQ
5631489,729NL29-SG,"""SDL NL 7.29% 2029""",NSE,EQ
5634305,652ML30-SG,"""SDL ML 6.52% 2030""",NSE,EQ
5634561,720ML30-SG,"""SDL ML 7.20% 2030""",NSE,EQ
5634817,72ML29-SG,"""SDL ML 7.2% 2029""",NSE,EQ
5635073,704ML30-SG,"""SDL ML 7.04% 2030""",NSE,EQ
5635329,729ML29-SG,"""SDL ML 7.29% 2029""",NSE,EQ
5635585,657MZ35-SG,"""SDL MZ 6.57% 2035""",NSE,EQ
5635841,720MZ30-SG,"""SDL MZ 7.20% 2030""",NSE,EQ
5636097,750MZ30-SG,"""SDL MZ 7.50% 2030""",NSE,EQ
5636353,66MZ30-SG,"""SDL MZ 6.6% 2030""",NSE,EQ
5636609,72MZ29-SG,"""SDL MZ 7.2% 2029""",NSE,EQ
5636865,704MZ30-SG,"""SDL MZ 7.04% 2030""",NSE,EQ
5637121,711MZ30-SG,"""SDL MZ 7.11% 2030""",NSE,EQ
5637889,655RJ50-SG,"""SDL RJ 6.55% 2050""",NSE,EQ
5638145,721PY28-SG,"""SDL PY 7.21% 2028""",NSE,EQ
5638401,708PY26-SG,"""SDL PY 7.08% 2026""",NSE,EQ
5638657,688PY31-SG,"""SDL PY 6.88% 2031""",NSE,EQ
5638913,701PY26-SG,"""SDL PY 7.01% 2026""",NSE,EQ
5639169,735PY30-SG,"""SDL PY 7.35% 2030""",NSE,EQ
5639425,703PY28-SG,"""SDL PY 7.03% 2028""",NSE,EQ
5639681,722AP30-SG,"""SDL AP 7.22% 2030""",NSE,EQ
5639937,722AP28-SG,"""SDL AP 7.22% 2028""",NSE,EQ
5640193,722AP31A-SG,"""SDL AP 7.22% 2031""",NSE,EQ
5640449,655RJ55-SG,"""SDL RJ 6.55% 2055""",NSE,EQ
5640705,727RJ29-SG,"""SDL RJ 7.27% 2029""",NSE,EQ
5640961,708RJ30-SG,"""SDL RJ 7.08% 2030""",NSE,EQ
5641217,745RJ30-SG,"""SDL RJ 7.45% 2030""",NSE,EQ
5643009,649RJ30-SG,"""SDL RJ 6.49% 2030""",NSE,EQ
5643265,717RJ30-SG,"""SDL RJ 7.17% 2030""",NSE,EQ
5644289,704RJ30-SG,"""SDL RJ 7.04% 2030""",NSE,EQ
5644801,658RJ30-SG,"""SDL RJ 6.58% 2030""",NSE,EQ
5645825,715RJ30-SG,"""SDL RJ 7.15% 2030""",NSE,EQ
5646337,657RJ30-SG,"""SDL RJ 6.57% 2030""",NSE,EQ
5646593,697RJ30-SG,"""SDL RJ 6.97% 2030""",NSE,EQ
5647105,654RJ30-SG,"""SDL RJ 6.54% 2030""",NSE,EQ
5647361,718RJ29-SG,"""SDL RJ 7.18% 2029""",NSE,EQ
5647617,790RJ26-SG,"""SDL RJ 7.90% 2026""",NSE,EQ
5647873,831RJ27-SG,"""SDL RJ 8.31% 2027""",NSE,EQ
5648129,678RJ30-SG,"""SDL RJ 6.78% 2030""",NSE,EQ
5648385,727RJ30-SG,"""SDL RJ 7.27% 2030""",NSE,EQ
5648641,788RJ32-SG,"""SDL RJ 7.88% 2032""",NSE,EQ
5648897,73RJ30-SG,"""SDL RJ 7.3% 2030""",NSE,EQ
5649153,687RJ25-SG,"""SDL RJ 6.87% 2025""",NSE,EQ
5649409,684RJ30-SG,"""SDL RJ 6.84% 2030""",NSE,EQ
5649921,670RJ50-SG,"""SDL RJ 6.70% 2050""",NSE,EQ
5650433,718RJ30-SG,"""SDL RJ 7.18% 2030""",NSE,EQ
5650689,659RJ30-SG,"""SDL RJ 6.59% 2030""",NSE,EQ
5650945,714RJ30-SG,"""SDL RJ 7.14% 2030""",NSE,EQ
5651457,703RJ30-SG,"""SDL RJ 7.03% 2030""",NSE,EQ
5651713,671RJ30-SG,"""SDL RJ 6.71% 2030""",NSE,EQ
5652225,655RJ30-SG,"""SDL RJ 6.55% 2030""",NSE,EQ
5652481,667RJ50-SG,"""SDL RJ 6.67% 2050""",NSE,EQ
5652737,65UP30-SG,"""SDL UP 6.5% 2030""",NSE,EQ
5652993,726UP29-SG,"""SDL UP 7.26% 2029""",NSE,EQ
5653249,710UP30-SG,"""SDL UP 7.10% 2030""",NSE,EQ
5653505,793UP30-SG,"""SDL UP 7.93% 2030""",NSE,EQ
5653761,704UP30-SG,"""SDL UP 7.04% 2030""",NSE,EQ
5654017,765UP30-SG,"""SDL UP 7.65% 2030""",NSE,EQ
5654273,703UP30-SG,"""SDL UP 7.03% 2030""",NSE,EQ
5654529,70UP30-SG,"""SDL UP 7.0% 2030""",NSE,EQ
5654785,722UP30-SG,"""SDL UP 7.22% 2030""",NSE,EQ
5655041,716UP29-SG,"""SDL UP 7.16% 2029""",NSE,EQ
5655297,73UP30-SG,"""SDL UP 7.3% 2030""",NSE,EQ
5655553,719UP29-SG,"""SDL UP 7.19% 2029""",NSE,EQ
5655809,690UP30-SG,"""SDL UP 6.90% 2030""",NSE,EQ
5656065,686UP30-SG,"""SDL UP 6.86% 2030""",NSE,EQ
5656321,714UP30-SG,"""SDL UP 7.14% 2030""",NSE,EQ
5656577,709UP30-SG,"""SDL UP 7.09% 2030""",NSE,EQ
5656833,669UP30-SG,"""SDL UP 6.69% 2030""",NSE,EQ
5657089,728UP29-SG,"""SDL UP 7.28% 2029""",NSE,EQ
5657345,729UP29-SG,"""SDL UP 7.29% 2029""",NSE,EQ
5657601,691UP30-SG,"""SDL UP 6.91% 2030""",NSE,EQ
5658113,663TN55-SG,"""SDL TN 6.63% 2055""",NSE,EQ
5658369,641TN30-SG,"""SDL TN 6.41% 2030""",NSE,EQ
5658625,775TN30-SG,"""SDL TN 7.75% 2030""",NSE,EQ
5659393,750TN29-SG,"""SDL TN 7.50% 2029""",NSE,EQ
5660161,719TN35-SG,"""SDL TN 7.19% 2035""",NSE,EQ
5660417,66TN30-SG,"""SDL TN 6.6% 2030""",NSE,EQ
5660673,674TN50-SG,"""SDL TN 6.74% 2050""",NSE,EQ
5660929,669TN50-SG,"""SDL TN 6.69% 2050""",NSE,EQ
5661185,655TN30-SG,"""SDL TN 6.55% 2030""",NSE,EQ
5661441,733TN54-SG,"""SDL TN 7.33% 2054""",NSE,EQ
5662465,705TN26-SG,"""SDL TN 7.05% 2026""",NSE,EQ
5662721,715TN27-SG,"""SDL TN 7.15% 2027""",NSE,EQ
5663233,673TN30-SG,"""SDL TN 6.73% 2030""",NSE,EQ
5663489,717TN29-SG,"""SDL TN 7.17% 2029""",NSE,EQ
5663745,72TN31-SG,"""SDL TN 7.2% 2031""",NSE,EQ
5664001,719TN30-SG,"""SDL TN 7.19% 2030""",NSE,EQ
5664257,694TN50-SG,"""SDL TN 6.94% 2050""",NSE,EQ
5664513,725TN27-SG,"""SDL TN 7.25% 2027""",NSE,EQ
5664769,670TN50-SG,"""SDL TN 6.70% 2050""",NSE,EQ
5665025,66TN29-SG,"""SDL TN 6.6% 2029""",NSE,EQ
5666305,668TN55-SG,"""SDL TN 6.68% 2055""",NSE,EQ
5666561,633TN30-SG,"""SDL TN 6.33% 2030""",NSE,EQ
5666817,649TN50-SG,"""SDL TN 6.49% 2050""",NSE,EQ
5667073,75TR30-SG,"""SDL TR 7.5% 2030""",NSE,EQ
5667329,698TR30-SG,"""SDL TR 6.98% 2030""",NSE,EQ
5667585,721TR29-SG,"""SDL TR 7.21% 2029""",NSE,EQ
5667841,717TR30-SG,"""SDL TR 7.17% 2030""",NSE,EQ
5668097,731WB34-SG,"""SDL WB 7.31% 2034""",NSE,EQ
5668353,72WB30-SG,"""SDL WB 7.2% 2030""",NSE,EQ
5668609,705WB30-SG,"""SDL WB 7.05% 2030""",NSE,EQ
5668865,718WB35-SG,"""SDL WB 7.18% 2035""",NSE,EQ
5669121,695WB35-SG,"""SDL WB 6.95% 2035""",NSE,EQ
5669377,726WB34-SG,"""SDL WB 7.26% 2034""",NSE,EQ
5669633,723WB30-SG,"""SDL WB 7.23% 2030""",NSE,EQ
5669889,719WB29-SG,"""SDL WB 7.19% 2029""",NSE,EQ
5670145,698WB35-SG,"""SDL WB 6.98% 2035""",NSE,EQ
5670401,715WB35-SG,"""SDL WB 7.15% 2035""",NSE,EQ
5670657,71WB30-SG,"""SDL WB 7.1% 2030""",NSE,EQ
5670913,730WB29-SG,"""SDL WB 7.30% 2029""",NSE,EQ
5671169,729WB29-SG,"""SDL WB 7.29% 2029""",NSE,EQ
5671425,714SK30-SG,"""SDL SK 7.14% 2030""",NSE,EQ
5671681,728SK30-SG,"""SDL SK 7.28% 2030""",NSE,EQ
5671937,695SK30-SG,"""SDL SK 6.95% 2030""",NSE,EQ
5672193,711CG30-SG,"""SDL CG 7.11% 2030""",NSE,EQ
5672449,759CG30-SG,"""SDL CG 7.59% 2030""",NSE,EQ
5672705,708CG30-SG,"""SDL CG 7.08% 2030""",NSE,EQ
5672961,717CG30-SG,"""SDL CG 7.17% 2030""",NSE,EQ
5673217,718CG27-SG,"""SDL CG 7.18% 2027""",NSE,EQ
5673473,735CG30-SG,"""SDL CG 7.35% 2030""",NSE,EQ
5673729,718CG30-SG,"""SDL CG 7.18% 2030""",NSE,EQ
5673985,710UK30-SG,"""SDL UK 7.10% 2030""",NSE,EQ
5674241,745UK30-SG,"""SDL UK 7.45% 2030""",NSE,EQ
5674497,706UK30-SG,"""SDL UK 7.06% 2030""",NSE,EQ
5674753,717UK29-SG,"""SDL UK 7.17% 2029""",NSE,EQ
5675009,688UK30-SG,"""SDL UK 6.88% 2030""",NSE,EQ
5675265,711UK30-SG,"""SDL UK 7.11% 2030""",NSE,EQ
5675521,704UK30-SG,"""SDL UK 7.04% 2030""",NSE,EQ
5675777,729UK29-SG,"""SDL UK 7.29% 2029""",NSE,EQ
5676033,69UK30-SG,"""SDL UK 6.9% 2030""",NSE,EQ
5676289,654WB35-SG,"""SDL WB 6.54% 2035""",NSE,EQ
5676545,65WB30-SG,"""SDL WB 6.5% 2030""",NSE,EQ
5676801,799WB35-SG,"""SDL WB 7.99% 2035""",NSE,EQ
5677057,665WB30-SG,"""SDL WB 6.65% 2030""",NSE,EQ
5677313,735WB30-SG,"""SDL WB 7.35% 2030""",NSE,EQ
5677569,655WB30-SG,"""SDL WB 6.55% 2030""",NSE,EQ
5677825,658JK30-SG,"""SDL JK 6.58% 2030""",NSE,EQ
5678081,662JK30-SG,"""SDL JK 6.62% 2030""",NSE,EQ
5678337,815JK30-SG,"""SDL JK 8.15% 2030""",NSE,EQ
5678593,679JK30-SG,"""SDL JK 6.79% 2030""",NSE,EQ
5678849,664TS50-SG,"""SDL TS 6.64% 2050""",NSE,EQ
5679873,624TS26-SG,"""SDL TS 6.24% 2026""",NSE,EQ
5680129,765TS30-SG,"""SDL TS 7.65% 2030""",NSE,EQ
5680385,750TS28-SG,"""SDL TS 7.50% 2028""",NSE,EQ
5680641,699TS28-SG,"""SDL TS 6.99% 2028""",NSE,EQ
5680897,698TS28-SG,"""SDL TS 6.98% 2028""",NSE,EQ
5681153,672TS26-SG,"""SDL TS 6.72% 2026""",NSE,EQ
5681921,660TS30-SG,"""SDL TS 6.60% 2030""",NSE,EQ
5682177,726JH27-SG,"""SDL JH 7.26% 2027""",NSE,EQ
5682433,737JH31-SG,"""SDL JH 7.37% 2031""",NSE,EQ
5682689,705JH30-SG,"""SDL JH 7.05% 2030""",NSE,EQ
5682945,810JH32-SG,"""SDL JH 8.10% 2032""",NSE,EQ
5683201,699JH30-SG,"""SDL JH 6.99% 2030""",NSE,EQ
5683457,785UK30-SG,"""SDL UK 7.85% 2030""",NSE,EQ
5683713,735UK30-SG,"""SDL UK 7.35% 2030""",NSE,EQ
5683969,739TS59-SG,"""SDL TS 7.39% 2059""",NSE,EQ
5684225,799TS35-SG,"""SDL TS 7.99% 2035""",NSE,EQ
5684481,799TS30-SG,"""SDL TS 7.99% 2030""",NSE,EQ
5684737,731TS60-SG,"""SDL TS 7.31% 2060""",NSE,EQ
5684993,694TS60-SG,"""SDL TS 6.94% 2060""",NSE,EQ
5685249,735TS30-SG,"""SDL TS 7.35% 2030""",NSE,EQ
5685761,725TS28-SG,"""SDL TS 7.25% 2028""",NSE,EQ
5686017,743TS54-SG,"""SDL TS 7.43% 2054""",NSE,EQ
5686273,717PN30-SG,"""SDL PN 7.17% 2030""",NSE,EQ
5686529,718UP30-SG,"""SDL UP 7.18% 2030""",NSE,EQ
5686785,717GJ30-SG,"""SDL GJ 7.17% 2030""",NSE,EQ
5687041,722AP31-SG,"""SDL AP 7.22% 2031""",NSE,EQ
5687297,717BR30-SG,"""SDL BR 7.17% 2030""",NSE,EQ
5687553,729GA29-SG,"""SDL GA 7.29% 2029""",NSE,EQ
5687809,714KA29-SG,"""SDL KA 7.14% 2029""",NSE,EQ
5688065,685WB30-SG,"""SDL WB 6.85% 2030""",NSE,EQ
5688321,717PN30A-SG,"""SDL PN 7.17% 2030""",NSE,EQ
5688577,718UP30A-SG,"""SDL UP 7.18% 2030""",NSE,EQ
5688833,717GJ30A-SG,"""SDL GJ 7.17% 2030""",NSE,EQ
5689089,717BR30A-SG,"""SDL BR 7.17% 2030""",NSE,EQ
5689345,729GA29A-SG,"""SDL GA 7.29% 2029""",NSE,EQ
5689601,714KA29A-SG,"""SDL KA 7.14% 2029""",NSE,EQ
5689857,685WB30A-SG,"""SDL WB 6.85% 2030""",NSE,EQ
5691649,DHUNINV,"""DHUNSERI INVESTMENTS""",NSE,EQ
5691905,757BOB24-N0,,NSE,EQ
5693185,EBBETF0431,"""EDELAMC - EBBETF0431""",NSE,EQ
5693953,SGBJUL28IV-GB,"""2.50%GOLDBONDS2028SR-IV""",NSE,EQ
5697281,NDRAUTO,"""NDR AUTO COMPONENTS""",NSE,EQ
5698817,65GA30-SG,"""SDL GA 6.5% 2030""",NSE,EQ
5699073,644UP30-SG,"""SDL UP 6.44% 2030""",NSE,EQ
5699329,649TS50-SG,"""SDL TS 6.49% 2050""",NSE,EQ
5699585,649AP33-SG,"""SDL AP 6.49% 2033""",NSE,EQ
5699841,64KA30-SG,"""SDL KA 6.4% 2030""",NSE,EQ
5700097,64KA31-SG,"""SDL KA 6.4% 2031""",NSE,EQ
5700353,636HP28-SG,"""SDL HP 6.36% 2028""",NSE,EQ
5700865,646WB30-SG,"""SDL WB 6.46% 2030""",NSE,EQ
5701633,62RJ27-SG,"""SDL RJ 6.2% 2027""",NSE,EQ
5702913,WORTHPERI,"""WORTH PERIPHERALS""",NSE,EQ
5704193,TIRUPATIFL,"""TIRUPATI FORGE""",NSE,EQ
5706753,577GS2030-GS,"""GOI LOAN 5.77% 2030""",NSE,EQ
5707009,65RJ50-SG,"""SDL RJ 6.5% 2050""",NSE,EQ
5707265,655AP35-SG,"""SDL AP 6.55% 2035""",NSE,EQ
5707521,65AP38-SG,"""SDL AP 6.5% 2038""",NSE,EQ
5707777,64GJ30-SG,"""SDL GJ 6.4% 2030""",NSE,EQ
5708033,654MP35-SG,"""SDL MP 6.54% 2035""",NSE,EQ
5708289,642PN30-SG,"""SDL PN 6.42% 2030""",NSE,EQ
5708545,648HR40-SG,"""SDL HR 6.48% 2040""",NSE,EQ
5709057,645MN30-SG,"""SDL MN 6.45% 2030""",NSE,EQ
5709313,632KA28-SG,"""SDL KA 6.32% 2028""",NSE,EQ
5709569,646JK30-SG,"""SDL JK 6.46% 2030""",NSE,EQ
5709825,652TS50-SG,"""SDL TS 6.52% 2050""",NSE,EQ
5710849,MINDSPACE-RR,"""MINDSPACE BUSINESS P REIT""",NSE,EQ
5716993,660AP39-SG,"""SDL AP 6.60% 2039""",NSE,EQ
5717249,660AP40-SG,"""SDL AP 6.60% 2040""",NSE,EQ
5717761,648KA30-SG,"""SDL KA 6.48% 2030""",NSE,EQ
5718017,649KA31-SG,"""SDL KA 6.49% 2031""",NSE,EQ
5718273,644GJ29A-SG,"""SDL GJ 6.44% 2029""",NSE,EQ
5718529,661MP35-SG,"""SDL MP 6.61% 2035""",NSE,EQ
5719041,646RJ30-SG,"""SDL RJ 6.46% 2030""",NSE,EQ
5719297,662WB35-SG,"""SDL WB 6.62% 2035""",NSE,EQ
5719553,644MH28-SG,"""SDL MH 6.44% 2028""",NSE,EQ
5719809,649MH31-SG,"""SDL MH 6.49% 2031""",NSE,EQ
5720065,ALPL30IETF,"""ICICIPRAMC - ICICIALPLV""",NSE,EQ
5720833,MACPOWER,"""MACPOWER CNC MACHINES""",NSE,EQ
5724673,MCL-BE,"""MADHAV COPPER""",NSE,EQ
5725441,ITIETF,"""ICICIPRAMC - ICICITECH""",NSE,EQ
5726209,65KA30-SG,"""SDL KA 6.5% 2030""",NSE,EQ
5726465,65GA30A-SG,"""SDL GA 6.5% 2030""",NSE,EQ
5726721,664KA32-SG,"""SDL KA 6.64% 2032""",NSE,EQ
5726977,669TS50-SG,"""SDL TS 6.69% 2050""",NSE,EQ
5727233,65RJ30-SG,"""SDL RJ 6.5% 2030""",NSE,EQ
5727489,668HR39-SG,"""SDL HR 6.68% 2039""",NSE,EQ
5727745,65TN30-SG,"""SDL TN 6.5% 2030""",NSE,EQ
5728001,667TN50-SG,"""SDL TN 6.67% 2050""",NSE,EQ
5728513,MAXHEALTH,"""MAX HEALTHCARE INS""",NSE,EQ
5730561,SGBAUG28V-GB,"""2.50%GOLDBONDS2028SR-V""",NSE,EQ
5735681,668GA30-SG,"""SDL GA 6.68% 2030""",NSE,EQ
5735937,665GJ30-SG,"""SDL GJ 6.65% 2030""",NSE,EQ
5736961,663KA30-SG,"""SDL KA 6.63% 2030""",NSE,EQ
5737217,668WB30-SG,"""SDL WB 6.68% 2030""",NSE,EQ
5737473,664RJ30-SG,"""SDL RJ 6.64% 2030""",NSE,EQ
5737729,666TN30-SG,"""SDL TN 6.66% 2030""",NSE,EQ
5737985,667UP30-SG,"""SDL UP 6.67% 2030""",NSE,EQ
5738241,LOVABLE,"""LOVABLE LINGERIE""",NSE,EQ
5738497,807NIIF39-N1,,NSE,EQ
5739777,677KA33-SG,"""SDL KA 6.77% 2033""",NSE,EQ
5740033,677AP40-SG,"""SDL AP 6.77% 2040""",NSE,EQ
5740289,TOTAL,"""TOTAL TRANSPORT SYS""",NSE,EQ
5741569,MAXIND,"""MAX INDIA""",NSE,EQ
5742849,HDFCNIFBAN,"""HDFCAMC - HDFCNIFBAN""",NSE,EQ
5744129,68GS2060-GS,"""GOI LOAN  6.8% 2060""",NSE,EQ
5744641,UTIBANKETF,"""UTIAMC - UTIBANKETF""",NSE,EQ
5746433,655AS30A-SG,"""SDL AS 6.55% 2030""",NSE,EQ
5746689,645GJ30-SG,"""SDL GJ 6.45% 2030""",NSE,EQ
5746945,645ML30-SG,"""SDL ML 6.45% 2030""",NSE,EQ
5747201,646RJ30A-SG,"""SDL RJ 6.46% 2030""",NSE,EQ
5747457,643UK30-SG,"""SDL UK 6.43% 2030""",NSE,EQ
5747713,64KA30A-SG,"""SDL KA 6.4% 2030""",NSE,EQ
5747969,668AP35-SG,"""SDL AP 6.68% 2035""",NSE,EQ
5748225,661KA35-SG,"""SDL KA 6.61% 2035""",NSE,EQ
5748481,668AP39-SG,"""SDL AP 6.68% 2039""",NSE,EQ
5748737,67PN40-SG,"""SDL PN 6.7% 2040""",NSE,EQ
5748993,671TS50-SG,"""SDL TS 6.71% 2050""",NSE,EQ
5750017,810NIIF34-N0,,NSE,EQ
5750529,EPACK,"""EPACK DURABLE""",NSE,EQ
5751809,LAWSIKHO-SM,"""ADDICTIVE LEARNING TECH L""",NSE,EQ
5752833,KONSTELEC-SM,"""KONSTELEC ENGINEERS""",NSE,EQ
5753857,SGBDE31III-GB,"""2.50%GOLDBONDS2031SR-III""",NSE,EQ
5754113,NOVAAGRI,"""NOVA AGRITECH""",NSE,EQ
5755393,813LTF29-NP,,NSE,EQ
5756929,NIFITETF,"""UTIAMC - NIFITETF""",NSE,EQ
5757953,76TN31-SG,"""SDL TN 7.6% 2031""",NSE,EQ
5758209,76GJ33-SG,"""SDL GJ 7.6% 2033""",NSE,EQ
5758465,765CG33-SG,"""SDL CG 7.65% 2033""",NSE,EQ
5758721,766RJ33A-SG,"""SDL RJ 7.66% 2033""",NSE,EQ
5758977,765GA34-SG,"""SDL GA 7.65% 2034""",NSE,EQ
5759233,766RJ34-SG,"""SDL RJ 7.66% 2034""",NSE,EQ
5759489,77SK34-SG,"""SDL SK 7.7% 2034""",NSE,EQ
5759745,762TN34-SG,"""SDL TN 7.62% 2034""",NSE,EQ
5760001,763MH35-SG,"""SDL MH 7.63% 2035""",NSE,EQ
5760257,766HR36-SG,"""SDL HR 7.66% 2036""",NSE,EQ
5760513,763MH36-SG,"""SDL MH 7.63% 2036""",NSE,EQ
5760769,769PN36-SG,"""SDL PN 7.69% 2036""",NSE,EQ
5761025,769BR39-SG,"""SDL BR 7.69% 2039""",NSE,EQ
5761281,763RJ41-SG,"""SDL RJ 7.63% 2041""",NSE,EQ
5761537,767KL43-SG,"""SDL KL 7.67% 2043""",NSE,EQ
5761793,767WB43-SG,"""SDL WB 7.67% 2043""",NSE,EQ
5762049,767WB44-SG,"""SDL WB 7.67% 2044""",NSE,EQ
5762305,755TN54-SG,"""SDL TN 7.55% 2054""",NSE,EQ
5763329,885MFL29-NJ,,NSE,EQ
5763841,806SDIL29-N0,,NSE,EQ
5765121,FONEBOX-ST,"""FONEBOX RETAIL""",NSE,EQ
5765377,NIF5GETF,"""UTIAMC - NIF5GETF""",NSE,EQ
5766145,NIF10GETF,"""UTIAMC - NIF10GETF""",NSE,EQ
5766913,DELAPLEX-SM,"""DELAPLEX""",NSE,EQ
5769473,DHTL-ST,"""DOCMODE HEALTH TECH""",NSE,EQ
5770753,875CIFC23B-NJ,,NSE,EQ
5771521,CIFC26-NK,,NSE,EQ
5773057,85CIFC27-NL,,NSE,EQ
5773569,CIF27-NM,,NSE,EQ
5774337,86CIFC29-NN,,NSE,EQ
5774849,CIF29-NO,,NSE,EQ
5775361,MEGATHERM-SM,"""MEGATHERM INDUCTION""",NSE,EQ
5776385,860HFL29-N1,,NSE,EQ
5776897,BLSE,"""BLS E-SERVICES""",NSE,EQ
5778177,BAWEJA-SM,"""BAWEJA STUDIOS""",NSE,EQ
5779201,837SMFG29-N2,,NSE,EQ
5783553,HEALTHADD,"""DSPAMC - HEALTHADD""",NSE,EQ
5784321,HDFCPSUBK,"""HDFCAMC HDFCPSUBK""",NSE,EQ
5785601,855NCPL26-N0,,NSE,EQ
5786113,PFS,"""PTC INDIA FIN SERV""",NSE,EQ
5786369,725GJ26-SG,"""SDL GJ 7.25% 2026""",NSE,EQ
5786625,739AP29-SG,"""SDL AP 7.39% 2029""",NSE,EQ
5787649,742GJ31-SG,"""SDL GJ 7.42% 2031""",NSE,EQ
5787905,751CG32-SG,"""SDL CG 7.51% 2032""",NSE,EQ
5788161,749UP34A-SG,"""SDL UP 7.49% 2034""",NSE,EQ
5788417,751RJ34-SG,"""SDL RJ 7.51% 2034""",NSE,EQ
5788673,752AS34-SG,"""SDL AS 7.52% 2034""",NSE,EQ
5788929,748MH35-SG,"""SDL MH 7.48% 2035""",NSE,EQ
5789185,749TS35-SG,"""SDL TS 7.49% 2035""",NSE,EQ
5789441,749AP36-SG,"""SDL AP 7.49% 2036""",NSE,EQ
5789697,749HR36-SG,"""SDL HR 7.49% 2036""",NSE,EQ
5789953,749MH36-SG,"""SDL MH 7.49% 2036""",NSE,EQ
5790209,749AP39-SG,"""SDL AP 7.49% 2039""",NSE,EQ
5790465,752BR39-SG,"""SDL BR 7.52% 2039""",NSE,EQ
5790721,748MP40-SG,"""SDL MP 7.48% 2040""",NSE,EQ
5790977,752MZ40-SG,"""SDL MZ 7.52% 2040""",NSE,EQ
5791233,746AP41A-SG,"""SDL AP 7.46% 2041""",NSE,EQ
5791489,748MP41-SG,"""SDL MP 7.48% 2041""",NSE,EQ
5791745,752AP43-SG,"""SDL AP 7.52% 2043""",NSE,EQ
5792001,746TS45-SG,"""SDL TS 7.46% 2045""",NSE,EQ
5792257,748JK54-SG,"""SDL JK 7.48% 2054""",NSE,EQ
5794049,769LIC34-N0,,NSE,EQ
5794561,8ABHF34-N4,,NSE,EQ
5796609,799TCL34-ND,,NSE,EQ
5797121,ITALIANE-SM,"""ITALIAN EDIBLES""",NSE,EQ
5798145,PARKHOTELS,"""PARKHOTELS""",NSE,EQ
5799425,AAFS27A-N0,,NSE,EQ
5799937,SIGNPOST,"""SIGNPOST INDIA""",NSE,EQ
5801217,745EXIM28-N0,,NSE,EQ
5801729,JSFB,"""JANA SMALL FIN BANK""",NSE,EQ
5803009,768SIDB27-N2,,NSE,EQ
5803521,RPTECH,"""RASHI PERIPHERALS""",NSE,EQ
5804801,CAPITALSFB,"""CAPITAL SMALL FIN BANK L""",NSE,EQ
5806081,NDRINVIT-IV,"""NDR INVIT TRUST""",NSE,EQ
5807105,799TCL29-NE,,NSE,EQ
5808129,ALPEXSOLAR-SM,"""ALPEX SOLAR""",NSE,EQ
5809153,744CG30-SG,"""SDL CG 7.44% 2030""",NSE,EQ
5809409,743GJ31-SG,"""SDL GJ 7.43% 2031""",NSE,EQ
5809665,743CG29-SG,"""SDL CG 7.43% 2029""",NSE,EQ
5809921,745AS31-SG,"""SDL AS 7.45% 2031""",NSE,EQ
5810177,746CG31-SG,"""SDL CG 7.46% 2031""",NSE,EQ
5810433,742GJ33-SG,"""SDL GJ 7.42% 2033""",NSE,EQ
5810689,746CG33-SG,"""SDL CG 7.46% 2033""",NSE,EQ
5810945,747HR36-SG,"""SDL HR 7.47% 2036""",NSE,EQ
5811201,745AP38-SG,"""SDL AP 7.45% 2038""",NSE,EQ
5811457,744AP39-SG,"""SDL AP 7.44% 2039""",NSE,EQ
5811713,749BR39-SG,"""SDL BR 7.49% 2039""",NSE,EQ
5811969,748WB43-SG,"""SDL WB 7.48% 2043""",NSE,EQ
5812225,748AP44-SG,"""SDL AP 7.48% 2044""",NSE,EQ
5812481,748WB44-SG,"""SDL WB 7.48% 2044""",NSE,EQ
5812737,744TS46-SG,"""SDL TS 7.44% 2046""",NSE,EQ
5812993,746JK49-SG,"""SDL JK 7.46% 2049""",NSE,EQ
5814785,POLYSIL-ST,"""POLYSIL IRRIGATION SYST L""",NSE,EQ
5815553,ENTERO,"""ENTERO HEALTHCARE SOLU L""",NSE,EQ
5816833,LICNMID100,"""LICNAMC - LICNMID100""",NSE,EQ
5818369,WTICAB-ST,"""WISE TRAVEL INDIA""",NSE,EQ
5818881,VSTL,"""VIBHOR STEEL TUBES""",NSE,EQ
5820161,748IRFC34A-NQ,,NSE,EQ
5820673,890NCPL28-N1,,NSE,EQ
5821185,MON100,"""MOTILAL OS NASDAQ100 ETF""",NSE,EQ
5821697,735PY27-SG,"""SDL PY 7.35% 2027""",NSE,EQ
5821953,744CG29-SG,"""SDL CG 7.44% 2029""",NSE,EQ
5822209,747CG30A-SG,"""SDL CG 7.47% 2030""",NSE,EQ
5822465,747CG31-SG,"""SDL CG 7.47% 2031""",NSE,EQ
5822721,748CG32-SG,"""SDL CG 7.48% 2032""",NSE,EQ
5822977,748KA33-SG,"""SDL KA 7.48% 2033""",NSE,EQ
5823233,744TN34-SG,"""SDL TN 7.44% 2034""",NSE,EQ
5823489,748RJ34-SG,"""SDL RJ 7.48% 2034""",NSE,EQ
5823745,748UP34-SG,"""SDL UP 7.48% 2034""",NSE,EQ
5824001,749NL34-SG,"""SDL NL 7.49% 2034""",NSE,EQ
5824257,746MH35-SG,"""SDL MH 7.46% 2035""",NSE,EQ
5824513,747MH36-SG,"""SDL MH 7.47% 2036""",NSE,EQ
5824769,747PY37-SG,"""SDL PY 7.47% 2037""",NSE,EQ
5825025,744AP39A-SG,"""SDL AP 7.44% 2039""",NSE,EQ
5825281,747BR39-SG,"""SDL BR 7.47% 2039""",NSE,EQ
5825537,744MP40-SG,"""SDL MP 7.44% 2040""",NSE,EQ
5825793,745KA40-SG,"""SDL KA 7.45% 2040""",NSE,EQ
5826049,745MP44A-SG,"""SDL MP 7.45% 2044""",NSE,EQ
5826305,745MP45-SG,"""SDL MP 7.45% 2045""",NSE,EQ
5826561,745JK54-SG,"""SDL JK 7.45% 2054""",NSE,EQ
5827585,ESCONET-SM,"""ESCONET TECHNOLOGIES""",NSE,EQ
5828609,810TCHFL27-ND,,NSE,EQ
5829121,INM-SM,"""INTERIORS & MORE""",NSE,EQ
5830913,TCL-SM,"""THAAI CASTING""",NSE,EQ
5832961,ATMASTCO-SM,"""ATMASTCO""",NSE,EQ
5835009,760PFC29-N0,,NSE,EQ
5835521,749PFC34-N9,,NSE,EQ
5836033,783NHB27-N9,,NSE,EQ
5836545,DEEM-SM,"""DEEM ROLL TECH""",NSE,EQ
5837569,ZENITHDRUG-SM,"""ZENITH DRUGS""",NSE,EQ
5839105,840NIRMA26-N6,,NSE,EQ
5839617,850NIRMA27-N7,,NSE,EQ
5840129,747RL34-NL,,NSE,EQ
5840641,764RL27-NM,,NSE,EQ
5841921,759IREDA34-N0,,NSE,EQ
5842433,825CFHL27-N0,,NSE,EQ
5842945,JUNIPER,"""JUNIPER HOTELS""",NSE,EQ
5844993,SMALLCAP,"""MIRAEAMC - SMALLCAP""",NSE,EQ
5846785,1035UCL26-NA,,NSE,EQ
5847297,105UCL2026-NB,,NSE,EQ
5847809,11UCL26-NC,,NSE,EQ
5848577,GPTHEALTH,"""GPT HEALTHCARE""",NSE,EQ
5850625,830TFSIL27-N2,,NSE,EQ
5851137,ALPHA27-N1,,NSE,EQ
5853185,745CG33-SG,"""SDL CG 7.45% 2033""",NSE,EQ
5853441,746PN33-SG,"""SDL PN 7.46% 2033""",NSE,EQ
5853697,742TN34-SG,"""SDL TN 7.42% 2034""",NSE,EQ
5853953,744RJ34-SG,"""SDL RJ 7.44% 2034""",NSE,EQ
5854209,744KA34-SG,"""SDL KA 7.44% 2034""",NSE,EQ
5854465,742RJ39-SG,"""SDL RJ 7.42% 2039""",NSE,EQ
5854721,743BR39-SG,"""SDL BR 7.43% 2039""",NSE,EQ
5854977,744WB41-SG,"""SDL WB 7.44% 2041""",NSE,EQ
5855233,742MP44-SG,"""SDL MP 7.42% 2044""",NSE,EQ
5855489,743RJ44-SG,"""SDL RJ 7.43% 2044""",NSE,EQ
5855745,744WB44-SG,"""SDL WB 7.44% 2044""",NSE,EQ
5856001,746UK34-SG,"""SDL UK 7.46% 2034""",NSE,EQ
5856257,746UP34-SG,"""SDL UP 7.46% 2034""",NSE,EQ
5856513,743MH35-SG,"""SDL MH 7.43% 2035""",NSE,EQ
5856769,743MH36-SG,"""SDL MH 7.43% 2036""",NSE,EQ
5857025,744HR36-SG,"""SDL HR 7.44% 2036""",NSE,EQ
5857281,742KA39-SG,"""SDL KA 7.42% 2039""",NSE,EQ
5857537,742MP45-SG,"""SDL MP 7.42% 2045""",NSE,EQ
5857793,742MP46-SG,"""SDL MP 7.42% 2046""",NSE,EQ
5858817,SGBFEB32IV-GB,"""2.50%GOLDBONDS2032SR-IV""",NSE,EQ
5859073,744IRFC34-NR,,NSE,EQ
5859585,832TPL26-N4,,NSE,EQ
5860097,832TPL27-N5,,NSE,EQ
5860609,832TPL28-N6,,NSE,EQ
5861121,832TPL29-N7,,NSE,EQ
5861633,SADHAV-SM,"""SADHAV SHIPPING""",NSE,EQ
5862657,GOLDCASE,"""ZERODHA GOLD ETF""",NSE,EQ
5863681,836GIL26-N0,,NSE,EQ
5864193,840GIL27-N1,,NSE,EQ
5865217,OWAIS-SM,"""OWAIS METAL & MINERAL""",NSE,EQ
5866753,865CIFC865-NP,,NSE,EQ
5867265,8258TCL27-NF,,NSE,EQ
5867777,797SFL30-N0,,NSE,EQ
5868289,1048IIFL27-N6,,NSE,EQ
5868801,820ABHF27-N5,,NSE,EQ
5869313,AAFS34-N2,,NSE,EQ
5870081,PLATIND,"""PLATINUM INDUSTRIES""",NSE,EQ
5873153,PURVFLEXI-ST,"""PURV FLEXIPACK""",NSE,EQ
5873665,755DDL39-N0,,NSE,EQ
5874433,EXICOM,"""EXICOM TELE SYSTEMS""",NSE,EQ
5878273,925BCIL28-N0,,NSE,EQ
5878785,925BCIPL28-N1,,NSE,EQ
5880577,7835LIC27-N1,,NSE,EQ
5882625,MVKAGRO-ST,"""M.V.K. AGRO FOOD PROD""",NSE,EQ
5882881,MUKKA,"""MUKKA PROTEINS""",NSE,EQ
5884161,74MZ39-SG,"""SDL MZ 7.4% 2039""",NSE,EQ
5884417,74BR39-SG,"""SDL BR 7.4% 2039""",NSE,EQ
5884673,74RJ42-SG,"""SDL RJ 7.4% 2042""",NSE,EQ
5884929,738TS43-SG,"""SDL TS 7.38% 2043""",NSE,EQ
5885185,74WB44-SG,"""SDL WB 7.4% 2044""",NSE,EQ
5885441,74TN34-SG,"""SDL TN 7.4% 2034""",NSE,EQ
5885697,742AS34-SG,"""SDL AS 7.42% 2034""",NSE,EQ
5885953,74MH35-SG,"""SDL MH 7.4% 2035""",NSE,EQ
5886209,742KA35-SG,"""SDL KA 7.42% 2035""",NSE,EQ
5886465,742HR35-SG,"""SDL HR 7.42% 2035""",NSE,EQ
5886721,74MH36-SG,"""SDL MH 7.4% 2036""",NSE,EQ
5886977,741KA36-SG,"""SDL KA 7.41% 2036""",NSE,EQ
5887233,74JK44-SG,"""SDL JK 7.4% 2044""",NSE,EQ
5887745,738TS49-SG,"""SDL TS 7.38% 2049""",NSE,EQ
5888001,738TN54-SG,"""SDL TN 7.38% 2054""",NSE,EQ
5889537,753IRED34-NA,,NSE,EQ
5890305,83044SMF29-N3,,NSE,EQ
5891073,860CIFC29-NQ,,NSE,EQ
5892609,VR-SM,"""V R INFRASPACE""",NSE,EQ
5894145,1077IIFL30-N7,,NSE,EQ
5895681,LANCORHOL-BE,"""LANCOR HOLDINGS""",NSE,EQ
5896705,950BCIPL28-N2,,NSE,EQ
5897217,INDUSINVIT-IV,"""INDUS INFRA TRUST""",NSE,EQ
5898497,764ABL34-N0,,NSE,EQ
5899009,RKSWAMY,"""R K SWAMY""",NSE,EQ
5900801,740EXIM29-N1,,NSE,EQ
5901313,SONAMAC-SM,"""SONA MACHINERY""",NSE,EQ
5902337,JGCHEM,"""J.G.CHEMICALS""",NSE,EQ
5903617,735PGCIL34-N1,,NSE,EQ
5904129,778NHB27-NA,,NSE,EQ
5904897,GOPAL,"""GOPAL SNACKS""",NSE,EQ
5906945,SHREEKARNI-SM,"""SHREE KARNI FABCOM""",NSE,EQ
5907969,738CG32-SG,"""SDL CG 7.38% 2032""",NSE,EQ
5908225,739CG33-SG,"""SDL CG 7.39% 2033""",NSE,EQ
5908481,738CG34-SG,"""SDL CG 7.38% 2034""",NSE,EQ
5908737,739HP34-SG,"""SDL HP 7.39% 2034""",NSE,EQ
5908993,737RJ34A-SG,"""SDL RJ 7.37% 2034""",NSE,EQ
5909249,736KA34-SG,"""SDL KA 7.36% 2034""",NSE,EQ
5909505,741AR34-SG,"""SDL AR 7.41% 2034""",NSE,EQ
5909761,739KL34-SG,"""SDL KL 7.39% 2034""",NSE,EQ
5910017,738UP34-SG,"""SDL UP 7.38% 2034""",NSE,EQ
5910273,738HR35-SG,"""SDL HR 7.38% 2035""",NSE,EQ
5910529,729PY26-SG,"""SDL PY 7.29% 2026""",NSE,EQ
5910785,738UP36-SG,"""SDL UP 7.38% 2036""",NSE,EQ
5911041,741HP36-SG,"""SDL HP 7.41% 2036""",NSE,EQ
5911297,737KA37-SG,"""SDL KA 7.37% 2037""",NSE,EQ
5911553,737KA38A-SG,"""SDL KA 7.37% 2038""",NSE,EQ
5911809,738PY38-SG,"""SDL PY 7.38% 2038""",NSE,EQ
5912321,739BR39-SG,"""SDL BR 7.39% 2039""",NSE,EQ
5912577,737TS41-SG,"""SDL TS 7.37% 2041""",NSE,EQ
5913089,739WB42-SG,"""SDL WB 7.39% 2042""",NSE,EQ
5913345,738KL44-SG,"""SDL KL 7.38% 2044""",NSE,EQ
5913601,739WB44-SG,"""SDL WB 7.39% 2044""",NSE,EQ
5913857,737RJ45-SG,"""SDL RJ 7.37% 2045""",NSE,EQ
5914113,736JK49-SG,"""SDL JK 7.36% 2049""",NSE,EQ
5914369,736TS50-SG,"""SDL TS 7.36% 2050""",NSE,EQ
5914625,736KL54-SG,"""SDL KL 7.36% 2054""",NSE,EQ
5914881,736TN54-SG,"""SDL TN 7.36% 2054""",NSE,EQ
5915905,755PFC27-NA,,NSE,EQ
5916417,18MVL27-N0,,NSE,EQ
5916929,PRATHAM-SM,"""PRATHAM EPC PROJECTS""",NSE,EQ
5918465,1040NFL26-NA,,NSE,EQ
5918977,1090NFL26-NB,,NSE,EQ
5919489,1065NFL27-NC,,NSE,EQ
5920001,1119NFL27-ND,,NSE,EQ
5920513,SCILAL,"""SHIPPING CORP OF ILA""",NSE,EQ
5923841,795NIIF36-N2,,NSE,EQ
5924353,PVSL,"""POPULAR VEHICLES N SER L""",NSE,EQ
5925633,SIGNORIA-SM,"""SIGNORIA CREATION""",NSE,EQ
5926657,GFL27-N1,,NSE,EQ
5927169,824LTF27-NQ,,NSE,EQ
5927681,757IREDL29-NB,,NSE,EQ
5928193,746IRFC29-NS,,NSE,EQ
5928705,AVPINFRA-SM,"""AVP INFRACON""",NSE,EQ
5931009,835KSFL27-N0,,NSE,EQ
5931521,8254KSFP29-N1,,NSE,EQ
5932033,860CIFCL29-NR,,NSE,EQ
5932801,KRYSTAL,"""KRYSTAL INTEGRATED SER L""",NSE,EQ
5934337,MOSMALL250,"""MOTILALAMC - MOSMALL250""",NSE,EQ
5935105,MOREALTY,"""MOTILALAMC - MOREALTY""",NSE,EQ
5936385,744TS30-SG,"""SDL TS 7.44% 2030""",NSE,EQ
5936641,746CG32-SG,"""SDL CG 7.46% 2032""",NSE,EQ
5936897,746UP32-SG,"""SDL UP 7.46% 2032""",NSE,EQ
5937153,747CG33-SG,"""SDL CG 7.47% 2033""",NSE,EQ
5937409,744TN34A-SG,"""SDL TN 7.44% 2034""",NSE,EQ
5937665,746RJ34-SG,"""SDL RJ 7.46% 2034""",NSE,EQ
5937921,747CG34-SG,"""SDL CG 7.47% 2034""",NSE,EQ
5938177,747UK34-SG,"""SDL UK 7.47% 2034""",NSE,EQ
5938433,747AS34-SG,"""SDL AS 7.47% 2034""",NSE,EQ
5938689,747GA34-SG,"""SDL GA 7.47% 2034""",NSE,EQ
5938945,748NL34-SG,"""SDL NL 7.48% 2034""",NSE,EQ
5939201,75SK34-SG,"""SDL SK 7.5% 2034""",NSE,EQ
5939457,745KA35-SG,"""SDL KA 7.45% 2035""",NSE,EQ
5939713,745HR35B-SG,"""SDL HR 7.45% 2035""",NSE,EQ
5939969,748UP36-SG,"""SDL UP 7.48% 2036""",NSE,EQ
5940225,75MN36-SG,"""SDL MN 7.5% 2036""",NSE,EQ
5940481,745KA37-SG,"""SDL KA 7.45% 2037""",NSE,EQ
5940737,745MH37-SG,"""SDL MH 7.45% 2037""",NSE,EQ
5940993,748RJ37-SG,"""SDL RJ 7.48% 2037""",NSE,EQ
5941249,745MH38-SG,"""SDL MH 7.45% 2038""",NSE,EQ
5941505,746KA38-SG,"""SDL KA 7.46% 2038""",NSE,EQ
5941761,742TS41-SG,"""SDL TS 7.42% 2041""",NSE,EQ
5942017,745WB42-SG,"""SDL WB 7.45% 2042""",NSE,EQ
5942273,746RJ42-SG,"""SDL RJ 7.46% 2042""",NSE,EQ
5942529,744TN44-SG,"""SDL TN 7.44% 2044""",NSE,EQ
5942785,745WB44-SG,"""SDL WB 7.45% 2044""",NSE,EQ
5943041,747JK44-SG,"""SDL JK 7.47% 2044""",NSE,EQ
5943297,742KL49-SG,"""SDL KL 7.42% 2049""",NSE,EQ
5943553,74TN54-SG,"""SDL TN 7.4% 2054""",NSE,EQ
5943809,742KL64-SG,"""SDL KL 7.42% 2064""",NSE,EQ
5944833,765HDFC34-N1,,NSE,EQ
5945345,ENFUSE-SM,"""ENFUSE SOLUTIONS""",NSE,EQ
5946369,820ABHFL27-N6,,NSE,EQ
5946881,ENSER-SM,"""ENSER COMMUNICATIONS""",NSE,EQ
5949441,780BFL27-N0,,NSE,EQ
5949953,950IIFL27-Y2,,NSE,EQ
5950465,885CIFCL34-NS,,NSE,EQ
5950977,792TCHFL34-NF,,NSE,EQ
5951489,773LIC34-N2,,NSE,EQ
5952001,759IRDA34-NC,,NSE,EQ
5952513,768SIDBI27-N3,,NSE,EQ
5953025,762NABAR29-N3,,NSE,EQ
5959937,925SCL26A-YN,,NSE,EQ
5960449,965SCL26-YO,,NSE,EQ
5960961,888SCL26-YP,,NSE,EQ
5961473,925SCL26B-YQ,,NSE,EQ
5961985,0SCL26-YR,,NSE,EQ
5962497,940SCL27-YS,,NSE,EQ
5963009,990SCL27-YT,,NSE,EQ
5963521,902SCL27-YU,,NSE,EQ
5964033,948SCL27-YV,,NSE,EQ
5964545,0SCL27-YW,,NSE,EQ
5965057,965SCL29-YX,,NSE,EQ
5965569,1015SCFL29-YY,,NSE,EQ
5966081,925SCL29-YZ,,NSE,EQ
5966593,971SCL29-Z0,,NSE,EQ
5967105,10SCL31-Z1,,NSE,EQ
5967617,1050SCFL31-Z2,,NSE,EQ
5968129,957SCL31-Z3,,NSE,EQ
5968641,1003SCFL31-Z4,,NSE,EQ
5969153,1025SCFL34-Z5,,NSE,EQ
5969665,1075SCFL34-Z6,,NSE,EQ
5970177,980SCL34-Z7,,NSE,EQ
5970689,1025SCL34-Z8,,NSE,EQ
5971201,747RJ33-SG,"""SDL RJ 7.47% 2033""",NSE,EQ
5971457,743TN34-SG,"""SDL TN 7.43% 2034""",NSE,EQ
5971713,749RJ40-SG,"""SDL RJ 7.49% 2040""",NSE,EQ
5971969,752WB39-SG,"""SDL WB 7.52% 2039""",NSE,EQ
5972225,751UP40-SG,"""SDL UP 7.51% 2040""",NSE,EQ
5972481,746MH41-SG,"""SDL MH 7.46% 2041""",NSE,EQ
5972737,748MH42-SG,"""SDL MH 7.48% 2042""",NSE,EQ
5972993,75MH44-SG,"""SDL MH 7.5% 2044""",NSE,EQ
5973249,752RJ44-SG,"""SDL RJ 7.52% 2044""",NSE,EQ
5973505,753WB44-SG,"""SDL WB 7.53% 2044""",NSE,EQ
5973761,748TS50-SG,"""SDL TS 7.48% 2050""",NSE,EQ
5974017,753KL50-SG,"""SDL KL 7.53% 2050""",NSE,EQ
5974273,75TN54-SG,"""SDL TN 7.5% 2054""",NSE,EQ
5974529,751JK54-SG,"""SDL JK 7.51% 2054""",NSE,EQ
5974785,754KL55-SG,"""SDL KL 7.54% 2055""",NSE,EQ
5975041,736UK26-SG,"""SDL UK 7.36% 2026""",NSE,EQ
5975297,746AS31-SG,"""SDL AS 7.46% 2031""",NSE,EQ
5975553,742KA32-SG,"""SDL KA 7.42% 2032""",NSE,EQ
5975809,747CG32-SG,"""SDL CG 7.47% 2032""",NSE,EQ
5976065,744KA33-SG,"""SDL KA 7.44% 2033""",NSE,EQ
5976321,747CG33A-SG,"""SDL CG 7.47% 2033""",NSE,EQ
5976577,744RJ34A-SG,"""SDL RJ 7.44% 2034""",NSE,EQ
5976833,747CG34A-SG,"""SDL CG 7.47% 2034""",NSE,EQ
5977089,749HR35-SG,"""SDL HR 7.49% 2035""",NSE,EQ
5977345,749CG35-SG,"""SDL CG 7.49% 2035""",NSE,EQ
5977601,749UP36-SG,"""SDL UP 7.49% 2036""",NSE,EQ
5977857,749KL36-SG,"""SDL KL 7.49% 2036""",NSE,EQ
5978113,75MN36A-SG,"""SDL MN 7.5% 2036""",NSE,EQ
5978369,751UP38-SG,"""SDL UP 7.51% 2038""",NSE,EQ
5978625,745MH39-SG,"""SDL MH 7.45% 2039""",NSE,EQ
5978881,752HP39-SG,"""SDL HP 7.52% 2039""",NSE,EQ
5979137,752UP39-SG,"""SDL UP 7.52% 2039""",NSE,EQ
5979393,752GA39-SG,"""SDL GA 7.52% 2039""",NSE,EQ
5980417,890MFL27-NK,,NSE,EQ
5980929,MUTF27-NL,,NSE,EQ
5981441,SABTNL,"""SRI ADHIKARI BRO TELE N L""",NSE,EQ
5982721,VISHWAS-SM,"""VISHWAS AGRI SEEDS""",NSE,EQ
5985025,NAMAN-SM,"""NAMAN IN-STORE (INDIA) L""",NSE,EQ
5986817,VHLTD-BE,"""VICEROY HOTELS""",NSE,EQ
5987841,1035CCSP26-N2,,NSE,EQ
5989377,ASPIRE-SM,"""ASPIRE & INNOVATIVE ADV L""",NSE,EQ
5990913,SRM,"""SRM CONTRACTORS""",NSE,EQ
5992193,LIQUIDADD,"""DSPAMC - LIQUIDADD""",NSE,EQ
5992961,BLUEPEBBLE-SM,"""BLUE PEBBLE""",NSE,EQ
5995521,TRUST-ST,"""TRUST FINTECH""",NSE,EQ
5995777,739AP30-SG,"""SDL AP 7.39% 2030""",NSE,EQ
5996033,749PN32-SG,"""SDL PN 7.49% 2032""",NSE,EQ
5996289,742TN34A-SG,"""SDL TN 7.42% 2034""",NSE,EQ
5996545,745HP44-SG,"""SDL HP 7.45% 2044""",NSE,EQ
5996801,746AP44-SG,"""SDL AP 7.46% 2044""",NSE,EQ
5997057,746ML34-SG,"""SDL ML 7.46% 2034""",NSE,EQ
5997313,744TS36-SG,"""SDL TS 7.44% 2036""",NSE,EQ
5997569,748PN37-SG,"""SDL PN 7.48% 2037""",NSE,EQ
5997825,743MH39-SG,"""SDL MH 7.43% 2039""",NSE,EQ
5998081,744MH41-SG,"""SDL MH 7.44% 2041""",NSE,EQ
5998337,746AP41B-SG,"""SDL AP 7.46% 2041""",NSE,EQ
5998593,744MH42-SG,"""SDL MH 7.44% 2042""",NSE,EQ
5998849,746AP42-SG,"""SDL AP 7.46% 2042""",NSE,EQ
5999105,746AP43A-SG,"""SDL AP 7.46% 2043""",NSE,EQ
6000897,TAC-ST,"""TAC INFOSEC""",NSE,EQ
6001153,RADIOWALLA-SM,"""RADIOWALLA NETWORK""",NSE,EQ
6002945,818CANF29-N1,,NSE,EQ
6005249,YASHOPTICS-ST,"""YASH OPTICS & LENS""",NSE,EQ
6005505,K2INFRA-SM,"""K2 INFRAGEN""",NSE,EQ
6006529,71GS2034-GS,"""GOI LOAN  7.1% 2034""",NSE,EQ
6007041,975SCL27-Z9,,NSE,EQ
6007809,CGRAPHICS-SM,"""CREATIVE GRAPHICS S IND L""",NSE,EQ
6009345,ALUWIND-SM,"""ALUWIND INFRA-TECH""",NSE,EQ
6010881,SINCLAIR,"""SINCLAIRS HOTELS""",NSE,EQ
6012929,DRSCARGO-ST,"""DRS CARGO MOVERS""",NSE,EQ
6013185,BHARTIHEXA,"""BHARTI HEXACOM""",NSE,EQ
6014465,75AS34-SG,"""SDL AS 7.5% 2034""",NSE,EQ
6014721,745MH41-SG,"""SDL MH 7.45% 2041""",NSE,EQ
6014977,744MH42A-SG,"""SDL MH 7.44% 2042""",NSE,EQ
6015233,744TS51-SG,"""SDL TS 7.44% 2051""",NSE,EQ
6015489,744TS53-SG,"""SDL TS 7.44% 2053""",NSE,EQ
6018305,UEL-BE,"""UJAAS ENERGY""",NSE,EQ
6019073,TARACHAND,"""TARA CHAND INFRA SOLN""",NSE,EQ
6020609,723GS2039-GS,"""GOI LOAN  7.23% 2039""",NSE,EQ
6021121,DCG-SM,"""DCG CABLES & WIRES""",NSE,EQ
6022657,TGL-SM,"""TEERTH GOPICON""",NSE,EQ
6024193,745RL34-NN,,NSE,EQ
6024705,759RL27-NO,,NSE,EQ
6025217,745MH38A-SG,"""SDL MH 7.45% 2038""",NSE,EQ
6025473,745MH39A-SG,"""SDL MH 7.45% 2039""",NSE,EQ
6026241,742MH34-SG,"""SDL MH 7.42% 2034""",NSE,EQ
6026497,742MH37-SG,"""SDL MH 7.42% 2037""",NSE,EQ
6026753,746UP39-SG,"""SDL UP 7.46% 2039""",NSE,EQ
6027009,748UP40-SG,"""SDL UP 7.48% 2040""",NSE,EQ
6027265,748UP42-SG,"""SDL UP 7.48% 2042""",NSE,EQ
6027521,748UP44-SG,"""SDL UP 7.48% 2044""",NSE,EQ
6027777,75UK29-SG,"""SDL UK 7.5% 2029""",NSE,EQ
6028033,748HR34-SG,"""SDL HR 7.48% 2034""",NSE,EQ
6029057,885NOM28-N2,,NSE,EQ
6029569,AIIL,"""AUTHUM INVEST & INFRA""",NSE,EQ
6030849,734GS2064-GS,"""GOI LOAN  7.34% 2064""",NSE,EQ
6031873,BIRDYS-ST,"""GRILL SPLENDOUR SER""",NSE,EQ
6032129,795SHFL34-N2,,NSE,EQ
6032641,RBS-SM,"""RAMDEVBABA SOLVENT""",NSE,EQ
6034177,755PGCI34-N2,,NSE,EQ
6035969,TCL26-NG,,NSE,EQ
6036737,75TN31-SG,"""SDL TN 7.5% 2031""",NSE,EQ
6036993,75AP32-SG,"""SDL AP 7.5% 2032""",NSE,EQ
6037249,755PN32-SG,"""SDL PN 7.55% 2032""",NSE,EQ
6037505,749TN34-SG,"""SDL TN 7.49% 2034""",NSE,EQ
6037761,751PN37-SG,"""SDL PN 7.51% 2037""",NSE,EQ
6038017,749KL39-SG,"""SDL KL 7.49% 2039""",NSE,EQ
6038273,749AP40-SG,"""SDL AP 7.49% 2040""",NSE,EQ
6038529,748TS42-SG,"""SDL TS 7.48% 2042""",NSE,EQ
6038785,748AP44A-SG,"""SDL AP 7.48% 2044""",NSE,EQ
6039041,GLOSTERLTD,"""GLOSTER""",NSE,EQ
6042625,1035CCSP27-N3,,NSE,EQ
6043393,BALUFORGE,"""BALU FORGE INDUSTRIES""",NSE,EQ
6046977,JNKINDIA,"""JNK INDIA""",NSE,EQ
6048257,751NHB31-NC,,NSE,EQ
6048769,AAFS27B-N3,,NSE,EQ
6049281,754PN32-SG,"""SDL PN 7.54% 2032""",NSE,EQ
6049537,754AS34-SG,"""SDL AS 7.54% 2034""",NSE,EQ
6049793,752HR34-SG,"""SDL HR 7.52% 2034""",NSE,EQ
6050049,752RJ34-SG,"""SDL RJ 7.52% 2034""",NSE,EQ
6050305,753AP36-SG,"""SDL AP 7.53% 2036""",NSE,EQ
6050561,753PN36-SG,"""SDL PN 7.53% 2036""",NSE,EQ
6050817,753PN37-SG,"""SDL PN 7.53% 2037""",NSE,EQ
6051073,752RJ37-SG,"""SDL RJ 7.52% 2037""",NSE,EQ
6051329,752RJ39-SG,"""SDL RJ 7.52% 2039""",NSE,EQ
6051585,751AP41-SG,"""SDL AP 7.51% 2041""",NSE,EQ
6051841,749TN44-SG,"""SDL TN 7.49% 2044""",NSE,EQ
6052097,749AP44-SG,"""SDL AP 7.49% 2044""",NSE,EQ
6052353,749RJ44-SG,"""SDL RJ 7.49% 2044""",NSE,EQ
6052609,747KL50-SG,"""SDL KL 7.47% 2050""",NSE,EQ
6053633,FILATFASH,"""FILATEX FASHIONS""",NSE,EQ
6054401,MUTHOOTFIN,"""MUTHOOT FINANCE""",NSE,EQ
6055937,789SDIL29-N1,,NSE,EQ
6056449,859CIFCL29-NT,,NSE,EQ
6058241,903MFL29-NN,,NSE,EQ
6058753,895MFL27-NM,,NSE,EQ
6059265,AAFS27B-N4,,NSE,EQ
6059777,AAFS34A-N5,,NSE,EQ
6060289,747HP33-SG,"""SDL HP 7.47% 2033""",NSE,EQ
6060545,743TN34A-SG,"""SDL TN 7.43% 2034""",NSE,EQ
6060801,748ML34-SG,"""SDL ML 7.48% 2034""",NSE,EQ
6061057,747TS36-SG,"""SDL TS 7.47% 2036""",NSE,EQ
6061313,747AP37A-SG,"""SDL AP 7.47% 2037""",NSE,EQ
6061569,743TS41A-SG,"""SDL TS 7.43% 2041""",NSE,EQ
6061825,743AP42A-SG,"""SDL AP 7.43% 2042""",NSE,EQ
6062081,742AP43A-SG,"""SDL AP 7.42% 2043""",NSE,EQ
6062337,742AP44-SG,"""SDL AP 7.42% 2044""",NSE,EQ
6062593,746AP38A-SG,"""SDL AP 7.46% 2038""",NSE,EQ
6062849,742TS48-SG,"""SDL TS 7.42% 2048""",NSE,EQ
6063873,ANURAS-W1,"""ANUPAM RASAYAN INDIA""",NSE,EQ
6064385,SLONE-SM,"""SLONE INFOSYSTEMS""",NSE,EQ
6065409,INDGN,"""INDEGENE""",NSE,EQ
6066689,885MOFSL26-N0,,NSE,EQ
6067201,0MOFSL26-N1,,NSE,EQ
6067713,91MOFSL27-N2,,NSE,EQ
6068225,0MOFSL27-N3,,NSE,EQ
6068737,897MOFSL29-N4,,NSE,EQ
6069249,935MOFSL29-N5,,NSE,EQ
6069761,93MOFSL34-N6,,NSE,EQ
6070273,97MOFSL34-N7,,NSE,EQ
6070785,WINSOL-SM,"""WINSOL ENGINEERS""",NSE,EQ
6071809,REFRACTORY-SM,"""REFRACTORY SHAPES""",NSE,EQ
6072833,935AKCF27-N0,,NSE,EQ
6074625,AADHARHFC,"""AADHAR HOUSING FINANCE L""",NSE,EQ
6075905,858CIF27-NU,,NSE,EQ
6076417,SILKFLEX-SM,"""SILKFLEX POLYMERS INDIA L""",NSE,EQ
6077441,TBOTEK,"""TBO TEK""",NSE,EQ
6078721,EMMIL-SM,"""ENERGY MISSION MACH IND L""",NSE,EQ
6079745,753RECL34-NP,,NSE,EQ
6080257,787LIC29-N3,,NSE,EQ
6080769,747PN32-SG,"""SDL PN 7.47% 2032""",NSE,EQ
6081025,745AP33A-SG,"""SDL AP 7.45% 2033""",NSE,EQ
6081281,745AP40B-SG,"""SDL AP 7.45% 2040""",NSE,EQ
6081537,744TS41-SG,"""SDL TS 7.44% 2041""",NSE,EQ
6081793,742AP45-SG,"""SDL AP 7.42% 2045""",NSE,EQ
6082049,742AP46-SG,"""SDL AP 7.42% 2046""",NSE,EQ
6082305,741AP47-SG,"""SDL AP 7.41% 2047""",NSE,EQ
6082561,741JK49-SG,"""SDL JK 7.41% 2049""",NSE,EQ
6083585,PRLIND-SM,"""PREMIER ROADLINES""",NSE,EQ
6084609,902MFL27-NO,,NSE,EQ
6086401,VERITAAS-SM,"""VERITAAS ADVERTISING""",NSE,EQ
6087425,MANDEEP-SM,"""MANDEEP AUTO INDUSTRIES L""",NSE,EQ
6088449,ABSMARINE-SM,"""ABS MARINE SERVICES""",NSE,EQ
6089985,IEML-SM,"""INDIAN EMULSIFIERS""",NSE,EQ
6091009,QUESTLAB-SM,"""QUEST LABORATORIES""",NSE,EQ
6092033,770NABAR27-N4,,NSE,EQ
6092545,GODIGIT,"""GO DIGIT GENERAL INS""",NSE,EQ
6093825,BSLGOLDETF,"""ADITYBIRLA SL GOLD ETF-GR""",NSE,EQ
6094337,ABSLPSE,"""BIRLASLAMC-ABSLPSE""",NSE,EQ
6095105,8137TCL24-NH,,NSE,EQ
6095873,738JK51-SG,"""SDL JK 7.38% 2051""",NSE,EQ
6096129,742RJ32-SG,"""SDL RJ 7.42% 2032""",NSE,EQ
6096385,741RJ34-SG,"""SDL RJ 7.41% 2034""",NSE,EQ
6096641,742HR34-SG,"""SDL HR 7.42% 2034""",NSE,EQ
6096897,743MN36-SG,"""SDL MN 7.43% 2036""",NSE,EQ
6097153,74AP41-SG,"""SDL AP 7.4% 2041""",NSE,EQ
6097409,738AP44-SG,"""SDL AP 7.38% 2044""",NSE,EQ
6099457,HOACFOODS-ST,"""HOAC FOODS INDIA""",NSE,EQ
6100481,RULKA-SM,"""RULKA ELECTRICALS""",NSE,EQ
6101505,80650SFL26-N1,,NSE,EQ
6102273,865CIF29-NV,,NSE,EQ
6106625,702GS2027-GS,"""GOI LOAN  7.02% 2027""",NSE,EQ
6106881,MIDSMALL,"""MIRAEAMC - MIDSMALL""",NSE,EQ
6109185,AWFIS,"""AWFIS SPACE SOLUTIONS""",NSE,EQ
6110465,734TN29-SG,"""SDL TN 7.34% 2029""",NSE,EQ
6110721,738TN33-SG,"""SDL TN 7.38% 2033""",NSE,EQ
6110977,737AS34-SG,"""SDL AS 7.37% 2034""",NSE,EQ
6111233,737RJ34B-SG,"""SDL RJ 7.37% 2034""",NSE,EQ
6111489,738TN34-SG,"""SDL TN 7.38% 2034""",NSE,EQ
6111745,736KL36-SG,"""SDL KL 7.36% 2036""",NSE,EQ
6112001,737PN36-SG,"""SDL PN 7.37% 2036""",NSE,EQ
6112257,734KL55-SG,"""SDL KL 7.34% 2055""",NSE,EQ
6112513,736RJ37-SG,"""SDL RJ 7.36% 2037""",NSE,EQ
6112769,737MZ39-SG,"""SDL MZ 7.37% 2039""",NSE,EQ
6113025,737RJ39-SG,"""SDL RJ 7.37% 2039""",NSE,EQ
6113281,737WB40-SG,"""SDL WB 7.37% 2040""",NSE,EQ
6113537,734RJ45-SG,"""SDL RJ 7.34% 2045""",NSE,EQ
6113793,734JK54-SG,"""SDL JK 7.34% 2054""",NSE,EQ
6114049,734AP48-SG,"""SDL AP 7.34% 2048""",NSE,EQ
6114305,734AP49-SG,"""SDL AP 7.34% 2049""",NSE,EQ
6115329,GSMFOILS-SM,"""GSM FOILS""",NSE,EQ
6116353,776TIL34-N1,,NSE,EQ
6116865,758RECL29-NQ,,NSE,EQ
6117377,770RECL26-NR,,NSE,EQ
6117889,825SMFG27-N1,,NSE,EQ
6118401,865CIFL29-NW,,NSE,EQ
6120193,768LIC34-N4,,NSE,EQ
6120705,VILAS-SM,"""VILAS TRANSCORE""",NSE,EQ
6121729,759NHB27-ND,,NSE,EQ
6122241,LIQUIDBETF,"""BFAM - LIQUIDBETF""",NSE,EQ
6123265,704GS2029-GS,"""GOI LOAN  7.04% 2029""",NSE,EQ
6123521,744PFCL34-NB,,NSE,EQ
6124033,BEACON-SM,"""BEACON TRUSTEESHIP""",NSE,EQ
6125057,925SCL26C-ZA,,NSE,EQ
6125569,965SCL26A-ZB,,NSE,EQ
6126081,888SCL26A-ZC,,NSE,EQ
6126593,925SCL26D-ZD,,NSE,EQ
6127105,SCFL310524-ZE,,NSE,EQ
6127873,SCL310524-ZF,,NSE,EQ
6129153,94SCL27-ZG,,NSE,EQ
6129665,99SCL27-ZH,,NSE,EQ
6130177,902SCL27A-ZI,,NSE,EQ
6130689,948SCL27A-ZJ,,NSE,EQ
6131201,SCL310524A-ZK,,NSE,EQ
6131713,1015SCL29-ZL,,NSE,EQ
6132481,925SCL29A-ZM,,NSE,EQ
6133249,971SCL29A-ZN,,NSE,EQ
6134017,10SCL31A-ZO,,NSE,EQ
6134785,1050SCL31-ZP,,NSE,EQ
6135553,1003SCL31-ZQ,,NSE,EQ
6136321,1075SCL34-ZR,,NSE,EQ
6136833,98SCL34-ZS,,NSE,EQ
6137345,1025SCL34A-ZT,,NSE,EQ
6137857,ZTECH-SM,"""Z-TECH (INDIA)""",NSE,EQ
6138881,817TFSIL27-N3,,NSE,EQ
6139393,8277SMF27-N5,,NSE,EQ
6139905,AIMTRON-SM,"""AIMTRON ELECTRONICS""",NSE,EQ
6140929,909MFL29-NP,,NSE,EQ
6141441,9CIFL34-NX,,NSE,EQ
6142721,746HP36-SG,"""SDL HP 7.46% 2036""",NSE,EQ
6142977,744TS40-SG,"""SDL TS 7.44% 2040""",NSE,EQ
6143233,743RJ34-SG,"""SDL RJ 7.43% 2034""",NSE,EQ
6143489,744TN34B-SG,"""SDL TN 7.44% 2034""",NSE,EQ
6143745,744HP34-SG,"""SDL HP 7.44% 2034""",NSE,EQ
6144001,745NL34-SG,"""SDL NL 7.45% 2034""",NSE,EQ
6144257,743AP46-SG,"""SDL AP 7.43% 2046""",NSE,EQ
6144513,738AP49-SG,"""SDL AP 7.38% 2049""",NSE,EQ
6144769,738KL55-SG,"""SDL KL 7.38% 2055""",NSE,EQ
6145025,743TN32-SG,"""SDL TN 7.43% 2032""",NSE,EQ
6145281,743HR34-SG,"""SDL HR 7.43% 2034""",NSE,EQ
6145537,745ML34-SG,"""SDL ML 7.45% 2034""",NSE,EQ
6145793,748PN35-SG,"""SDL PN 7.48% 2035""",NSE,EQ
6146049,747PN37-SG,"""SDL PN 7.47% 2037""",NSE,EQ
6146305,745RJ40-SG,"""SDL RJ 7.45% 2040""",NSE,EQ
6146561,743AP42B-SG,"""SDL AP 7.43% 2042""",NSE,EQ
6146817,743TS43-SG,"""SDL TS 7.43% 2043""",NSE,EQ
6147073,743AP44-SG,"""SDL AP 7.43% 2044""",NSE,EQ
6147329,743JK46-SG,"""SDL JK 7.43% 2046""",NSE,EQ
6147585,BOROSCI,"""BOROSIL SCIENTIFIC""",NSE,EQ
6148865,TBI-SM,"""TBI CORN""",NSE,EQ
6149889,75IREDA34-ND,,NSE,EQ
6150401,KRONOX,"""KRONOX LAB SCIENCES""",NSE,EQ
6152961,825TPL27-N6,,NSE,EQ
6153985,830SMF29-N6,,NSE,EQ
6154497,865TVSH29-N0,,NSE,EQ
6156289,738PY38A-SG,"""SDL PY 7.38% 2038""",NSE,EQ
6156801,735JK49-SG,"""SDL JK 7.35% 2049""",NSE,EQ
6157057,739UK30-SG,"""SDL UK 7.39% 2030""",NSE,EQ
6157569,74PY30-SG,"""SDL PY 7.4% 2030""",NSE,EQ
6157825,739TN32-SG,"""SDL TN 7.39% 2032""",NSE,EQ
6158337,738HR34-SG,"""SDL HR 7.38% 2034""",NSE,EQ
6158593,741PN34A-SG,"""SDL PN 7.41% 2034""",NSE,EQ
6160129,805SHFL29-N3,,NSE,EQ
6160641,744IRF34-N0,,NSE,EQ
6161153,IXIGO,"""LE TRAVENUES TECHNOLOGY L""",NSE,EQ
6162433,702GS2031-GS,"""GOI LOAN  7.02% 2031""",NSE,EQ
6162689,792LIC27-N5,,NSE,EQ
6163201,735RECL34-NS,,NSE,EQ
6163713,MID150CASE,"""ZERODHA NIFTY MIDCAP 150 ETF""",NSE,EQ
6164737,TOP100CASE,"""ZERODHA NIFTY LARGECAP 100 ETF""",NSE,EQ
6166785,805TCHFL29-NG,,NSE,EQ
6168577,723GJ27-SG,"""SDL GJ 7.23% 2027""",NSE,EQ
6169089,738RJ33-SG,"""SDL RJ 7.38% 2033""",NSE,EQ
6169345,739PN33-SG,"""SDL PN 7.39% 2033""",NSE,EQ
6169857,736HR34-SG,"""SDL HR 7.36% 2034""",NSE,EQ
6170113,735TS36-SG,"""SDL TS 7.35% 2036""",NSE,EQ
6170625,735TS38-SG,"""SDL TS 7.35% 2038""",NSE,EQ
6170881,733JK51-SG,"""SDL JK 7.33% 2051""",NSE,EQ
6171393,SKIL-BZ,"""SKIL INFRASTRUCTURE""",NSE,EQ
6171649,GPECO-SM,"""GP ECO SOLUTIONS INDIA L""",NSE,EQ
6173185,759NH27-NE,,NSE,EQ
6173953,BBNPNBETF,"""BARODABNP - BBNPNBETF""",NSE,EQ
6177025,807NIIF29-N3,,NSE,EQ
6177537,812SFL27-N2,,NSE,EQ
6178049,920IIFLS26-N8,,NSE,EQ
6178561,960IIFLS26-N9,,NSE,EQ
6179073,957IIFLS27-NA,,NSE,EQ
6179585,10IIFLSF27-NB,,NSE,EQ
6180097,1003IIFL29-NC,,NSE,EQ
6180609,1050IIFL29-ND,,NSE,EQ
6181121,RETAIL,"""JHS SVENDGAARD RETAIL V L""",NSE,EQ
6182401,FALCONTECH-SM,"""FALCON TECHNOPROJ IND""",NSE,EQ
6183425,DEEDEV,"""DEE DEVELOPMENT ENG""",NSE,EQ
6184705,AFIL,"""AKME FINTRADE (INDIA)""",NSE,EQ
6185985,DURLAX-SM,"""DURLAX TOP SURFACE""",NSE,EQ
6187777,768SID27-N0,,NSE,EQ
6188289,WINNY-SM,"""WINNY IMMIGRA & EDU SER L""",NSE,EQ
6189313,825NOM27-N0,,NSE,EQ
6189825,744IREDA34-N0,,NSE,EQ
6190337,734RJ34-SG,"""SDL RJ 7.34% 2034""",NSE,EQ
6190593,734AP35-SG,"""SDL AP 7.34% 2035""",NSE,EQ
6190849,733HR36-SG,"""SDL HR 7.33% 2036""",NSE,EQ
6191105,PIIND,"""PI INDUSTRIES""",NSE,EQ
6191361,734WB39-SG,"""SDL WB 7.34% 2039""",NSE,EQ
6191617,736MZ39-SG,"""SDL MZ 7.36% 2039""",NSE,EQ
6192641,SYMPHONY,"""SYMPHONY""",NSE,EQ
6192897,732KL41-SG,"""SDL KL 7.32% 2041""",NSE,EQ
6193153,731TS42-SG,"""SDL TS 7.31% 2042""",NSE,EQ
6194177,VADILALIND,"""VADILAL INDUSTRIES""",NSE,EQ
6194433,734WB42-SG,"""SDL WB 7.34% 2042""",NSE,EQ
6194689,733RJ43-SG,"""SDL RJ 7.33% 2043""",NSE,EQ
6195713,731AP44-SG,"""SDL AP 7.31% 2044""",NSE,EQ
6195969,733RJ44-SG,"""SDL RJ 7.33% 2044""",NSE,EQ
6196225,727TN54-SG,"""SDL TN 7.27% 2054""",NSE,EQ
6196481,728JK54-SG,"""SDL JK 7.28% 2054""",NSE,EQ
6199553,IVZINNIFTY,"""INVESCO INDIA NIFTY ETF""",NSE,EQ
6201089,1190VCCL26-N0,,NSE,EQ
6201601,RELAXO,"""RELAXO FOOT""",NSE,EQ
6201857,STANLEY,"""STANLEY LIFESTYLES""",NSE,EQ
6203137,OMINFRAL,"""OM INFRA""",NSE,EQ
6205185,MEDIORG-SM,"""MEDICAMEN ORGANICS""",NSE,EQ
6206977,CITI2626-N0,,NSE,EQ
6207745,SPCL-SM,"""SHIVALIC POWER CONTROL L""",NSE,EQ
6208769,842GIL27-N0,,NSE,EQ
6209281,793TPRE34-N0,,NSE,EQ
6209793,793TPRE29-N0,,NSE,EQ
6210561,864CIFL29-N0,,NSE,EQ
6211841,ESTER,"""ESTER INDUSTRIES""",NSE,EQ
6212353,SYLVANPLY-SM,"""SYLVAN PLYBOARD (INDIA) L""",NSE,EQ
6214913,VISAMAN-ST,"""VISAMAN GLOBAL SALES""",NSE,EQ
6215169,MASON-SM,"""MASON INFRATECH""",NSE,EQ
6216193,736SBOI39-N0,,NSE,EQ
6216705,98VFPL28-N0,,NSE,EQ
6217985,DPEL-ST,"""DIVINE POWER ENERGY""",NSE,EQ
6218241,PCCL-SM,"""PETRO CARBON AND CHEMI L""",NSE,EQ
6218753,VSTTILLERS,"""VST TILLERS TRACTORS""",NSE,EQ
6220289,NXT-INFRA-IV,"""NXT-INFRA TRUST""",NSE,EQ
6221313,816LTFH27-N0,,NSE,EQ
6222593,AKIKO-ST,"""AKIKO GLOBAL SERVICES L""",NSE,EQ
6222849,ABDL,"""ALLIED BLEND N DISTILS L""",NSE,EQ
6224129,DTL-SM,"""DIENSTEN TECH""",NSE,EQ
6225153,AAFS28-N0,,NSE,EQ
6225665,10IIFL26-N0,,NSE,EQ
6226177,VRAJ,"""VRAJ IRON AND STEEL""",NSE,EQ
6227457,1278VCCL25-N0,,NSE,EQ
6227969,753ICICI34-N0,,NSE,EQ
6228481,737AP33A-SG,"""SDL AP 7.37% 2033""",NSE,EQ
6228737,738PN33-SG,"""SDL PN 7.38% 2033""",NSE,EQ
6228993,735TN34-SG,"""SDL TN 7.35% 2034""",NSE,EQ
6229249,738PN34-SG,"""SDL PN 7.38% 2034""",NSE,EQ
6229505,739ML34-SG,"""SDL ML 7.39% 2034""",NSE,EQ
6229761,737AP36-SG,"""SDL AP 7.37% 2036""",NSE,EQ
6230017,739MN36-SG,"""SDL MN 7.39% 2036""",NSE,EQ
6230273,736TS37-SG,"""SDL TS 7.36% 2037""",NSE,EQ
6230529,736AP41-SG,"""SDL AP 7.36% 2041""",NSE,EQ
6230785,737TS42-SG,"""SDL TS 7.37% 2042""",NSE,EQ
6231041,736AP45-SG,"""SDL AP 7.36% 2045""",NSE,EQ
6231297,736JK46-SG,"""SDL JK 7.36% 2046""",NSE,EQ
6231553,742KL46-SG,"""SDL KL 7.42% 2046""",NSE,EQ
6231809,736AP48-SG,"""SDL AP 7.36% 2048""",NSE,EQ
6232833,864CIFL29A-N0,,NSE,EQ
6234369,NEPHROCARE-ST,"""NEPHRO CARE INDIA""",NSE,EQ
6237185,743NBFID34-N0,,NSE,EQ
6237697,SBISILVER,"""SBIAMC - SBISILVER""",NSE,EQ
6238721,823SFL34-N0,,NSE,EQ
6239233,833PHFL29-N0,,NSE,EQ
6239745,LIQUIDSHRI,"""SHRIRAM - LIQUIDSHRI""",NSE,EQ
6241281,RELIABLE-BE,"""RELIABLE DATA SERVICE""",NSE,EQ
6242049,792TCHF34-N0,,NSE,EQ
6242817,BANSALWIRE,"""BANSAL WIRE INDUSTRIES L""",NSE,EQ
6243585,KARMAENG-BE,"""KARMA ENERGY""",NSE,EQ
6244097,DELPHIFX,"""DELPHI WORLD MONEY""",NSE,EQ
6245889,EMCURE,"""EMCURE PHARMACEUTICALS L""",NSE,EQ
6247169,ASHIANA,"""ASHIANA HOUSING""",NSE,EQ
6247425,ABGSEC,"""BIRLASLAMC - ABGSEC""",NSE,EQ
6248705,DHANUKA,"""DHANUKA AGRITECH""",NSE,EQ
6250241,AMBEY-SM,"""AMBEY LABORATORIES""",NSE,EQ
6251265,733GA39-SG,"""SDL GA 7.33% 2039""",NSE,EQ
6251521,732HR36-SG,"""SDL HR 7.32% 2036""",NSE,EQ
6251777,738JK49-SG,"""SDL JK 7.38% 2049""",NSE,EQ
6252033,732RJ34-SG,"""SDL RJ 7.32% 2034""",NSE,EQ
6252289,736RJ46-SG,"""SDL RJ 7.36% 2046""",NSE,EQ
6252545,731TN54-SG,"""SDL TN 7.31% 2054""",NSE,EQ
6255361,EFFWA-SM,"""EFFWA INFRA & RESEARCH L""",NSE,EQ
6256385,GGBL-SM,"""GANESH GREEN BHARAT""",NSE,EQ
6257409,820ABSLI34-N0,,NSE,EQ
6257921,AGIIL,"""AGI INFRA""",NSE,EQ
6260481,736SBI39-N0,,NSE,EQ
6262017,EVINDIA,"""MIRAEAMC - EVINDIA""",NSE,EQ
6262785,817ABHF27-N0,,NSE,EQ
6263297,812ABHF29-N0,,NSE,EQ
6264833,7865LICH26-N0,,NSE,EQ
6265345,739IRFC34-N0,,NSE,EQ
6265857,862HHFL29-N0,,NSE,EQ
6266369,SAHAJSOLAR-SM,"""SAHAJ SOLAR""",NSE,EQ
6267393,820TFSIL29-N0,,NSE,EQ
6267905,736IOCL29-N0,,NSE,EQ
6268417,735HP34-SG,"""SDL HP 7.35% 2034""",NSE,EQ
6268673,732TS36-SG,"""SDL TS 7.32% 2036""",NSE,EQ
6268929,732HR36A-SG,"""SDL HR 7.32% 2036""",NSE,EQ
6269185,735MZ37-SG,"""SDL MZ 7.35% 2037""",NSE,EQ
6269441,733TS40-SG,"""SDL TS 7.33% 2040""",NSE,EQ
6269697,733AP40-SG,"""SDL AP 7.33% 2040""",NSE,EQ
6269953,735JK51-SG,"""SDL JK 7.35% 2051""",NSE,EQ
6270209,733AP43A-SG,"""SDL AP 7.33% 2043""",NSE,EQ
6272001,756RECL27-N0,,NSE,EQ
6272513,745RECL35-N0,,NSE,EQ
6273025,SATIPOLY-SM,"""SATI POLY PLAST""",NSE,EQ
6274049,PRIZOR-SM,"""PRIZOR VIZTECH""",NSE,EQ
6275073,897MFL27-N0,,NSE,EQ
6275585,74CB34-N0,,NSE,EQ
6276097,754BOI34-N0,,NSE,EQ
6276609,955ICCL26-N0,,NSE,EQ
6277121,TUNWAL-SM,"""TUNWAL E-MOTORS""",NSE,EQ
6278145,SBINEQWETF,"""SBIAMC - SBINEQWETF""",NSE,EQ
6279169,KATARIA-SM,"""KATARIA INDUSTRIES""",NSE,EQ
6280193,FILATEX,"""FILATEX INDIA""",NSE,EQ
6280449,OILIETF,"""ICICIPRAMC - OILIETF""",NSE,EQ
6281729,MAITHANALL,"""MAITHAN ALLOYS""",NSE,EQ
6283521,MACOBSTECH-SM,"""MACOBS TECHNOLOGIES""",NSE,EQ
6284545,10157PCP27-N0,,NSE,EQ
6286337,835TPL27-N0,,NSE,EQ
6286849,801TCL34-N0,,NSE,EQ
6287361,738PGCIL34-N0,,NSE,EQ
6287873,733TN32-SG,"""SDL TN 7.33% 2032""",NSE,EQ
6288129,734TN34-SG,"""SDL TN 7.34% 2034""",NSE,EQ
6288385,736GA34-SG,"""SDL GA 7.36% 2034""",NSE,EQ
6288641,736RJ34-SG,"""SDL RJ 7.36% 2034""",NSE,EQ
6288897,734TS37-SG,"""SDL TS 7.34% 2037""",NSE,EQ
6289153,735AS39-SG,"""SDL AS 7.35% 2039""",NSE,EQ
6289409,735TS40-SG,"""SDL TS 7.35% 2040""",NSE,EQ
6289665,736WB40-SG,"""SDL WB 7.36% 2040""",NSE,EQ
6289921,733TS42-SG,"""SDL TS 7.33% 2042""",NSE,EQ
6290177,733KL54-SG,"""SDL KL 7.33% 2054""",NSE,EQ
6292481,739IREDA39-N0,,NSE,EQ
6292993,SANSTAR,"""SANSTAR""",NSE,EQ
6294273,975SCL29-N0,,NSE,EQ
6294785,RNFI-SM,"""RNFI SERVICES""",NSE,EQ
6295809,860GFL27-N0,,NSE,EQ
6296321,RUSHIL,"""RUSHIL DECOR""",NSE,EQ
6296577,RELTD,"""RAVINDRA ENERGY""",NSE,EQ
6298625,850CIFL27-N0,,NSE,EQ
6299137,VLINFRA-SM,"""V.L.INFRAPROJECTS""",NSE,EQ
6300161,AVANTEL,"""AVANTEL""",NSE,EQ
6304001,CHETANA-SM,"""CHETANA EDUCATION""",NSE,EQ
6305793,MIEL-ST,"""MANGLAM INFRA & ENG""",NSE,EQ
6306817,830ABHFL34-N0,,NSE,EQ
6307329,APRAMEYA-SM,"""APRAMEYA ENGINEERING""",NSE,EQ
6308353,TROM-SM,"""TROM INDUSTRIES""",NSE,EQ
6309377,727TN32-SG,"""SDL TN 7.27% 2032""",NSE,EQ
6309633,727MH34-SG,"""SDL MH 7.27% 2034""",NSE,EQ
6309889,729RJ34-SG,"""SDL RJ 7.29% 2034""",NSE,EQ
6310145,734PN35-SG,"""SDL PN 7.34% 2035""",NSE,EQ
6310401,734HR36-SG,"""SDL HR 7.34% 2036""",NSE,EQ
6310657,730MH38-SG,"""SDL MH 7.30% 2038""",NSE,EQ
6310913,733AP39-SG,"""SDL AP 7.33% 2039""",NSE,EQ
6311169,730MH39-SG,"""SDL MH 7.30% 2039""",NSE,EQ
6311425,735WB40-SG,"""SDL WB 7.35% 2040""",NSE,EQ
6311681,735WB43-SG,"""SDL WB 7.35% 2043""",NSE,EQ
6311937,734AP44-SG,"""SDL AP 7.34% 2044""",NSE,EQ
6312193,733MH44-SG,"""SDL MH 7.33% 2044""",NSE,EQ
6312449,734RJ45A-SG,"""SDL RJ 7.34% 2045""",NSE,EQ
6312705,735JK46-SG,"""SDL JK 7.35% 2046""",NSE,EQ
6312961,734AP49A-SG,"""SDL AP 7.34% 2049""",NSE,EQ
6313217,735RJ49-SG,"""SDL RJ 7.35% 2049""",NSE,EQ
6313473,731TS50-SG,"""SDL TS 7.31% 2050""",NSE,EQ
6313729,730KL52-SG,"""SDL KL 7.30% 2052""",NSE,EQ
6313985,729TN54-SG,"""SDL TN 7.29% 2054""",NSE,EQ
6314241,724TN30-SG,"""SDL TN 7.24% 2030""",NSE,EQ
6314497,734PN32-SG,"""SDL PN 7.34% 2032""",NSE,EQ
6315521,85GHFL27-N0,,NSE,EQ
6316033,737IRFC29-N0,,NSE,EQ
6316545,SATECH-SM,"""S A TECH SOFTWARE INDIA L""",NSE,EQ
6317569,ESPRIT-SM,"""ESPRIT STONES""",NSE,EQ
6318593,910CIFL31-N0,,NSE,EQ
6321409,1650RARL27-N0,,NSE,EQ
6321921,818TFSIL27-N0,,NSE,EQ
6322433,SSEGL-SM,"""SATHLOKHAR SYN E&C GLOB L""",NSE,EQ
6323457,BULKCORP-SM,"""BULKCORP INTERNATIONAL L""",NSE,EQ
6324481,697GR2034-GS,"""GOI LOAN   6.97% 2034""",NSE,EQ
6324993,RAJINDLTD-SM,"""RAJPUTANA INDUSTRIES""",NSE,EQ
6326017,ASHALOG-SM,"""ASHAPURA LOGISTICS""",NSE,EQ
6327041,AKUMS,"""AKUMS DRUGS AND PHARMA L""",NSE,EQ
6328321,798SHFL26-N0,,NSE,EQ
6329089,830SICC27-N0,,NSE,EQ
6329345,828SICC26-N0,,NSE,EQ
6329857,UTSSAV-SM,"""UTSSAV CZ GOLD JEWELS""",NSE,EQ
6330881,RUBFILA,"""RUBFILA INTERNATIONAL""",NSE,EQ
6332161,RPEL,"""RAGHAV PRODUCTIVITY ENH L""",NSE,EQ
6333697,787SDIL30-N0,,NSE,EQ
6333953,CEIGALL,"""CEIGALL INDIA""",NSE,EQ
6336001,DHARIWAL-ST,"""DHARIWALCORP""",NSE,EQ
6336257,725HP33-SG,"""SDL HP 7.25% 2033""",NSE,EQ
6336513,722MH34-SG,"""SDL MH 7.22% 2034""",NSE,EQ
6336769,723TN34-SG,"""SDL TN 7.23% 2034""",NSE,EQ
6337025,726MP35-SG,"""SDL MP 7.26% 2035""",NSE,EQ
6337281,726HR36-SG,"""SDL HR 7.26% 2036""",NSE,EQ
6337537,727MH39-SG,"""SDL MH 7.27% 2039""",NSE,EQ
6337793,731KL40-SG,"""SDL KL 7.31% 2040""",NSE,EQ
6338049,729TS42-SG,"""SDL TS 7.29% 2042""",NSE,EQ
6338305,727MH44-SG,"""SDL MH 7.27% 2044""",NSE,EQ
6338561,728MP45-SG,"""SDL MP 7.28% 2045""",NSE,EQ
6338817,729JK45-SG,"""SDL JK 7.29% 2045""",NSE,EQ
6339073,728TS46-SG,"""SDL TS 7.28% 2046""",NSE,EQ
6339329,726MH49-SG,"""SDL MH 7.26% 2049""",NSE,EQ
6339585,727KL59-SG,"""SDL KL 7.27% 2059""",NSE,EQ
6339841,73AS39-SG,"""SDL AS 7.3% 2039""",NSE,EQ
6340097,729TS40-SG,"""SDL TS 7.29% 2040""",NSE,EQ
6341889,80956ABH26-N0,,NSE,EQ
6342401,799RCFL27-N0,,NSE,EQ
6343425,OLAELEC-BE,"""OLA ELECTRIC MOBILITY""",NSE,EQ
6343937,BSLNIFTY,"""ADITYBIRLA SL NIF ETF-GR""",NSE,EQ
6344961,PPSL-SM,"""PICTUREPOST STUDIOS""",NSE,EQ
6346753,975SIPL27-N0,,NSE,EQ
6347265,890MFL27A-N0,,NSE,EQ
6347777,828PHFL26-N0,,NSE,EQ
6348289,GROWWEV,"""GROWWAMC - GROWWEV""",NSE,EQ
6350081,755RECL26-N0,,NSE,EQ
6351105,UNIECOM,"""UNICOMMERCE ESOLUTIONS L""",NSE,EQ
6352385,FIRSTCRY,"""BRAINBEES SOLUTIONS""",NSE,EQ
6353665,849ABSLI34-N0,,NSE,EQ
6354177,975SCL28A-N0,,NSE,EQ
6354689,MANCREDIT,"""MANGAL CREDIT N FINCORP L""",NSE,EQ
6355969,119VCCL26-N0,,NSE,EQ
6356481,AESTHETIK-SM,"""AESTHETIK ENGINEERS""",NSE,EQ
6357505,736NBFID44-N0,,NSE,EQ
6358017,728TS45-SG,"""SDL TS 7.28% 2045""",NSE,EQ
6358273,727JK49-SG,"""SDL JK 7.27% 2049""",NSE,EQ
6358529,705GJ28-SG,"""SDL GJ 7.05% 2028""",NSE,EQ
6358785,706GJ29-SG,"""SDL GJ 7.06% 2029""",NSE,EQ
6359041,726BR33-SG,"""SDL BR 7.26% 2033""",NSE,EQ
6359297,721TN34-SG,"""SDL TN 7.21% 2034""",NSE,EQ
6359553,726TS35-SG,"""SDL TS 7.26% 2035""",NSE,EQ
6359809,728TS38-SG,"""SDL TS 7.28% 2038""",NSE,EQ
6360833,GSEC10ABSL,"""BIRLASLAMC - GSEC10ABSL""",NSE,EQ
6361857,SUYOG,"""SUYOG TELEMATICS""",NSE,EQ
6363137,SSDL,"""SARASWATI SAREE DEPOT""",NSE,EQ
6364417,METALIETF,"""ICICIPRAMC - METALIETF""",NSE,EQ
6365185,POSITRON-SM,"""POSITRON ENERGY""",NSE,EQ
6366721,INVENTURE,"""INVENTURE GRO & SEC""",NSE,EQ
6367233,SUNLITE-ST,"""SUNLITE RECYCLING IND""",NSE,EQ
6368513,AAFS28A-N0,,NSE,EQ
6369025,BALCO-SM,"""SOLVE PLASTIC PRODUCTS L""",NSE,EQ
6370049,781TCHE27-N0,,NSE,EQ
6370561,721MH35-SG,"""SDL MH 7.21% 2035""",NSE,EQ
6370817,724HR36-SG,"""SDL HR 7.24% 2036""",NSE,EQ
6371073,725HR39-SG,"""SDL HR 7.25% 2039""",NSE,EQ
6371329,723MH40-SG,"""SDL MH 7.23% 2040""",NSE,EQ
6371585,724WB42-SG,"""SDL WB 7.24% 2042""",NSE,EQ
6371841,722MH45-SG,"""SDL MH 7.22% 2045""",NSE,EQ
6372097,722MH50-SG,"""SDL MH 7.22% 2050""",NSE,EQ
6372353,723JK51-SG,"""SDL JK 7.23% 2051""",NSE,EQ
6372609,72MZ31-SG,"""SDL MZ 7.2% 2031""",NSE,EQ
6372865,724BR33-SG,"""SDL BR 7.24% 2033""",NSE,EQ
6373121,719TN34-SG,"""SDL TN 7.19% 2034""",NSE,EQ
6374145,732PFCL39-N0,,NSE,EQ
6374657,845NOM27-N0,,NSE,EQ
6375169,845NOM27A-N0,,NSE,EQ
6375681,BRACEPORT-SM,"""BRACE PORT LOGISTICS""",NSE,EQ
6376705,INTERARCH,"""INTERARCH BLDNG SOLTN""",NSE,EQ
6377985,FORCAS-SM,"""FORCAS STUDIO""",NSE,EQ
6381569,ELGIRUBCO-BE,"""ELGI RUBBER CO.""",NSE,EQ
6382593,GLOBALE,"""GLOBALE TESSILE""",NSE,EQ
6383873,MFML,"""MAHALAXMI FABRIC MILLS LT""",NSE,EQ
6385153,775LICH29-N0,,NSE,EQ
6385665,MODEFENCE,"""MOTILALAMC - MODEFENCE""",NSE,EQ
6386689,LTF,"""L&T FINANCE""",NSE,EQ
6386945,709GS2054-GS,"""GOI LOAN  7.09% 2054""",NSE,EQ
6388737,IDEALTECHO-ST,"""IDEAL TECHNOPLAST IND""",NSE,EQ
6388993,QVCEL-SM,"""QVC EXPORTS""",NSE,EQ
6390017,ORIENTTECH,"""ORIENT TECHNOLOGIES""",NSE,EQ
6391297,SURAJLTD,"""SURAJ""",NSE,EQ
6392065,WINDMACHIN,"""WINDSOR MACHINES""",NSE,EQ
6393601,73BOB34-N0,,NSE,EQ
6394113,975SIPL27A-N0,,NSE,EQ
6394625,731RECL39-N0,,NSE,EQ
6395905,727MN36-SG,"""SDL MN 7.27% 2036""",NSE,EQ
6396161,726PN36-SG,"""SDL PN 7.26% 2036""",NSE,EQ
6396417,726PN37-SG,"""SDL PN 7.26% 2037""",NSE,EQ
6396673,726MP38-SG,"""SDL MP 7.26% 2038""",NSE,EQ
6396929,726AS39-SG,"""SDL AS 7.26% 2039""",NSE,EQ
6397185,726KL39-SG,"""SDL KL 7.26% 2039""",NSE,EQ
6397441,724MH39-SG,"""SDL MH 7.24% 2039""",NSE,EQ
6397697,727AP41-SG,"""SDL AP 7.27% 2041""",NSE,EQ
6397953,727RJ42-SG,"""SDL RJ 7.27% 2042""",NSE,EQ
6398209,725MH44-SG,"""SDL MH 7.25% 2044""",NSE,EQ
6398465,722MP45-SG,"""SDL MP 7.22% 2045""",NSE,EQ
6398721,723AP46-SG,"""SDL AP 7.23% 2046""",NSE,EQ
6398977,723RJ46-SG,"""SDL RJ 7.23% 2046""",NSE,EQ
6399233,722MH49-SG,"""SDL MH 7.22% 2049""",NSE,EQ
6399489,723WB49-SG,"""SDL WB 7.23% 2049""",NSE,EQ
6400001,723JK54-SG,"""SDL JK 7.23% 2054""",NSE,EQ
6400257,722TN54-SG,"""SDL TN 7.22% 2054""",NSE,EQ
6400769,IBULLSLTD-BE,"""INDIABULLS""",NSE,EQ
6401281,722KL59-SG,"""SDL KL 7.22% 2059""",NSE,EQ
6401537,706TN29-SG,"""SDL TN 7.06% 2029""",NSE,EQ
6401793,725BR33-SG,"""SDL BR 7.25% 2033""",NSE,EQ
6402049,723RJ33-SG,"""SDL RJ 7.23% 2033""",NSE,EQ
6402305,723GA34-SG,"""SDL GA 7.23% 2034""",NSE,EQ
6402561,720MH34-SG,"""SDL MH 7.20% 2034""",NSE,EQ
6402817,722RJ34-SG,"""SDL RJ 7.22% 2034""",NSE,EQ
6403073,724AP36-SG,"""SDL AP 7.24% 2036""",NSE,EQ
6403329,724HR36A-SG,"""SDL HR 7.24% 2036""",NSE,EQ
6403585,722HPCL29-N0,,NSE,EQ
6404097,79123SHF26-N0,,NSE,EQ
6404353,BODALCHEM,"""BODAL CHEMICALS""",NSE,EQ
6407937,725IRFC34-N0,,NSE,EQ
6408449,IPHL-SM,"""INDIAN PHOSPHATE""",NSE,EQ
6409473,JAYBEE-SM,"""JAY BEE LAMINATIONS""",NSE,EQ
6410753,761LIC34-N0,,NSE,EQ
6412033,774LIC28-N0,,NSE,EQ
6412545,PREMIERENE,"""PREMIER ENERGIES""",NSE,EQ
6413825,VDEAL-SM,"""VDEAL SYSTEM""",NSE,EQ
6414849,785IIFL27-N0,,NSE,EQ
6415361,ECOSMOBLTY,"""ECOS (INDIA) MOB & HOSP L""",NSE,EQ
6416641,AERON-SM,"""AERON COMPOSITE""",NSE,EQ
6417665,PARAMATRIX-SM,"""PARAMATRIX TECHNOLOGIES L""",NSE,EQ
6418689,RAYMONDLSL,"""RAYMOND LIFESTYLE""",NSE,EQ
6419969,772TIL34-N0,,NSE,EQ
6420481,MULTICAP,"""MIRAEAMC - MULTICAP""",NSE,EQ
6420993,TREEHOUSE,"""TREE HOUSE EDU""",NSE,EQ
6422529,ASAHISONG,"""ASAHI SONGWON COLOR""",NSE,EQ
6422785,725GA35-SG,"""SDL GA 7.25% 2035""",NSE,EQ
6423041,723MH35-SG,"""SDL MH 7.23% 2035""",NSE,EQ
6424065,725HR36-SG,"""SDL HR 7.25% 2036""",NSE,EQ
6424321,725AP37-SG,"""SDL AP 7.25% 2037""",NSE,EQ
6424577,725TS38-SG,"""SDL TS 7.25% 2038""",NSE,EQ
6424833,724KL40-SG,"""SDL KL 7.24% 2040""",NSE,EQ
6425089,724MH40-SG,"""SDL MH 7.24% 2040""",NSE,EQ
6425345,725AP44-SG,"""SDL AP 7.25% 2044""",NSE,EQ
6425601,725AS44-SG,"""SDL AS 7.25% 2044""",NSE,EQ
6425857,725MH45-SG,"""SDL MH 7.25% 2045""",NSE,EQ
6426113,725WB45-SG,"""SDL WB 7.25% 2045""",NSE,EQ
6426369,725TS46-SG,"""SDL TS 7.25% 2046""",NSE,EQ
6426625,725AP47-SG,"""SDL AP 7.25% 2047""",NSE,EQ
6426881,706TN29A-SG,"""SDL TN 7.06% 2029""",NSE,EQ
6427137,719TN32A-SG,"""SDL TN 7.19% 2032""",NSE,EQ
6427393,723AP34-SG,"""SDL AP 7.23% 2034""",NSE,EQ
6427649,725ML34-SG,"""SDL ML 7.25% 2034""",NSE,EQ
6427905,724RJ34-SG,"""SDL RJ 7.24% 2034""",NSE,EQ
6428161,726MH50-SG,"""SDL MH 7.26% 2050""",NSE,EQ
6429185,STYLEBAAZA,"""BAAZAR STYLE RETAIL""",NSE,EQ
6430465,BOSS-SM,"""BOSS PACKAGING SOLU""",NSE,EQ
6431489,730PFCL34-N0,,NSE,EQ
6433281,840GHFL28-N0,,NSE,EQ
6433793,747SIDBI29-N0,,NSE,EQ
6434305,GALAPREC,"""GALA PRECISION ENG""",NSE,EQ
6434817,BROOKS,"""BROOKS LAB""",NSE,EQ
6436609,745ABL34-N0,,NSE,EQ
6437121,8049ABHF27-N0,,NSE,EQ
6438401,JEYYAM-ST,"""JEYYAM GLOBAL FOODS""",NSE,EQ
6438657,799LTFH27-N0,,NSE,EQ
6439169,8887HFL26-N0,,NSE,EQ
6439681,980ICCL29-N0,,NSE,EQ
6440193,RVTH,"""REVATHI EQUIPMENT INDIA L""",NSE,EQ
6441473,EUREKAFORB,"""EUREKA FORBES""",NSE,EQ
6442753,NAMOEWASTE-SM,"""NAMO EWASTE MANAGEMENT L""",NSE,EQ
6443777,TOP10ADD,"""DSPAMC - TOP10ADD""",NSE,EQ
6445057,726BOB34-N0,,NSE,EQ
6445569,TDPOWERSYS,"""TD POWER SYSTEMS""",NSE,EQ
6451457,736IRED39-N0,,NSE,EQ
6451969,BALAJEE,"""SHREE TIRUPATI BALAJEE L""",NSE,EQ
6454017,MYMUDRA-ST,"""MY MUDRA FINCORP""",NSE,EQ
6454273,703TN29-SG,"""SDL TN 7.03% 2029""",NSE,EQ
6454529,722TS38-SG,"""SDL TS 7.22% 2038""",NSE,EQ
6454785,721BR33-SG,"""SDL BR 7.21% 2033""",NSE,EQ
6455041,722HP39-SG,"""SDL HP 7.22% 2039""",NSE,EQ
6455297,723KL45-SG,"""SDL KL 7.23% 2045""",NSE,EQ
6455553,722TN54A-SG,"""SDL TN 7.22% 2054""",NSE,EQ
6455809,723MZ38-SG,"""SDL MZ 7.23% 2038""",NSE,EQ
6456833,SANOFICONR,"""SANOFI CONS HEALTHC IND L""",NSE,EQ
6458113,803ABHFL29-N0,,NSE,EQ
6458625,807SMFG27-N0,,NSE,EQ
6459905,VIESL-ST,"""VISION INFRA EQUIP SOL L""",NSE,EQ
6460161,XTGLOBAL,"""XTGLOBAL INFOTECH""",NSE,EQ
6461441,SHUBHSHREE-SM,"""SHUBHSHREE BIOFUELS ENE L""",NSE,EQ
6462465,GAJANAND-SM,"""GAJANAND INTERNATIONAL L""",NSE,EQ
6463489,AUSL-SM,"""ADITYA ULTRA STEEL""",NSE,EQ
6464513,KROSS,"""KROSS""",NSE,EQ
6466049,EBANKNIFTY,"""EDELAMC - EBANKNIFTY""",NSE,EQ
6467073,TOLINS,"""TOLINS TYRES""",NSE,EQ
6469121,BAJAJHFL,"""BAJAJ HOUSING FINANCE""",NSE,EQ
6470913,925AEL26-N1,,NSE,EQ
6471681,AEL120924-N2,,NSE,EQ
6472449,932AEL27-N3,,NSE,EQ
6473473,965AEL27-N4,,NSE,EQ
6474753,AEL120924A-N5,,NSE,EQ
6475265,956AEL29-N6,,NSE,EQ
6475777,99AEL29-N7,,NSE,EQ
6476289,AEL120924B-N8,,NSE,EQ
6478337,SPPPOLY-SM,"""SPP POLYMER""",NSE,EQ
6479873,PNGJL,"""P N GADGIL JEWELLERS""",NSE,EQ
6481409,724INBK34-N0,,NSE,EQ
6481921,INNOMET-SM,"""INNOMET ADVANCED MATERI L""",NSE,EQ
6482945,EXCELLENT-SM,"""EXCELLENT WIRES N PACK L""",NSE,EQ
6483969,APLLTD,"""ALEMBIC PHARMA""",NSE,EQ
6487041,VASWANI,"""VASWANI IND""",NSE,EQ
6489857,70CG29-SG,"""SDL CG 7.0% 2029""",NSE,EQ
6490113,71MH33-SG,"""SDL MH 7.1% 2033""",NSE,EQ
6490369,711BR33-SG,"""SDL BR 7.11% 2033""",NSE,EQ
6490625,71TN34-SG,"""SDL TN 7.1% 2034""",NSE,EQ
6490881,713AS34-SG,"""SDL AS 7.13% 2034""",NSE,EQ
6491137,712MH36-SG,"""SDL MH 7.12% 2036""",NSE,EQ
6491393,713TS36-SG,"""SDL TS 7.13% 2036""",NSE,EQ
6491649,PGEL,"""PG ELECTROPLAST""",NSE,EQ
6491905,713HR36-SG,"""SDL HR 7.13% 2036""",NSE,EQ
6492161,713MH37-SG,"""SDL MH 7.13% 2037""",NSE,EQ
6493185,713MH43-SG,"""SDL MH 7.13% 2043""",NSE,EQ
6493441,714KL47-SG,"""SDL KL 7.14% 2047""",NSE,EQ
6495233,785TRPEL34-N0,,NSE,EQ
6495745,845GHFL29-N0,,NSE,EQ
6496257,765LICH31-N0,,NSE,EQ
6498817,OSELDEVICE-SM,"""OSEL DEVICES""",NSE,EQ
6499841,799NIIF29-N0,,NSE,EQ
6500353,PANAMAPET,"""PANAMA PETROCHEM""",NSE,EQ
6500609,840CIFL27-N0,,NSE,EQ
6501889,ARKADE,"""ARKADE DEVELOPERS""",NSE,EQ
6503169,WCIL,"""WESTERN CARRIERS (IND) L""",NSE,EQ
6504449,PELATRO-SM,"""PELATRO""",NSE,EQ
6505473,ENVIRO-SM,"""ENVIROTECH SYSTEMS""",NSE,EQ
6507777,DECCANTRAN-SM,"""DECCAN TRANSCON LEASING L""",NSE,EQ
6509057,NORTHARC,"""NORTHERN ARC CAPITAL""",NSE,EQ
6510337,PSFL-SM,"""PARAMOUNT SPECIALI FORG L""",NSE,EQ
6511361,727PFCL31-N0,,NSE,EQ
6511873,722PFCL39-N0,,NSE,EQ
6512385,786TCHFL29-N0,,NSE,EQ
6512897,744NBRD28-N0,,NSE,EQ
6513409,KALANA-SM,"""KALANA ISPAT""",NSE,EQ
6514433,GROWWLIQID,"""GROWWAMC - GROWWLIQID""",NSE,EQ
6515457,815SICC27-N0,,NSE,EQ
6516481,815SICC26-N0,,NSE,EQ
6517505,CITI26-N0,,NSE,EQ
6518273,AAFS28B-N0,,NSE,EQ
6518785,12VCCL27-N0,,NSE,EQ
6519297,12VCCL29-N0,,NSE,EQ
6519809,PAISALO,"""PAISALO DIGITAL""",NSE,EQ
6520321,695KA28-SG,"""SDL KA 6.95% 2028""",NSE,EQ
6521345,713RJ39-SG,"""SDL RJ 7.13% 2039""",NSE,EQ
6521601,715RJ42-SG,"""SDL RJ 7.15% 2042""",NSE,EQ
6521857,712MH43-SG,"""SDL MH 7.12% 2043""",NSE,EQ
6522113,714MP43-SG,"""SDL MP 7.14% 2043""",NSE,EQ
6522369,715WB44-SG,"""SDL WB 7.15% 2044""",NSE,EQ
6522625,715PN44-SG,"""SDL PN 7.15% 2044""",NSE,EQ
6522881,715WB45-SG,"""SDL WB 7.15% 2045""",NSE,EQ
6523137,713RJ46-SG,"""SDL RJ 7.13% 2046""",NSE,EQ
6523393,TIJARIA,"""TIJARIA POLYPIPES""",NSE,EQ
6523649,714PN49-SG,"""SDL PN 7.14% 2049""",NSE,EQ
6523905,703CG30-SG,"""SDL CG 7.03% 2030""",NSE,EQ
6525185,705AS31-SG,"""SDL AS 7.05% 2031""",NSE,EQ
6525697,707MH32-SG,"""SDL MH 7.07% 2032""",NSE,EQ
6526209,712BR33-SG,"""SDL BR 7.12% 2033""",NSE,EQ
6526465,71RJ34-SG,"""SDL RJ 7.1% 2034""",NSE,EQ
6526977,ONELIFECAP-BE,"""ONELIFE CAP ADVISORS""",NSE,EQ
6527489,712GA34-SG,"""SDL GA 7.12% 2034""",NSE,EQ
6527745,711MH36-SG,"""SDL MH 7.11% 2036""",NSE,EQ
6528001,712MP36-SG,"""SDL MP 7.12% 2036""",NSE,EQ
6528257,712HR36-SG,"""SDL HR 7.12% 2036""",NSE,EQ
6528513,712MH38-SG,"""SDL MH 7.12% 2038""",NSE,EQ
6528769,INDOUS,"""INDO US BIOTECH""",NSE,EQ
6530049,824PHFL28-N0,,NSE,EQ
6530561,MOTHERSON-D1,,NSE,EQ
6531073,FLEXITUFF,"""FLEXITUFF VENTURES INT L""",NSE,EQ
6531329,PHOGLOBAL-SM,"""PHOENIX OVERSEAS""",NSE,EQ
6533121,AVIANSH-SM,"""AVI ANSH TEXTILE""",NSE,EQ
6534145,BIKEWO-SM,"""BIKEWO GREEN TECH""",NSE,EQ
6535169,SDREAMS-SM,"""S D RETAIL""",NSE,EQ
6536193,925SCL26E-N1,,NSE,EQ
6536705,965SCL26F-N1,,NSE,EQ
6537473,925SCL26F-N1,,NSE,EQ
6538753,SCL25924-N1,,NSE,EQ
6539265,SCL25924A-N1,,NSE,EQ
6539777,940SCL27A-N1,,NSE,EQ
6540289,990SCL27B-N1,,NSE,EQ
6540801,902SCL27C-N1,,NSE,EQ
6541313,948SCL27D-N1,,NSE,EQ
6541825,SCL25924C-N1,,NSE,EQ
6542337,SCL25924D-N1,,NSE,EQ
6542849,1015SCL29B-N1,,NSE,EQ
6543361,925SCL29C-N1,,NSE,EQ
6543873,971SCL29B-N1,,NSE,EQ
6544385,1050SCL31A-N1,,NSE,EQ
6544897,1003SCL31A-N1,,NSE,EQ
6545409,1025SCL34C-N1,,NSE,EQ
6545921,1075SCL34C-N1,,NSE,EQ
6546433,980SCL34B-N1,,NSE,EQ
6546945,SHAKTIPUMP,"""SHAKTI PUMPS (I)""",NSE,EQ
6547201,1025SCL34B-N1,,NSE,EQ
6549505,TRITURBINE,"""TRIVENI TURBINE""",NSE,EQ
6551297,734SIDBI29-N0,,NSE,EQ
6551809,79SHFL27-N0,,NSE,EQ
6552321,AAFS28C-N0,,NSE,EQ
6552833,MANBA,"""MANBA FINANCE""",NSE,EQ
6554113,WOL3D-SM,"""WOL 3D INDIA""",NSE,EQ
6555137,MOMENTUM50,"""MOTILALAMC - MOMENTUM50""",NSE,EQ
6556161,RAPPID-SM,"""RAPPID VALVES (INDIA)""",NSE,EQ
6556673,INDOTHAI-BE,"""INDO THAI SEC""",NSE,EQ
6559233,920HFL30-N0,,NSE,EQ
6559745,GFL26-N0,,NSE,EQ
6561025,UYFINCORP-BE,"""U. Y. FINCORP""",NSE,EQ
6561537,975SIPL27B-N0,,NSE,EQ
6562049,UNILEX-SM,"""UNILEX COLOURS AND CHEM L""",NSE,EQ
6563329,ESSARSHPNG-BE,"""ESSAR SHIPPING""",NSE,EQ
6563841,LICMFGOLD,"""LIC MF - LIC GOLD ETF""",NSE,EQ
6564609,KRN,"""KRN HEAT EXCHANGE N REF L""",NSE,EQ
6565889,THESL-SM,"""THINKING HATS ENTER SOL L""",NSE,EQ
6567681,TECHERA-ST,"""TECHERA ENGINEER (IND) L""",NSE,EQ
6568193,PCPL27-N0,,NSE,EQ
6569473,950ISF26-N0,,NSE,EQ
6569985,FORGEAUTO-SM,"""FORGE AUTO INTERNATION L""",NSE,EQ
6571009,SAHASRA-SM,"""SAHASRA ELECTRONIC SOLU L""",NSE,EQ
6572033,DIFFNKG,"""DIFFUSION ENGINEERS""",NSE,EQ
6573313,DIVYADHAN-SM,"""DIVYADHAN RECYCLING IND L""",NSE,EQ
6575105,JISLDVREQS,"""JAIN DVR EQUITY SHARES""",NSE,EQ
6575361,711AP38-SG,"""SDL AP 7.11% 2038""",NSE,EQ
6575617,712TS39-SG,"""SDL TS 7.12% 2039""",NSE,EQ
6576641,DSSL,"""DYNACONS SYS & SOLN""",NSE,EQ
6576897,713AS39-SG,"""SDL AS 7.13% 2039""",NSE,EQ
6577153,714TS42-SG,"""SDL TS 7.14% 2042""",NSE,EQ
6578177,714AP44-SG,"""SDL AP 7.14% 2044""",NSE,EQ
6578433,715WB44A-SG,"""SDL WB 7.15% 2044""",NSE,EQ
6578689,714AP48-SG,"""SDL AP 7.14% 2048""",NSE,EQ
6578945,69KA27-SG,"""SDL KA 6.9% 2027""",NSE,EQ
6579201,70KA30-SG,"""SDL KA 7.0% 2030""",NSE,EQ
6579457,711BR33A-SG,"""SDL BR 7.11% 2033""",NSE,EQ
6579713,71KL34-SG,"""SDL KL 7.1% 2034""",NSE,EQ
6579969,712ML34-SG,"""SDL ML 7.12% 2034""",NSE,EQ
6580225,712GA35-SG,"""SDL GA 7.12% 2035""",NSE,EQ
6580481,712HR36A-SG,"""SDL HR 7.12% 2036""",NSE,EQ
6580737,0RL34-N0,,NSE,EQ
6581249,HVAX-SM,"""HVAX TECHNOLOGIES""",NSE,EQ
6582273,SAJHOTELS-SM,"""SAJ HOTELS""",NSE,EQ
6583297,PARAMOUNT-SM,"""PARAMOUNT DYE TEC""",NSE,EQ
6583809,POLYMED,"""POLY MEDICURE""",NSE,EQ
6585345,RUPA,"""RUPA & COMPANY""",NSE,EQ
6585601,BANKPSU,"""MIRAEAMC - BANKPSU""",NSE,EQ
6588417,679GS2034-GS,"""GOI LOAN  6.79% 2034""",NSE,EQ
6589441,SRD-BE,"""SHANKAR LAL RAMPAL""",NSE,EQ
6589953,878MUTF29-N0,,NSE,EQ
6590465,METAL,"""MIRAEAMC - METAL""",NSE,EQ
6593537,VIKASECO,"""VIKAS ECOTECH""",NSE,EQ
6594049,GROWWDEFNC,"""GROWWAMC - GROWWDEFNC""",NSE,EQ
6595585,71MH32A-SG,"""SDL MH 7.1% 2032""",NSE,EQ
6595841,705UK29-SG,"""SDL UK 7.05% 2029""",NSE,EQ
6596097,71KA32A-SG,"""SDL KA 7.1% 2032""",NSE,EQ
6596353,712KA33-SG,"""SDL KA 7.12% 2033""",NSE,EQ
6596609,714BR33-SG,"""SDL BR 7.14% 2033""",NSE,EQ
6596865,712TN34-SG,"""SDL TN 7.12% 2034""",NSE,EQ
6597121,713AS34A-SG,"""SDL AS 7.13% 2034""",NSE,EQ
6597377,714SK34-SG,"""SDL SK 7.14% 2034""",NSE,EQ
6597633,715MP35-SG,"""SDL MP 7.15% 2035""",NSE,EQ
6597889,713MH37A-SG,"""SDL MH 7.13% 2037""",NSE,EQ
6598145,715MZ39-SG,"""SDL MZ 7.15% 2039""",NSE,EQ
6598401,716JK49-SG,"""SDL JK 7.16% 2049""",NSE,EQ
6598657,715MP43-SG,"""SDL MP 7.15% 2043""",NSE,EQ
6599681,APLAPOLLO,"""APL APOLLO TUBES""",NSE,EQ
6600193,814TPL27-N0,,NSE,EQ
6601217,KANANIIND,"""KANANI INDUSTRIES""",NSE,EQ
6603009,805HLICL34-N0,,NSE,EQ
6604801,GARUDA,"""GARUDA CONSTRUCT N ENG L""",NSE,EQ
6606081,815PHFL27-N0,,NSE,EQ
6606593,LLOYDSENT,"""LLOYDS ENTERPRISES""",NSE,EQ
6607873,12VCCL27A-N0,,NSE,EQ
6608385,1180VCCL26-N0,,NSE,EQ
6608897,116VCCL26-N0,,NSE,EQ
6609409,PRANIK-SM,"""PRANIK LOGISTICS""",NSE,EQ
6611201,709RJ35-SG,"""SDL RJ 7.09% 2035""",NSE,EQ
6611713,709KA35-SG,"""SDL KA 7.09% 2035""",NSE,EQ
6611969,682GJ27-SG,"""SDL GJ 6.82% 2027""",NSE,EQ
6612225,708UP32-SG,"""SDL UP 7.08% 2032""",NSE,EQ
6612481,708HP34-SG,"""SDL HP 7.08% 2034""",NSE,EQ
6612737,708KA34B-SG,"""SDL KA 7.08% 2034""",NSE,EQ
6612993,709PY34-SG,"""SDL PY 7.09% 2034""",NSE,EQ
6613249,711PN44-SG,"""SDL PN 7.11% 2044""",NSE,EQ
6613505,711TS45-SG,"""SDL TS 7.11% 2045""",NSE,EQ
6613761,VINCOFE,"""VINTAGE COFFEE N BVRGS L""",NSE,EQ
6615041,7712TCHF28-N0,,NSE,EQ
6616065,HYUNDAI,"""HYUNDAI MOTOR INDIA""",NSE,EQ
6617345,757LICH29-N0,,NSE,EQ
6617857,VAL30IETF,"""ICICIPRAMC - VAL30IETF""",NSE,EQ
6618881,AFFORDABLE,"""AFFORD ROBO & AUTO""",NSE,EQ
6620161,LAKSHYA-SM,"""LAKSHYA POWERTECH""",NSE,EQ
6621185,975SCL29A-N0,,NSE,EQ
6621697,925SCL26G-N0,,NSE,EQ
6622209,FRESHARA-SM,"""FRESHARA AGRO EXPORTS""",NSE,EQ
6623233,GROWWGOLD,"""GROWWAMC - GROWWGOLD""",NSE,EQ
6624257,MORARJEE-BZ,"""MORARJEE TEXTILES""",NSE,EQ
6624769,ANKITMETAL-BZ,"""ANKIT MET & POW""",NSE,EQ
6625025,BFUTILITIE-BZ,"""BF UTILITIES""",NSE,EQ
6625537,IMPEXFERRO-BZ,"""IMPEX FERRO TECH""",NSE,EQ
6625793,MEP-BZ,"""MEP INFRA. DEVELOPERS""",NSE,EQ
6626049,711BR33B-SG,"""SDL BR 7.11% 2033""",NSE,EQ
6626305,710KA35-SG,"""SDL KA 7.10% 2035""",NSE,EQ
6626561,712GA34A-SG,"""SDL GA 7.12% 2034""",NSE,EQ
6626817,700TN29-SG,"""SDL TN 7.00% 2029""",NSE,EQ
6627841,744SIDBI28-N0,,NSE,EQ
6628353,DBEIL,"""DEEPAK BUILDERS & ENG I L""",NSE,EQ
6629633,MINDACORP,"""MINDA CORPORATION""",NSE,EQ
6629889,PREMIUM-SM,"""PREMIUM PLAST""",NSE,EQ
6631681,708PGC34-N0,,NSE,EQ
6632193,WAAREEENER,"""WAAREE ENERGIES""",NSE,EQ
6633473,1015UCL26-N1,,NSE,EQ
6633985,1025UCL26A-N1,,NSE,EQ
6634497,1040UCL27B-N1,,NSE,EQ
6635009,OCCLLTD,"""OCCL""",NSE,EQ
6636289,OBSCP-SM,"""OBSC PERFECTION""",NSE,EQ
6637313,DANISH-SM,"""DANISH POWER""",NSE,EQ
6638337,712INBK34-N0,,NSE,EQ
6638849,7875NIIF30-N0,,NSE,EQ
6639361,UHTL-SM,"""UNITED HEAT TRANSFER""",NSE,EQ
6640385,7798LTFH29-N0,,NSE,EQ
6640897,GODAVARIB,"""GODAVARI BIOREFINERIES L""",NSE,EQ
6642177,835TCSL27-N0,,NSE,EQ
6642689,765SHFL29-N0,,NSE,EQ
6643201,SIHF27-N0,,NSE,EQ
6643713,USHAFIN-SM,"""USHA FINANCIAL SERVICES L""",NSE,EQ
6644737,713TN34-SG,"""SDL TN 7.13% 2034""",NSE,EQ
6644993,713RJ34-SG,"""SDL RJ 7.13% 2034""",NSE,EQ
6645249,715BR34-SG,"""SDL BR 7.15% 2034""",NSE,EQ
6645505,715KA36-SG,"""SDL KA 7.15% 2036""",NSE,EQ
6645761,715KL39-SG,"""SDL KL 7.15% 2039""",NSE,EQ
6646017,715MN39-SG,"""SDL MN 7.15% 2039""",NSE,EQ
6646273,715AP39-SG,"""SDL AP 7.15% 2039""",NSE,EQ
6646529,717AP43-SG,"""SDL AP 7.17% 2043""",NSE,EQ
6646785,717PN44-SG,"""SDL PN 7.17% 2044""",NSE,EQ
6647041,716RJ45-SG,"""SDL RJ 7.16% 2045""",NSE,EQ
6647297,716AP47-SG,"""SDL AP 7.16% 2047""",NSE,EQ
6647553,716TS47-SG,"""SDL TS 7.16% 2047""",NSE,EQ
6647809,716TS49-SG,"""SDL TS 7.16% 2049""",NSE,EQ
6648065,716TN54-SG,"""SDL TN 7.16% 2054""",NSE,EQ
6650113,AFCONS,"""AFCONS INFRASTRUCTURE""",NSE,EQ
6651393,758SDIL31-N0,,NSE,EQ
6651905,AVL,"""ADITYA VISION""",NSE,EQ
6653185,732IREDA29-N0,,NSE,EQ
6654977,EMULTIMQ,"""EDELAMC - EMULTIMQ""",NSE,EQ
6912001,702TN29-SG,"""SDL TN 7.02% 2029""",NSE,EQ
6912257,706UK30A-SG,"""SDL UK 7.06% 2030""",NSE,EQ
6912513,713BR34-SG,"""SDL BR 7.13% 2034""",NSE,EQ
6912769,712TN34A-SG,"""SDL TN 7.12% 2034""",NSE,EQ
6913025,713HR36A-SG,"""SDL HR 7.13% 2036""",NSE,EQ
6913281,715KL40-SG,"""SDL KL 7.15% 2040""",NSE,EQ
6913537,715MZ40-SG,"""SDL MZ 7.15% 2040""",NSE,EQ
6913793,715AP42-SG,"""SDL AP 7.15% 2042""",NSE,EQ
6914049,HEXATRADEX,"""HEXA TRADEX""",NSE,EQ
6914305,715AP47-SG,"""SDL AP 7.15% 2047""",NSE,EQ
6917121,ABINFRA,"""A B INFRABUILD""",NSE,EQ
6917377,890BTL34-N0,,NSE,EQ
6917889,865BTL27-N0,,NSE,EQ
6918401,890BTL31-N0,,NSE,EQ
6918913,825BTL27-N0,,NSE,EQ
6919425,875BTL28-N0,,NSE,EQ
6919937,875BTL29-N0,,NSE,EQ
6920449,78241ABH29-N0,,NSE,EQ
6920961,747IIFCL27-N0,,NSE,EQ
6921473,TBZ,"""TRIB BHIMJI ZAVERI""",NSE,EQ
6921729,726IIFCL34-N0,,NSE,EQ
6924033,MASTERTR,"""MASTER TRUST""",NSE,EQ
6925313,SAGILITY,"""SAGILITY""",NSE,EQ
6926593,709RL39-N0,,NSE,EQ
6927105,734RL30-N0,,NSE,EQ
6927617,ACMESOLAR,"""ACME SOLAR HOLDINGS""",NSE,EQ
6928897,SWIGGY,"""SWIGGY""",NSE,EQ
6929153,VSSL,"""VARDHMAN SPC STEEL""",NSE,EQ
6931201,LIQUIDPLUS,"""MIRAEAMC - LIQUIDPLUS""",NSE,EQ
6932225,KPEL,"""K.P. ENERGY""",NSE,EQ
6933505,KMEW,"""KNOWLEDGE MARINE & EN W L""",NSE,EQ
6935553,850CIFL34-N0,,NSE,EQ
6936065,776FEDB34-N0,,NSE,EQ
6936321,SWANCORP,"""SWAN CORP""",NSE,EQ
6936833,NIVABUPA,"""NIVA BUPA HEALTH INS CO L""",NSE,EQ
6939393,SPECIALITY,"""SPECIALITY REST""",NSE,EQ
6940929,705GJ31-SG,"""SDL GJ 7.05% 2031""",NSE,EQ
6941185,708GJ33-SG,"""SDL GJ 7.08% 2033""",NSE,EQ
6941441,713TS39-SG,"""SDL TS 7.13% 2039""",NSE,EQ
6941697,713HP39-SG,"""SDL HP 7.13% 2039""",NSE,EQ
6941953,712HR37-SG,"""SDL HR 7.12% 2037""",NSE,EQ
6942977,715IRFC39-N0,,NSE,EQ
6943489,NEELAM-SM,"""NEELAM LINENS & GAR (I) L""",NSE,EQ
6944513,692GS2039-GS,"""GOI LOAN   6.92% 2039""",NSE,EQ
6944769,723SBI39-N0,,NSE,EQ
6945281,714NHB34-N0,,NSE,EQ
6945793,920DCBBL34-N0,,NSE,EQ
6946305,1020CCSP27-N0,,NSE,EQ
6946817,ONYX-SM,"""ONYX BIOTEC""",NSE,EQ
6948865,BLACKBUCK,"""BLACKBUCK""",NSE,EQ
6950145,713BR34A-SG,"""SDL BR 7.13% 2034""",NSE,EQ
6950401,713GA34-SG,"""SDL GA 7.13% 2034""",NSE,EQ
6950657,708KL31-SG,"""SDL KL 7.08% 2031""",NSE,EQ
6950913,715OR38-SG,"""SDL OR 7.15% 2038""",NSE,EQ
6951169,711TN34-SG,"""SDL TN 7.11% 2034""",NSE,EQ
6951425,710UP32-SG,"""SDL UP 7.10% 2032""",NSE,EQ
6952449,770SHFL29-N0,,NSE,EQ
6952961,810GIL28-N0,,NSE,EQ
6953217,CINELINE,"""CINELINE INDIA""",NSE,EQ
6953729,815GIL29-N0,,NSE,EQ
6955009,975SIPL29-N0,,NSE,EQ
6955521,709GS2074-GS,"""GOI LOAN   7.09% 2074""",NSE,EQ
6955777,RACLGEAR,"""RACL GEARTECH""",NSE,EQ
6957057,NTPCGREEN,"""NTPC GREEN ENERGY""",NSE,EQ
6958337,722UCL34-N0,,NSE,EQ
6958849,705GJ29-SG,"""SDL GJ 7.05% 2029""",NSE,EQ
6959105,707KA29-SG,"""SDL KA 7.07% 2029""",NSE,EQ
6959361,709KA30A-SG,"""SDL KA 7.09% 2030""",NSE,EQ
6959617,71TN32A-SG,"""SDL TN 7.1% 2032""",NSE,EQ
6959873,714AP34A-SG,"""SDL AP 7.14% 2034""",NSE,EQ
6960129,718BR34-SG,"""SDL BR 7.18% 2034""",NSE,EQ
6960385,716RJ34-SG,"""SDL RJ 7.16% 2034""",NSE,EQ
6960641,714TN34-SG,"""SDL TN 7.14% 2034""",NSE,EQ
6962433,717GA35-SG,"""SDL GA 7.17% 2035""",NSE,EQ
6962689,719UP36-SG,"""SDL UP 7.19% 2036""",NSE,EQ
6962945,719HR37-SG,"""SDL HR 7.19% 2037""",NSE,EQ
6963201,719MP38-SG,"""SDL MP 7.19% 2038""",NSE,EQ
6963457,718RJ38-SG,"""SDL RJ 7.18% 2038""",NSE,EQ
6963713,718WB39-SG,"""SDL WB 7.18% 2039""",NSE,EQ
6963969,718AP40A-SG,"""SDL AP 7.18% 2040""",NSE,EQ
6964225,718WB41-SG,"""SDL WB 7.18% 2041""",NSE,EQ
6964481,716AR44-SG,"""SDL AR 7.16% 2044""",NSE,EQ
6964737,716MP44-SG,"""SDL MP 7.16% 2044""",NSE,EQ
6964993,716TN54A-SG,"""SDL TN 7.16% 2054""",NSE,EQ
6965761,364D271125-TB,"""GOI TBILL 364D-27/11/25""",NSE,EQ
6966017,751SIDBI28-N0,,NSE,EQ
6966529,EIEL,"""ENVIRO INFRA ENGINEERS L""",NSE,EQ
6967809,LAMOSAIC-SM,"""LAMOSAIC INDIA""",NSE,EQ
6969857,737IREDA31-N0,,NSE,EQ
6980097,ITTL-ST,"""INNOVATIVE TYRE & TUBE LT""",NSE,EQ
6980353,815PNB27-N0,,NSE,EQ
6980865,RAJPUTANA-SM,"""RAJPUTANA BIODIESEL""",NSE,EQ
6981889,679GS2034A-GS,"""GOI LOAN   6.79% 2034""",NSE,EQ
6982913,C2C-ST,"""C2C ADVANCED SYSTEMS""",NSE,EQ
6983169,741BOI34-N0,,NSE,EQ
6983681,774LICH27-N0,,NSE,EQ
6984193,778SHFL28-N0,,NSE,EQ
6985473,ABHAPOWER-ST,"""ABHA POWER N STEEL""",NSE,EQ
6985729,APEXECO-SM,"""APEX ECOTECH""",NSE,EQ
6986753,892CIFL34-N0,,NSE,EQ
6988033,RTNINDIA,"""RATTANINDIA ENT""",NSE,EQ
6989569,SAMPANN,"""SAMPANN UTPADAN INDIA""",NSE,EQ
6989825,793NIIF30-N0,,NSE,EQ
6991105,AGARWALTUF-SM,"""AGARWAL TOUGH GLASS IND L""",NSE,EQ
6992129,711HP34-SG,"""SDL HP 7.11% 2034""",NSE,EQ
6992385,708RJ34-SG,"""SDL RJ 7.08% 2034""",NSE,EQ
6992641,712KL35-SG,"""SDL KL 7.12% 2035""",NSE,EQ
6992897,711AP38A-SG,"""SDL AP 7.11% 2038""",NSE,EQ
6993153,710JK44-SG,"""SDL JK 7.10% 2044""",NSE,EQ
6993409,712AS34-SG,"""SDL AS 7.12% 2034""",NSE,EQ
6993665,713BR34B-SG,"""SDL BR 7.13% 2034""",NSE,EQ
6993921,708PN34-SG,"""SDL PN 7.08% 2034""",NSE,EQ
6994177,708TN34-SG,"""SDL TN 7.08% 2034""",NSE,EQ
6994433,712PN36-SG,"""SDL PN 7.12% 2036""",NSE,EQ
6994689,711AP39-SG,"""SDL AP 7.11% 2039""",NSE,EQ
6994945,710TS44-SG,"""SDL TS 7.10% 2044""",NSE,EQ
6995201,710TS45-SG,"""SDL TS 7.10% 2045""",NSE,EQ
6995457,696TN28-SG,"""SDL TN 6.96% 2028""",NSE,EQ
6995713,704GJ32-SG,"""SDL GJ 7.04% 2032""",NSE,EQ
6995969,710AP34-SG,"""SDL AP 7.10% 2034""",NSE,EQ
6996737,364D041225-TB,"""GOI TBILL 364D-04/12/25""",NSE,EQ
6997505,SURAKSHA,"""SURAKSHA DIAGNOSTIC""",NSE,EQ
6998785,GANESHIN-SM,"""GANESH INFRAWORLD""",NSE,EQ
7002369,ROSSTECH,"""ROSSELL TECHSYS""",NSE,EQ
7008257,719LT34-N0,,NSE,EQ
7013377,818TPL27-N0,,NSE,EQ
7015681,664GS2027-GS,"""GOI LOAN   6.64% 2027""",NSE,EQ
7016449,935TSI29-N0,,NSE,EQ
7019777,935TSIIC28-N0,,NSE,EQ
7022337,935TSI32-N0,,NSE,EQ
7024897,935TSI34-N0,,NSE,EQ
7026689,935TSI30-N0,,NSE,EQ
7046657,935TSIIC33-N0,,NSE,EQ
7049473,935TSI27-N0,,NSE,EQ
7053569,935TSI31-N0,,NSE,EQ
7059201,ODIGMA-BE,"""ODIGMA CONSULTANCY SOL L""",NSE,EQ
7065089,711PFCL40-N0,,NSE,EQ
7069953,710PFCL35-N0,,NSE,EQ
7073025,ETML-SM,"""EMERALD TYRE MANUF""",NSE,EQ
7080961,704GJ33-SG,"""SDL GJ 7.04% 2033""",NSE,EQ
7081985,710TN34-SG,"""SDL TN 7.10% 2034""",NSE,EQ
7084033,709HR37-SG,"""SDL HR 7.09% 2037""",NSE,EQ
7087617,708UP38-SG,"""SDL UP 7.08% 2038""",NSE,EQ
7088129,708JK46-SG,"""SDL JK 7.08% 2046""",NSE,EQ
7092225,364D111225-TB,"""GOI TBILL 364D-11/12/25""",NSE,EQ
7094017,723DMEDL34-N0,,NSE,EQ
7094529,785ABHFL28-N0,,NSE,EQ
7097089,DHANLAXMI-SM,"""DHANLAXMI CROP SCIENCE L""",NSE,EQ
7104001,769LICH26-N0,,NSE,EQ
7105025,INNOVANA,"""INNOVANA THINKLABS""",NSE,EQ
7117569,775LTFL27-N0,,NSE,EQ
7119617,714EXIM29-N0,,NSE,EQ
7121665,698GR2054-GS,"""GOI LOAN   6.98% 2054""",NSE,EQ
7126785,SAILIFE,"""SAI LIFE SCIENCES""",NSE,EQ
7144193,780SICC29-N0,,NSE,EQ
7149569,775SFL26-N0,,NSE,EQ
7151105,965SFL27-N0,,NSE,EQ
7155457,709IRFC34-N0,,NSE,EQ
7160065,VMM,"""VISHAL MEGA MART""",NSE,EQ
7179265,PURPLEUTED-ST,"""PURPLE UNITED SALES""",NSE,EQ
7179777,MOBIKWIK,"""ONE MOBIKWIK SYSTEMS""",NSE,EQ
7185665,SFML-SM,"""SUPREME FACILITY MGMT""",NSE,EQ
7195905,790LTFL34-N0,,NSE,EQ
7200001,IKS,"""INVENTURUS KNOWLEDGE SO L""",NSE,EQ
7214081,697TN28-SG,"""SDL TN 6.97% 2028""",NSE,EQ
7220481,711ML33-SG,"""SDL ML 7.11% 2033""",NSE,EQ
7222017,711RJ34-SG,"""SDL RJ 7.11% 2034""",NSE,EQ
7222529,712BR34-SG,"""SDL BR 7.12% 2034""",NSE,EQ
7224321,711KA35-SG,"""SDL KA 7.11% 2035""",NSE,EQ
7225857,712HP36-SG,"""SDL HP 7.12% 2036""",NSE,EQ
7227649,712KA36-SG,"""SDL KA 7.12% 2036""",NSE,EQ
7228161,712RJ39-SG,"""SDL RJ 7.12% 2039""",NSE,EQ
7229697,713MZ39-SG,"""SDL MZ 7.13% 2039""",NSE,EQ
7232001,713WB40-SG,"""SDL WB 7.13% 2040""",NSE,EQ
7233537,710KL42-SG,"""SDL KL 7.10% 2042""",NSE,EQ
7234561,711AR44-SG,"""SDL AR 7.11% 2044""",NSE,EQ
7236353,710RJ46-SG,"""SDL RJ 7.10% 2046""",NSE,EQ
7237633,710TS46-SG,"""SDL TS 7.10% 2046""",NSE,EQ
7238913,710TS47-SG,"""SDL TS 7.10% 2047""",NSE,EQ
7239169,710JK49-SG,"""SDL JK 7.10% 2049""",NSE,EQ
7239425,710TN54-SG,"""SDL TN 7.10% 2054""",NSE,EQ
7247617,364D181225-TB,"""GOI TBILL 364D-18/12/25""",NSE,EQ
7248385,ANUHPHR,"""ANUH PHARMA""",NSE,EQ
7262977,714NPC39-N0,,NSE,EQ
7264769,IGIL,"""INTERNATIO GEMM INS (I) L""",NSE,EQ
7290625,710RECL35-N0,,NSE,EQ
7294209,720NHB31-N0,,NSE,EQ
7296769,816KSFP29-N0,,NSE,EQ
7300865,803ICPR34-N0,,NSE,EQ
7303681,675GS2029-GS,"""GOI LOAN   6.75% 2029""",NSE,EQ
7305985,799TFSIL27-N0,,NSE,EQ
7308801,774PSB34-N0,,NSE,EQ
7313665,990IIFL27-N0,,NSE,EQ
7314945,IDENTICAL-SM,"""IDENTICAL BRAINS STUDIO L""",NSE,EQ
7325441,712PGCIL34-N0,,NSE,EQ
7330561,SRPL-BZ,"""SHREE RAM PROTEINS""",NSE,EQ
7333377,SUULD-BZ,"""SUUMAYA INDUSTRIES""",NSE,EQ
7337473,DAMCAPITAL,"""DAM CAPITAL ADVISORS""",NSE,EQ
7343873,MAMATA,"""MAMATA MACHINERY""",NSE,EQ
7350785,TRANSRAILL,"""TRANSRAIL LIGHTING""",NSE,EQ
7363585,CEWATER,"""CONCORD ENVIRO SYSTEMS L""",NSE,EQ
7369217,716PFCL40-N0,,NSE,EQ
7370497,74PFCL30-N0,,NSE,EQ
7371521,748SIDBI29-N0,,NSE,EQ
7372033,770TPREL34-N0,,NSE,EQ
7372545,805NIT32-N0,,NSE,EQ
7373057,NMSTEEL-SM,"""NEWMALAYALAM STEEL""",NSE,EQ
7374081,SANATHAN,"""SANATHAN TEXTILES""",NSE,EQ
7375873,364D261225-TB,"""GOI TBILL 364D-26/12/25""",NSE,EQ
7376129,719AS34-SG,"""SDL AS 7.19% 2034""",NSE,EQ
7376385,715BR34A-SG,"""SDL BR 7.15% 2034""",NSE,EQ
7376641,711GJ33-SG,"""SDL GJ 7.11% 2033""",NSE,EQ
7376897,716HR37-SG,"""SDL HR 7.16% 2037""",NSE,EQ
7377153,714JK51-SG,"""SDL JK 7.14% 2051""",NSE,EQ
7377409,716KA40-SG,"""SDL KA 7.16% 2040""",NSE,EQ
7377665,717MP41-SG,"""SDL MP 7.17% 2041""",NSE,EQ
7377921,714MP45-SG,"""SDL MP 7.14% 2045""",NSE,EQ
7378177,715MN39A-SG,"""SDL MN 7.15% 2039""",NSE,EQ
7378433,715NL34-SG,"""SDL NL 7.15% 2034""",NSE,EQ
7378689,714PY35-SG,"""SDL PY 7.14% 2035""",NSE,EQ
7378945,703TN29A-SG,"""SDL TN 7.03% 2029""",NSE,EQ
7379201,711TN34A-SG,"""SDL TN 7.11% 2034""",NSE,EQ
7379457,714TN44-SG,"""SDL TN 7.14% 2044""",NSE,EQ
7379713,716UP39-SG,"""SDL UP 7.16% 2039""",NSE,EQ
7379969,715UK30-SG,"""SDL UK 7.15% 2030""",NSE,EQ
7380225,716WB39-SG,"""SDL WB 7.16% 2039""",NSE,EQ
7380737,717WB42-SG,"""SDL WB 7.17% 2042""",NSE,EQ
7383041,7685TCHF28-N0,,NSE,EQ
7384833,VENTIVE,"""VENTIVE HOSPITALITY""",NSE,EQ
7386113,885IHL26-N1,,NSE,EQ
7386625,IHFL261224-N1,,NSE,EQ
7387137,865IHFL27-N1,,NSE,EQ
7387649,9IHFL27-N1,,NSE,EQ
7388417,IHF261224-N1,,NSE,EQ
7388929,PROZONER-BE,"""PROZONE REALTY""",NSE,EQ
7390465,89IHFL29-N1,,NSE,EQ
7391233,925IHFL29-N1,,NSE,EQ
7391745,IHF261224A-N1,,NSE,EQ
7392257,925IHFL31-N1,,NSE,EQ
7393025,CARRARO,"""CARRARO INDIA""",NSE,EQ
7395329,SENORES,"""SENORES PHARMACEUTICALS L""",NSE,EQ
7396865,679GS2031-GS,"""GOI LOAN   6.79% 2031""",NSE,EQ
7397121,715IRFC34-N0,,NSE,EQ
7397633,925SCL26Z-N1,,NSE,EQ
7397889,965SCL26Y-N1,,NSE,EQ
7398145,KITEX,"""KITEX GARMENTS""",NSE,EQ
7398401,888SCL26X-N1,,NSE,EQ
7398657,925SCL26W-N1,,NSE,EQ
7399937,MAYURUNIQ,"""MAYUR UNIQUOTERS""",NSE,EQ
7400193,SCL271224-N1,,NSE,EQ
7400449,SCL271224A-N1,,NSE,EQ
7401729,ROSSELLIND,"""ROSSELL INDIA""",NSE,EQ
7401985,94SCL27U-N1,,NSE,EQ
7402241,99SCL27V-N1,,NSE,EQ
7403521,902SCL27Q-N1,,NSE,EQ
7403777,948SCL27R-N1,,NSE,EQ
7404289,SCL271224B-N1,,NSE,EQ
7404545,965SCL29S-N1,,NSE,EQ
7404801,1015SCL29T-N1,,NSE,EQ
7405057,925SCL29S-N1,,NSE,EQ
7405313,971SCL29T-N1,,NSE,EQ
7405569,1050SCL31T-N1,,NSE,EQ
7405825,1003SCL31P-N1,,NSE,EQ
7406081,1025SCL34U-N1,,NSE,EQ
7406337,1075SCL34T-N1,,NSE,EQ
7406593,98SCL34Z-N1,,NSE,EQ
7406849,1025SCL34Z-N1,,NSE,EQ
7411713,DUCON,"""DUCON INFRATECHNOLOGIES L""",NSE,EQ
7413761,UNIMECH,"""UNIMECH AEROSPACE N MFG L""",NSE,EQ
7415041,818GFL26-N0,,NSE,EQ
7415553,102CCSP27A-N0,,NSE,EQ
7416065,CONSUMER,"""MIRAEAMC - CONSUMER""",NSE,EQ
7417089,825TCSL27-N0,,NSE,EQ
7417601,93HFL34-N0,,NSE,EQ
7418113,87HFL27-N0,,NSE,EQ
7418625,87HFL26-N0,,NSE,EQ
7419137,819CIFL26-N0,,NSE,EQ
7419649,ANYA-SM,"""ANYA POLYTECH & FERTI""",NSE,EQ
7421697,364D010126-TB,"""GOI TBILL 364D-01/01/26""",NSE,EQ
7421953,717AP37-SG,"""SDL AP 7.17% 2037""",NSE,EQ
7422209,717AP38-SG,"""SDL AP 7.17% 2038""",NSE,EQ
7422721,717AP39-SG,"""SDL AP 7.17% 2039""",NSE,EQ
7422977,718HR38-SG,"""SDL HR 7.18% 2038""",NSE,EQ
7424257,711JK55-SG,"""SDL JK 7.11% 2055""",NSE,EQ
7424513,715KA42-SG,"""SDL KA 7.15% 2042""",NSE,EQ
7424769,715KA43-SG,"""SDL KA 7.15% 2043""",NSE,EQ
7425025,717MP38-SG,"""SDL MP 7.17% 2038""",NSE,EQ
7425281,712MP47-SG,"""SDL MP 7.12% 2047""",NSE,EQ
7425537,712TS51-SG,"""SDL TS 7.12% 2051""",NSE,EQ
7425793,715UP37-SG,"""SDL UP 7.15% 2037""",NSE,EQ
7426049,TVSHLTD,"""TVS HOLDINGS""",NSE,EQ
7426305,715WB40-SG,"""SDL WB 7.15% 2040""",NSE,EQ
7426561,716WB42-SG,"""SDL WB 7.16% 2042""",NSE,EQ
7427841,ARSHIYA-BZ,"""ARSHIYA""",NSE,EQ
7428097,CEREBRAINT-BZ,"""CEREBRA INT TECH""",NSE,EQ
7428353,950ISF26A-N0,,NSE,EQ
7428865,ECAPINSURE,"""EDELAMC - ECAPINSURE""",NSE,EQ
7429633,810NIT40-N0,,NSE,EQ
7430401,INDOFARM,"""INDO FARM EQUIPMENT""",NSE,EQ
7432961,725IOCL30-N0,,NSE,EQ
7433473,930PCHFL27-N0,,NSE,EQ
7435777,364D080126-TB,"""GOI TBILL 364D-08/01/26""",NSE,EQ
7436033,701GJ31-SG,"""SDL GJ 7.01% 2031""",NSE,EQ
7436289,710KA32-SG,"""SDL KA 7.10% 2032""",NSE,EQ
7436545,713UK32-SG,"""SDL UK 7.13% 2032""",NSE,EQ
7436801,ZUARI,"""ZUARI AGRO CHEMICALS""",NSE,EQ
7437057,705GJ32-SG,"""SDL GJ 7.05% 2032""",NSE,EQ
7437313,710KA33-SG,"""SDL KA 7.10% 2033""",NSE,EQ
7438593,706GJ34-SG,"""SDL GJ 7.06% 2034""",NSE,EQ
7438849,715AS35-SG,"""SDL AS 7.15% 2035""",NSE,EQ
7439105,715BR35-SG,"""SDL BR 7.15% 2035""",NSE,EQ
7439361,715HR38-SG,"""SDL HR 7.15% 2038""",NSE,EQ
7439617,711MH38-SG,"""SDL MH 7.11% 2038""",NSE,EQ
7440129,715BR40-SG,"""SDL BR 7.15% 2040""",NSE,EQ
7440385,714MH43-SG,"""SDL MH 7.14% 2043""",NSE,EQ
7441665,713TS49-SG,"""SDL TS 7.13% 2049""",NSE,EQ
7441921,712TS54-SG,"""SDL TS 7.12% 2054""",NSE,EQ
7442177,711TS55-SG,"""SDL TS 7.11% 2055""",NSE,EQ
7442433,711TN55-SG,"""SDL TN 7.11% 2055""",NSE,EQ
7442689,8104PHFL28-N0,,NSE,EQ
7443201,SGLTL,"""STANDARD GLASS LIN TECH L""",NSE,EQ
7446273,QUADFUTURE,"""QUADRANT FUTURE TEK""",NSE,EQ
7447553,DELTIC-SM,"""DELTA AUTOCORP""",NSE,EQ
7448577,830TPL28-N0,,NSE,EQ
7449089,DDEVPLSTIK,"""DDEV PLASTIKS IND""",NSE,EQ
7450369,773TCHFL30-N0,,NSE,EQ
7450881,995SCL35-N0,,NSE,EQ
7451393,722GJ35-SG,"""SDL GJ 7.22% 2035""",NSE,EQ
7451649,722TN35-SG,"""SDL TN 7.22% 2035""",NSE,EQ
7452417,738REC27TF-N2,,NSE,EQ
7452929,CARERATING,"""CARE RATINGS""",NSE,EQ
7453185,722KA36-SG,"""SDL KA 7.22% 2036""",NSE,EQ
7453441,723PN37-SG,"""SDL PN 7.23% 2037""",NSE,EQ
7454721,722HR38-SG,"""SDL HR 7.22% 2038""",NSE,EQ
7454977,722BR40-SG,"""SDL BR 7.22% 2040""",NSE,EQ
7455233,723MZ40-SG,"""SDL MZ 7.23% 2040""",NSE,EQ
7455489,723MH41-SG,"""SDL MH 7.23% 2041""",NSE,EQ
7455745,PCJEWELLER,"""PC JEWELLER""",NSE,EQ
7456001,724MH44-SG,"""SDL MH 7.24% 2044""",NSE,EQ
7456257,724KL44-SG,"""SDL KL 7.24% 2044""",NSE,EQ
7457537,72JK47-SG,"""SDL JK 7.2% 2047""",NSE,EQ
7457793,722BR35-SG,"""SDL BR 7.22% 2035""",NSE,EQ
7458561,INDUSTOWER,"""INDUS TOWERS""",NSE,EQ
7458817,364D150126-TB,"""GOI TBILL 364D-15/01/26""",NSE,EQ
7461377,NAVKARURB,"""NAVKAR URBANSTRUCTURE""",NSE,EQ
7462657,SATKARTAR-SM,"""SAT KARTAR SHOPPING""",NSE,EQ
7463681,720RECL35-N0,,NSE,EQ
7464193,CAPINVIT-IV,"""CAPITAL INFRA TRUST""",NSE,EQ
7465985,SWANDEF-BE,"""SWAN DEFENCE N HEVY IND L""",NSE,EQ
7466753,723BOB35-N0,,NSE,EQ
7467265,770SUNF28-N0,,NSE,EQ
7467777,LAXMIDENTL,"""LAXMI DENTAL""",NSE,EQ
7469057,BARFLEX-SM,"""BARFLEX POLYFILMS""",NSE,EQ
7470081,725IRFC35B-N0,,NSE,EQ
7470593,990IIFL26-N0,,NSE,EQ
7471105,867MUTF30-N0,,NSE,EQ
7471617,990IIFL26B-N0,,NSE,EQ
7472129,990IIFL26A-N0,,NSE,EQ
7472641,78537ABH30-N0,,NSE,EQ
7473153,KKJEWELS-SM,"""KABRA JEWELS""",NSE,EQ
7474177,728IREDA35-N0,,NSE,EQ
7475201,758LICH35-N0,,NSE,EQ
7475713,806TFSIL28-N0,,NSE,EQ
7476481,STALLION-BE,"""STALLION IND FLUOROCHEM L""",NSE,EQ
7477761,SITINET-BZ,"""SITI NETWORKS""",NSE,EQ
7478529,364D220126-TB,"""GOI TBILL 364D-22/01/26""",NSE,EQ
7481345,ONESOURCE,"""ONESOURCE SPECL PHARMA L""",NSE,EQ
7482625,EMAPARTNER-SM,"""EMA PARTNERS INDIA""",NSE,EQ
7483649,720LT35-N0,,NSE,EQ
7484161,715BR37-SG,"""SDL BR 7.15% 2037""",NSE,EQ
7484417,714BR45-SG,"""SDL BR 7.14% 2045""",NSE,EQ
7484673,712GJ35-SG,"""SDL GJ 7.12% 2035""",NSE,EQ
7484929,714HR38-SG,"""SDL HR 7.14% 2038""",NSE,EQ
7485185,715KA38-SG,"""SDL KA 7.15% 2038""",NSE,EQ
7485441,714KL45-SG,"""SDL KL 7.14% 2045""",NSE,EQ
7485697,715TN35-SG,"""SDL TN 7.15% 2035""",NSE,EQ
7485953,712TN55-SG,"""SDL TN 7.12% 2055""",NSE,EQ
7486209,PCHFL23125-N0,,NSE,EQ
7486721,875TVSH30-N0,,NSE,EQ
7487233,PCHF230125-N0,,NSE,EQ
7487745,900CIFL35-N0,,NSE,EQ
7488257,ITCHOTELS,"""ITC HOTELS""",NSE,EQ
7489537,DENTA,"""DENTA WATER N INFRA SOL L""",NSE,EQ
7491585,735EXIM28-N0,,NSE,EQ
7492097,720NHPC35-N0,,NSE,EQ
7492609,729NHB31-N0,,NSE,EQ
7493121,REXPRO-SM,"""REXPRO ENTERPRISES""",NSE,EQ
7494145,12VCCL29A-N0,,NSE,EQ
7494657,970ISF28-N0,,NSE,EQ
7495169,703OR31-SG,"""SDL OR 7.03% 2031""",NSE,EQ
7495425,705GJ34-SG,"""SDL GJ 7.05% 2034""",NSE,EQ
7495681,713RJ35-SG,"""SDL RJ 7.13% 2035""",NSE,EQ
7495937,703GJ35-SG,"""SDL GJ 7.03% 2035""",NSE,EQ
7496193,712BR37-SG,"""SDL BR 7.12% 2037""",NSE,EQ
7496449,714HR38A-SG,"""SDL HR 7.14% 2038""",NSE,EQ
7496705,VMART,"""VMART RETAIL""",NSE,EQ
7496961,713KA41-SG,"""SDL KA 7.13% 2041""",NSE,EQ
7497217,713WB42-SG,"""SDL WB 7.13% 2042""",NSE,EQ
7498497,713WB44-SG,"""SDL WB 7.13% 2044""",NSE,EQ
7498753,711TN45-SG,"""SDL TN 7.11% 2045""",NSE,EQ
7499009,711BR45-SG,"""SDL BR 7.11% 2045""",NSE,EQ
7499265,711AS45-SG,"""SDL AS 7.11% 2045""",NSE,EQ
7499521,712PN45-SG,"""SDL PN 7.12% 2045""",NSE,EQ
7499777,710RJ50-SG,"""SDL RJ 7.10% 2050""",NSE,EQ
7500033,711TS47-SG,"""SDL TS 7.11% 2047""",NSE,EQ
7500289,708TS49-SG,"""SDL TS 7.08% 2049""",NSE,EQ
7500545,710TS50-SG,"""SDL TS 7.10% 2050""",NSE,EQ
7500801,710RJ51-SG,"""SDL RJ 7.10% 2051""",NSE,EQ
7501057,708JK55-SG,"""SDL JK 7.08% 2055""",NSE,EQ
7501825,364D290126-TB,"""GOI TBILL 364D-29/01/26""",NSE,EQ
7502081,766LICH29-N0,,NSE,EQ
7502593,857IHFL26-N0,,NSE,EQ
7503873,751HUDCO28-N5,,NSE,EQ
7506689,734IRFC28-N4,,NSE,EQ
7532801,0NHIT35-N0,,NSE,EQ
7533313,MOHITIND-BE,"""MOHIT INDUSTRIES""",NSE,EQ
7534593,0NHIT34-N0,,NSE,EQ
7536385,SUPREME,"""SUPREME HOLDIN N HOSP I L""",NSE,EQ
7539713,AGARWALEYE,"""DR AGARWALS HEALTH CARE L""",NSE,EQ
7540993,790CANF30-N0,,NSE,EQ
7541505,MOSCHIP,"""MOSCHIP TECHNOLOGIES""",NSE,EQ
7542785,NEXT30ADD,"""DSPAMC - NEXT30ADD""",NSE,EQ
7543553,79742SIC30-N0,,NSE,EQ
7544065,865MFL28-N0,,NSE,EQ
7544833,PROTEAN,"""PROTEAN EGOV TECHNO""",NSE,EQ
7547137,364D050226-TB,"""GOI TBILL 364D-05/02/26""",NSE,EQ
7547393,MCLOUD,"""MAGELLANIC CLOUD""",NSE,EQ
7548673,NIBE,"""NIBE""",NSE,EQ
7550721,ORCHASP-BE,"""ORCHASP""",NSE,EQ
7551233,717AP32-SG,"""SDL AP 7.17% 2032""",NSE,EQ
7551489,707AP34-SG,"""SDL AP 7.07% 2034""",NSE,EQ
7551745,707GJ34-SG,"""SDL GJ 7.07% 2034""",NSE,EQ
7552001,711KA35A-SG,"""SDL KA 7.11% 2035""",NSE,EQ
7552257,712MH36A-SG,"""SDL MH 7.12% 2036""",NSE,EQ
7552513,712BR37A-SG,"""SDL BR 7.12% 2037""",NSE,EQ
7552769,713MH37B-SG,"""SDL MH 7.13% 2037""",NSE,EQ
7553025,711OR37-SG,"""SDL OR 7.11% 2037""",NSE,EQ
7553281,711AP38B-SG,"""SDL AP 7.11% 2038""",NSE,EQ
7553537,716KL38-SG,"""SDL KL 7.16% 2038""",NSE,EQ
7553793,712MH38A-SG,"""SDL MH 7.12% 2038""",NSE,EQ
7554049,714MH39-SG,"""SDL MH 7.14% 2039""",NSE,EQ
7555073,716AP40-SG,"""SDL AP 7.16% 2040""",NSE,EQ
7555329,716AS40-SG,"""SDL AS 7.16% 2040""",NSE,EQ
7555585,719BR45-SG,"""SDL BR 7.19% 2045""",NSE,EQ
7555841,719PN45-SG,"""SDL PN 7.19% 2045""",NSE,EQ
7556097,719TS46-SG,"""SDL TS 7.19% 2046""",NSE,EQ
7556353,675GJ27-SG,"""SDL GJ 6.75% 2027""",NSE,EQ
7556609,70OR30-SG,"""SDL OR 7.0% 2030""",NSE,EQ
7556865,714UK32-SG,"""SDL UK 7.14% 2032""",NSE,EQ
7557121,708AP35A-SG,"""SDL AP 7.08% 2035""",NSE,EQ
7557377,718TS47-SG,"""SDL TS 7.18% 2047""",NSE,EQ
7557633,718TS49-SG,"""SDL TS 7.18% 2049""",NSE,EQ
7557889,718KL50-SG,"""SDL KL 7.18% 2050""",NSE,EQ
7558145,718TN55-SG,"""SDL TN 7.18% 2055""",NSE,EQ
7558401,725NBFI40-N0,,NSE,EQ
7558913,GROWWRAIL,"""GROWWAMC - GROWWRAIL""",NSE,EQ
7559937,918IHFL28-N0,,NSE,EQ
7560449,950ISF27-N0,,NSE,EQ
7560961,805PHFL30-N0,,NSE,EQ
7561473,724PFCL35-N0,,NSE,EQ
7561985,725PFCL45-N0,,NSE,EQ
7562497,CHAMUNDA-SM,"""CHAMUNDA ELECTRICAL""",NSE,EQ
7563521,860TPL31-N0,,NSE,EQ
7564033,KEN-SM,"""KEN ENTERPRISES""",NSE,EQ
7565057,775CIT38-N0,,NSE,EQ
7565569,NIFTYIETF,"""ICICI PRUD NIFTY ETF""",NSE,EQ
7566593,790ABHFL27-N0,,NSE,EQ
7567105,786ABHFL28-N0,,NSE,EQ
7568385,READYMIX-ST,"""READYMIX CONSTRU MACHI L""",NSE,EQ
7568641,714BR37-SG,"""SDL BR 7.14% 2037""",NSE,EQ
7568897,718BR45-SG,"""SDL BR 7.18% 2045""",NSE,EQ
7569153,714CG33-SG,"""SDL CG 7.14% 2033""",NSE,EQ
7569409,707GJ32-SG,"""SDL GJ 7.07% 2032""",NSE,EQ
7569665,708GJ34-SG,"""SDL GJ 7.08% 2034""",NSE,EQ
7569921,714HR38B-SG,"""SDL HR 7.14% 2038""",NSE,EQ
7570177,718JK45-SG,"""SDL JK 7.18% 2045""",NSE,EQ
7570433,708KA31A-SG,"""SDL KA 7.08% 2031""",NSE,EQ
7570689,711KA33-SG,"""SDL KA 7.11% 2033""",NSE,EQ
7570945,716MZ35-SG,"""SDL MZ 7.16% 2035""",NSE,EQ
7571201,709TN35-SG,"""SDL TN 7.09% 2035""",NSE,EQ
7571457,717TN45-SG,"""SDL TN 7.17% 2045""",NSE,EQ
7571713,NIF100BEES,"""NIP IND ETF NIFTY 100""",NSE,EQ
7572225,718TN55A-SG,"""SDL TN 7.18% 2055""",NSE,EQ
7572993,364D120226-TB,"""GOI TBILL 364D-12/02/26""",NSE,EQ
7574529,NATCAPSUQ-BE,"""NATURAL CAPSULES""",NSE,EQ
7575553,JUBLCPL-BE,"""JUBILANT AGRI N CON PRO L""",NSE,EQ
7576321,ELGNZ-SM,"""ELEGANZ INTERIORS""",NSE,EQ
7577089,REPCOHOME,"""REPCO HOME FINANCE""",NSE,EQ
7577601,742SIDBI29-N0,,NSE,EQ
7579393,704IRFC28-N6,,NSE,EQ
7581185,704REC28-N4,,NSE,EQ
7583745,AJAXENGG,"""AJAX ENGINEERING""",NSE,EQ
7585025,728RECL40-N0,,NSE,EQ
7585537,756IIFCL28-N0,,NSE,EQ
7586049,CHANDAN-SM,"""CHANDAN HEALTHCARE""",NSE,EQ
7587073,CITI27-N0,,NSE,EQ
7587585,810HLICL35-N0,,NSE,EQ
7588097,728IRFC40-N0,,NSE,EQ
7588609,779LTFL30-N0,,NSE,EQ
7590401,719HUDCO28-N7,,NSE,EQ
7592193,MAXVOLT-ST,"""MAXVOLT ENERGY INDUS L""",NSE,EQ
7593217,VOLERCAR-ST,"""VOLER CAR""",NSE,EQ
7594241,PSRAJ-ST,"""P S RAJ STEELS""",NSE,EQ
7594497,HEXT,"""HEXAWARE TECHNOLOGIES""",NSE,EQ
7597057,773TIL35-N0,,NSE,EQ
7597569,BAJAJINDEF,"""INDEF MANUFACTURING""",NSE,EQ
7598849,820CIFL28-N0,,NSE,EQ
7599361,750BOI35-N0,,NSE,EQ
7599873,UNIONGOLD,"""UNIONAMC - UNIONGOLD""",NSE,EQ
7600897,364D200226-TB,"""GOI TBILL 364D-20/02/26""",NSE,EQ
7601153,715AS35B-SG,"""SDL AS 7.15% 2035""",NSE,EQ
7601409,716KA36B-SG,"""SDL KA 7.16% 2036""",NSE,EQ
7601665,712GJ37A-SG,"""SDL GJ 7.12% 2037""",NSE,EQ
7601921,714RJ37A-SG,"""SDL RJ 7.14% 2037""",NSE,EQ
7602177,689OR28A-SG,"""SDL OR 6.89% 2028""",NSE,EQ
7602433,702GJ31A-SG,"""SDL GJ 7.02% 2031""",NSE,EQ
7602689,706OR31A-SG,"""SDL OR 7.06% 2031""",NSE,EQ
7602945,716UP39B-SG,"""SDL UP 7.16% 2039""",NSE,EQ
7603201,716PY40A-SG,"""SDL PY 7.16% 2040""",NSE,EQ
7603457,716MP40A-SG,"""SDL MP 7.16% 2040""",NSE,EQ
7603713,718BR45B-SG,"""SDL BR 7.18% 2045""",NSE,EQ
7603969,718MP48A-SG,"""SDL MP 7.18% 2048""",NSE,EQ
7604225,715BR37B-SG,"""SDL BR 7.15% 2037""",NSE,EQ
7604481,716MP37A-SG,"""SDL MP 7.16% 2037""",NSE,EQ
7604737,716HR38A-SG,"""SDL HR 7.16% 2038""",NSE,EQ
7604993,714PY31A-SG,"""SDL PY 7.14% 2031""",NSE,EQ
7605249,708GJ33B-SG,"""SDL GJ 7.08% 2033""",NSE,EQ
7605505,713KA34A-SG,"""SDL KA 7.13% 2034""",NSE,EQ
7605761,715PY39A-SG,"""SDL PY 7.15% 2039""",NSE,EQ
7606017,QPOWER,"""QUALITY POWER ELEC EQUP L""",NSE,EQ
7607553,834MLICL35-N0,,NSE,EQ
7608065,742PFC28-N0,,NSE,EQ
7608577,738PFC32-N0,,NSE,EQ
7609857,TEJASCARGO-ST,"""TEJAS CARGO INDIA""",NSE,EQ
7610113,ROYALARC-SM,"""ROYAL ARC ELECTRODES""",NSE,EQ
7611137,GUJTHEM,"""GUJARAT THEMIS BIOSYN""",NSE,EQ
7611649,NIBL,"""NRB INDUS. BEARINGS""",NSE,EQ
7613953,7645LICH30-N0,,NSE,EQ
7615745,12VCCL27B-N0,,NSE,EQ
7618049,MSCIINDIA,"""KOTAKMAMC - MSCIINDIA""",NSE,EQ
7647233,GROWWN200,"""GROWWAMC - GROWWN200""",NSE,EQ
7648513,VIVIDHA,"""VISAGAR POLYTEX""",NSE,EQ
7649025,HPTL-ST,"""HP TELECOM INDIA""",NSE,EQ
7657217,364D270226-TB,"""GOI TBILL 364D-27/02/26""",NSE,EQ
7657473,698GJ30-SG,"""SDL GJ 6.98% 2030""",NSE,EQ
7657729,716KA32-SG,"""SDL KA 7.16% 2032""",NSE,EQ
7657985,717TN33-SG,"""SDL TN 7.17% 2033""",NSE,EQ
7658753,72CG34-SG,"""SDL CG 7.2% 2034""",NSE,EQ
7659265,719OR35-SG,"""SDL OR 7.19% 2035""",NSE,EQ
7659521,717RJ35-SG,"""SDL RJ 7.17% 2035""",NSE,EQ
7659777,72SK35-SG,"""SDL SK 7.2% 2035""",NSE,EQ
7660033,719CG35-SG,"""SDL CG 7.19% 2035""",NSE,EQ
7660289,72AP36-SG,"""SDL AP 7.2% 2036""",NSE,EQ
7660545,718TN36-SG,"""SDL TN 7.18% 2036""",NSE,EQ
7660801,724BR37-SG,"""SDL BR 7.24% 2037""",NSE,EQ
7661057,717MH37-SG,"""SDL MH 7.17% 2037""",NSE,EQ
7661313,72KA37-SG,"""SDL KA 7.2% 2037""",NSE,EQ
7661569,722HR38A-SG,"""SDL HR 7.22% 2038""",NSE,EQ
7661825,718MH38-SG,"""SDL MH 7.18% 2038""",NSE,EQ
7662081,718MH39-SG,"""SDL MH 7.18% 2039""",NSE,EQ
7662337,72AS40-SG,"""SDL AS 7.2% 2040""",NSE,EQ
7662593,719MH40-SG,"""SDL MH 7.19% 2040""",NSE,EQ
7662849,72MN40-SG,"""SDL MN 7.2% 2040""",NSE,EQ
7663361,719OR40-SG,"""SDL OR 7.19% 2040""",NSE,EQ
7663617,72UP40-SG,"""SDL UP 7.2% 2040""",NSE,EQ
7663873,72KL42-SG,"""SDL KL 7.2% 2042""",NSE,EQ
7664129,72RJ42-SG,"""SDL RJ 7.2% 2042""",NSE,EQ
7664385,72AS45-SG,"""SDL AS 7.2% 2045""",NSE,EQ
7664641,72OR45-SG,"""SDL OR 7.2% 2045""",NSE,EQ
7664897,72TN55-SG,"""SDL TN 7.2% 2055""",NSE,EQ
7665153,740IREDA36-N0,,NSE,EQ
7665665,NIFTY100EW,"""KOTAKMAMC - NIFTY100EW""",NSE,EQ
7666433,737NBRD35-N0,,NSE,EQ
7666945,749SIDBI29-N0,,NSE,EQ
7668225,735NHB32-N0,,NSE,EQ
7668993,CALSOFTPP-E1,"""CALSOFT RS.2.50 PPD UP""",NSE,EQ
7669761,799NIIF37-N0,,NSE,EQ
7670273,JUSTDIAL,"""JUSTDIAL""",NSE,EQ
7670529,825TCSL28-N0,,NSE,EQ
7672065,744PFCL30-N0,,NSE,EQ
7672577,74PFCL35-N0,,NSE,EQ
7673089,80980TCL27-N0,,NSE,EQ
7673601,AONETOTAL,"""AONEAMC - AONETOTAL""",NSE,EQ
7674625,817GHFL30-N0,,NSE,EQ
7676929,364D050326-TB,"""GOI TBILL 364D-05/03/26""",NSE,EQ
7677185,727UP41-SG,"""SDL UP 7.27% 2041""",NSE,EQ
7677697,727MP45-SG,"""SDL MP 7.27% 2045""",NSE,EQ
7677953,727TS47-SG,"""SDL TS 7.27% 2047""",NSE,EQ
7678209,727MP48-SG,"""SDL MP 7.27% 2048""",NSE,EQ
7678465,727TS49-SG,"""SDL TS 7.27% 2049""",NSE,EQ
7678721,706GJ30-SG,"""SDL GJ 7.06% 2030""",NSE,EQ
7678977,72OR32-SG,"""SDL OR 7.2% 2032""",NSE,EQ
7679233,722KA32-SG,"""SDL KA 7.22% 2032""",NSE,EQ
7679489,708TN30-SG,"""SDL TN 7.08% 2030""",NSE,EQ
7679745,721TN32-SG,"""SDL TN 7.21% 2032""",NSE,EQ
7680001,722TN33-SG,"""SDL TN 7.22% 2033""",NSE,EQ
7680257,722AP34-SG,"""SDL AP 7.22% 2034""",NSE,EQ
7680513,728CG34-SG,"""SDL CG 7.28% 2034""",NSE,EQ
7680769,722AP35-SG,"""SDL AP 7.22% 2035""",NSE,EQ
7681025,734AS35-SG,"""SDL AS 7.34% 2035""",NSE,EQ
7681281,721GJ35-SG,"""SDL GJ 7.21% 2035""",NSE,EQ
7681537,722RJ35-SG,"""SDL RJ 7.22% 2035""",NSE,EQ
7681793,727CG35-SG,"""SDL CG 7.27% 2035""",NSE,EQ
7682049,722KA35A-SG,"""SDL KA 7.22% 2035""",NSE,EQ
7682305,728AP36-SG,"""SDL AP 7.28% 2036""",NSE,EQ
7682561,722OR36-SG,"""SDL OR 7.22% 2036""",NSE,EQ
7682817,732CG37-SG,"""SDL CG 7.32% 2037""",NSE,EQ
7683329,732WB38-SG,"""SDL WB 7.32% 2038""",NSE,EQ
7683585,726HR39-SG,"""SDL HR 7.26% 2039""",NSE,EQ
7684865,726MP39-SG,"""SDL MP 7.26% 2039""",NSE,EQ
7685121,73OR39-SG,"""SDL OR 7.3% 2039""",NSE,EQ
7685377,725UP39-SG,"""SDL UP 7.25% 2039""",NSE,EQ
7685633,73WB39-SG,"""SDL WB 7.3% 2039""",NSE,EQ
7685889,ATULAUTO,"""ATUL AUTO""",NSE,EQ
7686145,727OR41-SG,"""SDL OR 7.27% 2041""",NSE,EQ
7686401,726TN55-SG,"""SDL TN 7.26% 2055""",NSE,EQ
7688449,BALAJIPHOS-ST,"""BALAJI PHOSPHATES""",NSE,EQ
7688705,734UCL30-N0,,NSE,EQ
7689217,760CIT38-N0,,NSE,EQ
7689985,734UCL28-N0,,NSE,EQ
7690497,FCONSUMER-BE,"""FUTURE CONSUMER""",NSE,EQ
7691521,809CANF27-N0,,NSE,EQ
7692033,905CIFL32-N0,,NSE,EQ
7693057,ROADSTAR-IV,"""ROADSTAR INFRA INVT TRUST""",NSE,EQ
7695105,990IIFL27A-N0,,NSE,EQ
7695617,960SFL35-N0,,NSE,EQ
7696129,790ABHFL28-N0,,NSE,EQ
7696641,MOCAPITAL,"""MOTILALAMC - MOCAPITAL""",NSE,EQ
7697665,709TN30A-SG,"""SDL TN 7.09% 2030""",NSE,EQ
7697921,718TN35-SG,"""SDL TN 7.18% 2035""",NSE,EQ
7698177,724UP40-SG,"""SDL UP 7.24% 2040""",NSE,EQ
7698433,722JK32-SG,"""SDL JK 7.22% 2032""",NSE,EQ
7698689,729WB38-SG,"""SDL WB 7.29% 2038""",NSE,EQ
7698945,728WB39-SG,"""SDL WB 7.28% 2039""",NSE,EQ
7699201,723UK32-SG,"""SDL UK 7.23% 2032""",NSE,EQ
7699457,727PY33-SG,"""SDL PY 7.27% 2033""",NSE,EQ
7699713,723TS49-SG,"""SDL TS 7.23% 2049""",NSE,EQ
7699969,724AR45-SG,"""SDL AR 7.24% 2045""",NSE,EQ
7700225,723TS53-SG,"""SDL TS 7.23% 2053""",NSE,EQ
7700481,687GJ28-SG,"""SDL GJ 6.87% 2028""",NSE,EQ
7700737,723HR39-SG,"""SDL HR 7.23% 2039""",NSE,EQ
7700993,724KL43-SG,"""SDL KL 7.24% 2043""",NSE,EQ
7701249,723TN55-SG,"""SDL TN 7.23% 2055""",NSE,EQ
7701505,726HP35-SG,"""SDL HP 7.26% 2035""",NSE,EQ
7701761,717MP31-SG,"""SDL MP 7.17% 2031""",NSE,EQ
7702017,722MP42-SG,"""SDL MP 7.22% 2042""",NSE,EQ
7702273,723MP47-SG,"""SDL MP 7.23% 2047""",NSE,EQ
7702529,727NL35-SG,"""SDL NL 7.27% 2035""",NSE,EQ
7702785,ORIENTCEM,"""ORIENT CEMENT""",NSE,EQ
7703041,693OR28-SG,"""SDL OR 6.93% 2028""",NSE,EQ
7703297,717OR30-SG,"""SDL OR 7.17% 2030""",NSE,EQ
7704577,723OR47-SG,"""SDL OR 7.23% 2047""",NSE,EQ
7704833,719RJ35-SG,"""SDL RJ 7.19% 2035""",NSE,EQ
7705089,723RJ38-SG,"""SDL RJ 7.23% 2038""",NSE,EQ
7705345,70TN29-SG,"""SDL TN 7.0% 2029""",NSE,EQ
7705601,723TS52-SG,"""SDL TS 7.23% 2052""",NSE,EQ
7705857,724AS45-SG,"""SDL AS 7.24% 2045""",NSE,EQ
7706625,364D120326-TB,"""GOI TBILL 364D-12/03/26""",NSE,EQ
7706881,GOLD360,"""360ONEAMC - GOLD360""",NSE,EQ
7707649,ABFRL,"""ADITYA BIRLA FASHION & RT""",NSE,EQ
7707905,SELECTIPO,"""MIRAEAMC - SELECTIPO""",NSE,EQ
7710977,EQUAL200,"""MIRAEAMC - EQUAL200""",NSE,EQ
7712001,SAMMAANCAP,"""SAMMAAN CAPITAL""",NSE,EQ
7714305,PRABHA,"""PRABHA ENERGY""",NSE,EQ
7715585,CASHIETF,"""ICICIPRAMC - CASHIETF""",NSE,EQ
7716353,775PFCL26A-N0,,NSE,EQ
7716865,745PFCL28-N0,,NSE,EQ
7717633,860MFL28-N0,,NSE,EQ
7718145,773LICH27-N0,,NSE,EQ
7719681,AXISVALUE,"""AXISAMC - AXISVALUE""",NSE,EQ
7720705,715RJ35-SG,"""SDL RJ 7.15% 2035""",NSE,EQ
7720961,715UP37A-SG,"""SDL UP 7.15% 2037""",NSE,EQ
7721217,717KL38-SG,"""SDL KL 7.17% 2038""",NSE,EQ
7721473,717UP39-SG,"""SDL UP 7.17% 2039""",NSE,EQ
7721729,718MZ40-SG,"""SDL MZ 7.18% 2040""",NSE,EQ
7721985,717OR40-SG,"""SDL OR 7.17% 2040""",NSE,EQ
7722241,718TN45-SG,"""SDL TN 7.18% 2045""",NSE,EQ
7722497,718WB45-SG,"""SDL WB 7.18% 2045""",NSE,EQ
7722753,718MP46-SG,"""SDL MP 7.18% 2046""",NSE,EQ
7723009,718OR46-SG,"""SDL OR 7.18% 2046""",NSE,EQ
7723265,718WB46-SG,"""SDL WB 7.18% 2046""",NSE,EQ
7723521,718WB47-SG,"""SDL WB 7.18% 2047""",NSE,EQ
7723777,718MP49-SG,"""SDL MP 7.18% 2049""",NSE,EQ
7724033,718KL50A-SG,"""SDL KL 7.18% 2050""",NSE,EQ
7724289,718TN55B-SG,"""SDL TN 7.18% 2055""",NSE,EQ
7724545,692JH28-SG,"""SDL JH 6.92% 2028""",NSE,EQ
7724801,689TN28-SG,"""SDL TN 6.89% 2028""",NSE,EQ
7725057,698OR29-SG,"""SDL OR 6.98% 2029""",NSE,EQ
7725313,702TN29A-SG,"""SDL TN 7.02% 2029""",NSE,EQ
7725569,704TN30B-SG,"""SDL TN 7.04% 2030""",NSE,EQ
7725825,714MP32-SG,"""SDL MP 7.14% 2032""",NSE,EQ
7726081,717UK32-SG,"""SDL UK 7.17% 2032""",NSE,EQ
7726337,714CG32-SG,"""SDL CG 7.14% 2032""",NSE,EQ
7726593,715TN33-SG,"""SDL TN 7.15% 2033""",NSE,EQ
7726849,717UP33-SG,"""SDL UP 7.17% 2033""",NSE,EQ
7727105,716CG33-SG,"""SDL CG 7.16% 2033""",NSE,EQ
7727361,716CG34-SG,"""SDL CG 7.16% 2034""",NSE,EQ
7728129,364D190326-TB,"""GOI TBILL 364D-19/03/26""",NSE,EQ
7728897,CURAA-BE,"""CURA TECHNOLOGIES""",NSE,EQ
7729665,820CANF27-N0,,NSE,EQ
7730177,744RL28-N0,,NSE,EQ
7730689,732RL35-N0,,NSE,EQ
7731201,793NIIF32-N0,,NSE,EQ
7731713,925SCL27A-N1,,NSE,EQ
7732225,1025SCL35A-N1,,NSE,EQ
7732737,980SCL35-N1,,NSE,EQ
7733249,940SCL28-N1,,NSE,EQ
7733761,SCL19325A-N1,,NSE,EQ
7734273,SCL190325-N1,,NSE,EQ
7734785,965SCL27-N1,,NSE,EQ
7735809,SCL19325-N1,,NSE,EQ
7736321,925SCL27B-N1,,NSE,EQ
7736833,990SCL28-N1,,NSE,EQ
7737345,971SCL30A-N1,,NSE,EQ
7737857,SCL190325A-N1,,NSE,EQ
7738369,1003SCL32-N1,,NSE,EQ
7738881,971SCL30-N1,,NSE,EQ
7739393,1075SCL35-N1,,NSE,EQ
7739905,1025SCL35-N1,,NSE,EQ
7740417,1015SCL30-N1,,NSE,EQ
7740929,902SCL28-N1,,NSE,EQ
7741441,948SCL28-N1,,NSE,EQ
7741953,1050SCL32-N1,,NSE,EQ
7742465,BHARATSE,"""BHARAT SEATS""",NSE,EQ
7744513,ISHANCH-BE,"""ISHAN DYES N CHEMICALS L""",NSE,EQ
7745025,835GFL28-N0,,NSE,EQ
7747073,DIVINEHIRA-ST,"""DIVINE HIRA JEWELLERS""",NSE,EQ
7747329,726NTPC40-N0,,NSE,EQ
7747841,748NABF28-N0,,NSE,EQ
7748353,739SIDBI30-N0,,NSE,EQ
7748865,14RARL30-N0,,NSE,EQ
7750145,SILVERCASE,"""ZERODHAAMC - SILVERCASE""",NSE,EQ
7750913,758LICH35A-N0,,NSE,EQ
7753985,GCHOTELS-ST,"""GRAND CONTINENT HOTELS L""",NSE,EQ
7754241,SBIBPB,"""SBIAMC - SBIBPB""",NSE,EQ
7762689,ESSENTIA,"""INTEGRA ESSENTIA""",NSE,EQ
7780353,NIF100IETF,"""ICICI PRUD NIFTY 100 ETF""",NSE,EQ
7785217,364D260326-TB,"""GOI TBILL 364D-26/03/26""",NSE,EQ
7785473,707AP36-SG,"""SDL AP 7.07% 2036""",NSE,EQ
7785729,687GJ28A-SG,"""SDL GJ 6.87% 2028""",NSE,EQ
7785985,687TN28-SG,"""SDL TN 6.87% 2028""",NSE,EQ
7786241,692TN29-SG,"""SDL TN 6.92% 2029""",NSE,EQ
7786497,696JH29-SG,"""SDL JH 6.96% 2029""",NSE,EQ
7786753,702AS30A-SG,"""SDL AS 7.02% 2030""",NSE,EQ
7787009,696KA30-SG,"""SDL KA 6.96% 2030""",NSE,EQ
7787265,699TN31-SG,"""SDL TN 6.99% 2031""",NSE,EQ
7787521,705MP32-SG,"""SDL MP 7.05% 2032""",NSE,EQ
7787777,705UK32-SG,"""SDL UK 7.05% 2032""",NSE,EQ
7788033,704KA32-SG,"""SDL KA 7.04% 2032""",NSE,EQ
7788289,704RJ32-SG,"""SDL RJ 7.04% 2032""",NSE,EQ
7788545,704AP33-SG,"""SDL AP 7.04% 2033""",NSE,EQ
7789313,702GJ33-SG,"""SDL GJ 7.02% 2033""",NSE,EQ
7789569,703KA33-SG,"""SDL KA 7.03% 2033""",NSE,EQ
7789825,709AP35-SG,"""SDL AP 7.09% 2035""",NSE,EQ
7790081,703HR35-SG,"""SDL HR 7.03% 2035""",NSE,EQ
7790337,702MP35-SG,"""SDL MP 7.02% 2035""",NSE,EQ
7790593,71NL35-SG,"""SDL NL 7.1% 2035""",NSE,EQ
7790849,705OR35-SG,"""SDL OR 7.05% 2035""",NSE,EQ
7791105,706RJ35-SG,"""SDL RJ 7.06% 2035""",NSE,EQ
7791361,71SK35-SG,"""SDL SK 7.1% 2035""",NSE,EQ
7791617,701TN35-SG,"""SDL TN 7.01% 2035""",NSE,EQ
7791873,708AP37-SG,"""SDL AP 7.08% 2037""",NSE,EQ
7792129,704HR37-SG,"""SDL HR 7.04% 2037""",NSE,EQ
7792385,705RJ37-SG,"""SDL RJ 7.05% 2037""",NSE,EQ
7792641,708HR39-SG,"""SDL HR 7.08% 2039""",NSE,EQ
7792897,709HR40-SG,"""SDL HR 7.09% 2040""",NSE,EQ
7793153,71HP40-SG,"""SDL HP 7.1% 2040""",NSE,EQ
7793409,708KL40-SG,"""SDL KL 7.08% 2040""",NSE,EQ
7793665,712MN40-SG,"""SDL MN 7.12% 2040""",NSE,EQ
7793921,71KL43-SG,"""SDL KL 7.1% 2043""",NSE,EQ
7794177,71RJ43-SG,"""SDL RJ 7.1% 2043""",NSE,EQ
7794433,71AS45-SG,"""SDL AS 7.1% 2045""",NSE,EQ
7794689,71PN45-SG,"""SDL PN 7.1% 2045""",NSE,EQ
7794945,71WB45-SG,"""SDL WB 7.1% 2045""",NSE,EQ
7795201,71WB46-SG,"""SDL WB 7.1% 2046""",NSE,EQ
7795457,71WB47-SG,"""SDL WB 7.1% 2047""",NSE,EQ
7795713,707TS52-SG,"""SDL TS 7.07% 2052""",NSE,EQ
7795969,707TS55-SG,"""SDL TS 7.07% 2055""",NSE,EQ
7796225,706KL55-SG,"""SDL KL 7.06% 2055""",NSE,EQ
7796481,SPECTRUM,"""SPECTRUM ELECTRIC IND""",NSE,EQ
7797761,RAPIDFLEET-SM,"""RAPID FLEET MGT SERVICE L""",NSE,EQ
7798785,ACTIVEINFR-SM,"""ACTIVE INFRASTRUCTURES L""",NSE,EQ
7800065,MID150,"""KOTAKMAMC - MID150""",NSE,EQ
7800833,AONELIQUID,"""AONEAMC - AONELIQUID""",NSE,EQ
7802625,774IREDA35-N0,,NSE,EQ
7804673,717IRFC35-N0,,NSE,EQ
7805185,712EXIM30-N0,,NSE,EQ
7805697,FELDVR-BZ,"""FUTURE ENTERPRISES""",NSE,EQ
7805953,819CIFL27-N0,,NSE,EQ
7806465,910TIAPL26-N0,,NSE,EQ
7806977,805TFSIL28-N0,,NSE,EQ
7822849,MHLSRG-SF,,NSE,EQ
7823361,MHLSRD-SF,,NSE,EQ
7823873,MHLSRDR-SF,,NSE,EQ
7824385,MHLSDG-SF,,NSE,EQ
7824897,MHLSDD-SF,,NSE,EQ
7825409,MHLSDDR-SF,,NSE,EQ
7893761,PILITA,"""PIL ITALICA LIFESTYLE""",NSE,EQ
7931905,846REC28-N6,,NSE,EQ
7932417,837REC33-N7,,NSE,EQ
7933441,871REC28-N9,,NSE,EQ
7933953,862REC33-NA,,NSE,EQ
7940353,THOMASCOTT,"""THOMAS SCOTT (INDIA)""",NSE,EQ
7946241,830NHAI27-N2,,NSE,EQ
7963393,DBSTOCKBRO,"""DB (INT) STOCK BROKERS""",NSE,EQ
7968769,810IRFC27-N2,,NSE,EQ
7971329,COMPUSOFT,"""COMPUCOM SOFTWARE""",NSE,EQ
7977729,RHIM,"""RHI MAGNESITA INDIA""",NSE,EQ
7982337,MCX,"""MULTI COMMODITY EXCHANGE""",NSE,EQ
7995905,SCHNEIDER,"""SCHNEIDER ELECTRIC INFRA""",NSE,EQ
7997441,82HUDCO27-N2,,NSE,EQ
8002049,NDL,"""NANDAN DENIM""",NSE,EQ
8041729,MTEDUCARE-BE,"""MT EDUCARE""",NSE,EQ
8042241,NBCC,"""NBCC (INDIA)""",NSE,EQ
8055809,LYPSAGEMS,"""LYPSA GEMS & JEWEL""",NSE,EQ
8057601,ORBTEXP,"""ORBIT EXPORTS""",NSE,EQ
8059649,854NHPC28-N2,,NSE,EQ
8059905,867NHPC33-N3,,NSE,EQ
8060417,879NHPC28-N5,,NSE,EQ
8060673,892NHPC33-N6,,NSE,EQ
8065793,JPOLYINVST,"""JIND POL INV & FIN CO""",NSE,EQ
8130561,848NTPC28-N2,,NSE,EQ
8131073,866NTPC33-N3,,NSE,EQ
8132097,873NTPC28-N5,,NSE,EQ
8132609,891NTPC33-N6,,NSE,EQ
8150273,SREEL,"""SREELEATHERS""",NSE,EQ
8183297,863NHB29-N2,,NSE,EQ
8183553,863NHB34-N3,,NSE,EQ
8184065,888NHB29-N5,,NSE,EQ
8184321,901NHB34-N6,,NSE,EQ
193498625,681HR39-SG,"""SDL HR 6.81% 2039""",NSE,EQ
193498881,683JK42-SG,"""SDL JK 6.83% 2042""",NSE,EQ
193499137,687TS47-SG,"""SDL TS 6.87% 2047""",NSE,EQ
193499393,687TS55-SG,"""SDL TS 6.87% 2055""",NSE,EQ
193500161,364D100426-TB,"""GOI TBILL 364D-10/04/26""",NSE,EQ
193502977,771NIIF35-N0,,NSE,EQ
193503489,704NBFID35-N0,,NSE,EQ
193504001,995ISF28A-N0,,NSE,EQ
193505025,875CIFL32-N0,,NSE,EQ
193505537,EVIETF,"""ICICIPRAMC - EVIETF""",NSE,EQ
193516545,MARSHALL-BZ,"""MARSHALL MACHINES""",NSE,EQ
193516801,684TS56-SG,"""SDL TS 6.84% 2056""",NSE,EQ
193517057,671TN35-SG,"""SDL TN 6.71% 2035""",NSE,EQ
193517825,364D160426-TB,"""GOI TBILL 364D-16/04/26""",NSE,EQ
193518081,850TIAPL28-N0,,NSE,EQ
193520641,78ABCL33-N1,,NSE,EQ
193520897,8ABCL26-N2,,NSE,EQ
193521153,ABCL26-N3,,NSE,EQ
193521409,81ABCL33-N4,,NSE,EQ
193521665,805ABCL28-N5,,NSE,EQ
193521921,ABCL28-N6,,NSE,EQ
193522177,791ABCL34-N7,,NSE,EQ
193522433,79413ABC28-N8,,NSE,EQ
193522689,797ABCL28-N9,,NSE,EQ
193522945,79ABCL28-NA,,NSE,EQ
193523201,8016ABCL29-NB,,NSE,EQ
193523457,801ABCL28-NC,,NSE,EQ
193523713,80208ABC30-ND,,NSE,EQ
193523969,8034ABCL34-NE,,NSE,EQ
193524225,803ABCL33-NF,,NSE,EQ
193524481,812ABCL28-NG,,NSE,EQ
193524737,816ABCL29-NH,,NSE,EQ
193524993,81ABCL29-NI,,NSE,EQ
193525249,830ABCL26-NJ,,NSE,EQ
193525505,831ABCL34-NK,,NSE,EQ
193525761,833ABCL27-NL,,NSE,EQ
193526017,ABCRESET27-NM,,NSE,EQ
193531905,852MFL28-N0,,NSE,EQ
193532417,852MFL28A-N0,,NSE,EQ
193532929,703NBFID30-N0,,NSE,EQ
193533441,762TCL30-N0,,NSE,EQ
193534977,10UCL26-ND,,NSE,EQ
193535489,1039UCL26-NE,,NSE,EQ
193536001,1015UCL27-NF,,NSE,EQ
193536513,1025UCL27A-NG,,NSE,EQ
193537025,1050UCL28-NH,,NSE,EQ
193537537,727SHFL27-N0,,NSE,EQ
193538049,735SFL27-N0,,NSE,EQ
193539585,690GS2065-GS,"""GOI LOAN  6.90% 2065""",NSE,EQ
193539841,CIFL,"""CAPITAL INDIA FINANCE""",NSE,EQ
193541121,TINNARUBR,"""TINNA RUBBER AND INFR""",NSE,EQ
193542401,759LTFL28-N0,,NSE,EQ
193542913,815ANN30-N0,,NSE,EQ
193543425,815ANN32-N0,,NSE,EQ
193543937,815ANN31-N0,,NSE,EQ
193544449,815ANN29-N0,,NSE,EQ
193544961,18PVL29-N0,,NSE,EQ
193545473,18PVL29A-N0,,NSE,EQ
193545729,WAAREERTL,"""WAAREE RENEWABLE TECH""",NSE,EQ
193547009,78618ABH28-N0,,NSE,EQ
193551617,675AS40-SG,"""SDL AS 6.75% 2040""",NSE,EQ
193551873,676MH37-SG,"""SDL MH 6.76% 2037""",NSE,EQ
193552129,672MH38-SG,"""SDL MH 6.72% 2038""",NSE,EQ
193552385,675MH39-SG,"""SDL MH 6.75% 2039""",NSE,EQ
193552641,672MH40-SG,"""SDL MH 6.72% 2040""",NSE,EQ
193553409,364D240426-TB,"""GOI TBILL 364D-24/04/26""",NSE,EQ
193553665,950ISF27A-N0,,NSE,EQ
193554177,803ABHFL35-N0,,NSE,EQ
193558017,GROWWMOM50,"""GROWWAMC - GROWWMOM50""",NSE,EQ
193559297,67RJ35-SG,"""SDL RJ 6.7% 2035""",NSE,EQ
193559553,674UK35-SG,"""SDL UK 6.74% 2035""",NSE,EQ
193559809,677MH37-SG,"""SDL MH 6.77% 2037""",NSE,EQ
193560065,675HR38-SG,"""SDL HR 6.75% 2038""",NSE,EQ
193560321,677MH38-SG,"""SDL MH 6.77% 2038""",NSE,EQ
193560577,678MH39-SG,"""SDL MH 6.78% 2039""",NSE,EQ
193560833,675MH40-SG,"""SDL MH 6.75% 2040""",NSE,EQ
193561089,675TR40-SG,"""SDL TR 6.75% 2040""",NSE,EQ
193561345,677PN43-SG,"""SDL PN 6.77% 2043""",NSE,EQ
193561601,665HP32-SG,"""SDL HP 6.65% 2032""",NSE,EQ
193561857,667UP32-SG,"""SDL UP 6.67% 2032""",NSE,EQ
193562113,679HP34-SG,"""SDL HP 6.79% 2034""",NSE,EQ
193562369,678KL46-SG,"""SDL KL 6.78% 2046""",NSE,EQ
193562625,678RJ47-SG,"""SDL RJ 6.78% 2047""",NSE,EQ
193562881,679TS52-SG,"""SDL TS 6.79% 2052""",NSE,EQ
193571073,850TIAP28A-N0,,NSE,EQ
193571585,9IIFL26-NV,,NSE,EQ
193571841,IIFL210425-NW,,NSE,EQ
193572097,930IIFL27-NX,,NSE,EQ
193572353,IIFL21425-NY,,NSE,EQ
193572609,935IIFL28-NZ,,NSE,EQ
193572865,975IIFL28-Y0,,NSE,EQ
193573121,IIFL21425A-Y1,,NSE,EQ
193573377,KTL-SZ,"""KALAHRIDHAAN TRENDZ""",NSE,EQ
193574145,364D020426-TB,"""GOI TBILL 364D-02/04/26""",NSE,EQ
193574401,SILVER360,"""360ONEAMC - SILVER360""",NSE,EQ
193575169,960IIFL30-Y2,,NSE,EQ
193575425,1025IIFL30-Y3,,NSE,EQ
193577217,890ALSL27-N0,,NSE,EQ
193577729,865HHFL30-N0,,NSE,EQ
193578241,850HHFL27-N0,,NSE,EQ
193578753,995ISF28-N0,,NSE,EQ
193579265,715NBFID35-N0,,NSE,EQ
193579777,770SHFL27-N0,,NSE,EQ
193580289,9TIAPL28-N0,,NSE,EQ
193581825,765TML28-N0,,NSE,EQ
193618945,NPST,"""NETWORK PEOPLE SRV TECH L""",NSE,EQ
193620225,815GHFL35-N0,,NSE,EQ
193620737,678IRFC30-N0,,NSE,EQ
193621249,995CCSP27-N0,,NSE,EQ
193622529,TANKUP-ST,"""TANKUP ENGINEERS""",NSE,EQ
193638913,ATCENERGY-SM,"""ATC ENERGIES SYSTEM""",NSE,EQ
193640705,SHRIAHIMSA-ST,"""SHRI AHIMSA NATURALS""",NSE,EQ
193716481,673HPCL30-N0,,NSE,EQ
193716993,707LICH30-N0,,NSE,EQ
193717505,679TN55-SG,"""SDL TN 6.79% 2055""",NSE,EQ
193717761,679TS56-SG,"""SDL TS 6.79% 2056""",NSE,EQ
193718529,364D010526-TB,"""GOI TBILL 364D-01/05/26""",NSE,EQ
193718785,820MFL30-N0,,NSE,EQ
193719297,832HHFL27A-N0,,NSE,EQ
193719809,832HHFL27-N0,,NSE,EQ
193720321,686REC35-N0,,NSE,EQ
193720833,687REC30-N0,,NSE,EQ
193721345,726IRMT45-N0,,NSE,EQ
193725697,702RECL40-N0,,NSE,EQ
193726209,694PGCIL35-N0,,NSE,EQ
193731841,664PFCL30-N0,,NSE,EQ
193732353,661PFCL28-N0,,NSE,EQ
193732865,73064ABH28-N0,,NSE,EQ
193736193,KRISHIVAL,"""KRISHIVAL FOODS""",NSE,EQ
193737473,642TN31-SG,"""SDL TN 6.42% 2031""",NSE,EQ
193737729,668RJ35-SG,"""SDL RJ 6.68% 2035""",NSE,EQ
193737985,711WB47-SG,"""SDL WB 7.11% 2047""",NSE,EQ
193738241,709TS58-SG,"""SDL TS 7.09% 2058""",NSE,EQ
193738497,709TS59-SG,"""SDL TS 7.09% 2059""",NSE,EQ
193738753,709TS60-SG,"""SDL TS 7.09% 2060""",NSE,EQ
193739009,709TS61-SG,"""SDL TS 7.09% 2061""",NSE,EQ
193740801,182D181225-TB,"""GOI TBILL 182D-18/12/25""",NSE,EQ
193741057,364D180626-TB,"""GOI TBILL 364D-18/06/26""",NSE,EQ
193741313,OSWALPUMPS,"""OSWAL PUMPS""",NSE,EQ
193742593,642JK31-SG,"""SDL JK 6.42% 2031""",NSE,EQ
193742849,651UP32-SG,"""SDL UP 6.51% 2032""",NSE,EQ
193743105,663AS35-SG,"""SDL AS 6.63% 2035""",NSE,EQ
193743361,665GA35-SG,"""SDL GA 6.65% 2035""",NSE,EQ
193743617,664GJ36-SG,"""SDL GJ 6.64% 2036""",NSE,EQ
193743873,665GJ37-SG,"""SDL GJ 6.65% 2037""",NSE,EQ
193744129,67HR39-SG,"""SDL HR 6.7% 2039""",NSE,EQ
193744385,672TR40-SG,"""SDL TR 6.72% 2040""",NSE,EQ
193744641,684KL47-SG,"""SDL KL 6.84% 2047""",NSE,EQ
193744897,685RJ47-SG,"""SDL RJ 6.85% 2047""",NSE,EQ
193745153,685RJ51-SG,"""SDL RJ 6.85% 2051""",NSE,EQ
193745921,364D210526-TB,"""GOI TBILL 364D-21/05/26""",NSE,EQ
193746177,753PHFL30-N0,,NSE,EQ
193746689,7123TCHF27-N0,,NSE,EQ
193747201,717TCHFL30-N0,,NSE,EQ
193747713,GROWWSLVR,"""GROWWAMC - GROWWSLVR""",NSE,EQ
193750529,930PFL27A-N0,,NSE,EQ
193751809,ABLBL,"""ADITYA BIRLA LIFES BRAN L""",NSE,EQ
193753857,SAMAY-ST,"""SAMAY PROJECT SERVICES L""",NSE,EQ
193754113,690LICH27-N0,,NSE,EQ
193754369,654TN31-SG,"""SDL TN 6.54% 2031""",NSE,EQ
193754625,667AP32-SG,"""SDL AP 6.67% 2032""",NSE,EQ
193754881,661GJ32-SG,"""SDL GJ 6.61% 2032""",NSE,EQ
193755137,668GJ33-SG,"""SDL GJ 6.68% 2033""",NSE,EQ
193755393,683AP34-SG,"""SDL AP 6.83% 2034""",NSE,EQ
193755649,671AP35-SG,"""SDL AP 6.71% 2035""",NSE,EQ
193755905,674AP37-SG,"""SDL AP 6.74% 2037""",NSE,EQ
193756161,679PN45-SG,"""SDL PN 6.79% 2045""",NSE,EQ
193756417,679TS53-SG,"""SDL TS 6.79% 2053""",NSE,EQ
193756673,68TS57-SG,"""SDL TS 6.8% 2057""",NSE,EQ
193756929,679AP36-SG,"""SDL AP 6.79% 2036""",NSE,EQ
193757185,677MP37-SG,"""SDL MP 6.77% 2037""",NSE,EQ
193757441,677MP39-SG,"""SDL MP 6.77% 2039""",NSE,EQ
193757697,678KL40-SG,"""SDL KL 6.78% 2040""",NSE,EQ
193757953,679AS45-SG,"""SDL AS 6.79% 2045""",NSE,EQ
193758721,364D070526-TB,"""GOI TBILL 364D-07/05/26""",NSE,EQ
193758977,ENRIN,"""SIEMENS ENERGY INDIA""",NSE,EQ
193759745,754GIL29-N0,,NSE,EQ
193760257,759GIL30-N0,,NSE,EQ
193760769,7IREDAL30-N0,,NSE,EQ
193761281,731SDIL40-N0,,NSE,EQ
193761793,803ABCL35-N0,,NSE,EQ
193762305,686NHPCL40-N0,,NSE,EQ
193762817,686NHPCL34-N0,,NSE,EQ
193763329,686NHPCL35-N0,,NSE,EQ
193763841,633GS2035-GS,"""GOI LOAN  6.33% 2035""",NSE,EQ
193765377,ARUNAYA-SM,"""ARUNAYA ORGANICS""",NSE,EQ
193766401,MON50EQUAL,"""MOTILALAMC - MON50EQUAL""",NSE,EQ
193767169,686NHPCL36-N0,,NSE,EQ
193767681,686NHPCL37-N0,,NSE,EQ
193767937,679AP34A-SG,"""SDL AP 6.79% 2034""",NSE,EQ
193768193,688ML35-SG,"""SDL ML 6.88% 2035""",NSE,EQ
193768449,676JK31-SG,"""SDL JK 6.76% 2031""",NSE,EQ
193768705,678AP33-SG,"""SDL AP 6.78% 2033""",NSE,EQ
193768961,684HP35-SG,"""SDL HP 6.84% 2035""",NSE,EQ
193769217,684AP37-SG,"""SDL AP 6.84% 2037""",NSE,EQ
193769473,688AP40-SG,"""SDL AP 6.88% 2040""",NSE,EQ
193769729,685AP41-SG,"""SDL AP 6.85% 2041""",NSE,EQ
193769985,688PN45-SG,"""SDL PN 6.88% 2045""",NSE,EQ
193770241,688PN46-SG,"""SDL PN 6.88% 2046""",NSE,EQ
193770497,12VCCL29B-N0,,NSE,EQ
193771265,686NHPCL38-N0,,NSE,EQ
193771777,686NHPCL39-N0,,NSE,EQ
193772289,686NHPCL33-N0,,NSE,EQ
193772801,PRIMO,"""PRIMO CHEMICALS""",NSE,EQ
193774081,769TFSIL28-N0,,NSE,EQ
193774593,686NHPCL32-N0,,NSE,EQ
193775105,686NHPCL31-N0,,NSE,EQ
193776129,689NTPC35-N0,,NSE,EQ
193776385,SOLARAPP1-E1,"""SOLARA RS. 7 PPD UP""",NSE,EQ
193778433,665IRFC30-N0,,NSE,EQ
193779201,AAFS29A-N0,,NSE,EQ
193779713,925PFL30-N0,,NSE,EQ
193780225,915PFL27-N0,,NSE,EQ
193780737,91PFL27-N0,,NSE,EQ
193781249,MONOLITH-SM,"""MONOLITHISCH INDIA""",NSE,EQ
193782529,PATILAUTOM-SM,"""PATIL AUTOMATION""",NSE,EQ
193789953,755TPREL40-N0,,NSE,EQ
193790465,727TCHFL28-N0,,NSE,EQ
193790977,680NHB32-N0,,NSE,EQ
193795585,THELEELA,"""LEELA PALACES HOTEL""",NSE,EQ
193796609,622AS30-SG,"""SDL AS 6.22% 2030""",NSE,EQ
193796865,651GJ33-SG,"""SDL GJ 6.51% 2033""",NSE,EQ
193797121,660TN35-SG,"""SDL TN 6.60% 2035""",NSE,EQ
193797377,ACCPL-SM,"""ACCRETION PHARMA""",NSE,EQ
193799425,740SIHF28-N0,,NSE,EQ
193799937,MOINFRA,"""MOTILALAMC - MOINFRA""",NSE,EQ
193800705,664HR36-SG,"""SDL HR 6.64% 2036""",NSE,EQ
193800961,668HR38-SG,"""SDL HR 6.68% 2038""",NSE,EQ
193801217,671MN40-SG,"""SDL MN 6.71% 2040""",NSE,EQ
193801473,684JK42-SG,"""SDL JK 6.84% 2042""",NSE,EQ
193801729,689PN46-SG,"""SDL PN 6.89% 2046""",NSE,EQ
193801985,689RJ48-SG,"""SDL RJ 6.89% 2048""",NSE,EQ
193802241,689KL51-SG,"""SDL KL 6.89% 2051""",NSE,EQ
193802497,686RJ52-SG,"""SDL RJ 6.86% 2052""",NSE,EQ
193803009,182D271125-TB,"""GOI TBILL 182D-27/11/25""",NSE,EQ
193803265,364D280526-TB,"""GOI TBILL 364D-28/05/26""",NSE,EQ
193803521,72092LTF27-N0,,NSE,EQ
193804033,715SHFL30-N0,,NSE,EQ
193804545,RAJOOENG,"""RAJOO ENGINEERS""",NSE,EQ
193806849,708IIFCL35-N0,,NSE,EQ
193807361,VGINFOTECH-SM,"""VIRTUAL GALAXY INFOTECH L""",NSE,EQ
193816577,AONENIFTY,"""AONEAMC - AONENIFTY""",NSE,EQ
193817345,MOMGF,"""MOTILALAMC - MOMGF""",NSE,EQ
193818113,BELRISE,"""BELRISE INDUSTRIES""",NSE,EQ
193819393,DCCL-SM,"""DAR CREDIT & CAPITAL""",NSE,EQ
193819905,669GJ34-SG,"""SDL GJ 6.69% 2034""",NSE,EQ
193820161,669GJ35-SG,"""SDL GJ 6.69% 2035""",NSE,EQ
193820417,671TN35A-SG,"""SDL TN 6.71% 2035""",NSE,EQ
193820673,677HR39-SG,"""SDL HR 6.77% 2039""",NSE,EQ
193820929,677AS40-SG,"""SDL AS 6.77% 2040""",NSE,EQ
193821185,677TN40-SG,"""SDL TN 6.77% 2040""",NSE,EQ
193821441,683MN40-SG,"""SDL MN 6.83% 2040""",NSE,EQ
193821697,688PN45A-SG,"""SDL PN 6.88% 2045""",NSE,EQ
193821953,686TS46-SG,"""SDL TS 6.86% 2046""",NSE,EQ
193822209,686TS47-SG,"""SDL TS 6.86% 2047""",NSE,EQ
193822465,685TS50-SG,"""SDL TS 6.85% 2050""",NSE,EQ
193823233,364D140526-TB,"""GOI TBILL 364D-14/05/26""",NSE,EQ
193823489,708TML28-N0,,NSE,EQ
193824001,708TML28A-N0,,NSE,EQ
193825025,990CCSP27-N0,,NSE,EQ
193827841,AAFS29-N0,,NSE,EQ
193828353,EQUAL50,"""MIRAEAMC - EQUAL50""",NSE,EQ
193829377,747ABCL29-N0,,NSE,EQ
193829889,738ABCL28-N0,,NSE,EQ
193834753,MONEXT50,"""MOTILALAMC - MONEXT50""",NSE,EQ
193835521,930APMD32-N0,,NSE,EQ
193836033,930APMD33-N0,,NSE,EQ
193836545,930APMD34-N0,,NSE,EQ
193837057,930APMD35-N0,,NSE,EQ
193837569,930APMD27-N0,,NSE,EQ
193838081,930APMD28-N0,,NSE,EQ
193838593,930APMD29-N0,,NSE,EQ
193839105,930APMD30-N0,,NSE,EQ
193839617,930APMD31-N0,,NSE,EQ
193878017,AEGISVOPAK,"""AEGIS VOPAK TERMINALS""",NSE,EQ
193879297,699SFL27-N0,,NSE,EQ
193879809,738CIFL27-N0,,NSE,EQ
193880321,708JCL28-N0,,NSE,EQ
193885441,760GFL30-N0,,NSE,EQ
193889793,664ML35-SG,"""SDL ML 6.64% 2035""",NSE,EQ
193890049,664RJ35-SG,"""SDL RJ 6.64% 2035""",NSE,EQ
193890305,682AP36-SG,"""SDL AP 6.82% 2036""",NSE,EQ
193890561,678AP37-SG,"""SDL AP 6.78% 2037""",NSE,EQ
193890817,677KL37-SG,"""SDL KL 6.77% 2037""",NSE,EQ
193891073,684AP38-SG,"""SDL AP 6.84% 2038""",NSE,EQ
193891329,684AP39-SG,"""SDL AP 6.84% 2039""",NSE,EQ
193891585,688MP41-SG,"""SDL MP 6.88% 2041""",NSE,EQ
193891841,692MP43-SG,"""SDL MP 6.92% 2043""",NSE,EQ
193892097,692TS44-SG,"""SDL TS 6.92% 2044""",NSE,EQ
193892353,692TS45-SG,"""SDL TS 6.92% 2045""",NSE,EQ
193892609,692HP45-SG,"""SDL HP 6.92% 2045""",NSE,EQ
193892865,692TN45-SG,"""SDL TN 6.92% 2045""",NSE,EQ
193893121,692WB45-SG,"""SDL WB 6.92% 2045""",NSE,EQ
193893377,694TN55-SG,"""SDL TN 6.94% 2055""",NSE,EQ
193893633,694KL62-SG,"""SDL KL 6.94% 2062""",NSE,EQ
193893889,640TN32-SG,"""SDL TN 6.40% 2032""",NSE,EQ
193894145,661AP34-SG,"""SDL AP 6.61% 2034""",NSE,EQ
193894401,663GA35-SG,"""SDL GA 6.63% 2035""",NSE,EQ
193894913,182D041225-TB,"""GOI TBILL 182D-04/12/25""",NSE,EQ
193895169,364D040626-TB,"""GOI TBILL 364D-04/06/26""",NSE,EQ
193895425,857CIFL32-N0,,NSE,EQ
193895937,LLOYDSENPP-E1,"""LLOYD RS.0.50 PPD UP""",NSE,EQ
193897473,SACHEEROME-ST,"""SACHEEROME""",NSE,EQ
193897729,1025VCCL28-N0,,NSE,EQ
193898241,72959ABC28-N0,,NSE,EQ
193898753,74242ABC30-N0,,NSE,EQ
193899265,875SCL27A-N1,,NSE,EQ
193900801,60TN28-SG,"""SDL TN 6.0% 2028""",NSE,EQ
193901057,642JK31A-SG,"""SDL JK 6.42% 2031""",NSE,EQ
193901313,665AP33-SG,"""SDL AP 6.65% 2033""",NSE,EQ
193901569,665AP34-SG,"""SDL AP 6.65% 2034""",NSE,EQ
193901825,668AP35B-SG,"""SDL AP 6.68% 2035""",NSE,EQ
193902081,666TN35-SG,"""SDL TN 6.66% 2035""",NSE,EQ
193902337,MOPSE,"""MOTILALAMC - MOPSE""",NSE,EQ
193903105,705AP39-SG,"""SDL AP 7.05% 2039""",NSE,EQ
193903361,703HR39-SG,"""SDL HR 7.03% 2039""",NSE,EQ
193903617,708MZ39-SG,"""SDL MZ 7.08% 2039""",NSE,EQ
193903873,708AP40A-SG,"""SDL AP 7.08% 2040""",NSE,EQ
193904129,709PY40-SG,"""SDL PY 7.09% 2040""",NSE,EQ
193904385,713PN50-SG,"""SDL PN 7.13% 2050""",NSE,EQ
193904641,71TS55-SG,"""SDL TS 7.1% 2055""",NSE,EQ
193904897,708TS56-SG,"""SDL TS 7.08% 2056""",NSE,EQ
193905153,708TS57-SG,"""SDL TS 7.08% 2057""",NSE,EQ
193905409,MOTOUR,"""MOTILALAMC - MOTOUR""",NSE,EQ
193906433,182D111225-TB,"""GOI TBILL 182D-11/12/25""",NSE,EQ
193906689,364D110626-TB,"""GOI TBILL 364D-11/06/26""",NSE,EQ
193906945,627PFCL27-N0,,NSE,EQ
193907457,659PFCL30-N0,,NSE,EQ
193907969,778ABSL35-N0,,NSE,EQ
193908481,SNXT30BEES,"""NIPPONAMC - SNXT30BEES""",NSE,EQ
193909249,9SCL27-N2,,NSE,EQ
193909505,842SCL27-N3,,NSE,EQ
193909761,865SCL27-N4,,NSE,EQ
193910017,SCL1825-N5,,NSE,EQ
193910273,SCL01825-N6,,NSE,EQ
193910529,9SCL28-N7,,NSE,EQ
193910785,925SCL2028-N8,,NSE,EQ
193911041,865SCL28-N9,,NSE,EQ
193911297,888SCL28-NA,,NSE,EQ
193911553,SCL010825-NB,,NSE,EQ
193911809,SCL0182025-NC,,NSE,EQ
193912065,965SCL30-ND,,NSE,EQ
193912321,902SCL30-NE,,NSE,EQ
193912577,925SCL30-NF,,NSE,EQ
193912833,902SCL2030-NG,,NSE,EQ
193913089,925SCL30A-NH,,NSE,EQ
193913345,960SCL32-NI,,NSE,EQ
193913601,985SCL32-NJ,,NSE,EQ
193913857,920SCL32-NK,,NSE,EQ
193914113,945SCL32-NL,,NSE,EQ
193914369,SCODATUBES,"""SCODA TUBES""",NSE,EQ
193915649,667NBFID30-N0,,NSE,EQ
193916161,842HFL27-N0,,NSE,EQ
193916673,910HFL35-N0,,NSE,EQ
193917953,NRVANDANA-ST,"""N R VANDANA TEX IND""",NSE,EQ
193918209,NEPTUNE-SM,"""NEPTUNE PETROCHEMICALS L""",NSE,EQ
193919233,995SCL2035-NM,,NSE,EQ
193919489,930SCL35-NN,,NSE,EQ
193919745,955SCL35-NO,,NSE,EQ
193923073,SAHAJ-SZ,"""SAHAJ FASHIONS""",NSE,EQ
193923329,805MFL27-N0,,NSE,EQ
193923841,DIGITIDE,"""DIGITIDE SOLUTIONS""",NSE,EQ
193925121,BLUSPRING,"""BLUSPRING ENTERPRISES""",NSE,EQ
193926401,GANGABATH-SM,"""GANGA BATH FITTINGS""",NSE,EQ
193927425,ABHF26625-N0,,NSE,EQ
193927937,730SICC28-N0,,NSE,EQ
193931521,TRAVELFOOD,"""TRAVEL FOOD SERVICES""",NSE,EQ
193931777,682TN36-SG,"""SDL TN 6.82% 2036""",NSE,EQ
193932033,698MH37-SG,"""SDL MH 6.98% 2037""",NSE,EQ
193932289,703MH38-SG,"""SDL MH 7.03% 2038""",NSE,EQ
193932545,705HR38-SG,"""SDL HR 7.05% 2038""",NSE,EQ
193932801,708MH39-SG,"""SDL MH 7.08% 2039""",NSE,EQ
193933057,704HR40-SG,"""SDL HR 7.04% 2040""",NSE,EQ
193933313,704MH40-SG,"""SDL MH 7.04% 2040""",NSE,EQ
193933569,709RJ43-SG,"""SDL RJ 7.09% 2043""",NSE,EQ
193933825,708JK46A-SG,"""SDL JK 7.08% 2046""",NSE,EQ
193934081,71WB50-SG,"""SDL WB 7.1% 2050""",NSE,EQ
193934337,71WB51-SG,"""SDL WB 7.1% 2051""",NSE,EQ
193934593,709KL52-SG,"""SDL KL 7.09% 2052""",NSE,EQ
193934849,709TN55-SG,"""SDL TN 7.09% 2055""",NSE,EQ
193935105,61GJ28-SG,"""SDL GJ 6.1% 2028""",NSE,EQ
193935361,673RJ35-SG,"""SDL RJ 6.73% 2035""",NSE,EQ
193935617,674UK35A-SG,"""SDL UK 6.74% 2035""",NSE,EQ
193936129,182D251225-TB,"""GOI TBILL 182D-25/12/25""",NSE,EQ
193936385,364D250626-TB,"""GOI TBILL 364D-25/06/26""",NSE,EQ
193936641,717SHFL30-N0,,NSE,EQ
193937153,730NIIF28-N0,,NSE,EQ
193937665,743NIIF30-N0,,NSE,EQ
193938177,925IIFL32-N0,,NSE,EQ
193938689,930IIFL35-N0,,NSE,EQ
193939201,706RECL35-N0,,NSE,EQ
193939713,660RECL27-N0,,NSE,EQ
193940225,AAKAAR-SM,"""AAKAAR MEDICAL TECHNO""",NSE,EQ
193941249,SAFEENTP-SM,"""SAFE ENTER RETAIL FIX""",NSE,EQ
193943041,MAYASHEEL-ST,"""MAYASHEEL VENTURES""",NSE,EQ
193944321,730SICC28A-N0,,NSE,EQ
193946881,INFLUX-ST,"""INFLUX HEALTHTECH""",NSE,EQ
193947137,950SCL30-N0,,NSE,EQ
193947649,975SCL35-N0,,NSE,EQ
193948161,945SCL28-N0,,NSE,EQ
193948673,945SCL29-N0,,NSE,EQ
193949185,ARISINFRA,"""ARISINFRA SOLUTIONS""",NSE,EQ
193950465,SMARTEN-SM,"""SMARTEN POWER SYSTEMS""",NSE,EQ
193952513,688BR35-SG,"""SDL BR 6.88% 2035""",NSE,EQ
193952769,714JK40-SG,"""SDL JK 7.14% 2040""",NSE,EQ
193955585,778AIFL30-N0,,NSE,EQ
193956865,IWARE-ST,"""IWARE SUPPLYCHAIN SER""",NSE,EQ
193957121,ATHERENERG,"""ATHER ENERGY""",NSE,EQ
193958401,714MZ40-SG,"""SDL MZ 7.14% 2040""",NSE,EQ
193958657,712HR41-SG,"""SDL HR 7.12% 2041""",NSE,EQ
193958913,714MP41-SG,"""SDL MP 7.14% 2041""",NSE,EQ
193959169,715MP43A-SG,"""SDL MP 7.15% 2043""",NSE,EQ
193959425,714MH45-SG,"""SDL MH 7.14% 2045""",NSE,EQ
193959681,714MH46-SG,"""SDL MH 7.14% 2046""",NSE,EQ
193959937,713TS55-SG,"""SDL TS 7.13% 2055""",NSE,EQ
193960449,FISCHER,"""FISCHER MEDICAL VENTURE L""",NSE,EQ
193961729,880IIFL26-N0,,NSE,EQ
193962241,WHITEFORCE-SM,"""HAPPY SQUARE OUTSOURC S L""",NSE,EQ
193963265,MOALPHA50,"""MOTILALAMC - MOALPHA50""",NSE,EQ
193964033,182D080126-TB,"""GOI TBILL 182D-08/01/26""",NSE,EQ
193964289,364D090726-TB,"""GOI TBILL 364D-09/07/26""",NSE,EQ
193964545,820KSFP36-N0,,NSE,EQ
193965825,SILKY-SM,"""SILKY OVERSEAS""",NSE,EQ
193966849,PUSHPA-SM,"""PUSHPA JEWELLERS""",NSE,EQ
193967873,CEDAAR-SM,"""CEDAAR TEXTILE""",NSE,EQ
193971713,74342PHF30-N0,,NSE,EQ
193972225,SAVY-SM,"""SAVY INFRA AND LOGI""",NSE,EQ
193973249,950ISF27C-N0,,NSE,EQ
193974017,701BR37-SG,"""SDL BR 7.01% 2037""",NSE,EQ
193974273,71MN40-SG,"""SDL MN 7.1% 2040""",NSE,EQ
193974529,711WB44-SG,"""SDL WB 7.11% 2044""",NSE,EQ
193974785,71KL45-SG,"""SDL KL 7.1% 2045""",NSE,EQ
193975041,707TN55-SG,"""SDL TN 7.07% 2055""",NSE,EQ
193975553,182D220126-TB,"""GOI TBILL 182D-22/01/26""",NSE,EQ
193975809,364D230726-TB,"""GOI TBILL 364D-23/07/26""",NSE,EQ
193976065,115VCCL27-N0,,NSE,EQ
193976577,12VCCL29C-N0,,NSE,EQ
193977089,760ABCL35-N0,,NSE,EQ
193977601,LIQGRWBEES,"""NIPPONAMC - LIQGRWBEES""",NSE,EQ
193978369,614TN28-SG,"""SDL TN 6.14% 2028""",NSE,EQ
193978625,649OR30-SG,"""SDL OR 6.49% 2030""",NSE,EQ
193978881,676AS32-SG,"""SDL AS 6.76% 2032""",NSE,EQ
193979137,670GJ33-SG,"""SDL GJ 6.70% 2033""",NSE,EQ
193979393,680AP35-SG,"""SDL AP 6.80% 2035""",NSE,EQ
193979649,686AS35-SG,"""SDL AS 6.86% 2035""",NSE,EQ
193979905,680RJ35-SG,"""SDL RJ 6.80% 2035""",NSE,EQ
193980161,680TN35-SG,"""SDL TN 6.80% 2035""",NSE,EQ
193980417,700AP37-SG,"""SDL AP 7.00% 2037""",NSE,EQ
193980673,715MH45-SG,"""SDL MH 7.15% 2045""",NSE,EQ
193980929,715MH46-SG,"""SDL MH 7.15% 2046""",NSE,EQ
193981185,715MH47-SG,"""SDL MH 7.15% 2047""",NSE,EQ
193981441,714TS49-SG,"""SDL TS 7.14% 2049""",NSE,EQ
193981697,715HP50-SG,"""SDL HP 7.15% 2050""",NSE,EQ
193981953,715WB52-SG,"""SDL WB 7.15% 2052""",NSE,EQ
193982209,714TS55-SG,"""SDL TS 7.14% 2055""",NSE,EQ
193982465,713KL58-SG,"""SDL KL 7.13% 2058""",NSE,EQ
193982977,182D010126-TB,"""GOI TBILL 182D-01/01/26""",NSE,EQ
193983233,364D020726-TB,"""GOI TBILL 364D-02/07/26""",NSE,EQ
193983489,694RJ35-SG,"""SDL RJ 6.94% 2035""",NSE,EQ
193983745,697UK35-SG,"""SDL UK 6.97% 2035""",NSE,EQ
193984001,706RJ38-SG,"""SDL RJ 7.06% 2038""",NSE,EQ
193984257,706HR39-SG,"""SDL HR 7.06% 2039""",NSE,EQ
193984513,715HR40-SG,"""SDL HR 7.15% 2040""",NSE,EQ
193984769,591GS2028-GS,"""GOI LOAN  5.91% 2028""",NSE,EQ
193985025,PICCADIL,"""PICCADILY AGRO INDUSTRI L""",NSE,EQ
193986305,750TCSL28-N0,,NSE,EQ
193986817,749RCFL28-N0,,NSE,EQ
193987329,SUNTECH-SM,"""SUNTECH INFRA SOLUTIONS L""",NSE,EQ
193988353,SAMBHV,"""SAMBHV STEEL TUBES""",NSE,EQ
193989633,HDBFS,"""HDB FINANCIAL SERVICES L""",NSE,EQ
193990913,RTL-SM,"""RAMA TELECOM""",NSE,EQ
193991937,TOP15IETF,"""ICICIPRAMC - TOP15IETF""",NSE,EQ
193992705,719PN40-SG,"""SDL PN 7.19% 2040""",NSE,EQ
193992961,723MP42-SG,"""SDL MP 7.23% 2042""",NSE,EQ
193994497,MOGOLD,"""MOTILALAMC - MOGOLD""",NSE,EQ
193995265,BRIGHOTEL,"""BRIGADE HOTEL VENTURE""",NSE,EQ
193997057,IGCL,"""INDOGULF CROPSCIENCES""",NSE,EQ
193998337,PROFX-SM,"""PRO FX TECH""",NSE,EQ
193999361,MMEL-SM,"""MOVING MEDIA ENTER""",NSE,EQ
194000385,GROWWNET,"""GROWWAMC - GROWWNET""",NSE,EQ
194001153,MOMIDMTM,"""MOTILALAMC - MOMIDMTM""",NSE,EQ
194003969,712LTFL28-N0,,NSE,EQ
194004481,728HP47-SG,"""SDL HP 7.28% 2047""",NSE,EQ
194004737,716OR50-SG,"""SDL OR 7.16% 2050""",NSE,EQ
194004993,717KL51-SG,"""SDL KL 7.17% 2051""",NSE,EQ
194005249,715RJ53-SG,"""SDL RJ 7.15% 2053""",NSE,EQ
194005505,RMDRIP,"""R M DRIP & SPRINK SYS""",NSE,EQ
194006785,9PFL27-N0,,NSE,EQ
194007297,91PFL30-N0,,NSE,EQ
194007553,745TIL35-N0,,NSE,EQ
194008321,INDIQUBE,"""INDIQUBE SPACES""",NSE,EQ
194008833,668GS2040-GS,"""GOI LOAN  6.68% 2040""",NSE,EQ
194009089,985CCSP27-N0,,NSE,EQ
194009601,CRIZAC,"""CRIZAC""",NSE,EQ
194011649,TSC-SM,"""TSC INDIA""",NSE,EQ
194012673,EBGNG,"""GNG ELECTRONICS""",NSE,EQ
194013441,SPUNWEB-SM,"""SPUNWEB NONWOVEN""",NSE,EQ
194014465,895AEL27-N9,,NSE,EQ
194014721,AEL17725-NA,,NSE,EQ
194014977,885AEL28-NB,,NSE,EQ
194015233,915AEL28-NC,,NSE,EQ
194015489,AEL170725-ND,,NSE,EQ
194015745,9AEL30-NE,,NSE,EQ
194016001,930AEL30-NF,,NSE,EQ
194016257,AEL170725A-NG,,NSE,EQ
194018561,ANTHEM,"""ANTHEM BIOSCIENCES""",NSE,EQ
194019841,975ISF28-N0,,NSE,EQ
194020353,111ESFB31-N0,,NSE,EQ
194021377,715SHFL28-N0,,NSE,EQ
194021889,719JCL28-N0,,NSE,EQ
194022401,718SFL28-N0,,NSE,EQ
194022913,INTEGRITY-SM,"""INTEGRITY INFRABUILD DE L""",NSE,EQ
194024449,182D150126-TB,"""GOI TBILL 182D-15/01/26""",NSE,EQ
194024705,364D160726-TB,"""GOI TBILL 364D-16/07/26""",NSE,EQ
194024961,680GJ34-SG,"""SDL GJ 6.80% 2034""",NSE,EQ
194025217,690BR35-SG,"""SDL BR 6.90% 2035""",NSE,EQ
194025473,689GA35-SG,"""SDL GA 6.89% 2035""",NSE,EQ
194025729,682TN35-SG,"""SDL TN 6.82% 2035""",NSE,EQ
194025985,719PN49-SG,"""SDL PN 7.19% 2049""",NSE,EQ
194026241,681RL36-N0,,NSE,EQ
194026753,652RL28-N0,,NSE,EQ
194027265,BORANA,"""BORANA WEAVES""",NSE,EQ
194028545,709TS63-SG,"""SDL TS 7.09% 2063""",NSE,EQ
194028801,698OR37-SG,"""SDL OR 6.98% 2037""",NSE,EQ
194029057,707WB37-SG,"""SDL WB 7.07% 2037""",NSE,EQ
194029313,718JK45A-SG,"""SDL JK 7.18% 2045""",NSE,EQ
194029569,712MH47-SG,"""SDL MH 7.12% 2047""",NSE,EQ
194029825,715MH49-SG,"""SDL MH 7.15% 2049""",NSE,EQ
194030081,716MH50-SG,"""SDL MH 7.16% 2050""",NSE,EQ
194030337,613OR28-SG,"""SDL OR 6.13% 2028""",NSE,EQ
194030593,686UP33-SG,"""SDL UP 6.86% 2033""",NSE,EQ
194030849,687AP33-SG,"""SDL AP 6.87% 2033""",NSE,EQ
194031105,688AP34A-SG,"""SDL AP 6.88% 2034""",NSE,EQ
194031361,713MH48-SG,"""SDL MH 7.13% 2048""",NSE,EQ
194031617,710TS57-SG,"""SDL TS 7.10% 2057""",NSE,EQ
194031873,709TS60A-SG,"""SDL TS 7.09% 2060""",NSE,EQ
194032129,BELLACASA,"""BELLA CASA FASH AND RET L""",NSE,EQ
194034177,QUALITY30,"""KOTAKMAMC - QUALITY30""",NSE,EQ
194035969,EUROBOND,"""EURO PANEL PRODUCTS""",NSE,EQ
194036481,PASHUPATI,"""PASHUPATI COTSPIN""",NSE,EQ
194039041,SMARTWORKS,"""SMARTWORKS COWORKING SP L""",NSE,EQ
194040321,712LTFL27-N0,,NSE,EQ
194041857,182D290126-TB,"""GOI TBILL 182D-29/01/26""",NSE,EQ
194042113,364D300726-TB,"""GOI TBILL 364D-30/07/26""",NSE,EQ
194042369,75GFL30-N0,,NSE,EQ
194042881,75GFL28-N0,,NSE,EQ
194043393,SELLOWRAP-SM,"""SELLOWRAP INDUSTRIES""",NSE,EQ
194043649,601GS2030-GS,"""GOI LOAN  6.01% 2030""",NSE,EQ
194045185,CHEMBONDCH,"""CHEMBOND CHEMICAL""",NSE,EQ
194046465,628GS2032-GS,"""GOI LOAN  6.28% 2032""",NSE,EQ
194046721,71ABHFL27-N0,,NSE,EQ
194047233,814KSFP36-N0,,NSE,EQ
194048513,SHANTIGOLD,"""SHANTI GOLD INTERNATION L""",NSE,EQ
194049793,768GSGL28-N0,,NSE,EQ
194050305,768GSGL28A-N0,,NSE,EQ
194050817,768GSGL28B-N0,,NSE,EQ
194051329,768GSGL28C-N0,,NSE,EQ
194077441,JSLL,"""JEENA SIKHO LIFECARE""",NSE,EQ
194078977,PERFECT-SZ,"""PERFECT INFRAENGINEER""",NSE,EQ
194079233,724MP45-SG,"""SDL MP 7.24% 2045""",NSE,EQ
194079489,721TS47-SG,"""SDL TS 7.21% 2047""",NSE,EQ
194081025,CUDML-SM,"""CASH UR DRIVE MARKETING L""",NSE,EQ
194082817,GVPTECHPP-E1,"""GVPTECH RE.1 PPD UP""",NSE,EQ
194083585,920SCL28-N0,,NSE,EQ
194084097,758ABHFL35-N0,,NSE,EQ
194084609,712SHFL30-N0,,NSE,EQ
194085121,LOTUSDEV,"""SRI LOTUS DEVLPRS N RTY L""",NSE,EQ
194086401,MBEL,"""M AND B ENGINEERING""",NSE,EQ
194088961,RNPL-ST,"""RENOL POLYCHEM""",NSE,EQ
194089217,714SDIL32-N0,,NSE,EQ
194089729,8IHFL27-N0,,NSE,EQ
194090241,GROWWPOWER,"""GROWWAMC - GROWWPOWER""",NSE,EQ
194090753,658IRFC30-N0,,NSE,EQ
194091265,647IRFC28-N0,,NSE,EQ
194091777,724CANF28-N0,,NSE,EQ
194092289,PROSTARM,"""PROSTARM INFO SYSTEMS""",NSE,EQ
194094337,NIKITA-ST,"""NIKITA GRENTEC RECYCL""",NSE,EQ
194094593,BLUEWATER-SM,"""BLUE WATER LOGISTICS""",NSE,EQ
194095873,722MP48-SG,"""SDL MP 7.22% 2048""",NSE,EQ
194096129,696AP34-SG,"""SDL AP 6.96% 2034""",NSE,EQ
194096385,702AS35-SG,"""SDL AS 7.02% 2035""",NSE,EQ
194096641,722BR40A-SG,"""SDL BR 7.22% 2040""",NSE,EQ
194096897,726MZ40-SG,"""SDL MZ 7.26% 2040""",NSE,EQ
194097153,724KL41-SG,"""SDL KL 7.24% 2041""",NSE,EQ
194097409,722MP43-SG,"""SDL MP 7.22% 2043""",NSE,EQ
194097665,719TS44-SG,"""SDL TS 7.19% 2044""",NSE,EQ
194097921,721TS48-SG,"""SDL TS 7.21% 2048""",NSE,EQ
194098177,719TS49-SG,"""SDL TS 7.19% 2049""",NSE,EQ
194098433,717RJ52-SG,"""SDL RJ 7.17% 2052""",NSE,EQ
194098689,717MH54-SG,"""SDL MH 7.17% 2054""",NSE,EQ
194098945,716MH55-SG,"""SDL MH 7.16% 2055""",NSE,EQ
194099201,627TN29-SG,"""SDL TN 6.27% 2029""",NSE,EQ
194099457,677AP31-SG,"""SDL AP 6.77% 2031""",NSE,EQ
194099713,684JK31A-SG,"""SDL JK 6.84% 2031""",NSE,EQ
194099969,696AP33-SG,"""SDL AP 6.96% 2033""",NSE,EQ
194100225,700ML35-SG,"""SDL ML 7.00% 2035""",NSE,EQ
194100737,182D050226-TB,"""GOI TBILL 182D-05/02/26""",NSE,EQ
194100993,364D060826-TB,"""GOI TBILL 364D-06/08/26""",NSE,EQ
194102017,FLYSBS-ST,"""FLYSBS AVIATION""",NSE,EQ
194102273,799HFL27-N0,,NSE,EQ
194103297,AARADHYA-ST,"""AARADHYA DISPOSAL INDUS L""",NSE,EQ
194104321,PARTH-ST,"""PARTH ELEC & ENG""",NSE,EQ
194104577,JYOTIGLOBL-SM,"""JYOTI GLOBAL PLAST""",NSE,EQ
194105601,BHADORA-SM,"""BHADORA INDUSTRIES""",NSE,EQ
194122241,995ISF35-N0,,NSE,EQ
194122753,725SIHF28-N0,,NSE,EQ
194123265,637RECL27-N0,,NSE,EQ
194123777,670RECL29-N0,,NSE,EQ
194124289,723LTFL28-N0,,NSE,EQ
194124801,GROWWLOVOL,"""GROWWAMC - GROWWLOVOL""",NSE,EQ
194126337,JAINIK-ST,"""JAINIK POWER CABLES""",NSE,EQ
194134017,635LT28-N0,,NSE,EQ
194134529,12VCCL27D-N0,,NSE,EQ
194135041,116VCCL26A-N0,,NSE,EQ
194135553,118VCCL27-N0,,NSE,EQ
194136065,950ISF27B-N0,,NSE,EQ
194136577,EEPL-SM,"""EPPELTONE ENGINEERS""",NSE,EQ
194152449,712GA36-SG,"""SDL GA 7.12% 2036""",NSE,EQ
194152705,735JK40-SG,"""SDL JK 7.35% 2040""",NSE,EQ
194152961,743BR55-SG,"""SDL BR 7.43% 2055""",NSE,EQ
194153217,733TS60-SG,"""SDL TS 7.33% 2060""",NSE,EQ
194153729,182D120226-TB,"""GOI TBILL 182D-12/02/26""",NSE,EQ
194153985,364D130826-TB,"""GOI TBILL 364D-13/08/26""",NSE,EQ
194155521,SSFLPP-E1,"""SPANDANA RS.5 PPD UP""",NSE,EQ
194156289,MEDISTEP-SM,"""MEDISTEP HEALTHCARE""",NSE,EQ
194158081,AMCL-ST,"""ANB METAL CAST""",NSE,EQ
194158337,KRT-RR,"""KNOWLEDGE REALTY TRUST""",NSE,EQ
194160641,640NHPCL27-N0,,NSE,EQ
194161153,AAFS29C-N0,,NSE,EQ
194161665,SAWALIYA-SM,"""SAWALIYA FOOD PRODUCTS L""",NSE,EQ
194162689,ALLTIME,"""ALL TIME PLASTICS""",NSE,EQ
194163969,CONNPLEX-SM,"""CONNPLEX CINEMAS""",NSE,EQ
194164993,MOSILVER,"""MOTILALAMC - MOSILVER""",NSE,EQ
194165761,JSWCEMENT,"""JSW CEMENT""",NSE,EQ
194174465,698PGCIL35-N0,,NSE,EQ
194174977,SBILIQETF,"""SBIAMC - SBILIQETF""",NSE,EQ
194182913,STUDIOLSD-SM,"""STUDIO LSD""",NSE,EQ
194183937,116VCCL27-N0,,NSE,EQ
194184449,118VCCL27A-N0,,NSE,EQ
194189057,RAYMONDREL,"""RAYMOND REALTY""",NSE,EQ
194190337,LTFL28-N0,,NSE,EQ
194190849,KALPATARU,"""KALPATARU""",NSE,EQ
194192129,ELLEN,"""ELLENBARRIE INDUS GASES L""",NSE,EQ
194193409,SHKSIL-SM,"""SHRI HARE-KRI SPO IRON L""",NSE,EQ
194194433,GLOBECIVIL,"""GLOBE CIVIL PROJECTS""",NSE,EQ
194195969,695OR31-SG,"""SDL OR 6.95% 2031""",NSE,EQ
194196225,702GJ33A-SG,"""SDL GJ 7.02% 2033""",NSE,EQ
194196481,748BR39-SG,"""SDL BR 7.48% 2039""",NSE,EQ
194196737,745WB44A-SG,"""SDL WB 7.45% 2044""",NSE,EQ
194196993,744TN55-SG,"""SDL TN 7.44% 2055""",NSE,EQ
194197249,712UP33-SG,"""SDL UP 7.12% 2033""",NSE,EQ
194197505,709TN35A-SG,"""SDL TN 7.09% 2035""",NSE,EQ
194197761,717GA35A-SG,"""SDL GA 7.17% 2035""",NSE,EQ
194198017,749KL56-SG,"""SDL KL 7.49% 2056""",NSE,EQ
194198529,182D190226-TB,"""GOI TBILL 182D-19/02/26""",NSE,EQ
194198785,364D200826-TB,"""GOI TBILL 364D-20/08/26""",NSE,EQ
194199297,ETL-SM,"""EMKAY TOOLS""",NSE,EQ
194200321,INTERNET,"""MIRAEAMC - INTERNET""",NSE,EQ
194201089,TVSINVIT-IV,"""TVS INFRASTRUCTURE TRUST""",NSE,EQ
194203649,AAFS29B-N0,,NSE,EQ
194212353,666NBRD28-N0,,NSE,EQ
194212865,666SIDBI28-N0,,NSE,EQ
194214401,790TIL28-N0,,NSE,EQ
194214913,796TIL29-N0,,NSE,EQ
194215425,803TIL30-N0,,NSE,EQ
194217985,754TS51-SG,"""SDL TS 7.54% 2051""",NSE,EQ
194218241,754RJ53-SG,"""SDL RJ 7.54% 2053""",NSE,EQ
194218497,754TS53-SG,"""SDL TS 7.54% 2053""",NSE,EQ
194218753,MANUFGBEES,"""NIPPONAMC - MANUFGBEES""",NSE,EQ
194219521,ARCIIL-SM,"""ARC INSULATION & INSU""",NSE,EQ
194220545,724GS2055-GS,"""GOI LOAN  7.24% 2055""",NSE,EQ
194220801,EFCIL,"""EFC (I)""",NSE,EQ
194222081,REGAAL,"""REGAAL RESOURCES""",NSE,EQ
194223361,MRIL-SM,"""MAHENDRA REALTO & INFRA L""",NSE,EQ
194224385,773AIFL30-N0,,NSE,EQ
194224897,76377AIF29-N0,,NSE,EQ
194225409,850TIAP28B-N0,,NSE,EQ
194225921,813AIFL32-N0,,NSE,EQ
194226433,GROWWNIFTY,"""GROWWAMC - GROWWNIFTY""",NSE,EQ
194227969,ARFIN-BE,"""ARFIN INDIA""",NSE,EQ
194228481,LTGILTCASE,"""ZERODHAAMC - LTGILTCASE""",NSE,EQ
194229249,975ISF35-N0,,NSE,EQ
194229761,754TS55-SG,"""SDL TS 7.54% 2055""",NSE,EQ
194230017,684TN29-SG,"""SDL TN 6.84% 2029""",NSE,EQ
194230273,70TN31A-SG,"""SDL TN 7.0% 2031""",NSE,EQ
194230529,713AS31-SG,"""SDL AS 7.13% 2031""",NSE,EQ
194230785,725OR33-SG,"""SDL OR 7.25% 2033""",NSE,EQ
194231041,752KL33-SG,"""SDL KL 7.52% 2033""",NSE,EQ
194231297,725GJ34-SG,"""SDL GJ 7.25% 2034""",NSE,EQ
194231553,727HP35-SG,"""SDL HP 7.27% 2035""",NSE,EQ
194231809,749RJ35-SG,"""SDL RJ 7.49% 2035""",NSE,EQ
194232065,74GA37-SG,"""SDL GA 7.4% 2037""",NSE,EQ
194232321,752HR39-SG,"""SDL HR 7.52% 2039""",NSE,EQ
194232577,756HP40-SG,"""SDL HP 7.56% 2040""",NSE,EQ
194232833,782JK42-SG,"""SDL JK 7.82% 2042""",NSE,EQ
194233089,757RJ43-SG,"""SDL RJ 7.57% 2043""",NSE,EQ
194233345,757MP43-SG,"""SDL MP 7.57% 2043""",NSE,EQ
194233601,757MP45-SG,"""SDL MP 7.57% 2045""",NSE,EQ
194233857,777WB46-SG,"""SDL WB 7.77% 2046""",NSE,EQ
194234113,775WB47-SG,"""SDL WB 7.75% 2047""",NSE,EQ
194234369,758KL50-SG,"""SDL KL 7.58% 2050""",NSE,EQ
194234625,91D281125-TB,"""GOI TBILL 91D-28/11/25""",NSE,EQ
194234881,182D270226-TB,"""GOI TBILL 182D-27/02/26""",NSE,EQ
194235137,364D280826-TB,"""GOI TBILL 364D-28/08/26""",NSE,EQ
194235393,1025PATE28-N0,,NSE,EQ
194235905,738TFSIL28-N0,,NSE,EQ
194236417,CLASSICEIL-SM,"""CLASSIC ELECTRODE (IND) L""",NSE,EQ
194238209,ANONDITA-ST,"""ANONDITA MEDICARE""",NSE,EQ
194238465,SHIVASHRIT-SM,"""SHIVASHRIT FOODS""",NSE,EQ
194239489,MEIL,"""MANGAL ELECTRICAL IND L""",NSE,EQ
194256641,72MH36-SG,"""SDL MH 7.2% 2036""",NSE,EQ
194256897,714TN35-SG,"""SDL TN 7.14% 2035""",NSE,EQ
194257153,734CG40-SG,"""SDL CG 7.34% 2040""",NSE,EQ
194257409,715UP35-SG,"""SDL UP 7.15% 2035""",NSE,EQ
194257665,73RJ51-SG,"""SDL RJ 7.3% 2051""",NSE,EQ
194257921,723RJ35-SG,"""SDL RJ 7.23% 2035""",NSE,EQ
194258433,CYBERPP-X1,"""CYBERMEDIA RS.5 PPD UP""",NSE,EQ
194258945,880MOF27-N0,,NSE,EQ
194259457,LLOYDPP-E1,"""LLOYD RE.0.50 PPD UP""",NSE,EQ
194260225,705SFL27-N0,,NSE,EQ
194260737,699TN32-SG,"""SDL TN 6.99% 2032""",NSE,EQ
194260993,729MH50-SG,"""SDL MH 7.29% 2050""",NSE,EQ
194261249,91D230126-TB,"""GOI TBILL 91D-23/01/26""",NSE,EQ
194261505,182D240426-TB,"""GOI TBILL 182D-24/04/26""",NSE,EQ
194261761,364D231026-TB,"""GOI TBILL 364D-23/10/26""",NSE,EQ
194262017,SIMBHALS-BZ,"""SIMBHAOLI SUGARS""",NSE,EQ
194263553,GENSOL-BZ,"""GENSOL ENGINEERING""",NSE,EQ
194263809,674MH29-SG,"""SDL MH 6.74% 2029""",NSE,EQ
194264065,702BR30A-SG,"""SDL BR 7.02% 2030""",NSE,EQ
194264321,718MH33-SG,"""SDL MH 7.18% 2033""",NSE,EQ
194264577,724MH34-SG,"""SDL MH 7.24% 2034""",NSE,EQ
194264833,745BR34-SG,"""SDL BR 7.45% 2034""",NSE,EQ
194265089,752BR36-SG,"""SDL BR 7.52% 2036""",NSE,EQ
194265345,748GA36-SG,"""SDL GA 7.48% 2036""",NSE,EQ
194265601,747HR40-SG,"""SDL HR 7.47% 2040""",NSE,EQ
194265857,751HR41-SG,"""SDL HR 7.51% 2041""",NSE,EQ
194266113,AAFS30-N0,,NSE,EQ
194266369,SGFIN,"""SG FINSERVE""",NSE,EQ
194267649,CPPLUS,"""ADITYA INFOTECH""",NSE,EQ
194268929,LAXMIINDIA,"""LAXMI INDIA FINANCE""",NSE,EQ
194270209,KAYTEX-SM,"""KAYTEX FABRICS""",NSE,EQ
194271233,717SIHF28-N0,,NSE,EQ
194271745,773AIFL26-N0,,NSE,EQ
194272257,773AIFL28-N0,,NSE,EQ
194272769,770AIFL29-N0,,NSE,EQ
194273281,770AIFL26-N0,,NSE,EQ
194274049,748MP42-SG,"""SDL MP 7.48% 2042""",NSE,EQ
194274305,75MP44-SG,"""SDL MP 7.5% 2044""",NSE,EQ
194274561,751JK45-SG,"""SDL JK 7.51% 2045""",NSE,EQ
194274817,91D111225-TB,"""GOI TBILL 91D-11/12/25""",NSE,EQ
194275073,182D120326-TB,"""GOI TBILL 182D-12/03/26""",NSE,EQ
194275329,364D100926-TB,"""GOI TBILL 364D-10/09/26""",NSE,EQ
194275585,SGMART,"""SG MART""",NSE,EQ
194277889,VIGOR-SM,"""VIGOR PLAST INDIA""",NSE,EQ
194278401,OPTIVALUE-SM,"""OPTIVALUE TEK CONSULT""",NSE,EQ
194279425,AONEGOLD,"""AONEAMC - AONEGOLD""",NSE,EQ
194280705,AMANTA,"""AMANTA HEALTHCARE""",NSE,EQ
194283009,774TS55-SG,"""SDL TS 7.74% 2055""",NSE,EQ
194283265,773RJ55-SG,"""SDL RJ 7.73% 2055""",NSE,EQ
194283521,772TS57-SG,"""SDL TS 7.72% 2057""",NSE,EQ
194283777,774KL60-SG,"""SDL KL 7.74% 2060""",NSE,EQ
194284033,772TS63-SG,"""SDL TS 7.72% 2063""",NSE,EQ
194284289,627TN27-SG,"""SDL TN 6.27% 2027""",NSE,EQ
194284545,701GJ31A-SG,"""SDL GJ 7.01% 2031""",NSE,EQ
194284801,724BR31-SG,"""SDL BR 7.24% 2031""",NSE,EQ
194285057,773PN32-SG,"""SDL PN 7.73% 2032""",NSE,EQ
194285313,754BR33-SG,"""SDL BR 7.54% 2033""",NSE,EQ
194285569,748AP33-SG,"""SDL AP 7.48% 2033""",NSE,EQ
194285825,748AP34-SG,"""SDL AP 7.48% 2034""",NSE,EQ
194286081,731TN34-SG,"""SDL TN 7.31% 2034""",NSE,EQ
194286337,763AS35-SG,"""SDL AS 7.63% 2035""",NSE,EQ
194286593,769ML35-SG,"""SDL ML 7.69% 2035""",NSE,EQ
194286849,762AP36-SG,"""SDL AP 7.62% 2036""",NSE,EQ
194287105,772MN37-SG,"""SDL MN 7.72% 2037""",NSE,EQ
194287361,763AP37-SG,"""SDL AP 7.63% 2037""",NSE,EQ
194287617,778KL45-SG,"""SDL KL 7.78% 2045""",NSE,EQ
194287873,774TS51-SG,"""SDL TS 7.74% 2051""",NSE,EQ
194288129,91D041225-TB,"""GOI TBILL 91D-04/12/25""",NSE,EQ
194288385,182D050326-TB,"""GOI TBILL 182D-05/03/26""",NSE,EQ
194288641,364D030926-TB,"""GOI TBILL 364D-03/09/26""",NSE,EQ
194288897,CPEDU,"""CAREER POINT EDUTECH""",NSE,EQ
194290177,SNEHAA-SM,"""SNEHAA ORGANICS""",NSE,EQ
194291201,745SICCL30-N0,,NSE,EQ
194291713,ELM250,"""EDELAMC - ELM250""",NSE,EQ
194292481,SML100CASE,"""ZERODHAAMC - SML100CASE""",NSE,EQ
194293249,STLNETWORK,"""STL NETWORKS""",NSE,EQ
194293761,SATTVAENGG-SM,"""SATTVA ENGINEERING CSTN L""",NSE,EQ
194294785,CURRENT-SM,"""CURRENT INFRAPROJECTS""",NSE,EQ
194296065,AHCL-BE,"""ANLON HEALTHCARE""",NSE,EQ
194297089,VIKRAN,"""VIKRAN ENGINEERING""",NSE,EQ
194299137,RNBDENIMS,"""R&B DENIMS""",NSE,EQ
194300929,GCSL-BE,"""GRETEX CORPORATE SERVICES""",NSE,EQ
194301697,765TPREL40-N0,,NSE,EQ
194302209,ABCL020925-N0,,NSE,EQ
194302721,1075WCAP28-N0,,NSE,EQ
194303233,SUPREMEENG-BZ,"""SUPREME ENGINEERING""",NSE,EQ
194305793,ATLANTAELE,"""ATLANTA ELECTRICALS""",NSE,EQ
194307073,GANESHCP,"""GANESH CONSUMER PRODUCT L""",NSE,EQ
194308353,76RCFL29-N0,,NSE,EQ
194308865,685NBRD29-N0,,NSE,EQ
194309377,673PFCL27-N0,,NSE,EQ
194309889,PRIMECAB-SM,"""PRIME CABLE INDUSTRIES L""",NSE,EQ
194310657,707GJ32A-SG,"""SDL GJ 7.07% 2032""",NSE,EQ
194310913,726TN35-SG,"""SDL TN 7.26% 2035""",NSE,EQ
194311169,732RJ35-SG,"""SDL RJ 7.32% 2035""",NSE,EQ
194311425,727MH36-SG,"""SDL MH 7.27% 2036""",NSE,EQ
194311681,742WB36-SG,"""SDL WB 7.42% 2036""",NSE,EQ
194311937,743MP43-SG,"""SDL MP 7.43% 2043""",NSE,EQ
194312193,745BR45-SG,"""SDL BR 7.45% 2045""",NSE,EQ
194312449,744MP46-SG,"""SDL MP 7.44% 2046""",NSE,EQ
194312705,744TS47-SG,"""SDL TS 7.44% 2047""",NSE,EQ
194312961,744TS48-SG,"""SDL TS 7.44% 2048""",NSE,EQ
194313217,744TS49-SG,"""SDL TS 7.44% 2049""",NSE,EQ
194313473,744KL50-SG,"""SDL KL 7.44% 2050""",NSE,EQ
194313729,745BR50-SG,"""SDL BR 7.45% 2050""",NSE,EQ
194313985,744TS51A-SG,"""SDL TS 7.44% 2051""",NSE,EQ
194314241,91D251225-TB,"""GOI TBILL 91D-25/12/25""",NSE,EQ
194314497,IVALUE,"""IVALUE INFOSOLUTIONS""",NSE,EQ
194315777,182D260326-TB,"""GOI TBILL 182D-26/03/26""",NSE,EQ
194316033,364D240926-TB,"""GOI TBILL 364D-24/09/26""",NSE,EQ
194316289,GKENERGY,"""GK ENERGY""",NSE,EQ
194317569,SIDDHICOTS-SM,"""SIDDHI COTSPIN""",NSE,EQ
194318593,SAATVIKGL,"""SAATVIK GREEN ENERGY""",NSE,EQ
194319873,RHETAN,"""RHETAN TMT""",NSE,EQ
194321153,ABCRESET28-N0,,NSE,EQ
194321665,752ABCL30-N0,,NSE,EQ
194322177,734NRL35-N0,,NSE,EQ
194322689,795AMLIL35-N0,,NSE,EQ
194324225,DEVX,"""DEV ACCELERATOR""",NSE,EQ
194325505,URBANCO,"""URBAN COMPANY""",NSE,EQ
194326785,GML-SM,"""GALAXY MEDICARE""",NSE,EQ
194327809,SHRINGARMS,"""SHRINGAR HOU OF MANGALS L""",NSE,EQ
194329089,12AFIL27A-N0,,NSE,EQ
194329601,965ISF28-N0,,NSE,EQ
194329857,677TCL28-N0,,NSE,EQ
194330369,HILINFRA,"""HIGHWAY INFRASTRUCTURE L""",NSE,EQ
194337281,ABCOTS,"""A B COTSPIN INDIA""",NSE,EQ
194340097,TECHD-ST,"""TECHD CYBERSECURITY""",NSE,EQ
194340865,7425NIIF30-N0,,NSE,EQ
194341377,755TCSL28-N0,,NSE,EQ
194341889,789GIL30-N0,,NSE,EQ
194342401,789GIL31-N0,,NSE,EQ
194342913,VMSTMT,"""VMS TMT""",NSE,EQ
194344705,JAYESH-SM,"""JAYESH LOGISTICS""",NSE,EQ
194346241,677OR29-SG,"""SDL OR 6.77% 2029""",NSE,EQ
194346497,714NL30-SG,"""SDL NL 7.14% 2030""",NSE,EQ
194346753,705TN31-SG,"""SDL TN 7.05% 2031""",NSE,EQ
194347009,709PY31-SG,"""SDL PY 7.09% 2031""",NSE,EQ
194347265,MWL,"""MANGALAM WORLDWIDE""",NSE,EQ
194348545,787LDL29-N0,,NSE,EQ
194349057,TIGERLOGS,"""TIGER LOGISTICS (INDIA) L""",NSE,EQ
194350337,715TN32-SG,"""SDL TN 7.15% 2032""",NSE,EQ
194350593,719TN33-SG,"""SDL TN 7.19% 2033""",NSE,EQ
194350849,733JH34-SG,"""SDL JH 7.33% 2034""",NSE,EQ
194351105,739GA35-SG,"""SDL GA 7.39% 2035""",NSE,EQ
194351361,741SK35-SG,"""SDL SK 7.41% 2035""",NSE,EQ
194351617,748MZ36-SG,"""SDL MZ 7.48% 2036""",NSE,EQ
194351873,748PY36-SG,"""SDL PY 7.48% 2036""",NSE,EQ
194352129,743HR39-SG,"""SDL HR 7.43% 2039""",NSE,EQ
194352385,743OR40-SG,"""SDL OR 7.43% 2040""",NSE,EQ
194352641,747JK40-SG,"""SDL JK 7.47% 2040""",NSE,EQ
194352897,744JH41-SG,"""SDL JH 7.44% 2041""",NSE,EQ
194353153,745HR42-SG,"""SDL HR 7.45% 2042""",NSE,EQ
194353409,747WB44-SG,"""SDL WB 7.47% 2044""",NSE,EQ
194353665,747AS45-SG,"""SDL AS 7.47% 2045""",NSE,EQ
194353921,747WB46-SG,"""SDL WB 7.47% 2046""",NSE,EQ
194354177,746TS53-SG,"""SDL TS 7.46% 2053""",NSE,EQ
194354433,91D181225-TB,"""GOI TBILL 91D-18/12/25""",NSE,EQ
194354689,182D190326-TB,"""GOI TBILL 182D-19/03/26""",NSE,EQ
194354945,364D170926-TB,"""GOI TBILL 364D-17/09/26""",NSE,EQ
194355457,699HP31-SG,"""SDL HP 6.99% 2031""",NSE,EQ
194355713,AGSTRA-BZ,"""AGS TRANSACT TECH""",NSE,EQ
194355969,DHARAN-BZ,"""DHARAN INFRA-EPC""",NSE,EQ
194356225,RHFL-BZ,"""RELIANCE HOME FINANCE""",NSE,EQ
194356481,JKIPL,"""JINKUSHAL INDUSTRIES""",NSE,EQ
194357761,TRUALT,"""TRUALT BIOENERGY""",NSE,EQ
194359041,1075WCA28-N0,,NSE,EQ
194359553,71HR33-SG,"""SDL HR 7.1% 2033""",NSE,EQ
194359809,723SK35-SG,"""SDL SK 7.23% 2035""",NSE,EQ
194360065,728GA37-SG,"""SDL GA 7.28% 2037""",NSE,EQ
194360321,729HR37-SG,"""SDL HR 7.29% 2037""",NSE,EQ
194360577,735HR39-SG,"""SDL HR 7.35% 2039""",NSE,EQ
194360833,735TCHFL35-N0,,NSE,EQ
194361345,ASIFDG-SF,,NSE,EQ
194361857,ASIFRD-SF,,NSE,EQ
194362369,ASIFRG-SF,,NSE,EQ
194362881,735UP39-SG,"""SDL UP 7.35% 2039""",NSE,EQ
194363137,749PN40-SG,"""SDL PN 7.49% 2040""",NSE,EQ
194363393,738HR41-SG,"""SDL HR 7.38% 2041""",NSE,EQ
194364673,165RARL28-N0,,NSE,EQ
194365185,FINKURVE,"""FINKURVE FINANCIAL SERV L""",NSE,EQ
194366465,JAINREC,"""JAIN RESOURCE RECYCLING L""",NSE,EQ
194367745,950ISF35-N0,,NSE,EQ
194368257,EPACKPEB,"""EPACK PREFAB TECHN""",NSE,EQ
194369537,BMWVENTLTD,"""BMW VENTURES""",NSE,EQ
194370817,GURUNANAK-SM,"""GURUNANAK AGRICULTUR IN L""",NSE,EQ
194371841,TATACAP,"""TATA CAPITAL""",NSE,EQ
194373377,735BTL27-N0,,NSE,EQ
194373889,745BTL28-N0,,NSE,EQ
194374401,AAFS30A-N0,,NSE,EQ
194374913,930SCL2035-N0,,NSE,EQ
194375425,915SCL30-N0,,NSE,EQ
194375937,12VCCL28-N0,,NSE,EQ
194376449,12AFIL28-N0,,NSE,EQ
194376961,QSIFHDG-SF,,NSE,EQ
194377473,70826LTF28-N0,,NSE,EQ
194377985,960SCL35-N0,,NSE,EQ
194378497,BLUESTONE,"""BLUESTONE JEWEL LFSTL""",NSE,EQ
194379777,113ESFB31-N0,,NSE,EQ
194380289,QSIFHRG-SF,,NSE,EQ
194380801,761ABCL35A-N0,,NSE,EQ
194381313,NIFTYCASE,"""ZERODHAAMC - NIFTYCASE""",NSE,EQ
194382081,658TN29-SG,"""SDL TN 6.58% 2029""",NSE,EQ
194382337,708OR33-SG,"""SDL OR 7.08% 2033""",NSE,EQ
194382593,712UP33A-SG,"""SDL UP 7.12% 2033""",NSE,EQ
194382849,707GJ34A-SG,"""SDL GJ 7.07% 2034""",NSE,EQ
194383105,731BR45-SG,"""SDL BR 7.31% 2045""",NSE,EQ
194383361,731JK45-SG,"""SDL JK 7.31% 2045""",NSE,EQ
194383617,CRAMC,"""CANARA ROBECO AMC""",NSE,EQ
194384897,RUBICON,"""RUBICON RESEARCH""",NSE,EQ
194385409,744TS58-SG,"""SDL TS 7.44% 2058""",NSE,EQ
194385665,73UK32-SG,"""SDL UK 7.3% 2032""",NSE,EQ
194385921,737GA36-SG,"""SDL GA 7.37% 2036""",NSE,EQ
194386177,757PN37-SG,"""SDL PN 7.57% 2037""",NSE,EQ
194386433,746RJ38-SG,"""SDL RJ 7.46% 2038""",NSE,EQ
194386689,743HR39A-SG,"""SDL HR 7.43% 2039""",NSE,EQ
194386945,749KL40-SG,"""SDL KL 7.49% 2040""",NSE,EQ
194387201,744HR41-SG,"""SDL HR 7.44% 2041""",NSE,EQ
194387457,756RJ41-SG,"""SDL RJ 7.56% 2041""",NSE,EQ
194387713,758BR43-SG,"""SDL BR 7.58% 2043""",NSE,EQ
194387969,756WB45-SG,"""SDL WB 7.56% 2045""",NSE,EQ
194388225,75AP45-SG,"""SDL AP 7.5% 2045""",NSE,EQ
194388481,748MP45-SG,"""SDL MP 7.48% 2045""",NSE,EQ
194388737,75AP46-SG,"""SDL AP 7.5% 2046""",NSE,EQ
194388993,751MP48-SG,"""SDL MP 7.51% 2048""",NSE,EQ
194389249,757BR49-SG,"""SDL BR 7.57% 2049""",NSE,EQ
194389505,746RJ51-SG,"""SDL RJ 7.46% 2051""",NSE,EQ
194389761,753TS52-SG,"""SDL TS 7.53% 2052""",NSE,EQ
194390017,752TS54-SG,"""SDL TS 7.52% 2054""",NSE,EQ
194390273,744TN55A-SG,"""SDL TN 7.44% 2055""",NSE,EQ
194390529,744TS56-SG,"""SDL TS 7.44% 2056""",NSE,EQ
194390785,91D020126-TB,"""GOI TBILL 91D-02/01/26""",NSE,EQ
194391041,182D030426-TB,"""GOI TBILL 182D-03/04/26""",NSE,EQ
194391297,364D021026-TB,"""GOI TBILL 364D-02/10/26""",NSE,EQ
194391553,PACEDIGITK,"""PACE DIGITEK""",NSE,EQ
194392833,885TIAPL29-N0,,NSE,EQ
194393345,724TFSIL27-N0,,NSE,EQ
194393857,MPEL-SM,"""MANAS POLYMER N ENERGIE L""",NSE,EQ
194394881,SYSTMTXC,"""SYSTEMATIX CORP SERVICE L""",NSE,EQ
194396929,ANANTAM-IV,"""ANANTAM HIGHWAYS TRUST""",NSE,EQ
194398209,FLEXIADD,"""DSPAMC - FLEXIADD""",NSE,EQ
194398977,MONIFTY100,"""MOTILALAMC - MONIFTY100""",NSE,EQ
194399745,MOENERGY,"""MOTILALAMC - MOENERGY""",NSE,EQ
194400513,728OR49-SG,"""SDL OR 7.28% 2049""",NSE,EQ
194400769,73TS51-SG,"""SDL TS 7.3% 2051""",NSE,EQ
194401025,91D150126-TB,"""GOI TBILL 91D-15/01/26""",NSE,EQ
194401281,182D160426-TB,"""GOI TBILL 182D-16/04/26""",NSE,EQ
194401537,MONEYBOXX,"""MONEYBOXX FINANCE""",NSE,EQ
194402561,706GJ33-SG,"""SDL GJ 7.06% 2033""",NSE,EQ
194402817,714AP33-SG,"""SDL AP 7.14% 2033""",NSE,EQ
194403073,727AP36-SG,"""SDL AP 7.27% 2036""",NSE,EQ
194403329,739JK37A-SG,"""SDL JK 7.39% 2037""",NSE,EQ
194403585,726MH41-SG,"""SDL MH 7.26% 2041""",NSE,EQ
194403841,731MZ41-SG,"""SDL MZ 7.31% 2041""",NSE,EQ
194404097,726MH42-SG,"""SDL MH 7.26% 2042""",NSE,EQ
194404353,116VCCL27A-N0,,NSE,EQ
194404865,118VCCL27B-N0,,NSE,EQ
194405377,648GS2035-GS,"""GOI LOAN  6.48% 2035""",NSE,EQ
194405633,SOLEX,"""SOLEX ENERGY""",NSE,EQ
194406913,ADVANCE,"""ADVANCE AGROLIFE""",NSE,EQ
194408193,SHEEL-SM,"""SHEEL BIOTECH""",NSE,EQ
194409217,OMFREIGHT,"""OM FREIGHT FORWARDERS""",NSE,EQ
194410497,MUNISH-SM,"""MUNISH FORGE""",NSE,EQ
194411521,BAGDIGITAL-SM,"""B.A.G.CONVERGENCE""",NSE,EQ
194412545,GREENLEAF-SM,"""GREENLEAF ENVIROTECH""",NSE,EQ
194413569,GROWWRLTY,"""GROWWAMC - GROWWRLTY""",NSE,EQ
194414337,91D080126-TB,"""GOI TBILL 91D-08/01/26""",NSE,EQ
194414593,182D090426-TB,"""GOI TBILL 182D-09/04/26""",NSE,EQ
194414849,364D081026-TB,"""GOI TBILL 364D-08/10/26""",NSE,EQ
194415105,WEWORK,"""WEWORK INDIA MANAGEMENT L""",NSE,EQ
194416385,PATELRMART,"""PATEL RETAIL""",NSE,EQ
194417665,1215DHPL27-N0,,NSE,EQ
194418177,12AFIL27-N0,,NSE,EQ
194418689,SHREEJISPG,"""SHREEJI SHIPPING GLOBAL L""",NSE,EQ
194419969,VIKRAMSOLR,"""VIKRAM SOLAR""",NSE,EQ
194421249,GROWWNXT50,"""GROWWAMC - GROWWNXT50""",NSE,EQ
194422017,GEMAROMA,"""GEM AROMATICS""",NSE,EQ
194423297,ELIQUID,"""EDELAMC - ELIQUID""",NSE,EQ
194424321,875PFL27-N0,,NSE,EQ
194424833,705JCL27-N0,,NSE,EQ
194425345,975CCSP28-N0,,NSE,EQ
194425857,364D151026-TB,"""GOI TBILL 364D-15/10/26""",NSE,EQ
194426113,CANHLIFE,"""CANARA HSBC LIFE INS CO L""",NSE,EQ
194427393,730SIHF28-N0,,NSE,EQ
194427905,84AIL28-N0,,NSE,EQ
194428417,758CIFL30-N0,,NSE,EQ
194428929,MOMENTUM30,"""KOTAKMAMC - MOMENTUM30""",NSE,EQ
194429697,741JK42-SG,"""SDL JK 7.41% 2042""",NSE,EQ
194429953,74MP46-SG,"""SDL MP 7.4% 2046""",NSE,EQ
194430209,74MP47-SG,"""SDL MP 7.4% 2047""",NSE,EQ
194430465,975PCPL27-N0,,NSE,EQ
194430977,840MCSL31-N0,,NSE,EQ
194431489,788MFL28-N0,,NSE,EQ
194432001,805MFL30-N0,,NSE,EQ
194432513,91D290126-TB,"""GOI TBILL 91D-29/01/26""",NSE,EQ
194432769,182D300426-TB,"""GOI TBILL 182D-30/04/26""",NSE,EQ
194433025,364D291026-TB,"""GOI TBILL 364D-29/10/26""",NSE,EQ
194433281,692OIT28-N0,,NSE,EQ
194433793,702OIT40-N0,,NSE,EQ
194436353,MIDWESTLTD,"""MIDWEST""",NSE,EQ
194437633,GROWWSC250,"""GROWWAMC - GROWWSC250""",NSE,EQ
194438657,712OIT40-N0,,NSE,EQ
194444289,666RJ29-SG,"""SDL RJ 6.66% 2029""",NSE,EQ
194444545,714TN35A-SG,"""SDL TN 7.14% 2035""",NSE,EQ
194444801,725GA36-SG,"""SDL GA 7.25% 2036""",NSE,EQ
194445057,PIRAMALFIN,"""PIRAMAL FINANCE""",NSE,EQ
194446337,935PFL26-N0,,NSE,EQ
194446593,95PFL34-N0,,NSE,EQ
194446849,91PFL35-N0,,NSE,EQ
194447105,930PFL29-N0,,NSE,EQ
194447361,912PFL27-N0,,NSE,EQ
194447617,919PFL28-N0,,NSE,EQ
194447873,905PFL26-N1,,NSE,EQ
194448129,920PFL28-N2,,NSE,EQ
194448385,935PFL33-N3,,NSE,EQ
194449665,ORKLAINDIA,"""ORKLA INDIA""",NSE,EQ
194450945,710PFCL40-N0,,NSE,EQ
194451457,QSIFHRR-SF,,NSE,EQ
194454273,STUDDS,"""STUDDS ACCESSORIES""",NSE,EQ
194455553,985CCSP28-N0,,NSE,EQ
194456065,73AP37-SG,"""SDL AP 7.3% 2037""",NSE,EQ
194456321,748KL45-SG,"""SDL KL 7.48% 2045""",NSE,EQ
194456577,746TN55-SG,"""SDL TN 7.46% 2055""",NSE,EQ
194456833,745TS57-SG,"""SDL TS 7.45% 2057""",NSE,EQ
194457089,91D060226-TB,"""GOI TBILL 91D-06/02/26""",NSE,EQ
194457345,182D080526-TB,"""GOI TBILL 182D-08/05/26""",NSE,EQ
194457601,364D061126-TB,"""GOI TBILL 364D-06/11/26""",NSE,EQ
194457857,711SDIL30-N0,,NSE,EQ
194458369,805AIFL32-N0,,NSE,EQ
194458881,LENSKART,"""LENSKART SOLUTIONS""",NSE,EQ
194460161,CHOICEGOLD,"""CHOICEAMC - CHOICEGOLD""",NSE,EQ
194487553,ATL-RE-BE,"""ALLCARGO TERMINALS""",NSE,EQ
194488065,GROWWMC150,"""GROWWAMC - GROWWMC150""",NSE,EQ
194489089,PWL,"""PHYSICSWALLAH""",NSE,EQ
194490369,EMMVEE,"""EMMVEE PHOTOVOLTAIC PWR L""",NSE,EQ
194491649,715NBFID40-N0,,NSE,EQ
194492161,701TN32-SG,"""SDL TN 7.01% 2032""",NSE,EQ
194492417,702UP32-SG,"""SDL UP 7.02% 2032""",NSE,EQ
194492673,707MH33-SG,"""SDL MH 7.07% 2033""",NSE,EQ
194492929,714MZ33-SG,"""SDL MZ 7.14% 2033""",NSE,EQ
194493185,724UP36-SG,"""SDL UP 7.24% 2036""",NSE,EQ
194493441,725MH37-SG,"""SDL MH 7.25% 2037""",NSE,EQ
194493697,744BR40-SG,"""SDL BR 7.44% 2040""",NSE,EQ
194493953,745MP41-SG,"""SDL MP 7.45% 2041""",NSE,EQ
194494209,746MP43-SG,"""SDL MP 7.46% 2043""",NSE,EQ
194494465,745MP44B-SG,"""SDL MP 7.45% 2044""",NSE,EQ
194494721,746JK45-SG,"""SDL JK 7.46% 2045""",NSE,EQ
194494977,744TS56A-SG,"""SDL TS 7.44% 2056""",NSE,EQ
194495233,SHIVAUM,"""SHIV AUM STEELS""",NSE,EQ
194496513,MODIS,"""MODIS NAVNIRMAN""",NSE,EQ
194497025,880PFL28-N0,,NSE,EQ
194498305,TAURIAN-ST,"""TAURIAN MPS""",NSE,EQ
194498561,761ABCL35-N0,,NSE,EQ
194499073,850KGEL30-N0,,NSE,EQ
194501377,ADVENTHTL-BE,"""ADVENT HOTELS INTERNATI L""",NSE,EQ
194502145,701NGEL35-N0,,NSE,EQ
194503425,FINBUD-ST,"""FINBUD FINANCIAL SERV""",NSE,EQ
194503681,ENERGY,"""MIRAEAMC - ENERGY""",NSE,EQ
194504705,TMCV-BE,"""TATA MOTORS""",NSE,EQ
194505473,765TMCV27-N0,,NSE,EQ
194505985,692AVTL28-N0,,NSE,EQ
194506497,113ESFB31B-N0,,NSE,EQ
194507009,12DCCL27-N0,,NSE,EQ
194507521,77NVCL28-N0,,NSE,EQ
194508033,EUROPRATIK,"""EURO PRATIK SALES""",NSE,EQ
194510081,SHETHJI-ST,"""SHREEJI GLOBAL FMCG""",NSE,EQ
194510337,GROWW,"""BILLIONBRAINS GARAGE VN L""",NSE,EQ
194511617,765TMCV28-N0,,NSE,EQ
194512385,SMALL250,"""MIRAEAMC - SMALL250""",NSE,EQ
194513921,PINELABS,"""PINE LABS""",NSE,EQ
194515969,CURIS-ST,"""CURIS LIFESCIENCES""",NSE,EQ
194516225,91D120226-TB,"""GOI TBILL 91D-12/02/26""",NSE,EQ
194516481,182D140526-TB,"""GOI TBILL 182D-14/05/26""",NSE,EQ
194516737,364D121126-TB,"""GOI TBILL 364D-12/11/26""",NSE,EQ
194516993,SICCL28-N0,,NSE,EQ
194517505,686NBFID30-N0,,NSE,EQ
194518017,712TACA28-N0,,NSE,EQ
194518529,73TACA30-N0,,NSE,EQ
194519553,BETA,"""BETA DRUGS""",NSE,EQ
194520833,SHILCTECH,"""SHILCHAR TECHNOLOGIES""",NSE,EQ
194521857,655TN29-SG,"""SDL TN 6.55% 2029""",NSE,EQ
194522113,684GJ31B-SG,"""SDL GJ 6.84% 2031""",NSE,EQ
194522369,712UP33B-SG,"""SDL UP 7.12% 2033""",NSE,EQ
194522625,716TN35-SG,"""SDL TN 7.16% 2035""",NSE,EQ
194522881,718UP35-SG,"""SDL UP 7.18% 2035""",NSE,EQ
194523137,716RJ35-SG,"""SDL RJ 7.16% 2035""",NSE,EQ
194523393,72TN36-SG,"""SDL TN 7.2% 2036""",NSE,EQ
194523649,729RJ37-SG,"""SDL RJ 7.29% 2037""",NSE,EQ
194523905,745HP40-SG,"""SDL HP 7.45% 2040""",NSE,EQ
194524161,75AR45-SG,"""SDL AR 7.5% 2045""",NSE,EQ
194524417,75TS51-SG,"""SDL TS 7.5% 2051""",NSE,EQ
194524673,75TS52-SG,"""SDL TS 7.5% 2052""",NSE,EQ
194524929,675RJ30A-SG,"""SDL RJ 6.75% 2030""",NSE,EQ
194525185,91D180226-TB,"""GOI TBILL 91D-18/02/26""",NSE,EQ
194525441,182D200526-TB,"""GOI TBILL 182D-20/05/26""",NSE,EQ
194525697,364D181126-TB,"""GOI TBILL 364D-18/11/26""",NSE,EQ
194525953,CAPILLARY,"""CAPILLARY TECHNO INDIA L""",NSE,EQ
194527233,726JCL30-N0,,NSE,EQ
194527745,72841ABH30-N0,,NSE,EQ
194528257,UTLSOLAR,"""FUJIYAMA POWER SYSTEMS L""",NSE,EQ
194528769,771SIHF35-N0,,NSE,EQ
194529281,TENNIND,"""TENNECO CLEAN AIR INDIA L""",NSE,EQ
194530561,CHEMICAL,"""KOTAKMAMC - CHEMICAL""",NSE,EQ
194532097,MOIPO,"""MOTILALAMC - MOIPO""",NSE,EQ
194533121,910HFL36-N0,,NSE,EQ
194533633,1225IFL27-N0,,NSE,EQ
194534145,803MFL31-N0,,NSE,EQ
194534657,725MPL29-N0,,NSE,EQ
194535169,712MPL28-N0,,NSE,EQ
194535681,732MPL30-N0,,NSE,EQ
194541825,SOLARWORLD,"""SOLARWORLD ENERGY SOL""",NSE,EQ
194543105,STYL,"""SESHAASAI TECHNOLOGIES L""",NSE,EQ
194544385,743PHFL28-N0,,NSE,EQ
194544897,799GSGL28-N0,,NSE,EQ
194545409,799GSGL29-N0,,NSE,EQ
194545921,MGSL-SM,"""MATRIX GEO SOLUTIONS""",NSE,EQ
194546945,714SECIL35-N0,,NSE,EQ
194547457,JARO,"""JARO INS OF TEC MG N RE L""",NSE,EQ
194548737,ARSSBL,"""ANAND RATHI SH N STK BR L""",NSE,EQ
194550017,ECOLINE-SM,"""ECOLINE EXIM""",NSE,EQ
194588673,SUBAHOTELS-SM,"""SUBA HOTELS""",NSE,EQ
194589697,GLOTTIS,"""GLOTTIS""",NSE,EQ
194590977,VIJAYPD-SM,"""VIJAYPD CEUTICAL""",NSE,EQ
194592001,FABTECH,"""FABTECH TECHNOLOGIES""",NSE,EQ
194612225,MARKOLINES,"""MARKOLINES PAVEMENT TEC L""",NSE,EQ
194613505,76825AIFL2-N0,,NSE,EQ
194614017,72190LTFL2-N0,,NSE,EQ
194614529,LGEINDIA,"""LG ELECTRONICS INDIA""",NSE,EQ
194615809,8SMC29-N1,,NSE,EQ
194616065,8SMC30-N2,,NSE,EQ
194639361,705SFL28-N0,,NSE,EQ
194639873,810SIHF35-N0,,NSE,EQ
194640385,805SICCL35-N0,,NSE,EQ
194660609,73TFSIL29-N0,,NSE,EQ
194661121,875MOF27-N0,,NSE,EQ
194661633,975PCPL28-N0,,NSE,EQ
194681345,741NIIF31-N0,,NSE,EQ
