index,option_symbol,option_type,strike,expiry,option_token,lot_size,exchange,dte
BANKNIFTY,BANKNIFTY26JAN50000CE,CE,50000,2026-01-27,12997634,30,NFO,8
BANKNIFTY,BANKNIFTY26JAN50000PE,PE,50000,2026-01-27,12997890,30,NFO,8
BANKNIFTY,BANKNIFTY26JAN50500CE,CE,50500,2026-01-27,13000194,30,NFO,8
BANKNIFTY,BANKNIFTY26JAN50500PE,PE,50500,2026-01-27,13000450,30,NFO,8
BANKNIFTY,BANKNIFTY26JAN51000CE,CE,51000,2026-01-27,13004802,30,NFO,8
BANKNIFTY,BANKNIFTY26JAN51000PE,PE,51000,2026-01-27,13005058,30,NFO,8
BANKNIFTY,BANKNIFTY26JAN51500CE,CE,51500,2026-01-27,13008386,30,NFO,8
BANKNIFTY,BANKNIFTY26JAN51500PE,PE,51500,2026-01-27,13008642,30,NFO,8
BANKNIFTY,BANKNIFTY26JAN52000CE,CE,52000,2026-01-27,13012482,30,NFO,8
BANKNIFTY,BANKNIFTY26JAN52000PE,PE,52000,2026-01-27,13012738,30,NFO,8
BANKNIFTY,BANKNIFTY26JAN52500CE,CE,52500,2026-01-27,13017090,30,NFO,8
BANKNIFTY,BANKNIFTY26JAN52500PE,PE,52500,2026-01-27,13017346,30,NFO,8
BANKNIFTY,BANKNIFTY26JAN52600CE,CE,52600,2026-01-27,13017602,30,NFO,8
BANKNIFTY,BANKNIFTY26JAN52600PE,PE,52600,2026-01-27,13017858,30,NFO,8
BANKNIFTY,BANKNIFTY26JAN52700CE,CE,52700,2026-01-27,13018114,30,NFO,8
BANKNIFTY,BANKNIFTY26JAN52700PE,PE,52700,2026-01-27,13018370,30,NFO,8
BANKNIFTY,BANKNIFTY26JAN52800CE,CE,52800,2026-01-27,13018626,30,NFO,8
BANKNIFTY,BANKNIFTY26JAN52800PE,PE,52800,2026-01-27,13018882,30,NFO,8
BANKNIFTY,BANKNIFTY26JAN52900CE,CE,52900,2026-01-27,13019138,30,NFO,8
BANKNIFTY,BANKNIFTY26JAN52900PE,PE,52900,2026-01-27,13019394,30,NFO,8
BANKNIFTY,BANKNIFTY26JAN53000CE,CE,53000,2026-01-27,13020162,30,NFO,8
BANKNIFTY,BANKNIFTY26JAN53000PE,PE,53000,2026-01-27,13020418,30,NFO,8
BANKNIFTY,BANKNIFTY26JAN53100CE,CE,53100,2026-01-27,13020674,30,NFO,8
BANKNIFTY,BANKNIFTY26JAN53100PE,PE,53100,2026-01-27,13020930,30,NFO,8
BANKNIFTY,BANKNIFTY26JAN53200CE,CE,53200,2026-01-27,13023746,30,NFO,8
BANKNIFTY,BANKNIFTY26JAN53200PE,PE,53200,2026-01-27,13024002,30,NFO,8
BANKNIFTY,BANKNIFTY26JAN53300CE,CE,53300,2026-01-27,13024258,30,NFO,8
BANKNIFTY,BANKNIFTY26JAN53300PE,PE,53300,2026-01-27,13024514,30,NFO,8
BANKNIFTY,BANKNIFTY26JAN53400CE,CE,53400,2026-01-27,13024770,30,NFO,8
BANKNIFTY,BANKNIFTY26JAN53400PE,PE,53400,2026-01-27,13025026,30,NFO,8
BANKNIFTY,BANKNIFTY26JAN53500CE,CE,53500,2026-01-27,13025282,30,NFO,8
BANKNIFTY,BANKNIFTY26JAN53500PE,PE,53500,2026-01-27,13025538,30,NFO,8
BANKNIFTY,BANKNIFTY26JAN53600CE,CE,53600,2026-01-27,13025794,30,NFO,8
BANKNIFTY,BANKNIFTY26JAN53600PE,PE,53600,2026-01-27,13026050,30,NFO,8
BANKNIFTY,BANKNIFTY26JAN53700CE,CE,53700,2026-01-27,13026306,30,NFO,8
BANKNIFTY,BANKNIFTY26JAN53700PE,PE,53700,2026-01-27,13026562,30,NFO,8
BANKNIFTY,BANKNIFTY26JAN53800CE,CE,53800,2026-01-27,13027330,30,NFO,8
BANKNIFTY,BANKNIFTY26JAN53800PE,PE,53800,2026-01-27,13027586,30,NFO,8
BANKNIFTY,BANKNIFTY26JAN53900CE,CE,53900,2026-01-27,13027842,30,NFO,8
BANKNIFTY,BANKNIFTY26JAN53900PE,PE,53900,2026-01-27,13028098,30,NFO,8
BANKNIFTY,BANKNIFTY26JAN54000CE,CE,54000,2026-01-27,13028354,30,NFO,8
BANKNIFTY,BANKNIFTY26JAN54000PE,PE,54000,2026-01-27,13028610,30,NFO,8
BANKNIFTY,BANKNIFTY26JAN54100CE,CE,54100,2026-01-27,13029378,30,NFO,8
BANKNIFTY,BANKNIFTY26JAN54100PE,PE,54100,2026-01-27,13033474,30,NFO,8
BANKNIFTY,BANKNIFTY26JAN54200CE,CE,54200,2026-01-27,13033730,30,NFO,8
BANKNIFTY,BANKNIFTY26JAN54200PE,PE,54200,2026-01-27,13042178,30,NFO,8
BANKNIFTY,BANKNIFTY26JAN54300CE,CE,54300,2026-01-27,13042434,30,NFO,8
BANKNIFTY,BANKNIFTY26JAN54300PE,PE,54300,2026-01-27,13095938,30,NFO,8
BANKNIFTY,BANKNIFTY26JAN54400CE,CE,54400,2026-01-27,13096194,30,NFO,8
BANKNIFTY,BANKNIFTY26JAN54400PE,PE,54400,2026-01-27,13098498,30,NFO,8
BANKNIFTY,BANKNIFTY26JAN54500CE,CE,54500,2026-01-27,13098754,30,NFO,8
BANKNIFTY,BANKNIFTY26JAN54500PE,PE,54500,2026-01-27,13100034,30,NFO,8
BANKNIFTY,BANKNIFTY26JAN54600CE,CE,54600,2026-01-27,13100290,30,NFO,8
BANKNIFTY,BANKNIFTY26JAN54600PE,PE,54600,2026-01-27,13113858,30,NFO,8
BANKNIFTY,BANKNIFTY26JAN54700CE,CE,54700,2026-01-27,13114114,30,NFO,8
BANKNIFTY,BANKNIFTY26JAN54700PE,PE,54700,2026-01-27,13114370,30,NFO,8
BANKNIFTY,BANKNIFTY26JAN54800CE,CE,54800,2026-01-27,13114626,30,NFO,8
BANKNIFTY,BANKNIFTY26JAN54800PE,PE,54800,2026-01-27,13114882,30,NFO,8
BANKNIFTY,BANKNIFTY26JAN54900CE,CE,54900,2026-01-27,13115138,30,NFO,8
BANKNIFTY,BANKNIFTY26JAN54900PE,PE,54900,2026-01-27,13115394,30,NFO,8
BANKNIFTY,BANKNIFTY26JAN55000CE,CE,55000,2026-01-27,13115650,30,NFO,8
BANKNIFTY,BANKNIFTY26JAN55000PE,PE,55000,2026-01-27,13117954,30,NFO,8
BANKNIFTY,BANKNIFTY26JAN55100CE,CE,55100,2026-01-27,13118210,30,NFO,8
BANKNIFTY,BANKNIFTY26JAN55100PE,PE,55100,2026-01-27,13122562,30,NFO,8
BANKNIFTY,BANKNIFTY26JAN55200CE,CE,55200,2026-01-27,13122818,30,NFO,8
BANKNIFTY,BANKNIFTY26JAN55200PE,PE,55200,2026-01-27,13129218,30,NFO,8
BANKNIFTY,BANKNIFTY26JAN55300CE,CE,55300,2026-01-27,13129474,30,NFO,8
BANKNIFTY,BANKNIFTY26JAN55300PE,PE,55300,2026-01-27,13138946,30,NFO,8
BANKNIFTY,BANKNIFTY26JAN55400CE,CE,55400,2026-01-27,13139714,30,NFO,8
BANKNIFTY,BANKNIFTY26JAN55400PE,PE,55400,2026-01-27,13139970,30,NFO,8
BANKNIFTY,BANKNIFTY26JAN55500CE,CE,55500,2026-01-27,13140738,30,NFO,8
BANKNIFTY,BANKNIFTY26JAN55500PE,PE,55500,2026-01-27,13152770,30,NFO,8
BANKNIFTY,BANKNIFTY26JAN55600CE,CE,55600,2026-01-27,13153026,30,NFO,8
BANKNIFTY,BANKNIFTY26JAN55600PE,PE,55600,2026-01-27,13154306,30,NFO,8
BANKNIFTY,BANKNIFTY26JAN55700CE,CE,55700,2026-01-27,13154562,30,NFO,8
BANKNIFTY,BANKNIFTY26JAN55700PE,PE,55700,2026-01-27,13164034,30,NFO,8
BANKNIFTY,BANKNIFTY26JAN55800CE,CE,55800,2026-01-27,13164290,30,NFO,8
BANKNIFTY,BANKNIFTY26JAN55800PE,PE,55800,2026-01-27,13164546,30,NFO,8
BANKNIFTY,BANKNIFTY26JAN55900CE,CE,55900,2026-01-27,13164802,30,NFO,8
BANKNIFTY,BANKNIFTY26JAN55900PE,PE,55900,2026-01-27,13168898,30,NFO,8
BANKNIFTY,BANKNIFTY26JAN56000CE,CE,56000,2026-01-27,13170946,30,NFO,8
BANKNIFTY,BANKNIFTY26JAN56000PE,PE,56000,2026-01-27,13184770,30,NFO,8
BANKNIFTY,BANKNIFTY26JAN56100CE,CE,56100,2026-01-27,13185026,30,NFO,8
BANKNIFTY,BANKNIFTY26JAN56100PE,PE,56100,2026-01-27,13187842,30,NFO,8
BANKNIFTY,BANKNIFTY26JAN56200CE,CE,56200,2026-01-27,13188098,30,NFO,8
BANKNIFTY,BANKNIFTY26JAN56200PE,PE,56200,2026-01-27,13192962,30,NFO,8
BANKNIFTY,BANKNIFTY26JAN56300CE,CE,56300,2026-01-27,13193730,30,NFO,8
BANKNIFTY,BANKNIFTY26JAN56300PE,PE,56300,2026-01-27,13196034,30,NFO,8
BANKNIFTY,BANKNIFTY26JAN56400CE,CE,56400,2026-01-27,13196290,30,NFO,8
BANKNIFTY,BANKNIFTY26JAN56400PE,PE,56400,2026-01-27,13200130,30,NFO,8
BANKNIFTY,BANKNIFTY26JAN56500CE,CE,56500,2026-01-27,13200386,30,NFO,8
BANKNIFTY,BANKNIFTY26JAN56500PE,PE,56500,2026-01-27,13207298,30,NFO,8
BANKNIFTY,BANKNIFTY26JAN56600CE,CE,56600,2026-01-27,13207554,30,NFO,8
BANKNIFTY,BANKNIFTY26JAN56600PE,PE,56600,2026-01-27,13209858,30,NFO,8
BANKNIFTY,BANKNIFTY26JAN56700CE,CE,56700,2026-01-27,13210114,30,NFO,8
BANKNIFTY,BANKNIFTY26JAN56700PE,PE,56700,2026-01-27,13211394,30,NFO,8
BANKNIFTY,BANKNIFTY26JAN56800CE,CE,56800,2026-01-27,13211650,30,NFO,8
BANKNIFTY,BANKNIFTY26JAN56800PE,PE,56800,2026-01-27,13254402,30,NFO,8
BANKNIFTY,BANKNIFTY26JAN56900CE,CE,56900,2026-01-27,13254658,30,NFO,8
BANKNIFTY,BANKNIFTY26JAN56900PE,PE,56900,2026-01-27,13254914,30,NFO,8
BANKNIFTY,BANKNIFTY26JAN57000CE,CE,57000,2026-01-27,13255170,30,NFO,8
BANKNIFTY,BANKNIFTY26JAN57000PE,PE,57000,2026-01-27,13255426,30,NFO,8
BANKNIFTY,BANKNIFTY26JAN57100CE,CE,57100,2026-01-27,13255682,30,NFO,8
BANKNIFTY,BANKNIFTY26JAN57100PE,PE,57100,2026-01-27,13255938,30,NFO,8
BANKNIFTY,BANKNIFTY26JAN57200CE,CE,57200,2026-01-27,13256194,30,NFO,8
BANKNIFTY,BANKNIFTY26JAN57200PE,PE,57200,2026-01-27,13256450,30,NFO,8
BANKNIFTY,BANKNIFTY26JAN57300CE,CE,57300,2026-01-27,13256706,30,NFO,8
BANKNIFTY,BANKNIFTY26JAN57300PE,PE,57300,2026-01-27,13256962,30,NFO,8
BANKNIFTY,BANKNIFTY26JAN57400CE,CE,57400,2026-01-27,13257218,30,NFO,8
BANKNIFTY,BANKNIFTY26JAN57400PE,PE,57400,2026-01-27,13257474,30,NFO,8
BANKNIFTY,BANKNIFTY26JAN57500CE,CE,57500,2026-01-27,13257730,30,NFO,8
BANKNIFTY,BANKNIFTY26JAN57500PE,PE,57500,2026-01-27,13257986,30,NFO,8
BANKNIFTY,BANKNIFTY26JAN57600CE,CE,57600,2026-01-27,13258242,30,NFO,8
BANKNIFTY,BANKNIFTY26JAN57600PE,PE,57600,2026-01-27,13258498,30,NFO,8
BANKNIFTY,BANKNIFTY26JAN57700CE,CE,57700,2026-01-27,13258754,30,NFO,8
BANKNIFTY,BANKNIFTY26JAN57700PE,PE,57700,2026-01-27,13259010,30,NFO,8
BANKNIFTY,BANKNIFTY26JAN57800CE,CE,57800,2026-01-27,13259266,30,NFO,8
BANKNIFTY,BANKNIFTY26JAN57800PE,PE,57800,2026-01-27,13260034,30,NFO,8
BANKNIFTY,BANKNIFTY26JAN57900CE,CE,57900,2026-01-27,13260290,30,NFO,8
BANKNIFTY,BANKNIFTY26JAN57900PE,PE,57900,2026-01-27,13260546,30,NFO,8
BANKNIFTY,BANKNIFTY26JAN58000CE,CE,58000,2026-01-27,13260802,30,NFO,8
BANKNIFTY,BANKNIFTY26JAN58000PE,PE,58000,2026-01-27,13261058,30,NFO,8
BANKNIFTY,BANKNIFTY26JAN58100CE,CE,58100,2026-01-27,13261314,30,NFO,8
BANKNIFTY,BANKNIFTY26JAN58100PE,PE,58100,2026-01-27,13261570,30,NFO,8
BANKNIFTY,BANKNIFTY26JAN58200CE,CE,58200,2026-01-27,13261826,30,NFO,8
BANKNIFTY,BANKNIFTY26JAN58200PE,PE,58200,2026-01-27,13262082,30,NFO,8
BANKNIFTY,BANKNIFTY26JAN58300CE,CE,58300,2026-01-27,13262338,30,NFO,8
BANKNIFTY,BANKNIFTY26JAN58300PE,PE,58300,2026-01-27,13262594,30,NFO,8
BANKNIFTY,BANKNIFTY26JAN58400CE,CE,58400,2026-01-27,13262850,30,NFO,8
BANKNIFTY,BANKNIFTY26JAN58400PE,PE,58400,2026-01-27,13263106,30,NFO,8
BANKNIFTY,BANKNIFTY26JAN58500CE,CE,58500,2026-01-27,13263362,30,NFO,8
BANKNIFTY,BANKNIFTY26JAN58500PE,PE,58500,2026-01-27,13275394,30,NFO,8
BANKNIFTY,BANKNIFTY26JAN58600CE,CE,58600,2026-01-27,13275650,30,NFO,8
BANKNIFTY,BANKNIFTY26JAN58600PE,PE,58600,2026-01-27,13277954,30,NFO,8
BANKNIFTY,BANKNIFTY26JAN58700CE,CE,58700,2026-01-27,13278210,30,NFO,8
BANKNIFTY,BANKNIFTY26JAN58700PE,PE,58700,2026-01-27,13283074,30,NFO,8
BANKNIFTY,BANKNIFTY26JAN58800CE,CE,58800,2026-01-27,13283330,30,NFO,8
BANKNIFTY,BANKNIFTY26JAN58800PE,PE,58800,2026-01-27,13289218,30,NFO,8
BANKNIFTY,BANKNIFTY26JAN58900CE,CE,58900,2026-01-27,13289986,30,NFO,8
BANKNIFTY,BANKNIFTY26JAN58900PE,PE,58900,2026-01-27,13290242,30,NFO,8
BANKNIFTY,BANKNIFTY26JAN59000CE,CE,59000,2026-01-27,13290498,30,NFO,8
BANKNIFTY,BANKNIFTY26JAN59000PE,PE,59000,2026-01-27,13293314,30,NFO,8
BANKNIFTY,BANKNIFTY26JAN59100CE,CE,59100,2026-01-27,13294082,30,NFO,8
BANKNIFTY,BANKNIFTY26JAN59100PE,PE,59100,2026-01-27,13297410,30,NFO,8
BANKNIFTY,BANKNIFTY26JAN59200CE,CE,59200,2026-01-27,13297666,30,NFO,8
BANKNIFTY,BANKNIFTY26JAN59200PE,PE,59200,2026-01-27,13297922,30,NFO,8
BANKNIFTY,BANKNIFTY26JAN59300CE,CE,59300,2026-01-27,13298178,30,NFO,8
BANKNIFTY,BANKNIFTY26JAN59300PE,PE,59300,2026-01-27,13300482,30,NFO,8
BANKNIFTY,BANKNIFTY26JAN59400CE,CE,59400,2026-01-27,13300738,30,NFO,8
BANKNIFTY,BANKNIFTY26JAN59400PE,PE,59400,2026-01-27,13309698,30,NFO,8
BANKNIFTY,BANKNIFTY26JAN59500CE,CE,59500,2026-01-27,13309954,30,NFO,8
BANKNIFTY,BANKNIFTY26JAN59500PE,PE,59500,2026-01-27,13314306,30,NFO,8
BANKNIFTY,BANKNIFTY26JAN59600CE,CE,59600,2026-01-27,13317634,30,NFO,8
BANKNIFTY,BANKNIFTY26JAN59600PE,PE,59600,2026-01-27,13318402,30,NFO,8
BANKNIFTY,BANKNIFTY26JAN59700CE,CE,59700,2026-01-27,13320194,30,NFO,8
BANKNIFTY,BANKNIFTY26JAN59700PE,PE,59700,2026-01-27,13323010,30,NFO,8
BANKNIFTY,BANKNIFTY26JAN59800CE,CE,59800,2026-01-27,13324290,30,NFO,8
BANKNIFTY,BANKNIFTY26JAN59800PE,PE,59800,2026-01-27,13338882,30,NFO,8
BANKNIFTY,BANKNIFTY26JAN59900CE,CE,59900,2026-01-27,13339138,30,NFO,8
BANKNIFTY,BANKNIFTY26JAN59900PE,PE,59900,2026-01-27,13347586,30,NFO,8
BANKNIFTY,BANKNIFTY26JAN60000CE,CE,60000,2026-01-27,13347842,30,NFO,8
BANKNIFTY,BANKNIFTY26JAN60000PE,PE,60000,2026-01-27,13433858,30,NFO,8
BANKNIFTY,BANKNIFTY26JAN60100CE,CE,60100,2026-01-27,13446146,30,NFO,8
BANKNIFTY,BANKNIFTY26JAN60100PE,PE,60100,2026-01-27,13566722,30,NFO,8
BANKNIFTY,BANKNIFTY26JAN60200CE,CE,60200,2026-01-27,13567234,30,NFO,8
BANKNIFTY,BANKNIFTY26JAN60200PE,PE,60200,2026-01-27,13567490,30,NFO,8
BANKNIFTY,BANKNIFTY26JAN60300CE,CE,60300,2026-01-27,13568258,30,NFO,8
BANKNIFTY,BANKNIFTY26JAN60300PE,PE,60300,2026-01-27,13568514,30,NFO,8
BANKNIFTY,BANKNIFTY26JAN60400CE,CE,60400,2026-01-27,13570818,30,NFO,8
BANKNIFTY,BANKNIFTY26JAN60400PE,PE,60400,2026-01-27,13571074,30,NFO,8
BANKNIFTY,BANKNIFTY26JAN60500CE,CE,60500,2026-01-27,13571330,30,NFO,8
BANKNIFTY,BANKNIFTY26JAN60500PE,PE,60500,2026-01-27,13571586,30,NFO,8
BANKNIFTY,BANKNIFTY26JAN60600CE,CE,60600,2026-01-27,13571842,30,NFO,8
BANKNIFTY,BANKNIFTY26JAN60600PE,PE,60600,2026-01-27,13572098,30,NFO,8
BANKNIFTY,BANKNIFTY26JAN60700CE,CE,60700,2026-01-27,13573122,30,NFO,8
BANKNIFTY,BANKNIFTY26JAN60700PE,PE,60700,2026-01-27,13573378,30,NFO,8
BANKNIFTY,BANKNIFTY26JAN60800CE,CE,60800,2026-01-27,13575938,30,NFO,8
BANKNIFTY,BANKNIFTY26JAN60800PE,PE,60800,2026-01-27,13576194,30,NFO,8
BANKNIFTY,BANKNIFTY26JAN60900PE,PE,60900,2026-01-27,13576706,30,NFO,8
BANKNIFTY,BANKNIFTY26JAN60900CE,CE,60900,2026-01-27,13576450,30,NFO,8
BANKNIFTY,BANKNIFTY26JAN61000CE,CE,61000,2026-01-27,13577218,30,NFO,8
BANKNIFTY,BANKNIFTY26JAN61000PE,PE,61000,2026-01-27,13577474,30,NFO,8
BANKNIFTY,BANKNIFTY26JAN61100CE,CE,61100,2026-01-27,13577986,30,NFO,8
BANKNIFTY,BANKNIFTY26JAN61100PE,PE,61100,2026-01-27,13578242,30,NFO,8
BANKNIFTY,BANKNIFTY26JAN61200CE,CE,61200,2026-01-27,13578498,30,NFO,8
BANKNIFTY,BANKNIFTY26JAN61200PE,PE,61200,2026-01-27,13578754,30,NFO,8
BANKNIFTY,BANKNIFTY26JAN61300CE,CE,61300,2026-01-27,13579010,30,NFO,8
BANKNIFTY,BANKNIFTY26JAN61300PE,PE,61300,2026-01-27,13579266,30,NFO,8
BANKNIFTY,BANKNIFTY26JAN61400CE,CE,61400,2026-01-27,13579522,30,NFO,8
BANKNIFTY,BANKNIFTY26JAN61400PE,PE,61400,2026-01-27,13579778,30,NFO,8
BANKNIFTY,BANKNIFTY26JAN61500CE,CE,61500,2026-01-27,13580034,30,NFO,8
BANKNIFTY,BANKNIFTY26JAN61500PE,PE,61500,2026-01-27,13580290,30,NFO,8
BANKNIFTY,BANKNIFTY26JAN61600CE,CE,61600,2026-01-27,13580546,30,NFO,8
BANKNIFTY,BANKNIFTY26JAN61600PE,PE,61600,2026-01-27,13580802,30,NFO,8
BANKNIFTY,BANKNIFTY26JAN61700CE,CE,61700,2026-01-27,13581058,30,NFO,8
BANKNIFTY,BANKNIFTY26JAN61700PE,PE,61700,2026-01-27,13581314,30,NFO,8
BANKNIFTY,BANKNIFTY26JAN61800CE,CE,61800,2026-01-27,13582082,30,NFO,8
BANKNIFTY,BANKNIFTY26JAN61800PE,PE,61800,2026-01-27,13582338,30,NFO,8
BANKNIFTY,BANKNIFTY26JAN61900CE,CE,61900,2026-01-27,13582594,30,NFO,8
BANKNIFTY,BANKNIFTY26JAN61900PE,PE,61900,2026-01-27,13582850,30,NFO,8
BANKNIFTY,BANKNIFTY26JAN62000CE,CE,62000,2026-01-27,13583106,30,NFO,8
BANKNIFTY,BANKNIFTY26JAN62000PE,PE,62000,2026-01-27,13583362,30,NFO,8
BANKNIFTY,BANKNIFTY26JAN62100CE,CE,62100,2026-01-27,13583618,30,NFO,8
BANKNIFTY,BANKNIFTY26JAN62100PE,PE,62100,2026-01-27,13583874,30,NFO,8
BANKNIFTY,BANKNIFTY26JAN62200CE,CE,62200,2026-01-27,13584130,30,NFO,8
BANKNIFTY,BANKNIFTY26JAN62200PE,PE,62200,2026-01-27,13584386,30,NFO,8
BANKNIFTY,BANKNIFTY26JAN62300CE,CE,62300,2026-01-27,13584642,30,NFO,8
BANKNIFTY,BANKNIFTY26JAN62300PE,PE,62300,2026-01-27,13584898,30,NFO,8
BANKNIFTY,BANKNIFTY26JAN62400CE,CE,62400,2026-01-27,13585410,30,NFO,8
BANKNIFTY,BANKNIFTY26JAN62400PE,PE,62400,2026-01-27,13585666,30,NFO,8
BANKNIFTY,BANKNIFTY26JAN62500CE,CE,62500,2026-01-27,13586178,30,NFO,8
BANKNIFTY,BANKNIFTY26JAN62500PE,PE,62500,2026-01-27,13590018,30,NFO,8
BANKNIFTY,BANKNIFTY26JAN62600CE,CE,62600,2026-01-27,13590274,30,NFO,8
BANKNIFTY,BANKNIFTY26JAN62600PE,PE,62600,2026-01-27,13594626,30,NFO,8
BANKNIFTY,BANKNIFTY26JAN62700CE,CE,62700,2026-01-27,13594882,30,NFO,8
BANKNIFTY,BANKNIFTY26JAN62700PE,PE,62700,2026-01-27,13598978,30,NFO,8
BANKNIFTY,BANKNIFTY26JAN62800CE,CE,62800,2026-01-27,13599234,30,NFO,8
BANKNIFTY,BANKNIFTY26JAN62800PE,PE,62800,2026-01-27,13601538,30,NFO,8
BANKNIFTY,BANKNIFTY26JAN62900CE,CE,62900,2026-01-27,13601794,30,NFO,8
BANKNIFTY,BANKNIFTY26JAN62900PE,PE,62900,2026-01-27,13602050,30,NFO,8
BANKNIFTY,BANKNIFTY26JAN63000CE,CE,63000,2026-01-27,13602306,30,NFO,8
BANKNIFTY,BANKNIFTY26JAN63000PE,PE,63000,2026-01-27,13602562,30,NFO,8
BANKNIFTY,BANKNIFTY26JAN63100CE,CE,63100,2026-01-27,13602818,30,NFO,8
BANKNIFTY,BANKNIFTY26JAN63100PE,PE,63100,2026-01-27,13603330,30,NFO,8
BANKNIFTY,BANKNIFTY26JAN63200CE,CE,63200,2026-01-27,13603586,30,NFO,8
BANKNIFTY,BANKNIFTY26JAN63200PE,PE,63200,2026-01-27,13606146,30,NFO,8
BANKNIFTY,BANKNIFTY26JAN63300CE,CE,63300,2026-01-27,13606402,30,NFO,8
BANKNIFTY,BANKNIFTY26JAN63300PE,PE,63300,2026-01-27,13606658,30,NFO,8
BANKNIFTY,BANKNIFTY26JAN63400CE,CE,63400,2026-01-27,13606914,30,NFO,8
BANKNIFTY,BANKNIFTY26JAN63400PE,PE,63400,2026-01-27,13607426,30,NFO,8
BANKNIFTY,BANKNIFTY26JAN63500CE,CE,63500,2026-01-27,13608706,30,NFO,8
BANKNIFTY,BANKNIFTY26JAN63500PE,PE,63500,2026-01-27,13608962,30,NFO,8
BANKNIFTY,BANKNIFTY26JAN63600CE,CE,63600,2026-01-27,13609218,30,NFO,8
BANKNIFTY,BANKNIFTY26JAN63600PE,PE,63600,2026-01-27,13609474,30,NFO,8
BANKNIFTY,BANKNIFTY26JAN63700CE,CE,63700,2026-01-27,13609730,30,NFO,8
BANKNIFTY,BANKNIFTY26JAN63700PE,PE,63700,2026-01-27,13609986,30,NFO,8
BANKNIFTY,BANKNIFTY26JAN63800CE,CE,63800,2026-01-27,13610242,30,NFO,8
BANKNIFTY,BANKNIFTY26JAN63800PE,PE,63800,2026-01-27,13610498,30,NFO,8
BANKNIFTY,BANKNIFTY26JAN63900CE,CE,63900,2026-01-27,13611266,30,NFO,8
BANKNIFTY,BANKNIFTY26JAN63900PE,PE,63900,2026-01-27,13611522,30,NFO,8
BANKNIFTY,BANKNIFTY26JAN64000CE,CE,64000,2026-01-27,13611778,30,NFO,8
BANKNIFTY,BANKNIFTY26JAN64000PE,PE,64000,2026-01-27,13612034,30,NFO,8
BANKNIFTY,BANKNIFTY26JAN64100CE,CE,64100,2026-01-27,13612290,30,NFO,8
BANKNIFTY,BANKNIFTY26JAN64100PE,PE,64100,2026-01-27,13612546,30,NFO,8
BANKNIFTY,BANKNIFTY26JAN64200CE,CE,64200,2026-01-27,13612802,30,NFO,8
BANKNIFTY,BANKNIFTY26JAN64200PE,PE,64200,2026-01-27,13613058,30,NFO,8
BANKNIFTY,BANKNIFTY26JAN64300CE,CE,64300,2026-01-27,13615362,30,NFO,8
BANKNIFTY,BANKNIFTY26JAN64300PE,PE,64300,2026-01-27,13615618,30,NFO,8
BANKNIFTY,BANKNIFTY26JAN64400CE,CE,64400,2026-01-27,13615874,30,NFO,8
BANKNIFTY,BANKNIFTY26JAN64400PE,PE,64400,2026-01-27,13616130,30,NFO,8
BANKNIFTY,BANKNIFTY26JAN64500CE,CE,64500,2026-01-27,13616386,30,NFO,8
BANKNIFTY,BANKNIFTY26JAN64500PE,PE,64500,2026-01-27,13616642,30,NFO,8
BANKNIFTY,BANKNIFTY26JAN64600CE,CE,64600,2026-01-27,13617154,30,NFO,8
BANKNIFTY,BANKNIFTY26JAN64600PE,PE,64600,2026-01-27,13617410,30,NFO,8
BANKNIFTY,BANKNIFTY26JAN64700CE,CE,64700,2026-01-27,13618946,30,NFO,8
BANKNIFTY,BANKNIFTY26JAN64700PE,PE,64700,2026-01-27,13619202,30,NFO,8
BANKNIFTY,BANKNIFTY26JAN64800CE,CE,64800,2026-01-27,13619970,30,NFO,8
BANKNIFTY,BANKNIFTY26JAN64800PE,PE,64800,2026-01-27,13620226,30,NFO,8
BANKNIFTY,BANKNIFTY26JAN64900CE,CE,64900,2026-01-27,13620482,30,NFO,8
BANKNIFTY,BANKNIFTY26JAN64900PE,PE,64900,2026-01-27,13620738,30,NFO,8
BANKNIFTY,BANKNIFTY26JAN65000CE,CE,65000,2026-01-27,13626882,30,NFO,8
BANKNIFTY,BANKNIFTY26JAN65000PE,PE,65000,2026-01-27,13627138,30,NFO,8
BANKNIFTY,BANKNIFTY26JAN65100CE,CE,65100,2026-01-27,13627394,30,NFO,8
BANKNIFTY,BANKNIFTY26JAN65100PE,PE,65100,2026-01-27,13627650,30,NFO,8
BANKNIFTY,BANKNIFTY26JAN65200CE,CE,65200,2026-01-27,13627906,30,NFO,8
BANKNIFTY,BANKNIFTY26JAN65200PE,PE,65200,2026-01-27,13628674,30,NFO,8
BANKNIFTY,BANKNIFTY26JAN65500CE,CE,65500,2026-01-27,13636098,30,NFO,8
BANKNIFTY,BANKNIFTY26JAN65500PE,PE,65500,2026-01-27,13636354,30,NFO,8
BANKNIFTY,BANKNIFTY26JAN66000CE,CE,66000,2026-01-27,13660674,30,NFO,8
BANKNIFTY,BANKNIFTY26JAN66000PE,PE,66000,2026-01-27,13660930,30,NFO,8
BANKNIFTY,BANKNIFTY26JAN66500CE,CE,66500,2026-01-27,13690114,30,NFO,8
BANKNIFTY,BANKNIFTY26JAN66500PE,PE,66500,2026-01-27,13693954,30,NFO,8
BANKNIFTY,BANKNIFTY26JAN67000CE,CE,67000,2026-01-27,13749762,30,NFO,8
BANKNIFTY,BANKNIFTY26JAN67000PE,PE,67000,2026-01-27,13750018,30,NFO,8
BANKNIFTY,BANKNIFTY26JAN67500CE,CE,67500,2026-01-27,13760002,30,NFO,8
BANKNIFTY,BANKNIFTY26JAN67500PE,PE,67500,2026-01-27,13760258,30,NFO,8
BANKNIFTY,BANKNIFTY26FEB51500CE,CE,51500,2026-02-24,15327234,30,NFO,36
BANKNIFTY,BANKNIFTY26FEB51500PE,PE,51500,2026-02-24,15327490,30,NFO,36
BANKNIFTY,BANKNIFTY26FEB52000CE,CE,52000,2026-02-24,15331074,30,NFO,36
BANKNIFTY,BANKNIFTY26FEB52000PE,PE,52000,2026-02-24,15331330,30,NFO,36
BANKNIFTY,BANKNIFTY26FEB52500CE,CE,52500,2026-02-24,15335938,30,NFO,36
BANKNIFTY,BANKNIFTY26FEB52500PE,PE,52500,2026-02-24,15336194,30,NFO,36
BANKNIFTY,BANKNIFTY26FEB53000CE,CE,53000,2026-02-24,15338498,30,NFO,36
BANKNIFTY,BANKNIFTY26FEB53000PE,PE,53000,2026-02-24,15338754,30,NFO,36
BANKNIFTY,BANKNIFTY26FEB53500CE,CE,53500,2026-02-24,15341058,30,NFO,36
BANKNIFTY,BANKNIFTY26FEB53500PE,PE,53500,2026-02-24,15341314,30,NFO,36
BANKNIFTY,BANKNIFTY26FEB53800CE,CE,53800,2026-02-24,15343106,30,NFO,36
BANKNIFTY,BANKNIFTY26FEB53800PE,PE,53800,2026-02-24,15343362,30,NFO,36
BANKNIFTY,BANKNIFTY26FEB53900CE,CE,53900,2026-02-24,15343618,30,NFO,36
BANKNIFTY,BANKNIFTY26FEB53900PE,PE,53900,2026-02-24,15343874,30,NFO,36
BANKNIFTY,BANKNIFTY26FEB54000CE,CE,54000,2026-02-24,15344130,30,NFO,36
BANKNIFTY,BANKNIFTY26FEB54000PE,PE,54000,2026-02-24,15344386,30,NFO,36
BANKNIFTY,BANKNIFTY26FEB54100CE,CE,54100,2026-02-24,15344642,30,NFO,36
BANKNIFTY,BANKNIFTY26FEB54100PE,PE,54100,2026-02-24,15344898,30,NFO,36
BANKNIFTY,BANKNIFTY26FEB54200CE,CE,54200,2026-02-24,15345154,30,NFO,36
BANKNIFTY,BANKNIFTY26FEB54200PE,PE,54200,2026-02-24,15345410,30,NFO,36
BANKNIFTY,BANKNIFTY26FEB54300CE,CE,54300,2026-02-24,15345666,30,NFO,36
BANKNIFTY,BANKNIFTY26FEB54300PE,PE,54300,2026-02-24,15345922,30,NFO,36
BANKNIFTY,BANKNIFTY26FEB54400CE,CE,54400,2026-02-24,15346178,30,NFO,36
BANKNIFTY,BANKNIFTY26FEB54400PE,PE,54400,2026-02-24,15346434,30,NFO,36
BANKNIFTY,BANKNIFTY26FEB54500CE,CE,54500,2026-02-24,15346690,30,NFO,36
BANKNIFTY,BANKNIFTY26FEB54500PE,PE,54500,2026-02-24,15347458,30,NFO,36
BANKNIFTY,BANKNIFTY26FEB54600CE,CE,54600,2026-02-24,15347714,30,NFO,36
BANKNIFTY,BANKNIFTY26FEB54600PE,PE,54600,2026-02-24,15347970,30,NFO,36
BANKNIFTY,BANKNIFTY26FEB54700CE,CE,54700,2026-02-24,15348482,30,NFO,36
BANKNIFTY,BANKNIFTY26FEB54700PE,PE,54700,2026-02-24,15348738,30,NFO,36
BANKNIFTY,BANKNIFTY26FEB54800CE,CE,54800,2026-02-24,15348994,30,NFO,36
BANKNIFTY,BANKNIFTY26FEB54800PE,PE,54800,2026-02-24,15349250,30,NFO,36
BANKNIFTY,BANKNIFTY26FEB54900CE,CE,54900,2026-02-24,15351298,30,NFO,36
BANKNIFTY,BANKNIFTY26FEB54900PE,PE,54900,2026-02-24,15351554,30,NFO,36
BANKNIFTY,BANKNIFTY26FEB55000CE,CE,55000,2026-02-24,15351810,30,NFO,36
BANKNIFTY,BANKNIFTY26FEB55000PE,PE,55000,2026-02-24,15352066,30,NFO,36
BANKNIFTY,BANKNIFTY26FEB55100CE,CE,55100,2026-02-24,15352322,30,NFO,36
BANKNIFTY,BANKNIFTY26FEB55100PE,PE,55100,2026-02-24,15352578,30,NFO,36
BANKNIFTY,BANKNIFTY26FEB55200CE,CE,55200,2026-02-24,15352834,30,NFO,36
BANKNIFTY,BANKNIFTY26FEB55200PE,PE,55200,2026-02-24,15353090,30,NFO,36
BANKNIFTY,BANKNIFTY26FEB55300CE,CE,55300,2026-02-24,15353346,30,NFO,36
BANKNIFTY,BANKNIFTY26FEB55300PE,PE,55300,2026-02-24,15353602,30,NFO,36
BANKNIFTY,BANKNIFTY26FEB55400CE,CE,55400,2026-02-24,15354114,30,NFO,36
BANKNIFTY,BANKNIFTY26FEB55400PE,PE,55400,2026-02-24,15354370,30,NFO,36
BANKNIFTY,BANKNIFTY26FEB55500CE,CE,55500,2026-02-24,15354626,30,NFO,36
BANKNIFTY,BANKNIFTY26FEB55500PE,PE,55500,2026-02-24,15354882,30,NFO,36
BANKNIFTY,BANKNIFTY26FEB55600CE,CE,55600,2026-02-24,15355138,30,NFO,36
BANKNIFTY,BANKNIFTY26FEB55600PE,PE,55600,2026-02-24,15355394,30,NFO,36
BANKNIFTY,BANKNIFTY26FEB55700CE,CE,55700,2026-02-24,15355650,30,NFO,36
BANKNIFTY,BANKNIFTY26FEB55700PE,PE,55700,2026-02-24,15355906,30,NFO,36
BANKNIFTY,BANKNIFTY26FEB55800CE,CE,55800,2026-02-24,15356162,30,NFO,36
BANKNIFTY,BANKNIFTY26FEB55800PE,PE,55800,2026-02-24,15356418,30,NFO,36
BANKNIFTY,BANKNIFTY26FEB55900CE,CE,55900,2026-02-24,15357186,30,NFO,36
BANKNIFTY,BANKNIFTY26FEB55900PE,PE,55900,2026-02-24,15357442,30,NFO,36
BANKNIFTY,BANKNIFTY26FEB56000CE,CE,56000,2026-02-24,15358466,30,NFO,36
BANKNIFTY,BANKNIFTY26FEB56000PE,PE,56000,2026-02-24,15359746,30,NFO,36
BANKNIFTY,BANKNIFTY26FEB56100CE,CE,56100,2026-02-24,15360002,30,NFO,36
BANKNIFTY,BANKNIFTY26FEB56100PE,PE,56100,2026-02-24,15360770,30,NFO,36
BANKNIFTY,BANKNIFTY26FEB56200CE,CE,56200,2026-02-24,15361282,30,NFO,36
BANKNIFTY,BANKNIFTY26FEB56200PE,PE,56200,2026-02-24,15361794,30,NFO,36
BANKNIFTY,BANKNIFTY26FEB56300CE,CE,56300,2026-02-24,15364610,30,NFO,36
BANKNIFTY,BANKNIFTY26FEB56300PE,PE,56300,2026-02-24,15364866,30,NFO,36
BANKNIFTY,BANKNIFTY26FEB56400CE,CE,56400,2026-02-24,15365122,30,NFO,36
BANKNIFTY,BANKNIFTY26FEB56400PE,PE,56400,2026-02-24,15365378,30,NFO,36
BANKNIFTY,BANKNIFTY26FEB56500CE,CE,56500,2026-02-24,15365890,30,NFO,36
BANKNIFTY,BANKNIFTY26FEB56500PE,PE,56500,2026-02-24,15366146,30,NFO,36
BANKNIFTY,BANKNIFTY26FEB56600CE,CE,56600,2026-02-24,15366402,30,NFO,36
BANKNIFTY,BANKNIFTY26FEB56600PE,PE,56600,2026-02-24,15366658,30,NFO,36
BANKNIFTY,BANKNIFTY26FEB56700CE,CE,56700,2026-02-24,15366914,30,NFO,36
BANKNIFTY,BANKNIFTY26FEB56700PE,PE,56700,2026-02-24,15367170,30,NFO,36
BANKNIFTY,BANKNIFTY26FEB56800CE,CE,56800,2026-02-24,15367426,30,NFO,36
BANKNIFTY,BANKNIFTY26FEB56800PE,PE,56800,2026-02-24,15367682,30,NFO,36
BANKNIFTY,BANKNIFTY26FEB56900CE,CE,56900,2026-02-24,15367938,30,NFO,36
BANKNIFTY,BANKNIFTY26FEB56900PE,PE,56900,2026-02-24,15368194,30,NFO,36
BANKNIFTY,BANKNIFTY26FEB57000CE,CE,57000,2026-02-24,15368450,30,NFO,36
BANKNIFTY,BANKNIFTY26FEB57000PE,PE,57000,2026-02-24,15368706,30,NFO,36
BANKNIFTY,BANKNIFTY26FEB57100CE,CE,57100,2026-02-24,15369986,30,NFO,36
BANKNIFTY,BANKNIFTY26FEB57100PE,PE,57100,2026-02-24,15370242,30,NFO,36
BANKNIFTY,BANKNIFTY26FEB57200CE,CE,57200,2026-02-24,15370498,30,NFO,36
BANKNIFTY,BANKNIFTY26FEB57200PE,PE,57200,2026-02-24,15370754,30,NFO,36
BANKNIFTY,BANKNIFTY26FEB57300CE,CE,57300,2026-02-24,15371522,30,NFO,36
BANKNIFTY,BANKNIFTY26FEB57300PE,PE,57300,2026-02-24,15371778,30,NFO,36
BANKNIFTY,BANKNIFTY26FEB57400CE,CE,57400,2026-02-24,15372034,30,NFO,36
BANKNIFTY,BANKNIFTY26FEB57400PE,PE,57400,2026-02-24,15372290,30,NFO,36
BANKNIFTY,BANKNIFTY26FEB57500CE,CE,57500,2026-02-24,15373570,30,NFO,36
BANKNIFTY,BANKNIFTY26FEB57500PE,PE,57500,2026-02-24,15373826,30,NFO,36
BANKNIFTY,BANKNIFTY26FEB57600CE,CE,57600,2026-02-24,15374082,30,NFO,36
BANKNIFTY,BANKNIFTY26FEB57600PE,PE,57600,2026-02-24,15374338,30,NFO,36
BANKNIFTY,BANKNIFTY26FEB57700CE,CE,57700,2026-02-24,15374594,30,NFO,36
BANKNIFTY,BANKNIFTY26FEB57700PE,PE,57700,2026-02-24,15374850,30,NFO,36
BANKNIFTY,BANKNIFTY26FEB57800CE,CE,57800,2026-02-24,15375362,30,NFO,36
BANKNIFTY,BANKNIFTY26FEB57800PE,PE,57800,2026-02-24,15375874,30,NFO,36
BANKNIFTY,BANKNIFTY26FEB57900CE,CE,57900,2026-02-24,15376130,30,NFO,36
BANKNIFTY,BANKNIFTY26FEB57900PE,PE,57900,2026-02-24,15376386,30,NFO,36
BANKNIFTY,BANKNIFTY26FEB58000CE,CE,58000,2026-02-24,15376642,30,NFO,36
BANKNIFTY,BANKNIFTY26FEB58000PE,PE,58000,2026-02-24,15376898,30,NFO,36
BANKNIFTY,BANKNIFTY26FEB58100CE,CE,58100,2026-02-24,15378178,30,NFO,36
BANKNIFTY,BANKNIFTY26FEB58100PE,PE,58100,2026-02-24,15378434,30,NFO,36
BANKNIFTY,BANKNIFTY26FEB58200CE,CE,58200,2026-02-24,15378690,30,NFO,36
BANKNIFTY,BANKNIFTY26FEB58200PE,PE,58200,2026-02-24,15378946,30,NFO,36
BANKNIFTY,BANKNIFTY26FEB58300CE,CE,58300,2026-02-24,15380226,30,NFO,36
BANKNIFTY,BANKNIFTY26FEB58300PE,PE,58300,2026-02-24,15380482,30,NFO,36
BANKNIFTY,BANKNIFTY26FEB58400CE,CE,58400,2026-02-24,15380738,30,NFO,36
BANKNIFTY,BANKNIFTY26FEB58400PE,PE,58400,2026-02-24,15380994,30,NFO,36
BANKNIFTY,BANKNIFTY26FEB58500CE,CE,58500,2026-02-24,15381250,30,NFO,36
BANKNIFTY,BANKNIFTY26FEB58500PE,PE,58500,2026-02-24,15381506,30,NFO,36
BANKNIFTY,BANKNIFTY26FEB58600CE,CE,58600,2026-02-24,15383042,30,NFO,36
BANKNIFTY,BANKNIFTY26FEB58600PE,PE,58600,2026-02-24,15383298,30,NFO,36
BANKNIFTY,BANKNIFTY26FEB58700CE,CE,58700,2026-02-24,15383554,30,NFO,36
BANKNIFTY,BANKNIFTY26FEB58700PE,PE,58700,2026-02-24,15383810,30,NFO,36
BANKNIFTY,BANKNIFTY26FEB58800CE,CE,58800,2026-02-24,15384066,30,NFO,36
BANKNIFTY,BANKNIFTY26FEB58800PE,PE,58800,2026-02-24,15408130,30,NFO,36
BANKNIFTY,BANKNIFTY26FEB58900CE,CE,58900,2026-02-24,15411458,30,NFO,36
BANKNIFTY,BANKNIFTY26FEB58900PE,PE,58900,2026-02-24,15412994,30,NFO,36
BANKNIFTY,BANKNIFTY26FEB59000CE,CE,59000,2026-02-24,15413250,30,NFO,36
BANKNIFTY,BANKNIFTY26FEB59000PE,PE,59000,2026-02-24,15413506,30,NFO,36
BANKNIFTY,BANKNIFTY26FEB59100CE,CE,59100,2026-02-24,15413762,30,NFO,36
BANKNIFTY,BANKNIFTY26FEB59100PE,PE,59100,2026-02-24,15414018,30,NFO,36
BANKNIFTY,BANKNIFTY26FEB59200CE,CE,59200,2026-02-24,15414274,30,NFO,36
BANKNIFTY,BANKNIFTY26FEB59200PE,PE,59200,2026-02-24,15414530,30,NFO,36
BANKNIFTY,BANKNIFTY26FEB59300CE,CE,59300,2026-02-24,15415554,30,NFO,36
BANKNIFTY,BANKNIFTY26FEB59300PE,PE,59300,2026-02-24,15417346,30,NFO,36
BANKNIFTY,BANKNIFTY26FEB59400CE,CE,59400,2026-02-24,15417602,30,NFO,36
BANKNIFTY,BANKNIFTY26FEB59400PE,PE,59400,2026-02-24,15418370,30,NFO,36
BANKNIFTY,BANKNIFTY26FEB59500CE,CE,59500,2026-02-24,15418626,30,NFO,36
BANKNIFTY,BANKNIFTY26FEB59500PE,PE,59500,2026-02-24,15418882,30,NFO,36
BANKNIFTY,BANKNIFTY26FEB59600CE,CE,59600,2026-02-24,15419650,30,NFO,36
BANKNIFTY,BANKNIFTY26FEB59600PE,PE,59600,2026-02-24,15419906,30,NFO,36
BANKNIFTY,BANKNIFTY26FEB59700CE,CE,59700,2026-02-24,15420674,30,NFO,36
BANKNIFTY,BANKNIFTY26FEB59700PE,PE,59700,2026-02-24,15420930,30,NFO,36
BANKNIFTY,BANKNIFTY26FEB59800CE,CE,59800,2026-02-24,15421186,30,NFO,36
BANKNIFTY,BANKNIFTY26FEB59800PE,PE,59800,2026-02-24,15421442,30,NFO,36
BANKNIFTY,BANKNIFTY26FEB59900CE,CE,59900,2026-02-24,15421698,30,NFO,36
BANKNIFTY,BANKNIFTY26FEB59900PE,PE,59900,2026-02-24,15421954,30,NFO,36
BANKNIFTY,BANKNIFTY26FEB60000CE,CE,60000,2026-02-24,15422210,30,NFO,36
BANKNIFTY,BANKNIFTY26FEB60000PE,PE,60000,2026-02-24,15422466,30,NFO,36
BANKNIFTY,BANKNIFTY26FEB60100CE,CE,60100,2026-02-24,15422722,30,NFO,36
BANKNIFTY,BANKNIFTY26FEB60100PE,PE,60100,2026-02-24,15422978,30,NFO,36
BANKNIFTY,BANKNIFTY26FEB60200CE,CE,60200,2026-02-24,15423234,30,NFO,36
BANKNIFTY,BANKNIFTY26FEB60200PE,PE,60200,2026-02-24,15423490,30,NFO,36
BANKNIFTY,BANKNIFTY26FEB60300CE,CE,60300,2026-02-24,15423746,30,NFO,36
BANKNIFTY,BANKNIFTY26FEB60300PE,PE,60300,2026-02-24,15424002,30,NFO,36
BANKNIFTY,BANKNIFTY26FEB60400CE,CE,60400,2026-02-24,15424258,30,NFO,36
BANKNIFTY,BANKNIFTY26FEB60400PE,PE,60400,2026-02-24,15424514,30,NFO,36
BANKNIFTY,BANKNIFTY26FEB60500CE,CE,60500,2026-02-24,15424770,30,NFO,36
BANKNIFTY,BANKNIFTY26FEB60500PE,PE,60500,2026-02-24,15425026,30,NFO,36
BANKNIFTY,BANKNIFTY26FEB60600CE,CE,60600,2026-02-24,15425282,30,NFO,36
BANKNIFTY,BANKNIFTY26FEB60600PE,PE,60600,2026-02-24,15425538,30,NFO,36
BANKNIFTY,BANKNIFTY26FEB60700CE,CE,60700,2026-02-24,15425794,30,NFO,36
BANKNIFTY,BANKNIFTY26FEB60700PE,PE,60700,2026-02-24,15426050,30,NFO,36
BANKNIFTY,BANKNIFTY26FEB60800CE,CE,60800,2026-02-24,15427074,30,NFO,36
BANKNIFTY,BANKNIFTY26FEB60800PE,PE,60800,2026-02-24,15427330,30,NFO,36
BANKNIFTY,BANKNIFTY26FEB60900PE,PE,60900,2026-02-24,15428354,30,NFO,36
BANKNIFTY,BANKNIFTY26FEB60900CE,CE,60900,2026-02-24,15427842,30,NFO,36
BANKNIFTY,BANKNIFTY26FEB61000CE,CE,61000,2026-02-24,15428610,30,NFO,36
BANKNIFTY,BANKNIFTY26FEB61000PE,PE,61000,2026-02-24,15428866,30,NFO,36
BANKNIFTY,BANKNIFTY26FEB61100CE,CE,61100,2026-02-24,15429122,30,NFO,36
BANKNIFTY,BANKNIFTY26FEB61100PE,PE,61100,2026-02-24,15429634,30,NFO,36
BANKNIFTY,BANKNIFTY26FEB61200CE,CE,61200,2026-02-24,15429890,30,NFO,36
BANKNIFTY,BANKNIFTY26FEB61200PE,PE,61200,2026-02-24,15432706,30,NFO,36
BANKNIFTY,BANKNIFTY26FEB61300CE,CE,61300,2026-02-24,15432962,30,NFO,36
BANKNIFTY,BANKNIFTY26FEB61300PE,PE,61300,2026-02-24,15433730,30,NFO,36
BANKNIFTY,BANKNIFTY26FEB61400CE,CE,61400,2026-02-24,15433986,30,NFO,36
BANKNIFTY,BANKNIFTY26FEB61400PE,PE,61400,2026-02-24,15444226,30,NFO,36
BANKNIFTY,BANKNIFTY26FEB61500CE,CE,61500,2026-02-24,15444482,30,NFO,36
BANKNIFTY,BANKNIFTY26FEB61500PE,PE,61500,2026-02-24,15447810,30,NFO,36
BANKNIFTY,BANKNIFTY26FEB61600CE,CE,61600,2026-02-24,15448066,30,NFO,36
BANKNIFTY,BANKNIFTY26FEB61600PE,PE,61600,2026-02-24,15449346,30,NFO,36
BANKNIFTY,BANKNIFTY26FEB61700CE,CE,61700,2026-02-24,15450114,30,NFO,36
BANKNIFTY,BANKNIFTY26FEB61700PE,PE,61700,2026-02-24,15450626,30,NFO,36
BANKNIFTY,BANKNIFTY26FEB61800CE,CE,61800,2026-02-24,15450882,30,NFO,36
BANKNIFTY,BANKNIFTY26FEB61800PE,PE,61800,2026-02-24,15452162,30,NFO,36
BANKNIFTY,BANKNIFTY26FEB61900CE,CE,61900,2026-02-24,15452418,30,NFO,36
BANKNIFTY,BANKNIFTY26FEB61900PE,PE,61900,2026-02-24,15453186,30,NFO,36
BANKNIFTY,BANKNIFTY26FEB62000CE,CE,62000,2026-02-24,15453442,30,NFO,36
BANKNIFTY,BANKNIFTY26FEB62000PE,PE,62000,2026-02-24,15453698,30,NFO,36
BANKNIFTY,BANKNIFTY26FEB62100CE,CE,62100,2026-02-24,15453954,30,NFO,36
BANKNIFTY,BANKNIFTY26FEB62100PE,PE,62100,2026-02-24,15454210,30,NFO,36
BANKNIFTY,BANKNIFTY26FEB62200CE,CE,62200,2026-02-24,15454466,30,NFO,36
BANKNIFTY,BANKNIFTY26FEB62200PE,PE,62200,2026-02-24,15454722,30,NFO,36
BANKNIFTY,BANKNIFTY26FEB62300CE,CE,62300,2026-02-24,15454978,30,NFO,36
BANKNIFTY,BANKNIFTY26FEB62300PE,PE,62300,2026-02-24,15456002,30,NFO,36
BANKNIFTY,BANKNIFTY26FEB62400CE,CE,62400,2026-02-24,15456258,30,NFO,36
BANKNIFTY,BANKNIFTY26FEB62400PE,PE,62400,2026-02-24,15456770,30,NFO,36
BANKNIFTY,BANKNIFTY26FEB62500CE,CE,62500,2026-02-24,15457026,30,NFO,36
BANKNIFTY,BANKNIFTY26FEB62500PE,PE,62500,2026-02-24,15457282,30,NFO,36
BANKNIFTY,BANKNIFTY26FEB62600CE,CE,62600,2026-02-24,15458562,30,NFO,36
BANKNIFTY,BANKNIFTY26FEB62600PE,PE,62600,2026-02-24,15458818,30,NFO,36
BANKNIFTY,BANKNIFTY26FEB62700CE,CE,62700,2026-02-24,15459074,30,NFO,36
BANKNIFTY,BANKNIFTY26FEB62700PE,PE,62700,2026-02-24,15459330,30,NFO,36
BANKNIFTY,BANKNIFTY26FEB62800CE,CE,62800,2026-02-24,15459586,30,NFO,36
BANKNIFTY,BANKNIFTY26FEB62800PE,PE,62800,2026-02-24,15460610,30,NFO,36
BANKNIFTY,BANKNIFTY26FEB62900CE,CE,62900,2026-02-24,15460866,30,NFO,36
BANKNIFTY,BANKNIFTY26FEB62900PE,PE,62900,2026-02-24,15461122,30,NFO,36
BANKNIFTY,BANKNIFTY26FEB63000CE,CE,63000,2026-02-24,15461378,30,NFO,36
BANKNIFTY,BANKNIFTY26FEB63000PE,PE,63000,2026-02-24,15461634,30,NFO,36
BANKNIFTY,BANKNIFTY26FEB63100CE,CE,63100,2026-02-24,15462146,30,NFO,36
BANKNIFTY,BANKNIFTY26FEB63100PE,PE,63100,2026-02-24,15462402,30,NFO,36
BANKNIFTY,BANKNIFTY26FEB63200CE,CE,63200,2026-02-24,15463170,30,NFO,36
BANKNIFTY,BANKNIFTY26FEB63200PE,PE,63200,2026-02-24,15463426,30,NFO,36
BANKNIFTY,BANKNIFTY26FEB63300CE,CE,63300,2026-02-24,15463682,30,NFO,36
BANKNIFTY,BANKNIFTY26FEB63300PE,PE,63300,2026-02-24,15464194,30,NFO,36
BANKNIFTY,BANKNIFTY26FEB63400CE,CE,63400,2026-02-24,15464450,30,NFO,36
BANKNIFTY,BANKNIFTY26FEB63400PE,PE,63400,2026-02-24,15464706,30,NFO,36
BANKNIFTY,BANKNIFTY26FEB63500CE,CE,63500,2026-02-24,15464962,30,NFO,36
BANKNIFTY,BANKNIFTY26FEB63500PE,PE,63500,2026-02-24,15465218,30,NFO,36
BANKNIFTY,BANKNIFTY26FEB63600CE,CE,63600,2026-02-24,15465474,30,NFO,36
BANKNIFTY,BANKNIFTY26FEB63600PE,PE,63600,2026-02-24,15465730,30,NFO,36
BANKNIFTY,BANKNIFTY26FEB63700CE,CE,63700,2026-02-24,15465986,30,NFO,36
BANKNIFTY,BANKNIFTY26FEB63700PE,PE,63700,2026-02-24,15466242,30,NFO,36
BANKNIFTY,BANKNIFTY26FEB63800CE,CE,63800,2026-02-24,15466498,30,NFO,36
BANKNIFTY,BANKNIFTY26FEB63800PE,PE,63800,2026-02-24,15466754,30,NFO,36
BANKNIFTY,BANKNIFTY26FEB63900CE,CE,63900,2026-02-24,15467010,30,NFO,36
BANKNIFTY,BANKNIFTY26FEB63900PE,PE,63900,2026-02-24,15467266,30,NFO,36
BANKNIFTY,BANKNIFTY26FEB64000CE,CE,64000,2026-02-24,15467522,30,NFO,36
BANKNIFTY,BANKNIFTY26FEB64000PE,PE,64000,2026-02-24,15467778,30,NFO,36
BANKNIFTY,BANKNIFTY26FEB64100CE,CE,64100,2026-02-24,15468034,30,NFO,36
BANKNIFTY,BANKNIFTY26FEB64100PE,PE,64100,2026-02-24,15468290,30,NFO,36
BANKNIFTY,BANKNIFTY26FEB64200CE,CE,64200,2026-02-24,15468546,30,NFO,36
BANKNIFTY,BANKNIFTY26FEB64200PE,PE,64200,2026-02-24,15468802,30,NFO,36
BANKNIFTY,BANKNIFTY26FEB64300CE,CE,64300,2026-02-24,15469058,30,NFO,36
BANKNIFTY,BANKNIFTY26FEB64300PE,PE,64300,2026-02-24,15469570,30,NFO,36
BANKNIFTY,BANKNIFTY26FEB64400CE,CE,64400,2026-02-24,15469826,30,NFO,36
BANKNIFTY,BANKNIFTY26FEB64400PE,PE,64400,2026-02-24,15470082,30,NFO,36
BANKNIFTY,BANKNIFTY26FEB64500CE,CE,64500,2026-02-24,15470338,30,NFO,36
BANKNIFTY,BANKNIFTY26FEB64500PE,PE,64500,2026-02-24,15470594,30,NFO,36
BANKNIFTY,BANKNIFTY26FEB64600CE,CE,64600,2026-02-24,15470850,30,NFO,36
BANKNIFTY,BANKNIFTY26FEB64600PE,PE,64600,2026-02-24,15471106,30,NFO,36
BANKNIFTY,BANKNIFTY26FEB64700CE,CE,64700,2026-02-24,15471362,30,NFO,36
BANKNIFTY,BANKNIFTY26FEB64700PE,PE,64700,2026-02-24,15471618,30,NFO,36
BANKNIFTY,BANKNIFTY26FEB64800CE,CE,64800,2026-02-24,15471874,30,NFO,36
BANKNIFTY,BANKNIFTY26FEB64800PE,PE,64800,2026-02-24,15472130,30,NFO,36
BANKNIFTY,BANKNIFTY26FEB64900CE,CE,64900,2026-02-24,15472386,30,NFO,36
BANKNIFTY,BANKNIFTY26FEB64900PE,PE,64900,2026-02-24,15473666,30,NFO,36
BANKNIFTY,BANKNIFTY26FEB65000CE,CE,65000,2026-02-24,15473922,30,NFO,36
BANKNIFTY,BANKNIFTY26FEB65000PE,PE,65000,2026-02-24,15474178,30,NFO,36
BANKNIFTY,BANKNIFTY26FEB65100CE,CE,65100,2026-02-24,15474434,30,NFO,36
BANKNIFTY,BANKNIFTY26FEB65100PE,PE,65100,2026-02-24,15474690,30,NFO,36
BANKNIFTY,BANKNIFTY26FEB65200CE,CE,65200,2026-02-24,15474946,30,NFO,36
BANKNIFTY,BANKNIFTY26FEB65200PE,PE,65200,2026-02-24,15477250,30,NFO,36
BANKNIFTY,BANKNIFTY26FEB65500CE,CE,65500,2026-02-24,15480834,30,NFO,36
BANKNIFTY,BANKNIFTY26FEB65500PE,PE,65500,2026-02-24,15481090,30,NFO,36
BANKNIFTY,BANKNIFTY26FEB66000CE,CE,66000,2026-02-24,15493378,30,NFO,36
BANKNIFTY,BANKNIFTY26FEB66000PE,PE,66000,2026-02-24,15493634,30,NFO,36
BANKNIFTY,BANKNIFTY26FEB66500CE,CE,66500,2026-02-24,15495938,30,NFO,36
BANKNIFTY,BANKNIFTY26FEB66500PE,PE,66500,2026-02-24,15496194,30,NFO,36
BANKNIFTY,BANKNIFTY26FEB67000CE,CE,67000,2026-02-24,15498498,30,NFO,36
BANKNIFTY,BANKNIFTY26FEB67000PE,PE,67000,2026-02-24,15498754,30,NFO,36
BANKNIFTY,BANKNIFTY26FEB67500CE,CE,67500,2026-02-24,15502594,30,NFO,36
BANKNIFTY,BANKNIFTY26FEB67500PE,PE,67500,2026-02-24,15502850,30,NFO,36
BANKNIFTY,BANKNIFTY26MAR46500CE,CE,46500,2026-03-30,14979074,30,NFO,70
BANKNIFTY,BANKNIFTY26MAR46500PE,PE,46500,2026-03-30,14979330,30,NFO,70
BANKNIFTY,BANKNIFTY26MAR48000CE,CE,48000,2026-03-30,14979586,30,NFO,70
BANKNIFTY,BANKNIFTY26MAR48000PE,PE,48000,2026-03-30,14979842,30,NFO,70
BANKNIFTY,BANKNIFTY26MAR49500CE,CE,49500,2026-03-30,14980098,30,NFO,70
BANKNIFTY,BANKNIFTY26MAR49500PE,PE,49500,2026-03-30,14980354,30,NFO,70
BANKNIFTY,BANKNIFTY26MAR51000CE,CE,51000,2026-03-30,14980610,30,NFO,70
BANKNIFTY,BANKNIFTY26MAR51000PE,PE,51000,2026-03-30,14982914,30,NFO,70
BANKNIFTY,BANKNIFTY26MAR51500CE,CE,51500,2026-03-30,13403138,30,NFO,70
BANKNIFTY,BANKNIFTY26MAR51500PE,PE,51500,2026-03-30,13403394,30,NFO,70
BANKNIFTY,BANKNIFTY26MAR52000CE,CE,52000,2026-03-30,13408514,30,NFO,70
BANKNIFTY,BANKNIFTY26MAR52000PE,PE,52000,2026-03-30,13409026,30,NFO,70
BANKNIFTY,BANKNIFTY26MAR52500CE,CE,52500,2026-03-30,14984194,30,NFO,70
BANKNIFTY,BANKNIFTY26MAR52500PE,PE,52500,2026-03-30,14984450,30,NFO,70
BANKNIFTY,BANKNIFTY26MAR53000CE,CE,53000,2026-03-30,13414402,30,NFO,70
BANKNIFTY,BANKNIFTY26MAR53000PE,PE,53000,2026-03-30,13414658,30,NFO,70
BANKNIFTY,BANKNIFTY26MAR53500CE,CE,53500,2026-03-30,13417986,30,NFO,70
BANKNIFTY,BANKNIFTY26MAR53500PE,PE,53500,2026-03-30,13418242,30,NFO,70
BANKNIFTY,BANKNIFTY26MAR54000CE,CE,54000,2026-03-30,14984706,30,NFO,70
BANKNIFTY,BANKNIFTY26MAR54000PE,PE,54000,2026-03-30,14984962,30,NFO,70
BANKNIFTY,BANKNIFTY26MAR54200CE,CE,54200,2026-03-30,13423362,30,NFO,70
BANKNIFTY,BANKNIFTY26MAR54200PE,PE,54200,2026-03-30,13423618,30,NFO,70
BANKNIFTY,BANKNIFTY26MAR54300CE,CE,54300,2026-03-30,13423874,30,NFO,70
BANKNIFTY,BANKNIFTY26MAR54300PE,PE,54300,2026-03-30,13424130,30,NFO,70
BANKNIFTY,BANKNIFTY26MAR54400CE,CE,54400,2026-03-30,13425666,30,NFO,70
BANKNIFTY,BANKNIFTY26MAR54400PE,PE,54400,2026-03-30,13425922,30,NFO,70
BANKNIFTY,BANKNIFTY26MAR54500CE,CE,54500,2026-03-30,13426178,30,NFO,70
BANKNIFTY,BANKNIFTY26MAR54500PE,PE,54500,2026-03-30,13426434,30,NFO,70
BANKNIFTY,BANKNIFTY26MAR54600CE,CE,54600,2026-03-30,13426690,30,NFO,70
BANKNIFTY,BANKNIFTY26MAR54600PE,PE,54600,2026-03-30,13426946,30,NFO,70
BANKNIFTY,BANKNIFTY26MAR54700CE,CE,54700,2026-03-30,13427202,30,NFO,70
BANKNIFTY,BANKNIFTY26MAR54700PE,PE,54700,2026-03-30,13427458,30,NFO,70
BANKNIFTY,BANKNIFTY26MAR54800CE,CE,54800,2026-03-30,13427714,30,NFO,70
BANKNIFTY,BANKNIFTY26MAR54800PE,PE,54800,2026-03-30,13427970,30,NFO,70
BANKNIFTY,BANKNIFTY26MAR54900CE,CE,54900,2026-03-30,13428226,30,NFO,70
BANKNIFTY,BANKNIFTY26MAR54900PE,PE,54900,2026-03-30,13428482,30,NFO,70
BANKNIFTY,BANKNIFTY26MAR55000CE,CE,55000,2026-03-30,13428738,30,NFO,70
BANKNIFTY,BANKNIFTY26MAR55000PE,PE,55000,2026-03-30,13428994,30,NFO,70
BANKNIFTY,BANKNIFTY26MAR55100CE,CE,55100,2026-03-30,13429250,30,NFO,70
BANKNIFTY,BANKNIFTY26MAR55100PE,PE,55100,2026-03-30,13429506,30,NFO,70
BANKNIFTY,BANKNIFTY26MAR55200CE,CE,55200,2026-03-30,13429762,30,NFO,70
BANKNIFTY,BANKNIFTY26MAR55200PE,PE,55200,2026-03-30,13430018,30,NFO,70
BANKNIFTY,BANKNIFTY26MAR55300CE,CE,55300,2026-03-30,13430274,30,NFO,70
BANKNIFTY,BANKNIFTY26MAR55300PE,PE,55300,2026-03-30,13430530,30,NFO,70
BANKNIFTY,BANKNIFTY26MAR55400CE,CE,55400,2026-03-30,13430786,30,NFO,70
BANKNIFTY,BANKNIFTY26MAR55400PE,PE,55400,2026-03-30,13431042,30,NFO,70
BANKNIFTY,BANKNIFTY26MAR55500CE,CE,55500,2026-03-30,14988290,30,NFO,70
BANKNIFTY,BANKNIFTY26MAR55500PE,PE,55500,2026-03-30,15002114,30,NFO,70
BANKNIFTY,BANKNIFTY26MAR55600CE,CE,55600,2026-03-30,13431298,30,NFO,70
BANKNIFTY,BANKNIFTY26MAR55600PE,PE,55600,2026-03-30,13431554,30,NFO,70
BANKNIFTY,BANKNIFTY26MAR55700CE,CE,55700,2026-03-30,13431810,30,NFO,70
BANKNIFTY,BANKNIFTY26MAR55700PE,PE,55700,2026-03-30,13432066,30,NFO,70
BANKNIFTY,BANKNIFTY26MAR55800CE,CE,55800,2026-03-30,13432322,30,NFO,70
BANKNIFTY,BANKNIFTY26MAR55800PE,PE,55800,2026-03-30,13432578,30,NFO,70
BANKNIFTY,BANKNIFTY26MAR55900CE,CE,55900,2026-03-30,13432834,30,NFO,70
BANKNIFTY,BANKNIFTY26MAR55900PE,PE,55900,2026-03-30,13433090,30,NFO,70
BANKNIFTY,BANKNIFTY26MAR56000CE,CE,56000,2026-03-30,13433346,30,NFO,70
BANKNIFTY,BANKNIFTY26MAR56000PE,PE,56000,2026-03-30,13434114,30,NFO,70
BANKNIFTY,BANKNIFTY26MAR56100CE,CE,56100,2026-03-30,13434370,30,NFO,70
BANKNIFTY,BANKNIFTY26MAR56100PE,PE,56100,2026-03-30,13434626,30,NFO,70
BANKNIFTY,BANKNIFTY26MAR56200CE,CE,56200,2026-03-30,13434882,30,NFO,70
BANKNIFTY,BANKNIFTY26MAR56200PE,PE,56200,2026-03-30,13435138,30,NFO,70
BANKNIFTY,BANKNIFTY26MAR56300CE,CE,56300,2026-03-30,13436930,30,NFO,70
BANKNIFTY,BANKNIFTY26MAR56300PE,PE,56300,2026-03-30,13437186,30,NFO,70
BANKNIFTY,BANKNIFTY26MAR56400CE,CE,56400,2026-03-30,13437442,30,NFO,70
BANKNIFTY,BANKNIFTY26MAR56400PE,PE,56400,2026-03-30,13437698,30,NFO,70
BANKNIFTY,BANKNIFTY26MAR56500CE,CE,56500,2026-03-30,13437954,30,NFO,70
BANKNIFTY,BANKNIFTY26MAR56500PE,PE,56500,2026-03-30,13438210,30,NFO,70
BANKNIFTY,BANKNIFTY26MAR56600CE,CE,56600,2026-03-30,13438466,30,NFO,70
BANKNIFTY,BANKNIFTY26MAR56600PE,PE,56600,2026-03-30,13438722,30,NFO,70
BANKNIFTY,BANKNIFTY26MAR56700CE,CE,56700,2026-03-30,13438978,30,NFO,70
BANKNIFTY,BANKNIFTY26MAR56700PE,PE,56700,2026-03-30,13439234,30,NFO,70
BANKNIFTY,BANKNIFTY26MAR56800CE,CE,56800,2026-03-30,13439490,30,NFO,70
BANKNIFTY,BANKNIFTY26MAR56800PE,PE,56800,2026-03-30,13439746,30,NFO,70
BANKNIFTY,BANKNIFTY26MAR56900CE,CE,56900,2026-03-30,13440514,30,NFO,70
BANKNIFTY,BANKNIFTY26MAR56900PE,PE,56900,2026-03-30,13440770,30,NFO,70
BANKNIFTY,BANKNIFTY26MAR57000CE,CE,57000,2026-03-30,15003650,30,NFO,70
BANKNIFTY,BANKNIFTY26MAR57000PE,PE,57000,2026-03-30,15003906,30,NFO,70
BANKNIFTY,BANKNIFTY26MAR57100CE,CE,57100,2026-03-30,13441538,30,NFO,70
BANKNIFTY,BANKNIFTY26MAR57100PE,PE,57100,2026-03-30,13441794,30,NFO,70
BANKNIFTY,BANKNIFTY26MAR57200CE,CE,57200,2026-03-30,13442050,30,NFO,70
BANKNIFTY,BANKNIFTY26MAR57200PE,PE,57200,2026-03-30,13442306,30,NFO,70
BANKNIFTY,BANKNIFTY26MAR57300CE,CE,57300,2026-03-30,13442562,30,NFO,70
BANKNIFTY,BANKNIFTY26MAR57300PE,PE,57300,2026-03-30,13442818,30,NFO,70
BANKNIFTY,BANKNIFTY26MAR57400CE,CE,57400,2026-03-30,13443074,30,NFO,70
BANKNIFTY,BANKNIFTY26MAR57400PE,PE,57400,2026-03-30,13443330,30,NFO,70
BANKNIFTY,BANKNIFTY26MAR57500CE,CE,57500,2026-03-30,13443586,30,NFO,70
BANKNIFTY,BANKNIFTY26MAR57500PE,PE,57500,2026-03-30,13443842,30,NFO,70
BANKNIFTY,BANKNIFTY26MAR57600CE,CE,57600,2026-03-30,13444098,30,NFO,70
BANKNIFTY,BANKNIFTY26MAR57600PE,PE,57600,2026-03-30,13444354,30,NFO,70
BANKNIFTY,BANKNIFTY26MAR57700CE,CE,57700,2026-03-30,13444610,30,NFO,70
BANKNIFTY,BANKNIFTY26MAR57700PE,PE,57700,2026-03-30,13444866,30,NFO,70
BANKNIFTY,BANKNIFTY26MAR57800CE,CE,57800,2026-03-30,13445122,30,NFO,70
BANKNIFTY,BANKNIFTY26MAR57800PE,PE,57800,2026-03-30,13445378,30,NFO,70
BANKNIFTY,BANKNIFTY26MAR57900CE,CE,57900,2026-03-30,13446658,30,NFO,70
BANKNIFTY,BANKNIFTY26MAR57900PE,PE,57900,2026-03-30,13446914,30,NFO,70
BANKNIFTY,BANKNIFTY26MAR58000CE,CE,58000,2026-03-30,13447170,30,NFO,70
BANKNIFTY,BANKNIFTY26MAR58000PE,PE,58000,2026-03-30,13447426,30,NFO,70
BANKNIFTY,BANKNIFTY26MAR58100CE,CE,58100,2026-03-30,13447682,30,NFO,70
BANKNIFTY,BANKNIFTY26MAR58100PE,PE,58100,2026-03-30,13447938,30,NFO,70
BANKNIFTY,BANKNIFTY26MAR58200CE,CE,58200,2026-03-30,13448194,30,NFO,70
BANKNIFTY,BANKNIFTY26MAR58200PE,PE,58200,2026-03-30,13448450,30,NFO,70
BANKNIFTY,BANKNIFTY26MAR58300CE,CE,58300,2026-03-30,13448706,30,NFO,70
BANKNIFTY,BANKNIFTY26MAR58300PE,PE,58300,2026-03-30,13448962,30,NFO,70
BANKNIFTY,BANKNIFTY26MAR58400CE,CE,58400,2026-03-30,13449218,30,NFO,70
BANKNIFTY,BANKNIFTY26MAR58400PE,PE,58400,2026-03-30,13449474,30,NFO,70
BANKNIFTY,BANKNIFTY26MAR58500CE,CE,58500,2026-03-30,15004162,30,NFO,70
BANKNIFTY,BANKNIFTY26MAR58500PE,PE,58500,2026-03-30,15015170,30,NFO,70
BANKNIFTY,BANKNIFTY26MAR58600CE,CE,58600,2026-03-30,13450242,30,NFO,70
BANKNIFTY,BANKNIFTY26MAR58600PE,PE,58600,2026-03-30,13450498,30,NFO,70
BANKNIFTY,BANKNIFTY26MAR58700CE,CE,58700,2026-03-30,13451778,30,NFO,70
BANKNIFTY,BANKNIFTY26MAR58700PE,PE,58700,2026-03-30,13452034,30,NFO,70
BANKNIFTY,BANKNIFTY26MAR58800CE,CE,58800,2026-03-30,13452802,30,NFO,70
BANKNIFTY,BANKNIFTY26MAR58800PE,PE,58800,2026-03-30,13453058,30,NFO,70
BANKNIFTY,BANKNIFTY26MAR58900CE,CE,58900,2026-03-30,13454082,30,NFO,70
BANKNIFTY,BANKNIFTY26MAR58900PE,PE,58900,2026-03-30,13454338,30,NFO,70
BANKNIFTY,BANKNIFTY26MAR59000CE,CE,59000,2026-03-30,13454850,30,NFO,70
BANKNIFTY,BANKNIFTY26MAR59000PE,PE,59000,2026-03-30,13455106,30,NFO,70
BANKNIFTY,BANKNIFTY26MAR59100CE,CE,59100,2026-03-30,13455362,30,NFO,70
BANKNIFTY,BANKNIFTY26MAR59100PE,PE,59100,2026-03-30,13455618,30,NFO,70
BANKNIFTY,BANKNIFTY26MAR59200CE,CE,59200,2026-03-30,13455874,30,NFO,70
BANKNIFTY,BANKNIFTY26MAR59200PE,PE,59200,2026-03-30,13456130,30,NFO,70
BANKNIFTY,BANKNIFTY26MAR59300CE,CE,59300,2026-03-30,13456386,30,NFO,70
BANKNIFTY,BANKNIFTY26MAR59300PE,PE,59300,2026-03-30,13456642,30,NFO,70
BANKNIFTY,BANKNIFTY26MAR59400CE,CE,59400,2026-03-30,13456898,30,NFO,70
BANKNIFTY,BANKNIFTY26MAR59400PE,PE,59400,2026-03-30,13457154,30,NFO,70
BANKNIFTY,BANKNIFTY26MAR59500CE,CE,59500,2026-03-30,13457410,30,NFO,70
BANKNIFTY,BANKNIFTY26MAR59500PE,PE,59500,2026-03-30,13457666,30,NFO,70
BANKNIFTY,BANKNIFTY26MAR59600CE,CE,59600,2026-03-30,13457922,30,NFO,70
BANKNIFTY,BANKNIFTY26MAR59600PE,PE,59600,2026-03-30,13458178,30,NFO,70
BANKNIFTY,BANKNIFTY26MAR59700CE,CE,59700,2026-03-30,13458946,30,NFO,70
BANKNIFTY,BANKNIFTY26MAR59700PE,PE,59700,2026-03-30,13459202,30,NFO,70
BANKNIFTY,BANKNIFTY26MAR59800CE,CE,59800,2026-03-30,13459970,30,NFO,70
BANKNIFTY,BANKNIFTY26MAR59800PE,PE,59800,2026-03-30,13460226,30,NFO,70
BANKNIFTY,BANKNIFTY26MAR59900CE,CE,59900,2026-03-30,13460482,30,NFO,70
BANKNIFTY,BANKNIFTY26MAR59900PE,PE,59900,2026-03-30,13460738,30,NFO,70
BANKNIFTY,BANKNIFTY26MAR60000CE,CE,60000,2026-03-30,15015426,30,NFO,70
BANKNIFTY,BANKNIFTY26MAR60000PE,PE,60000,2026-03-30,15015682,30,NFO,70
BANKNIFTY,BANKNIFTY26MAR60100CE,CE,60100,2026-03-30,13460994,30,NFO,70
BANKNIFTY,BANKNIFTY26MAR60100PE,PE,60100,2026-03-30,13461250,30,NFO,70
BANKNIFTY,BANKNIFTY26MAR60200CE,CE,60200,2026-03-30,13461506,30,NFO,70
BANKNIFTY,BANKNIFTY26MAR60200PE,PE,60200,2026-03-30,13461762,30,NFO,70
BANKNIFTY,BANKNIFTY26MAR60300CE,CE,60300,2026-03-30,13462530,30,NFO,70
BANKNIFTY,BANKNIFTY26MAR60300PE,PE,60300,2026-03-30,13462786,30,NFO,70
BANKNIFTY,BANKNIFTY26MAR60400CE,CE,60400,2026-03-30,13463554,30,NFO,70
BANKNIFTY,BANKNIFTY26MAR60400PE,PE,60400,2026-03-30,13463810,30,NFO,70
BANKNIFTY,BANKNIFTY26MAR60500CE,CE,60500,2026-03-30,13464066,30,NFO,70
BANKNIFTY,BANKNIFTY26MAR60500PE,PE,60500,2026-03-30,13464322,30,NFO,70
BANKNIFTY,BANKNIFTY26MAR60600CE,CE,60600,2026-03-30,13464578,30,NFO,70
BANKNIFTY,BANKNIFTY26MAR60600PE,PE,60600,2026-03-30,13464834,30,NFO,70
BANKNIFTY,BANKNIFTY26MAR60700CE,CE,60700,2026-03-30,13465090,30,NFO,70
BANKNIFTY,BANKNIFTY26MAR60700PE,PE,60700,2026-03-30,13465346,30,NFO,70
BANKNIFTY,BANKNIFTY26MAR60800CE,CE,60800,2026-03-30,13465602,30,NFO,70
BANKNIFTY,BANKNIFTY26MAR60800PE,PE,60800,2026-03-30,13465858,30,NFO,70
BANKNIFTY,BANKNIFTY26MAR60900PE,PE,60900,2026-03-30,13466370,30,NFO,70
BANKNIFTY,BANKNIFTY26MAR60900CE,CE,60900,2026-03-30,13466114,30,NFO,70
BANKNIFTY,BANKNIFTY26MAR61000CE,CE,61000,2026-03-30,13466626,30,NFO,70
BANKNIFTY,BANKNIFTY26MAR61000PE,PE,61000,2026-03-30,13466882,30,NFO,70
BANKNIFTY,BANKNIFTY26MAR61100CE,CE,61100,2026-03-30,13467650,30,NFO,70
BANKNIFTY,BANKNIFTY26MAR61100PE,PE,61100,2026-03-30,13467906,30,NFO,70
BANKNIFTY,BANKNIFTY26MAR61200CE,CE,61200,2026-03-30,13468162,30,NFO,70
BANKNIFTY,BANKNIFTY26MAR61200PE,PE,61200,2026-03-30,13468930,30,NFO,70
BANKNIFTY,BANKNIFTY26MAR61300CE,CE,61300,2026-03-30,13469186,30,NFO,70
BANKNIFTY,BANKNIFTY26MAR61300PE,PE,61300,2026-03-30,13469442,30,NFO,70
BANKNIFTY,BANKNIFTY26MAR61400CE,CE,61400,2026-03-30,13469698,30,NFO,70
BANKNIFTY,BANKNIFTY26MAR61400PE,PE,61400,2026-03-30,13469954,30,NFO,70
BANKNIFTY,BANKNIFTY26MAR61500CE,CE,61500,2026-03-30,15015938,30,NFO,70
BANKNIFTY,BANKNIFTY26MAR61500PE,PE,61500,2026-03-30,15016194,30,NFO,70
BANKNIFTY,BANKNIFTY26MAR61600CE,CE,61600,2026-03-30,13470210,30,NFO,70
BANKNIFTY,BANKNIFTY26MAR61600PE,PE,61600,2026-03-30,13470466,30,NFO,70
BANKNIFTY,BANKNIFTY26MAR61700CE,CE,61700,2026-03-30,13471234,30,NFO,70
BANKNIFTY,BANKNIFTY26MAR61700PE,PE,61700,2026-03-30,13471490,30,NFO,70
BANKNIFTY,BANKNIFTY26MAR61800CE,CE,61800,2026-03-30,13472258,30,NFO,70
BANKNIFTY,BANKNIFTY26MAR61800PE,PE,61800,2026-03-30,13472514,30,NFO,70
BANKNIFTY,BANKNIFTY26MAR61900CE,CE,61900,2026-03-30,13472770,30,NFO,70
BANKNIFTY,BANKNIFTY26MAR61900PE,PE,61900,2026-03-30,13473026,30,NFO,70
BANKNIFTY,BANKNIFTY26MAR62000CE,CE,62000,2026-03-30,13473282,30,NFO,70
BANKNIFTY,BANKNIFTY26MAR62000PE,PE,62000,2026-03-30,13473538,30,NFO,70
BANKNIFTY,BANKNIFTY26MAR62100CE,CE,62100,2026-03-30,13473794,30,NFO,70
BANKNIFTY,BANKNIFTY26MAR62100PE,PE,62100,2026-03-30,13474050,30,NFO,70
BANKNIFTY,BANKNIFTY26MAR62200CE,CE,62200,2026-03-30,13474306,30,NFO,70
BANKNIFTY,BANKNIFTY26MAR62200PE,PE,62200,2026-03-30,13474562,30,NFO,70
BANKNIFTY,BANKNIFTY26MAR62300CE,CE,62300,2026-03-30,13474818,30,NFO,70
BANKNIFTY,BANKNIFTY26MAR62300PE,PE,62300,2026-03-30,13475074,30,NFO,70
BANKNIFTY,BANKNIFTY26MAR62400CE,CE,62400,2026-03-30,13475330,30,NFO,70
BANKNIFTY,BANKNIFTY26MAR62400PE,PE,62400,2026-03-30,13475586,30,NFO,70
BANKNIFTY,BANKNIFTY26MAR62500CE,CE,62500,2026-03-30,13475842,30,NFO,70
BANKNIFTY,BANKNIFTY26MAR62500PE,PE,62500,2026-03-30,13476098,30,NFO,70
BANKNIFTY,BANKNIFTY26MAR62600CE,CE,62600,2026-03-30,13476354,30,NFO,70
BANKNIFTY,BANKNIFTY26MAR62600PE,PE,62600,2026-03-30,13476610,30,NFO,70
BANKNIFTY,BANKNIFTY26MAR62700CE,CE,62700,2026-03-30,13476866,30,NFO,70
BANKNIFTY,BANKNIFTY26MAR62700PE,PE,62700,2026-03-30,13477122,30,NFO,70
BANKNIFTY,BANKNIFTY26MAR62800CE,CE,62800,2026-03-30,13477378,30,NFO,70
BANKNIFTY,BANKNIFTY26MAR62800PE,PE,62800,2026-03-30,13477634,30,NFO,70
BANKNIFTY,BANKNIFTY26MAR62900CE,CE,62900,2026-03-30,13478402,30,NFO,70
BANKNIFTY,BANKNIFTY26MAR62900PE,PE,62900,2026-03-30,13478658,30,NFO,70
BANKNIFTY,BANKNIFTY26MAR63000CE,CE,63000,2026-03-30,15016450,30,NFO,70
BANKNIFTY,BANKNIFTY26MAR63000PE,PE,63000,2026-03-30,15016706,30,NFO,70
BANKNIFTY,BANKNIFTY26MAR63100CE,CE,63100,2026-03-30,13479938,30,NFO,70
BANKNIFTY,BANKNIFTY26MAR63100PE,PE,63100,2026-03-30,13480194,30,NFO,70
BANKNIFTY,BANKNIFTY26MAR63200CE,CE,63200,2026-03-30,13481986,30,NFO,70
BANKNIFTY,BANKNIFTY26MAR63200PE,PE,63200,2026-03-30,13482242,30,NFO,70
BANKNIFTY,BANKNIFTY26MAR63300CE,CE,63300,2026-03-30,13482498,30,NFO,70
BANKNIFTY,BANKNIFTY26MAR63300PE,PE,63300,2026-03-30,13482754,30,NFO,70
BANKNIFTY,BANKNIFTY26MAR63400CE,CE,63400,2026-03-30,13484546,30,NFO,70
BANKNIFTY,BANKNIFTY26MAR63400PE,PE,63400,2026-03-30,13484802,30,NFO,70
BANKNIFTY,BANKNIFTY26MAR63500CE,CE,63500,2026-03-30,13485058,30,NFO,70
BANKNIFTY,BANKNIFTY26MAR63500PE,PE,63500,2026-03-30,13485314,30,NFO,70
BANKNIFTY,BANKNIFTY26MAR63600CE,CE,63600,2026-03-30,13485570,30,NFO,70
BANKNIFTY,BANKNIFTY26MAR63600PE,PE,63600,2026-03-30,13485826,30,NFO,70
BANKNIFTY,BANKNIFTY26MAR63700CE,CE,63700,2026-03-30,13486082,30,NFO,70
BANKNIFTY,BANKNIFTY26MAR63700PE,PE,63700,2026-03-30,13487362,30,NFO,70
BANKNIFTY,BANKNIFTY26MAR63800CE,CE,63800,2026-03-30,13487618,30,NFO,70
BANKNIFTY,BANKNIFTY26MAR63800PE,PE,63800,2026-03-30,13487874,30,NFO,70
BANKNIFTY,BANKNIFTY26MAR63900CE,CE,63900,2026-03-30,13488130,30,NFO,70
BANKNIFTY,BANKNIFTY26MAR63900PE,PE,63900,2026-03-30,13488386,30,NFO,70
BANKNIFTY,BANKNIFTY26MAR64000CE,CE,64000,2026-03-30,13488642,30,NFO,70
BANKNIFTY,BANKNIFTY26MAR64000PE,PE,64000,2026-03-30,13488898,30,NFO,70
BANKNIFTY,BANKNIFTY26MAR64100CE,CE,64100,2026-03-30,13489154,30,NFO,70
BANKNIFTY,BANKNIFTY26MAR64100PE,PE,64100,2026-03-30,13489410,30,NFO,70
BANKNIFTY,BANKNIFTY26MAR64200CE,CE,64200,2026-03-30,13489666,30,NFO,70
BANKNIFTY,BANKNIFTY26MAR64200PE,PE,64200,2026-03-30,13489922,30,NFO,70
BANKNIFTY,BANKNIFTY26MAR64300CE,CE,64300,2026-03-30,13490178,30,NFO,70
BANKNIFTY,BANKNIFTY26MAR64300PE,PE,64300,2026-03-30,13490434,30,NFO,70
BANKNIFTY,BANKNIFTY26MAR64400CE,CE,64400,2026-03-30,13490690,30,NFO,70
BANKNIFTY,BANKNIFTY26MAR64400PE,PE,64400,2026-03-30,13490946,30,NFO,70
BANKNIFTY,BANKNIFTY26MAR64500CE,CE,64500,2026-03-30,15016962,30,NFO,70
BANKNIFTY,BANKNIFTY26MAR64500PE,PE,64500,2026-03-30,15019010,30,NFO,70
BANKNIFTY,BANKNIFTY26MAR64600CE,CE,64600,2026-03-30,13491202,30,NFO,70
BANKNIFTY,BANKNIFTY26MAR64600PE,PE,64600,2026-03-30,13491458,30,NFO,70
BANKNIFTY,BANKNIFTY26MAR64700CE,CE,64700,2026-03-30,13491714,30,NFO,70
BANKNIFTY,BANKNIFTY26MAR64700PE,PE,64700,2026-03-30,13491970,30,NFO,70
BANKNIFTY,BANKNIFTY26MAR64800CE,CE,64800,2026-03-30,13492226,30,NFO,70
BANKNIFTY,BANKNIFTY26MAR64800PE,PE,64800,2026-03-30,13492482,30,NFO,70
BANKNIFTY,BANKNIFTY26MAR64900CE,CE,64900,2026-03-30,13492738,30,NFO,70
BANKNIFTY,BANKNIFTY26MAR64900PE,PE,64900,2026-03-30,13492994,30,NFO,70
BANKNIFTY,BANKNIFTY26MAR65000CE,CE,65000,2026-03-30,13493250,30,NFO,70
BANKNIFTY,BANKNIFTY26MAR65000PE,PE,65000,2026-03-30,13493506,30,NFO,70
BANKNIFTY,BANKNIFTY26MAR65100CE,CE,65100,2026-03-30,13493762,30,NFO,70
BANKNIFTY,BANKNIFTY26MAR65100PE,PE,65100,2026-03-30,13494018,30,NFO,70
BANKNIFTY,BANKNIFTY26MAR65200CE,CE,65200,2026-03-30,13494274,30,NFO,70
BANKNIFTY,BANKNIFTY26MAR65200PE,PE,65200,2026-03-30,13494530,30,NFO,70
BANKNIFTY,BANKNIFTY26MAR65500CE,CE,65500,2026-03-30,13495810,30,NFO,70
BANKNIFTY,BANKNIFTY26MAR65500PE,PE,65500,2026-03-30,13496066,30,NFO,70
BANKNIFTY,BANKNIFTY26MAR66000CE,CE,66000,2026-03-30,15019266,30,NFO,70
BANKNIFTY,BANKNIFTY26MAR66000PE,PE,66000,2026-03-30,15019522,30,NFO,70
BANKNIFTY,BANKNIFTY26MAR66500CE,CE,66500,2026-03-30,13500418,30,NFO,70
BANKNIFTY,BANKNIFTY26MAR66500PE,PE,66500,2026-03-30,13500674,30,NFO,70
BANKNIFTY,BANKNIFTY26MAR67000CE,CE,67000,2026-03-30,13502978,30,NFO,70
BANKNIFTY,BANKNIFTY26MAR67000PE,PE,67000,2026-03-30,13503234,30,NFO,70
BANKNIFTY,BANKNIFTY26MAR67500CE,CE,67500,2026-03-30,15019778,30,NFO,70
BANKNIFTY,BANKNIFTY26MAR67500PE,PE,67500,2026-03-30,15020034,30,NFO,70
BANKNIFTY,BANKNIFTY26JUN51000CE,CE,51000,2026-06-30,14774530,30,NFO,162
BANKNIFTY,BANKNIFTY26JUN51000PE,PE,51000,2026-06-30,14774786,30,NFO,162
BANKNIFTY,BANKNIFTY26JUN52500CE,CE,52500,2026-06-30,14775554,30,NFO,162
BANKNIFTY,BANKNIFTY26JUN52500PE,PE,52500,2026-06-30,14775810,30,NFO,162
BANKNIFTY,BANKNIFTY26JUN54000CE,CE,54000,2026-06-30,14776066,30,NFO,162
BANKNIFTY,BANKNIFTY26JUN54000PE,PE,54000,2026-06-30,14776322,30,NFO,162
BANKNIFTY,BANKNIFTY26JUN55500CE,CE,55500,2026-06-30,14776578,30,NFO,162
BANKNIFTY,BANKNIFTY26JUN55500PE,PE,55500,2026-06-30,14776834,30,NFO,162
BANKNIFTY,BANKNIFTY26JUN57000CE,CE,57000,2026-06-30,14782978,30,NFO,162
BANKNIFTY,BANKNIFTY26JUN57000PE,PE,57000,2026-06-30,14783234,30,NFO,162
BANKNIFTY,BANKNIFTY26JUN58500CE,CE,58500,2026-06-30,14784002,30,NFO,162
BANKNIFTY,BANKNIFTY26JUN58500PE,PE,58500,2026-06-30,14784258,30,NFO,162
BANKNIFTY,BANKNIFTY26JUN60000CE,CE,60000,2026-06-30,14785026,30,NFO,162
BANKNIFTY,BANKNIFTY26JUN60000PE,PE,60000,2026-06-30,14785282,30,NFO,162
BANKNIFTY,BANKNIFTY26JUN61500CE,CE,61500,2026-06-30,14786050,30,NFO,162
BANKNIFTY,BANKNIFTY26JUN61500PE,PE,61500,2026-06-30,14786562,30,NFO,162
BANKNIFTY,BANKNIFTY26JUN63000CE,CE,63000,2026-06-30,14786818,30,NFO,162
BANKNIFTY,BANKNIFTY26JUN63000PE,PE,63000,2026-06-30,14788354,30,NFO,162
BANKNIFTY,BANKNIFTY26JUN64500CE,CE,64500,2026-06-30,14789122,30,NFO,162
BANKNIFTY,BANKNIFTY26JUN64500PE,PE,64500,2026-06-30,14790402,30,NFO,162
BANKNIFTY,BANKNIFTY26JUN66000CE,CE,66000,2026-06-30,14791170,30,NFO,162
BANKNIFTY,BANKNIFTY26JUN66000PE,PE,66000,2026-06-30,14791426,30,NFO,162
BANKNIFTY,BANKNIFTY26JUN67500CE,CE,67500,2026-06-30,14792194,30,NFO,162
BANKNIFTY,BANKNIFTY26JUN67500PE,PE,67500,2026-06-30,14798594,30,NFO,162
BANKNIFTY,BANKNIFTY26SEP51000CE,CE,51000,2026-09-29,13384194,30,NFO,253
BANKNIFTY,BANKNIFTY26SEP51000PE,PE,51000,2026-09-29,13384450,30,NFO,253
BANKNIFTY,BANKNIFTY26SEP52500CE,CE,52500,2026-09-29,13384706,30,NFO,253
BANKNIFTY,BANKNIFTY26SEP52500PE,PE,52500,2026-09-29,13384962,30,NFO,253
BANKNIFTY,BANKNIFTY26SEP54000CE,CE,54000,2026-09-29,13385218,30,NFO,253
BANKNIFTY,BANKNIFTY26SEP54000PE,PE,54000,2026-09-29,13385474,30,NFO,253
BANKNIFTY,BANKNIFTY26SEP55500CE,CE,55500,2026-09-29,13388034,30,NFO,253
BANKNIFTY,BANKNIFTY26SEP55500PE,PE,55500,2026-09-29,13388290,30,NFO,253
BANKNIFTY,BANKNIFTY26SEP57000CE,CE,57000,2026-09-29,13397506,30,NFO,253
BANKNIFTY,BANKNIFTY26SEP57000PE,PE,57000,2026-09-29,13397762,30,NFO,253
BANKNIFTY,BANKNIFTY26SEP58500CE,CE,58500,2026-09-29,13403650,30,NFO,253
BANKNIFTY,BANKNIFTY26SEP58500PE,PE,58500,2026-09-29,13403906,30,NFO,253
BANKNIFTY,BANKNIFTY26SEP60000CE,CE,60000,2026-09-29,13404162,30,NFO,253
BANKNIFTY,BANKNIFTY26SEP60000PE,PE,60000,2026-09-29,13404418,30,NFO,253
BANKNIFTY,BANKNIFTY26SEP61500CE,CE,61500,2026-09-29,13411330,30,NFO,253
BANKNIFTY,BANKNIFTY26SEP61500PE,PE,61500,2026-09-29,13411586,30,NFO,253
BANKNIFTY,BANKNIFTY26SEP63000CE,CE,63000,2026-09-29,13415426,30,NFO,253
BANKNIFTY,BANKNIFTY26SEP63000PE,PE,63000,2026-09-29,13415682,30,NFO,253
BANKNIFTY,BANKNIFTY26SEP64500CE,CE,64500,2026-09-29,13417474,30,NFO,253
BANKNIFTY,BANKNIFTY26SEP64500PE,PE,64500,2026-09-29,13417730,30,NFO,253
BANKNIFTY,BANKNIFTY26SEP66000CE,CE,66000,2026-09-29,13419522,30,NFO,253
BANKNIFTY,BANKNIFTY26SEP66000PE,PE,66000,2026-09-29,13419778,30,NFO,253
BANKNIFTY,BANKNIFTY26SEP67500CE,CE,67500,2026-09-29,13421058,30,NFO,253
BANKNIFTY,BANKNIFTY26SEP67500PE,PE,67500,2026-09-29,13421314,30,NFO,253
BANKNIFTY,BANKNIFTY26DEC51000CE,CE,51000,2026-12-29,13624322,30,NFO,344
BANKNIFTY,BANKNIFTY26DEC51000PE,PE,51000,2026-12-29,13624578,30,NFO,344
BANKNIFTY,BANKNIFTY26DEC52500CE,CE,52500,2026-12-29,13624834,30,NFO,344
BANKNIFTY,BANKNIFTY26DEC52500PE,PE,52500,2026-12-29,13625090,30,NFO,344
BANKNIFTY,BANKNIFTY26DEC54000CE,CE,54000,2026-12-29,13625346,30,NFO,344
BANKNIFTY,BANKNIFTY26DEC54000PE,PE,54000,2026-12-29,13625602,30,NFO,344
BANKNIFTY,BANKNIFTY26DEC55500CE,CE,55500,2026-12-29,13625858,30,NFO,344
BANKNIFTY,BANKNIFTY26DEC55500PE,PE,55500,2026-12-29,13626114,30,NFO,344
BANKNIFTY,BANKNIFTY26DEC57000CE,CE,57000,2026-12-29,13626370,30,NFO,344
BANKNIFTY,BANKNIFTY26DEC57000PE,PE,57000,2026-12-29,13626626,30,NFO,344
BANKNIFTY,BANKNIFTY26DEC58500CE,CE,58500,2026-12-29,13628162,30,NFO,344
BANKNIFTY,BANKNIFTY26DEC58500PE,PE,58500,2026-12-29,13628418,30,NFO,344
BANKNIFTY,BANKNIFTY26DEC60000CE,CE,60000,2026-12-29,13629442,30,NFO,344
BANKNIFTY,BANKNIFTY26DEC60000PE,PE,60000,2026-12-29,13629698,30,NFO,344
BANKNIFTY,BANKNIFTY26DEC61500CE,CE,61500,2026-12-29,13630466,30,NFO,344
BANKNIFTY,BANKNIFTY26DEC61500PE,PE,61500,2026-12-29,13630722,30,NFO,344
BANKNIFTY,BANKNIFTY26DEC63000CE,CE,63000,2026-12-29,13630978,30,NFO,344
BANKNIFTY,BANKNIFTY26DEC63000PE,PE,63000,2026-12-29,13631234,30,NFO,344
BANKNIFTY,BANKNIFTY26DEC64500CE,CE,64500,2026-12-29,13631490,30,NFO,344
BANKNIFTY,BANKNIFTY26DEC64500PE,PE,64500,2026-12-29,13631746,30,NFO,344
BANKNIFTY,BANKNIFTY26DEC66000CE,CE,66000,2026-12-29,13632002,30,NFO,344
BANKNIFTY,BANKNIFTY26DEC66000PE,PE,66000,2026-12-29,13632258,30,NFO,344
BANKNIFTY,BANKNIFTY26DEC67500CE,CE,67500,2026-12-29,13632514,30,NFO,344
BANKNIFTY,BANKNIFTY26DEC67500PE,PE,67500,2026-12-29,13632770,30,NFO,344
FINNIFTY,FINNIFTY26JAN24000CE,CE,24000,2026-01-27,14051586,60,NFO,8
FINNIFTY,FINNIFTY26JAN24000PE,PE,24000,2026-01-27,14052866,60,NFO,8
FINNIFTY,FINNIFTY26JAN24500CE,CE,24500,2026-01-27,14058754,60,NFO,8
FINNIFTY,FINNIFTY26JAN24500PE,PE,24500,2026-01-27,14067202,60,NFO,8
FINNIFTY,FINNIFTY26JAN24900CE,CE,24900,2026-01-27,14068994,60,NFO,8
FINNIFTY,FINNIFTY26JAN24900PE,PE,24900,2026-01-27,14069250,60,NFO,8
FINNIFTY,FINNIFTY26JAN25000CE,CE,25000,2026-01-27,14069506,60,NFO,8
FINNIFTY,FINNIFTY26JAN25000PE,PE,25000,2026-01-27,14069762,60,NFO,8
FINNIFTY,FINNIFTY26JAN25100CE,CE,25100,2026-01-27,14070018,60,NFO,8
FINNIFTY,FINNIFTY26JAN25100PE,PE,25100,2026-01-27,14076930,60,NFO,8
FINNIFTY,FINNIFTY26JAN25200CE,CE,25200,2026-01-27,14077186,60,NFO,8
FINNIFTY,FINNIFTY26JAN25200PE,PE,25200,2026-01-27,14077442,60,NFO,8
FINNIFTY,FINNIFTY26JAN25300CE,CE,25300,2026-01-27,14077698,60,NFO,8
FINNIFTY,FINNIFTY26JAN25300PE,PE,25300,2026-01-27,14077954,60,NFO,8
FINNIFTY,FINNIFTY26JAN25400CE,CE,25400,2026-01-27,14078466,60,NFO,8
FINNIFTY,FINNIFTY26JAN25400PE,PE,25400,2026-01-27,14080258,60,NFO,8
FINNIFTY,FINNIFTY26JAN25500CE,CE,25500,2026-01-27,14080514,60,NFO,8
FINNIFTY,FINNIFTY26JAN25500PE,PE,25500,2026-01-27,14080770,60,NFO,8
FINNIFTY,FINNIFTY26JAN25600CE,CE,25600,2026-01-27,14081026,60,NFO,8
FINNIFTY,FINNIFTY26JAN25600PE,PE,25600,2026-01-27,14081282,60,NFO,8
FINNIFTY,FINNIFTY26JAN25700CE,CE,25700,2026-01-27,14081538,60,NFO,8
FINNIFTY,FINNIFTY26JAN25700PE,PE,25700,2026-01-27,14084354,60,NFO,8
FINNIFTY,FINNIFTY26JAN25800CE,CE,25800,2026-01-27,14085122,60,NFO,8
FINNIFTY,FINNIFTY26JAN25800PE,PE,25800,2026-01-27,14090754,60,NFO,8
FINNIFTY,FINNIFTY26JAN25900CE,CE,25900,2026-01-27,14091010,60,NFO,8
FINNIFTY,FINNIFTY26JAN25900PE,PE,25900,2026-01-27,14091266,60,NFO,8
FINNIFTY,FINNIFTY26JAN26000CE,CE,26000,2026-01-27,14091522,60,NFO,8
FINNIFTY,FINNIFTY26JAN26000PE,PE,26000,2026-01-27,14091778,60,NFO,8
FINNIFTY,FINNIFTY26JAN26100CE,CE,26100,2026-01-27,14092034,60,NFO,8
FINNIFTY,FINNIFTY26JAN26100PE,PE,26100,2026-01-27,14092290,60,NFO,8
FINNIFTY,FINNIFTY26JAN26150CE,CE,26150,2026-01-27,13658370,60,NFO,8
FINNIFTY,FINNIFTY26JAN26150PE,PE,26150,2026-01-27,13658626,60,NFO,8
FINNIFTY,FINNIFTY26JAN26200CE,CE,26200,2026-01-27,14092546,60,NFO,8
FINNIFTY,FINNIFTY26JAN26200PE,PE,26200,2026-01-27,14093314,60,NFO,8
FINNIFTY,FINNIFTY26JAN26250CE,CE,26250,2026-01-27,13658882,60,NFO,8
FINNIFTY,FINNIFTY26JAN26250PE,PE,26250,2026-01-27,13659138,60,NFO,8
FINNIFTY,FINNIFTY26JAN26300CE,CE,26300,2026-01-27,14093570,60,NFO,8
FINNIFTY,FINNIFTY26JAN26300PE,PE,26300,2026-01-27,14093826,60,NFO,8
FINNIFTY,FINNIFTY26JAN26350CE,CE,26350,2026-01-27,13659394,60,NFO,8
FINNIFTY,FINNIFTY26JAN26350PE,PE,26350,2026-01-27,13659650,60,NFO,8
FINNIFTY,FINNIFTY26JAN26400CE,CE,26400,2026-01-27,14094082,60,NFO,8
FINNIFTY,FINNIFTY26JAN26400PE,PE,26400,2026-01-27,14094338,60,NFO,8
FINNIFTY,FINNIFTY26JAN26450CE,CE,26450,2026-01-27,13659906,60,NFO,8
FINNIFTY,FINNIFTY26JAN26450PE,PE,26450,2026-01-27,13661698,60,NFO,8
FINNIFTY,FINNIFTY26JAN26500CE,CE,26500,2026-01-27,14094594,60,NFO,8
FINNIFTY,FINNIFTY26JAN26500PE,PE,26500,2026-01-27,14094850,60,NFO,8
FINNIFTY,FINNIFTY26JAN26550CE,CE,26550,2026-01-27,13661954,60,NFO,8
FINNIFTY,FINNIFTY26JAN26550PE,PE,26550,2026-01-27,13662210,60,NFO,8
FINNIFTY,FINNIFTY26JAN26600CE,CE,26600,2026-01-27,14095106,60,NFO,8
FINNIFTY,FINNIFTY26JAN26600PE,PE,26600,2026-01-27,14095362,60,NFO,8
FINNIFTY,FINNIFTY26JAN26650CE,CE,26650,2026-01-27,13662466,60,NFO,8
FINNIFTY,FINNIFTY26JAN26650PE,PE,26650,2026-01-27,13662722,60,NFO,8
FINNIFTY,FINNIFTY26JAN26700CE,CE,26700,2026-01-27,14095618,60,NFO,8
FINNIFTY,FINNIFTY26JAN26700PE,PE,26700,2026-01-27,14095874,60,NFO,8
FINNIFTY,FINNIFTY26JAN26750CE,CE,26750,2026-01-27,13662978,60,NFO,8
FINNIFTY,FINNIFTY26JAN26750PE,PE,26750,2026-01-27,13663234,60,NFO,8
FINNIFTY,FINNIFTY26JAN26800CE,CE,26800,2026-01-27,14096130,60,NFO,8
FINNIFTY,FINNIFTY26JAN26800PE,PE,26800,2026-01-27,14096386,60,NFO,8
FINNIFTY,FINNIFTY26JAN26850CE,CE,26850,2026-01-27,13663490,60,NFO,8
FINNIFTY,FINNIFTY26JAN26850PE,PE,26850,2026-01-27,13663746,60,NFO,8
FINNIFTY,FINNIFTY26JAN26900CE,CE,26900,2026-01-27,14096642,60,NFO,8
FINNIFTY,FINNIFTY26JAN26900PE,PE,26900,2026-01-27,14108162,60,NFO,8
FINNIFTY,FINNIFTY26JAN26950CE,CE,26950,2026-01-27,13664002,60,NFO,8
FINNIFTY,FINNIFTY26JAN26950PE,PE,26950,2026-01-27,13664258,60,NFO,8
FINNIFTY,FINNIFTY26JAN27000CE,CE,27000,2026-01-27,14108418,60,NFO,8
FINNIFTY,FINNIFTY26JAN27000PE,PE,27000,2026-01-27,14108674,60,NFO,8
FINNIFTY,FINNIFTY26JAN27050CE,CE,27050,2026-01-27,13664514,60,NFO,8
FINNIFTY,FINNIFTY26JAN27050PE,PE,27050,2026-01-27,13664770,60,NFO,8
FINNIFTY,FINNIFTY26JAN27100CE,CE,27100,2026-01-27,14108930,60,NFO,8
FINNIFTY,FINNIFTY26JAN27100PE,PE,27100,2026-01-27,14109186,60,NFO,8
FINNIFTY,FINNIFTY26JAN27150CE,CE,27150,2026-01-27,13665026,60,NFO,8
FINNIFTY,FINNIFTY26JAN27150PE,PE,27150,2026-01-27,13665282,60,NFO,8
FINNIFTY,FINNIFTY26JAN27200CE,CE,27200,2026-01-27,14109442,60,NFO,8
FINNIFTY,FINNIFTY26JAN27200PE,PE,27200,2026-01-27,14109698,60,NFO,8
FINNIFTY,FINNIFTY26JAN27250CE,CE,27250,2026-01-27,13665538,60,NFO,8
FINNIFTY,FINNIFTY26JAN27250PE,PE,27250,2026-01-27,13665794,60,NFO,8
FINNIFTY,FINNIFTY26JAN27300CE,CE,27300,2026-01-27,14109954,60,NFO,8
FINNIFTY,FINNIFTY26JAN27300PE,PE,27300,2026-01-27,14112770,60,NFO,8
FINNIFTY,FINNIFTY26JAN27350CE,CE,27350,2026-01-27,13666050,60,NFO,8
FINNIFTY,FINNIFTY26JAN27350PE,PE,27350,2026-01-27,13666306,60,NFO,8
FINNIFTY,FINNIFTY26JAN27400CE,CE,27400,2026-01-27,14113026,60,NFO,8
FINNIFTY,FINNIFTY26JAN27400PE,PE,27400,2026-01-27,14115330,60,NFO,8
FINNIFTY,FINNIFTY26JAN27450CE,CE,27450,2026-01-27,13666562,60,NFO,8
FINNIFTY,FINNIFTY26JAN27450PE,PE,27450,2026-01-27,13666818,60,NFO,8
FINNIFTY,FINNIFTY26JAN27500CE,CE,27500,2026-01-27,14115586,60,NFO,8
FINNIFTY,FINNIFTY26JAN27500PE,PE,27500,2026-01-27,14124290,60,NFO,8
FINNIFTY,FINNIFTY26JAN27550CE,CE,27550,2026-01-27,13667074,60,NFO,8
FINNIFTY,FINNIFTY26JAN27550PE,PE,27550,2026-01-27,13667330,60,NFO,8
FINNIFTY,FINNIFTY26JAN27600CE,CE,27600,2026-01-27,14124546,60,NFO,8
FINNIFTY,FINNIFTY26JAN27600PE,PE,27600,2026-01-27,14135298,60,NFO,8
FINNIFTY,FINNIFTY26JAN27650CE,CE,27650,2026-01-27,13667586,60,NFO,8
FINNIFTY,FINNIFTY26JAN27650PE,PE,27650,2026-01-27,13667842,60,NFO,8
FINNIFTY,FINNIFTY26JAN27700CE,CE,27700,2026-01-27,14136066,60,NFO,8
FINNIFTY,FINNIFTY26JAN27700PE,PE,27700,2026-01-27,14146306,60,NFO,8
FINNIFTY,FINNIFTY26JAN27750CE,CE,27750,2026-01-27,13668098,60,NFO,8
FINNIFTY,FINNIFTY26JAN27750PE,PE,27750,2026-01-27,13668354,60,NFO,8
FINNIFTY,FINNIFTY26JAN27800CE,CE,27800,2026-01-27,14146562,60,NFO,8
FINNIFTY,FINNIFTY26JAN27800PE,PE,27800,2026-01-27,14150146,60,NFO,8
FINNIFTY,FINNIFTY26JAN27850CE,CE,27850,2026-01-27,13668610,60,NFO,8
FINNIFTY,FINNIFTY26JAN27850PE,PE,27850,2026-01-27,13668866,60,NFO,8
FINNIFTY,FINNIFTY26JAN27900PE,PE,27900,2026-01-27,14159362,60,NFO,8
FINNIFTY,FINNIFTY26JAN27900CE,CE,27900,2026-01-27,14150402,60,NFO,8
FINNIFTY,FINNIFTY26JAN27950CE,CE,27950,2026-01-27,13669122,60,NFO,8
FINNIFTY,FINNIFTY26JAN27950PE,PE,27950,2026-01-27,13669378,60,NFO,8
FINNIFTY,FINNIFTY26JAN28000CE,CE,28000,2026-01-27,14159618,60,NFO,8
FINNIFTY,FINNIFTY26JAN28000PE,PE,28000,2026-01-27,14165506,60,NFO,8
FINNIFTY,FINNIFTY26JAN28050CE,CE,28050,2026-01-27,13669634,60,NFO,8
FINNIFTY,FINNIFTY26JAN28050PE,PE,28050,2026-01-27,13669890,60,NFO,8
FINNIFTY,FINNIFTY26JAN28100CE,CE,28100,2026-01-27,14165762,60,NFO,8
FINNIFTY,FINNIFTY26JAN28100PE,PE,28100,2026-01-27,14168834,60,NFO,8
FINNIFTY,FINNIFTY26JAN28150CE,CE,28150,2026-01-27,13670146,60,NFO,8
FINNIFTY,FINNIFTY26JAN28150PE,PE,28150,2026-01-27,13670914,60,NFO,8
FINNIFTY,FINNIFTY26JAN28200CE,CE,28200,2026-01-27,14169090,60,NFO,8
FINNIFTY,FINNIFTY26JAN28200PE,PE,28200,2026-01-27,14171650,60,NFO,8
FINNIFTY,FINNIFTY26JAN28250CE,CE,28250,2026-01-27,13671170,60,NFO,8
FINNIFTY,FINNIFTY26JAN28250PE,PE,28250,2026-01-27,13671426,60,NFO,8
FINNIFTY,FINNIFTY26JAN28300CE,CE,28300,2026-01-27,14171906,60,NFO,8
FINNIFTY,FINNIFTY26JAN28300PE,PE,28300,2026-01-27,14174466,60,NFO,8
FINNIFTY,FINNIFTY26JAN28350CE,CE,28350,2026-01-27,13671682,60,NFO,8
FINNIFTY,FINNIFTY26JAN28350PE,PE,28350,2026-01-27,13671938,60,NFO,8
FINNIFTY,FINNIFTY26JAN28400CE,CE,28400,2026-01-27,14174722,60,NFO,8
FINNIFTY,FINNIFTY26JAN28400PE,PE,28400,2026-01-27,14177794,60,NFO,8
FINNIFTY,FINNIFTY26JAN28450CE,CE,28450,2026-01-27,13672194,60,NFO,8
FINNIFTY,FINNIFTY26JAN28450PE,PE,28450,2026-01-27,13672450,60,NFO,8
FINNIFTY,FINNIFTY26JAN28500CE,CE,28500,2026-01-27,14178050,60,NFO,8
FINNIFTY,FINNIFTY26JAN28500PE,PE,28500,2026-01-27,14178818,60,NFO,8
FINNIFTY,FINNIFTY26JAN28550CE,CE,28550,2026-01-27,13672706,60,NFO,8
FINNIFTY,FINNIFTY26JAN28550PE,PE,28550,2026-01-27,13673730,60,NFO,8
FINNIFTY,FINNIFTY26JAN28600CE,CE,28600,2026-01-27,14179074,60,NFO,8
FINNIFTY,FINNIFTY26JAN28600PE,PE,28600,2026-01-27,14179330,60,NFO,8
FINNIFTY,FINNIFTY26JAN28650CE,CE,28650,2026-01-27,13673986,60,NFO,8
FINNIFTY,FINNIFTY26JAN28650PE,PE,28650,2026-01-27,13674242,60,NFO,8
FINNIFTY,FINNIFTY26JAN28700CE,CE,28700,2026-01-27,14179586,60,NFO,8
FINNIFTY,FINNIFTY26JAN28700PE,PE,28700,2026-01-27,14179842,60,NFO,8
FINNIFTY,FINNIFTY26JAN28750CE,CE,28750,2026-01-27,13674498,60,NFO,8
FINNIFTY,FINNIFTY26JAN28750PE,PE,28750,2026-01-27,13675010,60,NFO,8
FINNIFTY,FINNIFTY26JAN28800CE,CE,28800,2026-01-27,14180098,60,NFO,8
FINNIFTY,FINNIFTY26JAN28800PE,PE,28800,2026-01-27,14187266,60,NFO,8
FINNIFTY,FINNIFTY26JAN28850CE,CE,28850,2026-01-27,13675266,60,NFO,8
FINNIFTY,FINNIFTY26JAN28850PE,PE,28850,2026-01-27,13675522,60,NFO,8
FINNIFTY,FINNIFTY26JAN28900CE,CE,28900,2026-01-27,14187522,60,NFO,8
FINNIFTY,FINNIFTY26JAN28900PE,PE,28900,2026-01-27,14190594,60,NFO,8
FINNIFTY,FINNIFTY26JAN28950CE,CE,28950,2026-01-27,13675778,60,NFO,8
FINNIFTY,FINNIFTY26JAN28950PE,PE,28950,2026-01-27,13676034,60,NFO,8
FINNIFTY,FINNIFTY26JAN29000CE,CE,29000,2026-01-27,14190850,60,NFO,8
FINNIFTY,FINNIFTY26JAN29000PE,PE,29000,2026-01-27,14191106,60,NFO,8
FINNIFTY,FINNIFTY26JAN29050CE,CE,29050,2026-01-27,13676290,60,NFO,8
FINNIFTY,FINNIFTY26JAN29050PE,PE,29050,2026-01-27,13676546,60,NFO,8
FINNIFTY,FINNIFTY26JAN29100CE,CE,29100,2026-01-27,14191362,60,NFO,8
FINNIFTY,FINNIFTY26JAN29100PE,PE,29100,2026-01-27,14191618,60,NFO,8
FINNIFTY,FINNIFTY26JAN29150CE,CE,29150,2026-01-27,13676802,60,NFO,8
FINNIFTY,FINNIFTY26JAN29150PE,PE,29150,2026-01-27,13677058,60,NFO,8
FINNIFTY,FINNIFTY26JAN29200CE,CE,29200,2026-01-27,14191874,60,NFO,8
FINNIFTY,FINNIFTY26JAN29200PE,PE,29200,2026-01-27,14196482,60,NFO,8
FINNIFTY,FINNIFTY26JAN29300CE,CE,29300,2026-01-27,14198018,60,NFO,8
FINNIFTY,FINNIFTY26JAN29300PE,PE,29300,2026-01-27,14201090,60,NFO,8
FINNIFTY,FINNIFTY26JAN29400CE,CE,29400,2026-01-27,14201346,60,NFO,8
FINNIFTY,FINNIFTY26JAN29400PE,PE,29400,2026-01-27,14206722,60,NFO,8
FINNIFTY,FINNIFTY26JAN29500CE,CE,29500,2026-01-27,14206978,60,NFO,8
FINNIFTY,FINNIFTY26JAN29500PE,PE,29500,2026-01-27,14207490,60,NFO,8
FINNIFTY,FINNIFTY26JAN29600CE,CE,29600,2026-01-27,14207746,60,NFO,8
FINNIFTY,FINNIFTY26JAN29600PE,PE,29600,2026-01-27,14208514,60,NFO,8
FINNIFTY,FINNIFTY26JAN29700CE,CE,29700,2026-01-27,14208770,60,NFO,8
FINNIFTY,FINNIFTY26JAN29700PE,PE,29700,2026-01-27,14231810,60,NFO,8
FINNIFTY,FINNIFTY26JAN29800CE,CE,29800,2026-01-27,14232066,60,NFO,8
FINNIFTY,FINNIFTY26JAN29800PE,PE,29800,2026-01-27,14236930,60,NFO,8
FINNIFTY,FINNIFTY26JAN29900CE,CE,29900,2026-01-27,14237186,60,NFO,8
FINNIFTY,FINNIFTY26JAN29900PE,PE,29900,2026-01-27,14249986,60,NFO,8
FINNIFTY,FINNIFTY26JAN30000CE,CE,30000,2026-01-27,14250242,60,NFO,8
FINNIFTY,FINNIFTY26JAN30000PE,PE,30000,2026-01-27,14250498,60,NFO,8
FINNIFTY,FINNIFTY26JAN30100CE,CE,30100,2026-01-27,14251010,60,NFO,8
FINNIFTY,FINNIFTY26JAN30100PE,PE,30100,2026-01-27,14255618,60,NFO,8
FINNIFTY,FINNIFTY26JAN30200CE,CE,30200,2026-01-27,14255874,60,NFO,8
FINNIFTY,FINNIFTY26JAN30200PE,PE,30200,2026-01-27,14256130,60,NFO,8
FINNIFTY,FINNIFTY26JAN30300CE,CE,30300,2026-01-27,14256386,60,NFO,8
FINNIFTY,FINNIFTY26JAN30300PE,PE,30300,2026-01-27,14257154,60,NFO,8
FINNIFTY,FINNIFTY26JAN30400CE,CE,30400,2026-01-27,14257410,60,NFO,8
FINNIFTY,FINNIFTY26JAN30400PE,PE,30400,2026-01-27,14263298,60,NFO,8
FINNIFTY,FINNIFTY26JAN30500CE,CE,30500,2026-01-27,14263554,60,NFO,8
FINNIFTY,FINNIFTY26JAN30500PE,PE,30500,2026-01-27,14263810,60,NFO,8
FINNIFTY,FINNIFTY26JAN31000CE,CE,31000,2026-01-27,14271746,60,NFO,8
FINNIFTY,FINNIFTY26JAN31000PE,PE,31000,2026-01-27,14276610,60,NFO,8
FINNIFTY,FINNIFTY26FEB24500CE,CE,24500,2026-02-24,15830530,60,NFO,36
FINNIFTY,FINNIFTY26FEB24500PE,PE,24500,2026-02-24,15830786,60,NFO,36
FINNIFTY,FINNIFTY26FEB25000CE,CE,25000,2026-02-24,15833090,60,NFO,36
FINNIFTY,FINNIFTY26FEB25000PE,PE,25000,2026-02-24,15843074,60,NFO,36
FINNIFTY,FINNIFTY26FEB25300CE,CE,25300,2026-02-24,15844354,60,NFO,36
FINNIFTY,FINNIFTY26FEB25300PE,PE,25300,2026-02-24,15844610,60,NFO,36
FINNIFTY,FINNIFTY26FEB25400CE,CE,25400,2026-02-24,15844866,60,NFO,36
FINNIFTY,FINNIFTY26FEB25400PE,PE,25400,2026-02-24,15845122,60,NFO,36
FINNIFTY,FINNIFTY26FEB25500CE,CE,25500,2026-02-24,15845378,60,NFO,36
FINNIFTY,FINNIFTY26FEB25500PE,PE,25500,2026-02-24,15845634,60,NFO,36
FINNIFTY,FINNIFTY26FEB25600CE,CE,25600,2026-02-24,15845890,60,NFO,36
FINNIFTY,FINNIFTY26FEB25600PE,PE,25600,2026-02-24,15846146,60,NFO,36
FINNIFTY,FINNIFTY26FEB25700CE,CE,25700,2026-02-24,15846402,60,NFO,36
FINNIFTY,FINNIFTY26FEB25700PE,PE,25700,2026-02-24,15846658,60,NFO,36
FINNIFTY,FINNIFTY26FEB25800CE,CE,25800,2026-02-24,15846914,60,NFO,36
FINNIFTY,FINNIFTY26FEB25800PE,PE,25800,2026-02-24,15847170,60,NFO,36
FINNIFTY,FINNIFTY26FEB25900CE,CE,25900,2026-02-24,15847426,60,NFO,36
FINNIFTY,FINNIFTY26FEB25900PE,PE,25900,2026-02-24,15847682,60,NFO,36
FINNIFTY,FINNIFTY26FEB26000CE,CE,26000,2026-02-24,15847938,60,NFO,36
FINNIFTY,FINNIFTY26FEB26000PE,PE,26000,2026-02-24,15848194,60,NFO,36
FINNIFTY,FINNIFTY26FEB26100CE,CE,26100,2026-02-24,15848450,60,NFO,36
FINNIFTY,FINNIFTY26FEB26100PE,PE,26100,2026-02-24,15848706,60,NFO,36
FINNIFTY,FINNIFTY26FEB26200CE,CE,26200,2026-02-24,15848962,60,NFO,36
FINNIFTY,FINNIFTY26FEB26200PE,PE,26200,2026-02-24,15849218,60,NFO,36
FINNIFTY,FINNIFTY26FEB26300CE,CE,26300,2026-02-24,15849474,60,NFO,36
FINNIFTY,FINNIFTY26FEB26300PE,PE,26300,2026-02-24,15849730,60,NFO,36
FINNIFTY,FINNIFTY26FEB26400CE,CE,26400,2026-02-24,15850498,60,NFO,36
FINNIFTY,FINNIFTY26FEB26400PE,PE,26400,2026-02-24,15850754,60,NFO,36
FINNIFTY,FINNIFTY26FEB26500CE,CE,26500,2026-02-24,15851010,60,NFO,36
FINNIFTY,FINNIFTY26FEB26500PE,PE,26500,2026-02-24,15851266,60,NFO,36
FINNIFTY,FINNIFTY26FEB26600CE,CE,26600,2026-02-24,15851522,60,NFO,36
FINNIFTY,FINNIFTY26FEB26600PE,PE,26600,2026-02-24,15851778,60,NFO,36
FINNIFTY,FINNIFTY26FEB26700CE,CE,26700,2026-02-24,15852034,60,NFO,36
FINNIFTY,FINNIFTY26FEB26700PE,PE,26700,2026-02-24,15852290,60,NFO,36
FINNIFTY,FINNIFTY26FEB26800CE,CE,26800,2026-02-24,15852546,60,NFO,36
FINNIFTY,FINNIFTY26FEB26800PE,PE,26800,2026-02-24,15852802,60,NFO,36
FINNIFTY,FINNIFTY26FEB26900CE,CE,26900,2026-02-24,15853058,60,NFO,36
FINNIFTY,FINNIFTY26FEB26900PE,PE,26900,2026-02-24,15853314,60,NFO,36
FINNIFTY,FINNIFTY26FEB27000CE,CE,27000,2026-02-24,15853570,60,NFO,36
FINNIFTY,FINNIFTY26FEB27000PE,PE,27000,2026-02-24,15853826,60,NFO,36
FINNIFTY,FINNIFTY26FEB27100CE,CE,27100,2026-02-24,15854082,60,NFO,36
FINNIFTY,FINNIFTY26FEB27100PE,PE,27100,2026-02-24,15854338,60,NFO,36
FINNIFTY,FINNIFTY26FEB27200CE,CE,27200,2026-02-24,15855106,60,NFO,36
FINNIFTY,FINNIFTY26FEB27200PE,PE,27200,2026-02-24,15855362,60,NFO,36
FINNIFTY,FINNIFTY26FEB27300CE,CE,27300,2026-02-24,15855618,60,NFO,36
FINNIFTY,FINNIFTY26FEB27300PE,PE,27300,2026-02-24,15855874,60,NFO,36
FINNIFTY,FINNIFTY26FEB27400CE,CE,27400,2026-02-24,15856130,60,NFO,36
FINNIFTY,FINNIFTY26FEB27400PE,PE,27400,2026-02-24,15856386,60,NFO,36
FINNIFTY,FINNIFTY26FEB27500CE,CE,27500,2026-02-24,15856642,60,NFO,36
FINNIFTY,FINNIFTY26FEB27500PE,PE,27500,2026-02-24,15856898,60,NFO,36
FINNIFTY,FINNIFTY26FEB27600CE,CE,27600,2026-02-24,15866626,60,NFO,36
FINNIFTY,FINNIFTY26FEB27600PE,PE,27600,2026-02-24,15866882,60,NFO,36
FINNIFTY,FINNIFTY26FEB27700CE,CE,27700,2026-02-24,15867394,60,NFO,36
FINNIFTY,FINNIFTY26FEB27700PE,PE,27700,2026-02-24,15867650,60,NFO,36
FINNIFTY,FINNIFTY26FEB27800CE,CE,27800,2026-02-24,15868930,60,NFO,36
FINNIFTY,FINNIFTY26FEB27800PE,PE,27800,2026-02-24,15869186,60,NFO,36
FINNIFTY,FINNIFTY26FEB27900CE,CE,27900,2026-02-24,15879682,60,NFO,36
FINNIFTY,FINNIFTY26FEB27900PE,PE,27900,2026-02-24,15879938,60,NFO,36
FINNIFTY,FINNIFTY26FEB28000CE,CE,28000,2026-02-24,15880194,60,NFO,36
FINNIFTY,FINNIFTY26FEB28000PE,PE,28000,2026-02-24,15880450,60,NFO,36
FINNIFTY,FINNIFTY26FEB28100CE,CE,28100,2026-02-24,15881218,60,NFO,36
FINNIFTY,FINNIFTY26FEB28100PE,PE,28100,2026-02-24,15881474,60,NFO,36
FINNIFTY,FINNIFTY26FEB28200CE,CE,28200,2026-02-24,15884290,60,NFO,36
FINNIFTY,FINNIFTY26FEB28200PE,PE,28200,2026-02-24,15884546,60,NFO,36
FINNIFTY,FINNIFTY26FEB28300CE,CE,28300,2026-02-24,15885826,60,NFO,36
FINNIFTY,FINNIFTY26FEB28300PE,PE,28300,2026-02-24,15886082,60,NFO,36
FINNIFTY,FINNIFTY26FEB28400CE,CE,28400,2026-02-24,15886850,60,NFO,36
FINNIFTY,FINNIFTY26FEB28400PE,PE,28400,2026-02-24,15887106,60,NFO,36
FINNIFTY,FINNIFTY26FEB28500CE,CE,28500,2026-02-24,15887362,60,NFO,36
FINNIFTY,FINNIFTY26FEB28500PE,PE,28500,2026-02-24,15887618,60,NFO,36
FINNIFTY,FINNIFTY26FEB28600CE,CE,28600,2026-02-24,15887874,60,NFO,36
FINNIFTY,FINNIFTY26FEB28600PE,PE,28600,2026-02-24,15888130,60,NFO,36
FINNIFTY,FINNIFTY26FEB28700CE,CE,28700,2026-02-24,15888386,60,NFO,36
FINNIFTY,FINNIFTY26FEB28700PE,PE,28700,2026-02-24,15888642,60,NFO,36
FINNIFTY,FINNIFTY26FEB28800CE,CE,28800,2026-02-24,15888898,60,NFO,36
FINNIFTY,FINNIFTY26FEB28800PE,PE,28800,2026-02-24,15890690,60,NFO,36
FINNIFTY,FINNIFTY26FEB28900CE,CE,28900,2026-02-24,15890946,60,NFO,36
FINNIFTY,FINNIFTY26FEB28900PE,PE,28900,2026-02-24,15902978,60,NFO,36
FINNIFTY,FINNIFTY26FEB29000CE,CE,29000,2026-02-24,15903234,60,NFO,36
FINNIFTY,FINNIFTY26FEB29000PE,PE,29000,2026-02-24,15916290,60,NFO,36
FINNIFTY,FINNIFTY26FEB29100CE,CE,29100,2026-02-24,15916546,60,NFO,36
FINNIFTY,FINNIFTY26FEB29100PE,PE,29100,2026-02-24,15916802,60,NFO,36
FINNIFTY,FINNIFTY26FEB29200CE,CE,29200,2026-02-24,15919106,60,NFO,36
FINNIFTY,FINNIFTY26FEB29200PE,PE,29200,2026-02-24,15919362,60,NFO,36
FINNIFTY,FINNIFTY26FEB29300CE,CE,29300,2026-02-24,15919618,60,NFO,36
FINNIFTY,FINNIFTY26FEB29300PE,PE,29300,2026-02-24,15919874,60,NFO,36
FINNIFTY,FINNIFTY26FEB29400CE,CE,29400,2026-02-24,15920130,60,NFO,36
FINNIFTY,FINNIFTY26FEB29400PE,PE,29400,2026-02-24,15920386,60,NFO,36
FINNIFTY,FINNIFTY26FEB29500CE,CE,29500,2026-02-24,15920642,60,NFO,36
FINNIFTY,FINNIFTY26FEB29500PE,PE,29500,2026-02-24,15920898,60,NFO,36
FINNIFTY,FINNIFTY26FEB29600CE,CE,29600,2026-02-24,15921154,60,NFO,36
FINNIFTY,FINNIFTY26FEB29600PE,PE,29600,2026-02-24,15921410,60,NFO,36
FINNIFTY,FINNIFTY26FEB29700CE,CE,29700,2026-02-24,15921666,60,NFO,36
FINNIFTY,FINNIFTY26FEB29700PE,PE,29700,2026-02-24,15921922,60,NFO,36
FINNIFTY,FINNIFTY26FEB29800CE,CE,29800,2026-02-24,15922178,60,NFO,36
FINNIFTY,FINNIFTY26FEB29800PE,PE,29800,2026-02-24,15922434,60,NFO,36
FINNIFTY,FINNIFTY26FEB29900CE,CE,29900,2026-02-24,15922690,60,NFO,36
FINNIFTY,FINNIFTY26FEB29900PE,PE,29900,2026-02-24,15922946,60,NFO,36
FINNIFTY,FINNIFTY26FEB30000CE,CE,30000,2026-02-24,15923202,60,NFO,36
FINNIFTY,FINNIFTY26FEB30000PE,PE,30000,2026-02-24,15923458,60,NFO,36
FINNIFTY,FINNIFTY26FEB30500CE,CE,30500,2026-02-24,15925762,60,NFO,36
FINNIFTY,FINNIFTY26FEB30500PE,PE,30500,2026-02-24,15926018,60,NFO,36
FINNIFTY,FINNIFTY26FEB31000CE,CE,31000,2026-02-24,15939586,60,NFO,36
FINNIFTY,FINNIFTY26FEB31000PE,PE,31000,2026-02-24,15939842,60,NFO,36
FINNIFTY,FINNIFTY26MAR24500CE,CE,24500,2026-03-30,13712386,60,NFO,70
FINNIFTY,FINNIFTY26MAR24500PE,PE,24500,2026-03-30,13712642,60,NFO,70
FINNIFTY,FINNIFTY26MAR25000CE,CE,25000,2026-03-30,13714946,60,NFO,70
FINNIFTY,FINNIFTY26MAR25000PE,PE,25000,2026-03-30,13715202,60,NFO,70
FINNIFTY,FINNIFTY26MAR25400CE,CE,25400,2026-03-30,13716994,60,NFO,70
FINNIFTY,FINNIFTY26MAR25400PE,PE,25400,2026-03-30,13717506,60,NFO,70
FINNIFTY,FINNIFTY26MAR25500CE,CE,25500,2026-03-30,13718274,60,NFO,70
FINNIFTY,FINNIFTY26MAR25500PE,PE,25500,2026-03-30,13719554,60,NFO,70
FINNIFTY,FINNIFTY26MAR25600CE,CE,25600,2026-03-30,13719810,60,NFO,70
FINNIFTY,FINNIFTY26MAR25600PE,PE,25600,2026-03-30,13720066,60,NFO,70
FINNIFTY,FINNIFTY26MAR25700CE,CE,25700,2026-03-30,13720834,60,NFO,70
FINNIFTY,FINNIFTY26MAR25700PE,PE,25700,2026-03-30,13721602,60,NFO,70
FINNIFTY,FINNIFTY26MAR25800CE,CE,25800,2026-03-30,13721858,60,NFO,70
FINNIFTY,FINNIFTY26MAR25800PE,PE,25800,2026-03-30,13723650,60,NFO,70
FINNIFTY,FINNIFTY26MAR25900CE,CE,25900,2026-03-30,13723906,60,NFO,70
FINNIFTY,FINNIFTY26MAR25900PE,PE,25900,2026-03-30,13724162,60,NFO,70
FINNIFTY,FINNIFTY26MAR26000CE,CE,26000,2026-03-30,13724674,60,NFO,70
FINNIFTY,FINNIFTY26MAR26000PE,PE,26000,2026-03-30,13725186,60,NFO,70
FINNIFTY,FINNIFTY26MAR26100CE,CE,26100,2026-03-30,13726722,60,NFO,70
FINNIFTY,FINNIFTY26MAR26100PE,PE,26100,2026-03-30,13726978,60,NFO,70
FINNIFTY,FINNIFTY26MAR26200CE,CE,26200,2026-03-30,13727234,60,NFO,70
FINNIFTY,FINNIFTY26MAR26200PE,PE,26200,2026-03-30,13727490,60,NFO,70
FINNIFTY,FINNIFTY26MAR26300CE,CE,26300,2026-03-30,13729026,60,NFO,70
FINNIFTY,FINNIFTY26MAR26300PE,PE,26300,2026-03-30,13730306,60,NFO,70
FINNIFTY,FINNIFTY26MAR26400CE,CE,26400,2026-03-30,13730818,60,NFO,70
FINNIFTY,FINNIFTY26MAR26400PE,PE,26400,2026-03-30,13731074,60,NFO,70
FINNIFTY,FINNIFTY26MAR26500CE,CE,26500,2026-03-30,13731330,60,NFO,70
FINNIFTY,FINNIFTY26MAR26500PE,PE,26500,2026-03-30,13731586,60,NFO,70
FINNIFTY,FINNIFTY26MAR26600CE,CE,26600,2026-03-30,13731842,60,NFO,70
FINNIFTY,FINNIFTY26MAR26600PE,PE,26600,2026-03-30,13732098,60,NFO,70
FINNIFTY,FINNIFTY26MAR26700CE,CE,26700,2026-03-30,13732354,60,NFO,70
FINNIFTY,FINNIFTY26MAR26700PE,PE,26700,2026-03-30,13732610,60,NFO,70
FINNIFTY,FINNIFTY26MAR26800CE,CE,26800,2026-03-30,13732866,60,NFO,70
FINNIFTY,FINNIFTY26MAR26800PE,PE,26800,2026-03-30,13733122,60,NFO,70
FINNIFTY,FINNIFTY26MAR26900CE,CE,26900,2026-03-30,13733378,60,NFO,70
FINNIFTY,FINNIFTY26MAR26900PE,PE,26900,2026-03-30,13733634,60,NFO,70
FINNIFTY,FINNIFTY26MAR27000CE,CE,27000,2026-03-30,13733890,60,NFO,70
FINNIFTY,FINNIFTY26MAR27000PE,PE,27000,2026-03-30,13734146,60,NFO,70
FINNIFTY,FINNIFTY26MAR27100CE,CE,27100,2026-03-30,13734402,60,NFO,70
FINNIFTY,FINNIFTY26MAR27100PE,PE,27100,2026-03-30,13734658,60,NFO,70
FINNIFTY,FINNIFTY26MAR27200CE,CE,27200,2026-03-30,13734914,60,NFO,70
FINNIFTY,FINNIFTY26MAR27200PE,PE,27200,2026-03-30,13735170,60,NFO,70
FINNIFTY,FINNIFTY26MAR27300CE,CE,27300,2026-03-30,13735426,60,NFO,70
FINNIFTY,FINNIFTY26MAR27300PE,PE,27300,2026-03-30,13735682,60,NFO,70
FINNIFTY,FINNIFTY26MAR27400CE,CE,27400,2026-03-30,13735938,60,NFO,70
FINNIFTY,FINNIFTY26MAR27400PE,PE,27400,2026-03-30,13736194,60,NFO,70
FINNIFTY,FINNIFTY26MAR27500CE,CE,27500,2026-03-30,13736450,60,NFO,70
FINNIFTY,FINNIFTY26MAR27500PE,PE,27500,2026-03-30,13736706,60,NFO,70
FINNIFTY,FINNIFTY26MAR27600CE,CE,27600,2026-03-30,13736962,60,NFO,70
FINNIFTY,FINNIFTY26MAR27600PE,PE,27600,2026-03-30,13737218,60,NFO,70
FINNIFTY,FINNIFTY26MAR27700CE,CE,27700,2026-03-30,13737474,60,NFO,70
FINNIFTY,FINNIFTY26MAR27700PE,PE,27700,2026-03-30,13737730,60,NFO,70
FINNIFTY,FINNIFTY26MAR27800CE,CE,27800,2026-03-30,13737986,60,NFO,70
FINNIFTY,FINNIFTY26MAR27800PE,PE,27800,2026-03-30,13738242,60,NFO,70
FINNIFTY,FINNIFTY26MAR27900CE,CE,27900,2026-03-30,13738498,60,NFO,70
FINNIFTY,FINNIFTY26MAR27900PE,PE,27900,2026-03-30,13738754,60,NFO,70
FINNIFTY,FINNIFTY26MAR28000CE,CE,28000,2026-03-30,13739010,60,NFO,70
FINNIFTY,FINNIFTY26MAR28000PE,PE,28000,2026-03-30,13739266,60,NFO,70
FINNIFTY,FINNIFTY26MAR28100CE,CE,28100,2026-03-30,13739522,60,NFO,70
FINNIFTY,FINNIFTY26MAR28100PE,PE,28100,2026-03-30,13739778,60,NFO,70
FINNIFTY,FINNIFTY26MAR28200CE,CE,28200,2026-03-30,13740034,60,NFO,70
FINNIFTY,FINNIFTY26MAR28200PE,PE,28200,2026-03-30,13740290,60,NFO,70
FINNIFTY,FINNIFTY26MAR28300CE,CE,28300,2026-03-30,13740546,60,NFO,70
FINNIFTY,FINNIFTY26MAR28300PE,PE,28300,2026-03-30,13740802,60,NFO,70
FINNIFTY,FINNIFTY26MAR28400CE,CE,28400,2026-03-30,13741058,60,NFO,70
FINNIFTY,FINNIFTY26MAR28400PE,PE,28400,2026-03-30,13741314,60,NFO,70
FINNIFTY,FINNIFTY26MAR28500CE,CE,28500,2026-03-30,13741570,60,NFO,70
FINNIFTY,FINNIFTY26MAR28500PE,PE,28500,2026-03-30,13741826,60,NFO,70
FINNIFTY,FINNIFTY26MAR28600CE,CE,28600,2026-03-30,13742082,60,NFO,70
FINNIFTY,FINNIFTY26MAR28600PE,PE,28600,2026-03-30,13742338,60,NFO,70
FINNIFTY,FINNIFTY26MAR28700CE,CE,28700,2026-03-30,13742594,60,NFO,70
FINNIFTY,FINNIFTY26MAR28700PE,PE,28700,2026-03-30,13742850,60,NFO,70
FINNIFTY,FINNIFTY26MAR28800CE,CE,28800,2026-03-30,13743106,60,NFO,70
FINNIFTY,FINNIFTY26MAR28800PE,PE,28800,2026-03-30,13743362,60,NFO,70
FINNIFTY,FINNIFTY26MAR28900CE,CE,28900,2026-03-30,13743618,60,NFO,70
FINNIFTY,FINNIFTY26MAR28900PE,PE,28900,2026-03-30,13743874,60,NFO,70
FINNIFTY,FINNIFTY26MAR29000CE,CE,29000,2026-03-30,13744130,60,NFO,70
FINNIFTY,FINNIFTY26MAR29000PE,PE,29000,2026-03-30,13744386,60,NFO,70
FINNIFTY,FINNIFTY26MAR29100CE,CE,29100,2026-03-30,13744642,60,NFO,70
FINNIFTY,FINNIFTY26MAR29100PE,PE,29100,2026-03-30,13744898,60,NFO,70
FINNIFTY,FINNIFTY26MAR29200CE,CE,29200,2026-03-30,13745154,60,NFO,70
FINNIFTY,FINNIFTY26MAR29200PE,PE,29200,2026-03-30,13745410,60,NFO,70
FINNIFTY,FINNIFTY26MAR29300CE,CE,29300,2026-03-30,13745666,60,NFO,70
FINNIFTY,FINNIFTY26MAR29300PE,PE,29300,2026-03-30,13745922,60,NFO,70
FINNIFTY,FINNIFTY26MAR29400CE,CE,29400,2026-03-30,13746178,60,NFO,70
FINNIFTY,FINNIFTY26MAR29400PE,PE,29400,2026-03-30,13746434,60,NFO,70
FINNIFTY,FINNIFTY26MAR29500CE,CE,29500,2026-03-30,13746690,60,NFO,70
FINNIFTY,FINNIFTY26MAR29500PE,PE,29500,2026-03-30,13746946,60,NFO,70
FINNIFTY,FINNIFTY26MAR29600CE,CE,29600,2026-03-30,13747202,60,NFO,70
FINNIFTY,FINNIFTY26MAR29600PE,PE,29600,2026-03-30,13747458,60,NFO,70
FINNIFTY,FINNIFTY26MAR29700CE,CE,29700,2026-03-30,13747714,60,NFO,70
FINNIFTY,FINNIFTY26MAR29700PE,PE,29700,2026-03-30,13750274,60,NFO,70
FINNIFTY,FINNIFTY26MAR29800CE,CE,29800,2026-03-30,13750530,60,NFO,70
FINNIFTY,FINNIFTY26MAR29800PE,PE,29800,2026-03-30,13751298,60,NFO,70
FINNIFTY,FINNIFTY26MAR29900CE,CE,29900,2026-03-30,13751554,60,NFO,70
FINNIFTY,FINNIFTY26MAR29900PE,PE,29900,2026-03-30,13751810,60,NFO,70
FINNIFTY,FINNIFTY26MAR30000CE,CE,30000,2026-03-30,13752066,60,NFO,70
FINNIFTY,FINNIFTY26MAR30000PE,PE,30000,2026-03-30,13752834,60,NFO,70
FINNIFTY,FINNIFTY26MAR30500CE,CE,30500,2026-03-30,13755138,60,NFO,70
FINNIFTY,FINNIFTY26MAR30500PE,PE,30500,2026-03-30,13755394,60,NFO,70
FINNIFTY,FINNIFTY26MAR31000CE,CE,31000,2026-03-30,13757698,60,NFO,70
FINNIFTY,FINNIFTY26MAR31000PE,PE,31000,2026-03-30,13757954,60,NFO,70
NIFTY,NIFTY2612023900CE,CE,23900,2026-01-20,12164866,65,NFO,1
NIFTY,NIFTY2612023900PE,PE,23900,2026-01-20,12165122,65,NFO,1
NIFTY,NIFTY2612023950CE,CE,23950,2026-01-20,12165378,65,NFO,1
NIFTY,NIFTY2612023950PE,PE,23950,2026-01-20,12165634,65,NFO,1
NIFTY,NIFTY2612024000CE,CE,24000,2026-01-20,12166146,65,NFO,1
NIFTY,NIFTY2612024000PE,PE,24000,2026-01-20,12166658,65,NFO,1
NIFTY,NIFTY2612024050CE,CE,24050,2026-01-20,12166914,65,NFO,1
NIFTY,NIFTY2612024050PE,PE,24050,2026-01-20,12167170,65,NFO,1
NIFTY,NIFTY2612024100CE,CE,24100,2026-01-20,12167426,65,NFO,1
NIFTY,NIFTY2612024100PE,PE,24100,2026-01-20,12168194,65,NFO,1
NIFTY,NIFTY2612024150CE,CE,24150,2026-01-20,12168450,65,NFO,1
NIFTY,NIFTY2612024150PE,PE,24150,2026-01-20,12169218,65,NFO,1
NIFTY,NIFTY2612024200CE,CE,24200,2026-01-20,12169474,65,NFO,1
NIFTY,NIFTY2612024200PE,PE,24200,2026-01-20,12169730,65,NFO,1
NIFTY,NIFTY2612024250CE,CE,24250,2026-01-20,12169986,65,NFO,1
NIFTY,NIFTY2612024250PE,PE,24250,2026-01-20,12170242,65,NFO,1
NIFTY,NIFTY2612024300CE,CE,24300,2026-01-20,12170498,65,NFO,1
NIFTY,NIFTY2612024300PE,PE,24300,2026-01-20,12170754,65,NFO,1
NIFTY,NIFTY2612024350CE,CE,24350,2026-01-20,12171010,65,NFO,1
NIFTY,NIFTY2612024350PE,PE,24350,2026-01-20,12171778,65,NFO,1
NIFTY,NIFTY2612024400CE,CE,24400,2026-01-20,12172034,65,NFO,1
NIFTY,NIFTY2612024400PE,PE,24400,2026-01-20,12172290,65,NFO,1
NIFTY,NIFTY2612024450CE,CE,24450,2026-01-20,12172546,65,NFO,1
NIFTY,NIFTY2612024450PE,PE,24450,2026-01-20,12172802,65,NFO,1
NIFTY,NIFTY2612024500CE,CE,24500,2026-01-20,12173058,65,NFO,1
NIFTY,NIFTY2612024500PE,PE,24500,2026-01-20,12173314,65,NFO,1
NIFTY,NIFTY2612024550CE,CE,24550,2026-01-20,12173570,65,NFO,1
NIFTY,NIFTY2612024550PE,PE,24550,2026-01-20,12173826,65,NFO,1
NIFTY,NIFTY2612024600CE,CE,24600,2026-01-20,12174082,65,NFO,1
NIFTY,NIFTY2612024600PE,PE,24600,2026-01-20,12174338,65,NFO,1
NIFTY,NIFTY2612024650CE,CE,24650,2026-01-20,12174594,65,NFO,1
NIFTY,NIFTY2612024650PE,PE,24650,2026-01-20,12174850,65,NFO,1
NIFTY,NIFTY2612024700CE,CE,24700,2026-01-20,12175106,65,NFO,1
NIFTY,NIFTY2612024700PE,PE,24700,2026-01-20,12175362,65,NFO,1
NIFTY,NIFTY2612024750CE,CE,24750,2026-01-20,12175618,65,NFO,1
NIFTY,NIFTY2612024750PE,PE,24750,2026-01-20,12175874,65,NFO,1
NIFTY,NIFTY2612024800CE,CE,24800,2026-01-20,12176130,65,NFO,1
NIFTY,NIFTY2612024800PE,PE,24800,2026-01-20,12176386,65,NFO,1
NIFTY,NIFTY2612024850CE,CE,24850,2026-01-20,12176642,65,NFO,1
NIFTY,NIFTY2612024850PE,PE,24850,2026-01-20,12176898,65,NFO,1
NIFTY,NIFTY2612024900CE,CE,24900,2026-01-20,12177154,65,NFO,1
NIFTY,NIFTY2612024900PE,PE,24900,2026-01-20,12177410,65,NFO,1
NIFTY,NIFTY2612024950CE,CE,24950,2026-01-20,12177922,65,NFO,1
NIFTY,NIFTY2612024950PE,PE,24950,2026-01-20,12178178,65,NFO,1
NIFTY,NIFTY2612025000CE,CE,25000,2026-01-20,12178434,65,NFO,1
NIFTY,NIFTY2612025000PE,PE,25000,2026-01-20,12178690,65,NFO,1
NIFTY,NIFTY2612025050CE,CE,25050,2026-01-20,12178946,65,NFO,1
NIFTY,NIFTY2612025050PE,PE,25050,2026-01-20,12179714,65,NFO,1
NIFTY,NIFTY2612025100CE,CE,25100,2026-01-20,12180226,65,NFO,1
NIFTY,NIFTY2612025100PE,PE,25100,2026-01-20,12180994,65,NFO,1
NIFTY,NIFTY2612025150CE,CE,25150,2026-01-20,12181250,65,NFO,1
NIFTY,NIFTY2612025150PE,PE,25150,2026-01-20,12181506,65,NFO,1
NIFTY,NIFTY2612025200CE,CE,25200,2026-01-20,12181762,65,NFO,1
NIFTY,NIFTY2612025200PE,PE,25200,2026-01-20,12182530,65,NFO,1
NIFTY,NIFTY2612025250CE,CE,25250,2026-01-20,12182786,65,NFO,1
NIFTY,NIFTY2612025250PE,PE,25250,2026-01-20,12183042,65,NFO,1
NIFTY,NIFTY2612025300CE,CE,25300,2026-01-20,12183298,65,NFO,1
NIFTY,NIFTY2612025300PE,PE,25300,2026-01-20,12183554,65,NFO,1
NIFTY,NIFTY2612025350CE,CE,25350,2026-01-20,12183810,65,NFO,1
NIFTY,NIFTY2612025350PE,PE,25350,2026-01-20,12184066,65,NFO,1
NIFTY,NIFTY2612025400CE,CE,25400,2026-01-20,12184322,65,NFO,1
NIFTY,NIFTY2612025400PE,PE,25400,2026-01-20,12184578,65,NFO,1
NIFTY,NIFTY2612025450CE,CE,25450,2026-01-20,12184834,65,NFO,1
NIFTY,NIFTY2612025450PE,PE,25450,2026-01-20,12185090,65,NFO,1
NIFTY,NIFTY2612025500CE,CE,25500,2026-01-20,12185346,65,NFO,1
NIFTY,NIFTY2612025500PE,PE,25500,2026-01-20,12185602,65,NFO,1
NIFTY,NIFTY2612025550CE,CE,25550,2026-01-20,12185858,65,NFO,1
NIFTY,NIFTY2612025550PE,PE,25550,2026-01-20,12186114,65,NFO,1
NIFTY,NIFTY2612025600CE,CE,25600,2026-01-20,12186370,65,NFO,1
NIFTY,NIFTY2612025600PE,PE,25600,2026-01-20,12188162,65,NFO,1
NIFTY,NIFTY2612025650CE,CE,25650,2026-01-20,12188418,65,NFO,1
NIFTY,NIFTY2612025650PE,PE,25650,2026-01-20,12188674,65,NFO,1
NIFTY,NIFTY2612025700CE,CE,25700,2026-01-20,12188930,65,NFO,1
NIFTY,NIFTY2612025700PE,PE,25700,2026-01-20,12189186,65,NFO,1
NIFTY,NIFTY2612025750CE,CE,25750,2026-01-20,12189442,65,NFO,1
NIFTY,NIFTY2612025750PE,PE,25750,2026-01-20,12189698,65,NFO,1
NIFTY,NIFTY2612025800CE,CE,25800,2026-01-20,12189954,65,NFO,1
NIFTY,NIFTY2612025800PE,PE,25800,2026-01-20,12190210,65,NFO,1
NIFTY,NIFTY2612025850CE,CE,25850,2026-01-20,12190466,65,NFO,1
NIFTY,NIFTY2612025850PE,PE,25850,2026-01-20,12190722,65,NFO,1
NIFTY,NIFTY2612025900CE,CE,25900,2026-01-20,12190978,65,NFO,1
NIFTY,NIFTY2612025900PE,PE,25900,2026-01-20,12191234,65,NFO,1
NIFTY,NIFTY2612025950CE,CE,25950,2026-01-20,12191490,65,NFO,1
NIFTY,NIFTY2612025950PE,PE,25950,2026-01-20,12191746,65,NFO,1
NIFTY,NIFTY2612026000CE,CE,26000,2026-01-20,12192002,65,NFO,1
NIFTY,NIFTY2612026000PE,PE,26000,2026-01-20,12192258,65,NFO,1
NIFTY,NIFTY2612026050CE,CE,26050,2026-01-20,12192514,65,NFO,1
NIFTY,NIFTY2612026050PE,PE,26050,2026-01-20,12192770,65,NFO,1
NIFTY,NIFTY2612026100PE,PE,26100,2026-01-20,12193282,65,NFO,1
NIFTY,NIFTY2612026100CE,CE,26100,2026-01-20,12193026,65,NFO,1
NIFTY,NIFTY2612026150CE,CE,26150,2026-01-20,12193538,65,NFO,1
NIFTY,NIFTY2612026150PE,PE,26150,2026-01-20,12193794,65,NFO,1
NIFTY,NIFTY2612026200CE,CE,26200,2026-01-20,12194050,65,NFO,1
NIFTY,NIFTY2612026200PE,PE,26200,2026-01-20,12199938,65,NFO,1
NIFTY,NIFTY2612026250CE,CE,26250,2026-01-20,12200194,65,NFO,1
NIFTY,NIFTY2612026250PE,PE,26250,2026-01-20,12201986,65,NFO,1
NIFTY,NIFTY2612026300CE,CE,26300,2026-01-20,12202242,65,NFO,1
NIFTY,NIFTY2612026300PE,PE,26300,2026-01-20,12202498,65,NFO,1
NIFTY,NIFTY2612026350CE,CE,26350,2026-01-20,12202754,65,NFO,1
NIFTY,NIFTY2612026350PE,PE,26350,2026-01-20,12204034,65,NFO,1
NIFTY,NIFTY2612026400CE,CE,26400,2026-01-20,12204290,65,NFO,1
NIFTY,NIFTY2612026400PE,PE,26400,2026-01-20,12204546,65,NFO,1
NIFTY,NIFTY2612026450CE,CE,26450,2026-01-20,12204802,65,NFO,1
NIFTY,NIFTY2612026450PE,PE,26450,2026-01-20,12205058,65,NFO,1
NIFTY,NIFTY2612026500CE,CE,26500,2026-01-20,12205826,65,NFO,1
NIFTY,NIFTY2612026500PE,PE,26500,2026-01-20,12206082,65,NFO,1
NIFTY,NIFTY2612026550CE,CE,26550,2026-01-20,12206338,65,NFO,1
NIFTY,NIFTY2612026550PE,PE,26550,2026-01-20,12206594,65,NFO,1
NIFTY,NIFTY2612026600CE,CE,26600,2026-01-20,12206850,65,NFO,1
NIFTY,NIFTY2612026600PE,PE,26600,2026-01-20,12207618,65,NFO,1
NIFTY,NIFTY2612026650CE,CE,26650,2026-01-20,12207874,65,NFO,1
NIFTY,NIFTY2612026650PE,PE,26650,2026-01-20,12208130,65,NFO,1
NIFTY,NIFTY2612026700CE,CE,26700,2026-01-20,12208386,65,NFO,1
NIFTY,NIFTY2612026700PE,PE,26700,2026-01-20,12208642,65,NFO,1
NIFTY,NIFTY2612026750CE,CE,26750,2026-01-20,12208898,65,NFO,1
NIFTY,NIFTY2612026750PE,PE,26750,2026-01-20,12209154,65,NFO,1
NIFTY,NIFTY2612026800CE,CE,26800,2026-01-20,12209410,65,NFO,1
NIFTY,NIFTY2612026800PE,PE,26800,2026-01-20,12209666,65,NFO,1
NIFTY,NIFTY2612026850CE,CE,26850,2026-01-20,12209922,65,NFO,1
NIFTY,NIFTY2612026850PE,PE,26850,2026-01-20,12210178,65,NFO,1
NIFTY,NIFTY2612026900CE,CE,26900,2026-01-20,12210434,65,NFO,1
NIFTY,NIFTY2612026900PE,PE,26900,2026-01-20,12211714,65,NFO,1
NIFTY,NIFTY2612026950CE,CE,26950,2026-01-20,12211970,65,NFO,1
NIFTY,NIFTY2612026950PE,PE,26950,2026-01-20,12212226,65,NFO,1
NIFTY,NIFTY2612027000CE,CE,27000,2026-01-20,12212994,65,NFO,1
NIFTY,NIFTY2612027000PE,PE,27000,2026-01-20,12213250,65,NFO,1
NIFTY,NIFTY2612027050CE,CE,27050,2026-01-20,12213506,65,NFO,1
NIFTY,NIFTY2612027050PE,PE,27050,2026-01-20,12213762,65,NFO,1
NIFTY,NIFTY2612027100CE,CE,27100,2026-01-20,12214018,65,NFO,1
NIFTY,NIFTY2612027100PE,PE,27100,2026-01-20,12214274,65,NFO,1
NIFTY,NIFTY2612027150CE,CE,27150,2026-01-20,12214530,65,NFO,1
NIFTY,NIFTY2612027150PE,PE,27150,2026-01-20,12214786,65,NFO,1
NIFTY,NIFTY2612027200CE,CE,27200,2026-01-20,12215042,65,NFO,1
NIFTY,NIFTY2612027200PE,PE,27200,2026-01-20,12215298,65,NFO,1
NIFTY,NIFTY2612027250CE,CE,27250,2026-01-20,12215554,65,NFO,1
NIFTY,NIFTY2612027250PE,PE,27250,2026-01-20,12215810,65,NFO,1
NIFTY,NIFTY2612027300CE,CE,27300,2026-01-20,12216066,65,NFO,1
NIFTY,NIFTY2612027300PE,PE,27300,2026-01-20,12217346,65,NFO,1
NIFTY,NIFTY2612027350CE,CE,27350,2026-01-20,12218114,65,NFO,1
NIFTY,NIFTY2612027350PE,PE,27350,2026-01-20,12218370,65,NFO,1
NIFTY,NIFTY2612027400CE,CE,27400,2026-01-20,12218626,65,NFO,1
NIFTY,NIFTY2612027400PE,PE,27400,2026-01-20,12218882,65,NFO,1
NIFTY,NIFTY2612027450CE,CE,27450,2026-01-20,12219138,65,NFO,1
NIFTY,NIFTY2612027450PE,PE,27450,2026-01-20,12219394,65,NFO,1
NIFTY,NIFTY2612027500CE,CE,27500,2026-01-20,12219650,65,NFO,1
NIFTY,NIFTY2612027500PE,PE,27500,2026-01-20,12219906,65,NFO,1
NIFTY,NIFTY2612027550CE,CE,27550,2026-01-20,12220162,65,NFO,1
NIFTY,NIFTY2612027550PE,PE,27550,2026-01-20,12220418,65,NFO,1
NIFTY,NIFTY2612027600CE,CE,27600,2026-01-20,12220674,65,NFO,1
NIFTY,NIFTY2612027600PE,PE,27600,2026-01-20,12220930,65,NFO,1
NIFTY,NIFTY2612027650CE,CE,27650,2026-01-20,12221186,65,NFO,1
NIFTY,NIFTY2612027650PE,PE,27650,2026-01-20,12221442,65,NFO,1
NIFTY,NIFTY2612027700CE,CE,27700,2026-01-20,12221698,65,NFO,1
NIFTY,NIFTY2612027700PE,PE,27700,2026-01-20,12221954,65,NFO,1
NIFTY,NIFTY2612027750CE,CE,27750,2026-01-20,12222722,65,NFO,1
NIFTY,NIFTY2612027750PE,PE,27750,2026-01-20,12222978,65,NFO,1
NIFTY,NIFTY2612027800CE,CE,27800,2026-01-20,12224258,65,NFO,1
NIFTY,NIFTY2612027800PE,PE,27800,2026-01-20,12224514,65,NFO,1
NIFTY,NIFTY2612027850CE,CE,27850,2026-01-20,12224770,65,NFO,1
NIFTY,NIFTY2612027850PE,PE,27850,2026-01-20,12225026,65,NFO,1
NIFTY,NIFTY2612027900CE,CE,27900,2026-01-20,12225282,65,NFO,1
NIFTY,NIFTY2612027900PE,PE,27900,2026-01-20,12225538,65,NFO,1
NIFTY,NIFTY2612027950CE,CE,27950,2026-01-20,12225794,65,NFO,1
NIFTY,NIFTY2612027950PE,PE,27950,2026-01-20,12227586,65,NFO,1
NIFTY,NIFTY2612028000CE,CE,28000,2026-01-20,12227842,65,NFO,1
NIFTY,NIFTY2612028000PE,PE,28000,2026-01-20,12228098,65,NFO,1
NIFTY,NIFTY2612028050CE,CE,28050,2026-01-20,12228354,65,NFO,1
NIFTY,NIFTY2612028050PE,PE,28050,2026-01-20,12228610,65,NFO,1
NIFTY,NIFTY2612028100CE,CE,28100,2026-01-20,12228866,65,NFO,1
NIFTY,NIFTY2612028100PE,PE,28100,2026-01-20,12229122,65,NFO,1
NIFTY,NIFTY26JAN23750CE,CE,23750,2026-01-27,14992642,65,NFO,8
NIFTY,NIFTY26JAN23750PE,PE,23750,2026-01-27,14992898,65,NFO,8
NIFTY,NIFTY26JAN23800CE,CE,23800,2026-01-27,14993154,65,NFO,8
NIFTY,NIFTY26JAN23800PE,PE,23800,2026-01-27,14993410,65,NFO,8
NIFTY,NIFTY26JAN23850CE,CE,23850,2026-01-27,14993666,65,NFO,8
NIFTY,NIFTY26JAN23850PE,PE,23850,2026-01-27,14993922,65,NFO,8
NIFTY,NIFTY26JAN23900CE,CE,23900,2026-01-27,14994178,65,NFO,8
NIFTY,NIFTY26JAN23900PE,PE,23900,2026-01-27,14994434,65,NFO,8
NIFTY,NIFTY26JAN23950CE,CE,23950,2026-01-27,14994690,65,NFO,8
NIFTY,NIFTY26JAN23950PE,PE,23950,2026-01-27,14994946,65,NFO,8
NIFTY,NIFTY26JAN24000CE,CE,24000,2026-01-27,14995202,65,NFO,8
NIFTY,NIFTY26JAN24000PE,PE,24000,2026-01-27,14995458,65,NFO,8
NIFTY,NIFTY26JAN24050CE,CE,24050,2026-01-27,14995714,65,NFO,8
NIFTY,NIFTY26JAN24050PE,PE,24050,2026-01-27,14995970,65,NFO,8
NIFTY,NIFTY26JAN24100CE,CE,24100,2026-01-27,14996226,65,NFO,8
NIFTY,NIFTY26JAN24100PE,PE,24100,2026-01-27,14996482,65,NFO,8
NIFTY,NIFTY26JAN24150CE,CE,24150,2026-01-27,14996738,65,NFO,8
NIFTY,NIFTY26JAN24150PE,PE,24150,2026-01-27,14996994,65,NFO,8
NIFTY,NIFTY26JAN24200CE,CE,24200,2026-01-27,14997250,65,NFO,8
NIFTY,NIFTY26JAN24200PE,PE,24200,2026-01-27,14997506,65,NFO,8
NIFTY,NIFTY26JAN24250CE,CE,24250,2026-01-27,14997762,65,NFO,8
NIFTY,NIFTY26JAN24250PE,PE,24250,2026-01-27,14998018,65,NFO,8
NIFTY,NIFTY26JAN24300CE,CE,24300,2026-01-27,14998274,65,NFO,8
NIFTY,NIFTY26JAN24300PE,PE,24300,2026-01-27,14998530,65,NFO,8
NIFTY,NIFTY26JAN24350CE,CE,24350,2026-01-27,14998786,65,NFO,8
NIFTY,NIFTY26JAN24350PE,PE,24350,2026-01-27,14999042,65,NFO,8
NIFTY,NIFTY26JAN24400CE,CE,24400,2026-01-27,14999298,65,NFO,8
NIFTY,NIFTY26JAN24400PE,PE,24400,2026-01-27,14999554,65,NFO,8
NIFTY,NIFTY26JAN24450CE,CE,24450,2026-01-27,14999810,65,NFO,8
NIFTY,NIFTY26JAN24450PE,PE,24450,2026-01-27,15000066,65,NFO,8
NIFTY,NIFTY26JAN24500CE,CE,24500,2026-01-27,15000322,65,NFO,8
NIFTY,NIFTY26JAN24500PE,PE,24500,2026-01-27,15000578,65,NFO,8
NIFTY,NIFTY26JAN24550CE,CE,24550,2026-01-27,15000834,65,NFO,8
NIFTY,NIFTY26JAN24550PE,PE,24550,2026-01-27,15001090,65,NFO,8
NIFTY,NIFTY26JAN24600CE,CE,24600,2026-01-27,15001346,65,NFO,8
NIFTY,NIFTY26JAN24600PE,PE,24600,2026-01-27,15001602,65,NFO,8
NIFTY,NIFTY26JAN24650CE,CE,24650,2026-01-27,15001858,65,NFO,8
NIFTY,NIFTY26JAN24650PE,PE,24650,2026-01-27,15002370,65,NFO,8
NIFTY,NIFTY26JAN24700CE,CE,24700,2026-01-27,15002626,65,NFO,8
NIFTY,NIFTY26JAN24700PE,PE,24700,2026-01-27,15002882,65,NFO,8
NIFTY,NIFTY26JAN24750CE,CE,24750,2026-01-27,15003138,65,NFO,8
NIFTY,NIFTY26JAN24750PE,PE,24750,2026-01-27,15003394,65,NFO,8
NIFTY,NIFTY26JAN24800CE,CE,24800,2026-01-27,15004418,65,NFO,8
NIFTY,NIFTY26JAN24800PE,PE,24800,2026-01-27,15004674,65,NFO,8
NIFTY,NIFTY26JAN24850CE,CE,24850,2026-01-27,15004930,65,NFO,8
NIFTY,NIFTY26JAN24850PE,PE,24850,2026-01-27,15005186,65,NFO,8
NIFTY,NIFTY26JAN24900CE,CE,24900,2026-01-27,15005442,65,NFO,8
NIFTY,NIFTY26JAN24900PE,PE,24900,2026-01-27,15014402,65,NFO,8
NIFTY,NIFTY26JAN24950CE,CE,24950,2026-01-27,15014658,65,NFO,8
NIFTY,NIFTY26JAN24950PE,PE,24950,2026-01-27,15014914,65,NFO,8
NIFTY,NIFTY26JAN25000CE,CE,25000,2026-01-27,15017218,65,NFO,8
NIFTY,NIFTY26JAN25000PE,PE,25000,2026-01-27,15017474,65,NFO,8
NIFTY,NIFTY26JAN25050CE,CE,25050,2026-01-27,15017730,65,NFO,8
NIFTY,NIFTY26JAN25050PE,PE,25050,2026-01-27,15017986,65,NFO,8
NIFTY,NIFTY26JAN25100CE,CE,25100,2026-01-27,15018242,65,NFO,8
NIFTY,NIFTY26JAN25100PE,PE,25100,2026-01-27,15018498,65,NFO,8
NIFTY,NIFTY26JAN25150CE,CE,25150,2026-01-27,15018754,65,NFO,8
NIFTY,NIFTY26JAN25150PE,PE,25150,2026-01-27,15020802,65,NFO,8
NIFTY,NIFTY26JAN25200CE,CE,25200,2026-01-27,15024386,65,NFO,8
NIFTY,NIFTY26JAN25200PE,PE,25200,2026-01-27,15024642,65,NFO,8
NIFTY,NIFTY26JAN25250CE,CE,25250,2026-01-27,15025410,65,NFO,8
NIFTY,NIFTY26JAN25250PE,PE,25250,2026-01-27,15025666,65,NFO,8
NIFTY,NIFTY26JAN25300CE,CE,25300,2026-01-27,15025922,65,NFO,8
NIFTY,NIFTY26JAN25300PE,PE,25300,2026-01-27,15027714,65,NFO,8
NIFTY,NIFTY26JAN25350CE,CE,25350,2026-01-27,15027970,65,NFO,8
NIFTY,NIFTY26JAN25350PE,PE,25350,2026-01-27,15028226,65,NFO,8
NIFTY,NIFTY26JAN25400CE,CE,25400,2026-01-27,15028482,65,NFO,8
NIFTY,NIFTY26JAN25400PE,PE,25400,2026-01-27,15028738,65,NFO,8
NIFTY,NIFTY26JAN25450CE,CE,25450,2026-01-27,15028994,65,NFO,8
NIFTY,NIFTY26JAN25450PE,PE,25450,2026-01-27,15029762,65,NFO,8
NIFTY,NIFTY26JAN25500CE,CE,25500,2026-01-27,15030018,65,NFO,8
NIFTY,NIFTY26JAN25500PE,PE,25500,2026-01-27,15031298,65,NFO,8
NIFTY,NIFTY26JAN25550CE,CE,25550,2026-01-27,15032322,65,NFO,8
NIFTY,NIFTY26JAN25550PE,PE,25550,2026-01-27,15032578,65,NFO,8
NIFTY,NIFTY26JAN25600CE,CE,25600,2026-01-27,15033602,65,NFO,8
NIFTY,NIFTY26JAN25600PE,PE,25600,2026-01-27,15034370,65,NFO,8
NIFTY,NIFTY26JAN25650CE,CE,25650,2026-01-27,15034626,65,NFO,8
NIFTY,NIFTY26JAN25650PE,PE,25650,2026-01-27,15034882,65,NFO,8
NIFTY,NIFTY26JAN25700CE,CE,25700,2026-01-27,15040258,65,NFO,8
NIFTY,NIFTY26JAN25700PE,PE,25700,2026-01-27,15040514,65,NFO,8
NIFTY,NIFTY26JAN25750CE,CE,25750,2026-01-27,15049730,65,NFO,8
NIFTY,NIFTY26JAN25750PE,PE,25750,2026-01-27,15049986,65,NFO,8
NIFTY,NIFTY26JAN25800CE,CE,25800,2026-01-27,15050242,65,NFO,8
NIFTY,NIFTY26JAN25800PE,PE,25800,2026-01-27,15050498,65,NFO,8
NIFTY,NIFTY26JAN25850CE,CE,25850,2026-01-27,15051522,65,NFO,8
NIFTY,NIFTY26JAN25850PE,PE,25850,2026-01-27,15051778,65,NFO,8
NIFTY,NIFTY26JAN25900CE,CE,25900,2026-01-27,15052034,65,NFO,8
NIFTY,NIFTY26JAN25900PE,PE,25900,2026-01-27,15052290,65,NFO,8
NIFTY,NIFTY26JAN25950CE,CE,25950,2026-01-27,15052546,65,NFO,8
NIFTY,NIFTY26JAN25950PE,PE,25950,2026-01-27,15052802,65,NFO,8
NIFTY,NIFTY26JAN26000CE,CE,26000,2026-01-27,15053058,65,NFO,8
NIFTY,NIFTY26JAN26000PE,PE,26000,2026-01-27,15053314,65,NFO,8
NIFTY,NIFTY26JAN26050CE,CE,26050,2026-01-27,15053570,65,NFO,8
NIFTY,NIFTY26JAN26050PE,PE,26050,2026-01-27,15053826,65,NFO,8
NIFTY,NIFTY26JAN26100PE,PE,26100,2026-01-27,15054338,65,NFO,8
NIFTY,NIFTY26JAN26100CE,CE,26100,2026-01-27,15054082,65,NFO,8
NIFTY,NIFTY26JAN26150CE,CE,26150,2026-01-27,15054594,65,NFO,8
NIFTY,NIFTY26JAN26150PE,PE,26150,2026-01-27,15054850,65,NFO,8
NIFTY,NIFTY26JAN26200CE,CE,26200,2026-01-27,15055106,65,NFO,8
NIFTY,NIFTY26JAN26200PE,PE,26200,2026-01-27,15055362,65,NFO,8
NIFTY,NIFTY26JAN26250CE,CE,26250,2026-01-27,15055618,65,NFO,8
NIFTY,NIFTY26JAN26250PE,PE,26250,2026-01-27,15055874,65,NFO,8
NIFTY,NIFTY26JAN26300CE,CE,26300,2026-01-27,15056130,65,NFO,8
NIFTY,NIFTY26JAN26300PE,PE,26300,2026-01-27,15056386,65,NFO,8
NIFTY,NIFTY26JAN26350CE,CE,26350,2026-01-27,15056642,65,NFO,8
NIFTY,NIFTY26JAN26350PE,PE,26350,2026-01-27,15056898,65,NFO,8
NIFTY,NIFTY26JAN26400CE,CE,26400,2026-01-27,15057154,65,NFO,8
NIFTY,NIFTY26JAN26400PE,PE,26400,2026-01-27,15057410,65,NFO,8
NIFTY,NIFTY26JAN26450CE,CE,26450,2026-01-27,15057666,65,NFO,8
NIFTY,NIFTY26JAN26450PE,PE,26450,2026-01-27,15057922,65,NFO,8
NIFTY,NIFTY26JAN26500CE,CE,26500,2026-01-27,15058690,65,NFO,8
NIFTY,NIFTY26JAN26500PE,PE,26500,2026-01-27,15058946,65,NFO,8
NIFTY,NIFTY26JAN26550CE,CE,26550,2026-01-27,15059202,65,NFO,8
NIFTY,NIFTY26JAN26550PE,PE,26550,2026-01-27,15059458,65,NFO,8
NIFTY,NIFTY26JAN26600CE,CE,26600,2026-01-27,15059714,65,NFO,8
NIFTY,NIFTY26JAN26600PE,PE,26600,2026-01-27,15059970,65,NFO,8
NIFTY,NIFTY26JAN26650CE,CE,26650,2026-01-27,15060226,65,NFO,8
NIFTY,NIFTY26JAN26650PE,PE,26650,2026-01-27,15060482,65,NFO,8
NIFTY,NIFTY26JAN26700CE,CE,26700,2026-01-27,15060738,65,NFO,8
NIFTY,NIFTY26JAN26700PE,PE,26700,2026-01-27,15060994,65,NFO,8
NIFTY,NIFTY26JAN26750CE,CE,26750,2026-01-27,15061250,65,NFO,8
NIFTY,NIFTY26JAN26750PE,PE,26750,2026-01-27,15061506,65,NFO,8
NIFTY,NIFTY26JAN26800CE,CE,26800,2026-01-27,15061762,65,NFO,8
NIFTY,NIFTY26JAN26800PE,PE,26800,2026-01-27,15062018,65,NFO,8
NIFTY,NIFTY26JAN26850CE,CE,26850,2026-01-27,15062274,65,NFO,8
NIFTY,NIFTY26JAN26850PE,PE,26850,2026-01-27,15062530,65,NFO,8
NIFTY,NIFTY26JAN26900CE,CE,26900,2026-01-27,15062786,65,NFO,8
NIFTY,NIFTY26JAN26900PE,PE,26900,2026-01-27,15063042,65,NFO,8
NIFTY,NIFTY26JAN26950CE,CE,26950,2026-01-27,15063298,65,NFO,8
NIFTY,NIFTY26JAN26950PE,PE,26950,2026-01-27,15063554,65,NFO,8
NIFTY,NIFTY26JAN27000CE,CE,27000,2026-01-27,15063810,65,NFO,8
NIFTY,NIFTY26JAN27000PE,PE,27000,2026-01-27,15064066,65,NFO,8
NIFTY,NIFTY26JAN27050CE,CE,27050,2026-01-27,15064322,65,NFO,8
NIFTY,NIFTY26JAN27050PE,PE,27050,2026-01-27,15064578,65,NFO,8
NIFTY,NIFTY26JAN27100CE,CE,27100,2026-01-27,15064834,65,NFO,8
NIFTY,NIFTY26JAN27100PE,PE,27100,2026-01-27,15065090,65,NFO,8
NIFTY,NIFTY26JAN27150CE,CE,27150,2026-01-27,15065346,65,NFO,8
NIFTY,NIFTY26JAN27150PE,PE,27150,2026-01-27,15065602,65,NFO,8
NIFTY,NIFTY26JAN27200CE,CE,27200,2026-01-27,15065858,65,NFO,8
NIFTY,NIFTY26JAN27200PE,PE,27200,2026-01-27,15066114,65,NFO,8
NIFTY,NIFTY26JAN27250CE,CE,27250,2026-01-27,15066370,65,NFO,8
NIFTY,NIFTY26JAN27250PE,PE,27250,2026-01-27,15066626,65,NFO,8
NIFTY,NIFTY26JAN27300CE,CE,27300,2026-01-27,15066882,65,NFO,8
NIFTY,NIFTY26JAN27300PE,PE,27300,2026-01-27,15067138,65,NFO,8
NIFTY,NIFTY26JAN27350CE,CE,27350,2026-01-27,15067394,65,NFO,8
NIFTY,NIFTY26JAN27350PE,PE,27350,2026-01-27,15067650,65,NFO,8
NIFTY,NIFTY26JAN27400CE,CE,27400,2026-01-27,15067906,65,NFO,8
NIFTY,NIFTY26JAN27400PE,PE,27400,2026-01-27,15068418,65,NFO,8
NIFTY,NIFTY26JAN27450CE,CE,27450,2026-01-27,15068674,65,NFO,8
NIFTY,NIFTY26JAN27450PE,PE,27450,2026-01-27,15068930,65,NFO,8
NIFTY,NIFTY26JAN27500CE,CE,27500,2026-01-27,15069186,65,NFO,8
NIFTY,NIFTY26JAN27500PE,PE,27500,2026-01-27,15069442,65,NFO,8
NIFTY,NIFTY26JAN27550CE,CE,27550,2026-01-27,15070466,65,NFO,8
NIFTY,NIFTY26JAN27550PE,PE,27550,2026-01-27,15070722,65,NFO,8
NIFTY,NIFTY26JAN27600CE,CE,27600,2026-01-27,15070978,65,NFO,8
NIFTY,NIFTY26JAN27600PE,PE,27600,2026-01-27,15071234,65,NFO,8
NIFTY,NIFTY26JAN27650CE,CE,27650,2026-01-27,15071490,65,NFO,8
NIFTY,NIFTY26JAN27650PE,PE,27650,2026-01-27,15071746,65,NFO,8
NIFTY,NIFTY26JAN27700CE,CE,27700,2026-01-27,15072002,65,NFO,8
NIFTY,NIFTY26JAN27700PE,PE,27700,2026-01-27,15072258,65,NFO,8
NIFTY,NIFTY26JAN27750CE,CE,27750,2026-01-27,15072514,65,NFO,8
NIFTY,NIFTY26JAN27750PE,PE,27750,2026-01-27,15072770,65,NFO,8
NIFTY,NIFTY26JAN27800CE,CE,27800,2026-01-27,15073026,65,NFO,8
NIFTY,NIFTY26JAN27800PE,PE,27800,2026-01-27,15073282,65,NFO,8
NIFTY,NIFTY26JAN27850CE,CE,27850,2026-01-27,15073538,65,NFO,8
NIFTY,NIFTY26JAN27850PE,PE,27850,2026-01-27,15073794,65,NFO,8
NIFTY,NIFTY26JAN27900CE,CE,27900,2026-01-27,15075074,65,NFO,8
NIFTY,NIFTY26JAN27900PE,PE,27900,2026-01-27,15075330,65,NFO,8
NIFTY,NIFTY26JAN27950CE,CE,27950,2026-01-27,15075586,65,NFO,8
NIFTY,NIFTY26JAN27950PE,PE,27950,2026-01-27,15075842,65,NFO,8
NIFTY,NIFTY26JAN28000CE,CE,28000,2026-01-27,15076098,65,NFO,8
NIFTY,NIFTY26JAN28000PE,PE,28000,2026-01-27,15076354,65,NFO,8
NIFTY,NIFTY26JAN28050CE,CE,28050,2026-01-27,15076610,65,NFO,8
NIFTY,NIFTY26JAN28050PE,PE,28050,2026-01-27,15079170,65,NFO,8
NIFTY,NIFTY26JAN28100CE,CE,28100,2026-01-27,15079426,65,NFO,8
NIFTY,NIFTY26JAN28100PE,PE,28100,2026-01-27,15079682,65,NFO,8
NIFTY,NIFTY2620323900CE,CE,23900,2026-02-03,12728322,65,NFO,15
NIFTY,NIFTY2620323900PE,PE,23900,2026-02-03,12728578,65,NFO,15
NIFTY,NIFTY2620323950CE,CE,23950,2026-02-03,12728834,65,NFO,15
NIFTY,NIFTY2620323950PE,PE,23950,2026-02-03,12731138,65,NFO,15
NIFTY,NIFTY2620324000CE,CE,24000,2026-02-03,12731394,65,NFO,15
NIFTY,NIFTY2620324000PE,PE,24000,2026-02-03,12732162,65,NFO,15
NIFTY,NIFTY2620324050CE,CE,24050,2026-02-03,12732418,65,NFO,15
NIFTY,NIFTY2620324050PE,PE,24050,2026-02-03,12732674,65,NFO,15
NIFTY,NIFTY2620324100CE,CE,24100,2026-02-03,12732930,65,NFO,15
NIFTY,NIFTY2620324100PE,PE,24100,2026-02-03,12733186,65,NFO,15
NIFTY,NIFTY2620324150CE,CE,24150,2026-02-03,12733442,65,NFO,15
NIFTY,NIFTY2620324150PE,PE,24150,2026-02-03,12734722,65,NFO,15
NIFTY,NIFTY2620324200CE,CE,24200,2026-02-03,12734978,65,NFO,15
NIFTY,NIFTY2620324200PE,PE,24200,2026-02-03,12735234,65,NFO,15
NIFTY,NIFTY2620324250CE,CE,24250,2026-02-03,12735490,65,NFO,15
NIFTY,NIFTY2620324250PE,PE,24250,2026-02-03,12735746,65,NFO,15
NIFTY,NIFTY2620324300CE,CE,24300,2026-02-03,12736258,65,NFO,15
NIFTY,NIFTY2620324300PE,PE,24300,2026-02-03,12736514,65,NFO,15
NIFTY,NIFTY2620324350CE,CE,24350,2026-02-03,12736770,65,NFO,15
NIFTY,NIFTY2620324350PE,PE,24350,2026-02-03,12737026,65,NFO,15
NIFTY,NIFTY2620324400CE,CE,24400,2026-02-03,12737282,65,NFO,15
NIFTY,NIFTY2620324400PE,PE,24400,2026-02-03,12737538,65,NFO,15
NIFTY,NIFTY2620324450CE,CE,24450,2026-02-03,12737794,65,NFO,15
NIFTY,NIFTY2620324450PE,PE,24450,2026-02-03,12738050,65,NFO,15
NIFTY,NIFTY2620324500CE,CE,24500,2026-02-03,12738818,65,NFO,15
NIFTY,NIFTY2620324500PE,PE,24500,2026-02-03,12739074,65,NFO,15
NIFTY,NIFTY2620324550CE,CE,24550,2026-02-03,12739330,65,NFO,15
NIFTY,NIFTY2620324550PE,PE,24550,2026-02-03,12739586,65,NFO,15
NIFTY,NIFTY2620324600CE,CE,24600,2026-02-03,12739842,65,NFO,15
NIFTY,NIFTY2620324600PE,PE,24600,2026-02-03,12740098,65,NFO,15
NIFTY,NIFTY2620324650CE,CE,24650,2026-02-03,12740354,65,NFO,15
NIFTY,NIFTY2620324650PE,PE,24650,2026-02-03,12740610,65,NFO,15
NIFTY,NIFTY2620324700CE,CE,24700,2026-02-03,12740866,65,NFO,15
NIFTY,NIFTY2620324700PE,PE,24700,2026-02-03,12741122,65,NFO,15
NIFTY,NIFTY2620324750CE,CE,24750,2026-02-03,12741378,65,NFO,15
NIFTY,NIFTY2620324750PE,PE,24750,2026-02-03,12741634,65,NFO,15
NIFTY,NIFTY2620324800CE,CE,24800,2026-02-03,12742146,65,NFO,15
NIFTY,NIFTY2620324800PE,PE,24800,2026-02-03,12742402,65,NFO,15
NIFTY,NIFTY2620324850CE,CE,24850,2026-02-03,12742914,65,NFO,15
NIFTY,NIFTY2620324850PE,PE,24850,2026-02-03,12743170,65,NFO,15
NIFTY,NIFTY2620324900CE,CE,24900,2026-02-03,12743426,65,NFO,15
NIFTY,NIFTY2620324900PE,PE,24900,2026-02-03,12743682,65,NFO,15
NIFTY,NIFTY2620324950CE,CE,24950,2026-02-03,12743938,65,NFO,15
NIFTY,NIFTY2620324950PE,PE,24950,2026-02-03,12744194,65,NFO,15
NIFTY,NIFTY2620325000CE,CE,25000,2026-02-03,12744450,65,NFO,15
NIFTY,NIFTY2620325000PE,PE,25000,2026-02-03,12744706,65,NFO,15
NIFTY,NIFTY2620325050CE,CE,25050,2026-02-03,12744962,65,NFO,15
NIFTY,NIFTY2620325050PE,PE,25050,2026-02-03,12745218,65,NFO,15
NIFTY,NIFTY2620325100CE,CE,25100,2026-02-03,12745474,65,NFO,15
NIFTY,NIFTY2620325100PE,PE,25100,2026-02-03,12745730,65,NFO,15
NIFTY,NIFTY2620325150CE,CE,25150,2026-02-03,12745986,65,NFO,15
NIFTY,NIFTY2620325150PE,PE,25150,2026-02-03,12746242,65,NFO,15
NIFTY,NIFTY2620325200CE,CE,25200,2026-02-03,12746498,65,NFO,15
NIFTY,NIFTY2620325200PE,PE,25200,2026-02-03,12746754,65,NFO,15
NIFTY,NIFTY2620325250CE,CE,25250,2026-02-03,12747010,65,NFO,15
NIFTY,NIFTY2620325250PE,PE,25250,2026-02-03,12747266,65,NFO,15
NIFTY,NIFTY2620325300CE,CE,25300,2026-02-03,12747522,65,NFO,15
NIFTY,NIFTY2620325300PE,PE,25300,2026-02-03,12747778,65,NFO,15
NIFTY,NIFTY2620325350CE,CE,25350,2026-02-03,12748546,65,NFO,15
NIFTY,NIFTY2620325350PE,PE,25350,2026-02-03,12748802,65,NFO,15
NIFTY,NIFTY2620325400CE,CE,25400,2026-02-03,12749058,65,NFO,15
NIFTY,NIFTY2620325400PE,PE,25400,2026-02-03,12749314,65,NFO,15
NIFTY,NIFTY2620325450CE,CE,25450,2026-02-03,12750338,65,NFO,15
NIFTY,NIFTY2620325450PE,PE,25450,2026-02-03,12750594,65,NFO,15
NIFTY,NIFTY2620325500CE,CE,25500,2026-02-03,12750850,65,NFO,15
NIFTY,NIFTY2620325500PE,PE,25500,2026-02-03,12752898,65,NFO,15
NIFTY,NIFTY2620325550CE,CE,25550,2026-02-03,12753410,65,NFO,15
NIFTY,NIFTY2620325550PE,PE,25550,2026-02-03,12753666,65,NFO,15
NIFTY,NIFTY2620325600CE,CE,25600,2026-02-03,12753922,65,NFO,15
NIFTY,NIFTY2620325600PE,PE,25600,2026-02-03,12754178,65,NFO,15
NIFTY,NIFTY2620325650CE,CE,25650,2026-02-03,12754690,65,NFO,15
NIFTY,NIFTY2620325650PE,PE,25650,2026-02-03,12754946,65,NFO,15
NIFTY,NIFTY2620325700CE,CE,25700,2026-02-03,12757250,65,NFO,15
NIFTY,NIFTY2620325700PE,PE,25700,2026-02-03,12757506,65,NFO,15
NIFTY,NIFTY2620325750CE,CE,25750,2026-02-03,12757762,65,NFO,15
NIFTY,NIFTY2620325750PE,PE,25750,2026-02-03,12758018,65,NFO,15
NIFTY,NIFTY2620325800CE,CE,25800,2026-02-03,12758530,65,NFO,15
NIFTY,NIFTY2620325800PE,PE,25800,2026-02-03,12758786,65,NFO,15
NIFTY,NIFTY2620325850CE,CE,25850,2026-02-03,12759298,65,NFO,15
NIFTY,NIFTY2620325850PE,PE,25850,2026-02-03,12759554,65,NFO,15
NIFTY,NIFTY2620325900CE,CE,25900,2026-02-03,12759810,65,NFO,15
NIFTY,NIFTY2620325900PE,PE,25900,2026-02-03,12760066,65,NFO,15
NIFTY,NIFTY2620325950CE,CE,25950,2026-02-03,12760322,65,NFO,15
NIFTY,NIFTY2620325950PE,PE,25950,2026-02-03,12760578,65,NFO,15
NIFTY,NIFTY2620326000CE,CE,26000,2026-02-03,12760834,65,NFO,15
NIFTY,NIFTY2620326000PE,PE,26000,2026-02-03,12761090,65,NFO,15
NIFTY,NIFTY2620326050CE,CE,26050,2026-02-03,12762626,65,NFO,15
NIFTY,NIFTY2620326050PE,PE,26050,2026-02-03,12762882,65,NFO,15
NIFTY,NIFTY2620326100PE,PE,26100,2026-02-03,12763394,65,NFO,15
NIFTY,NIFTY2620326100CE,CE,26100,2026-02-03,12763138,65,NFO,15
NIFTY,NIFTY2620326150CE,CE,26150,2026-02-03,12765186,65,NFO,15
NIFTY,NIFTY2620326150PE,PE,26150,2026-02-03,12765442,65,NFO,15
NIFTY,NIFTY2620326200CE,CE,26200,2026-02-03,12766210,65,NFO,15
NIFTY,NIFTY2620326200PE,PE,26200,2026-02-03,12766466,65,NFO,15
NIFTY,NIFTY2620326250CE,CE,26250,2026-02-03,12767490,65,NFO,15
NIFTY,NIFTY2620326250PE,PE,26250,2026-02-03,12767746,65,NFO,15
NIFTY,NIFTY2620326300CE,CE,26300,2026-02-03,12768002,65,NFO,15
NIFTY,NIFTY2620326300PE,PE,26300,2026-02-03,12768258,65,NFO,15
NIFTY,NIFTY2620326350CE,CE,26350,2026-02-03,12768514,65,NFO,15
NIFTY,NIFTY2620326350PE,PE,26350,2026-02-03,12768770,65,NFO,15
NIFTY,NIFTY2620326400CE,CE,26400,2026-02-03,12769026,65,NFO,15
NIFTY,NIFTY2620326400PE,PE,26400,2026-02-03,12769282,65,NFO,15
NIFTY,NIFTY2620326450CE,CE,26450,2026-02-03,12769538,65,NFO,15
NIFTY,NIFTY2620326450PE,PE,26450,2026-02-03,12769794,65,NFO,15
NIFTY,NIFTY2620326500CE,CE,26500,2026-02-03,12770050,65,NFO,15
NIFTY,NIFTY2620326500PE,PE,26500,2026-02-03,12770306,65,NFO,15
NIFTY,NIFTY2620326550CE,CE,26550,2026-02-03,12770562,65,NFO,15
NIFTY,NIFTY2620326550PE,PE,26550,2026-02-03,12770818,65,NFO,15
NIFTY,NIFTY2620326600CE,CE,26600,2026-02-03,12771074,65,NFO,15
NIFTY,NIFTY2620326600PE,PE,26600,2026-02-03,12771330,65,NFO,15
NIFTY,NIFTY2620326650CE,CE,26650,2026-02-03,12771586,65,NFO,15
NIFTY,NIFTY2620326650PE,PE,26650,2026-02-03,12771842,65,NFO,15
NIFTY,NIFTY2620326700CE,CE,26700,2026-02-03,12772098,65,NFO,15
NIFTY,NIFTY2620326700PE,PE,26700,2026-02-03,12772354,65,NFO,15
NIFTY,NIFTY2620326750CE,CE,26750,2026-02-03,12772610,65,NFO,15
NIFTY,NIFTY2620326750PE,PE,26750,2026-02-03,12772866,65,NFO,15
NIFTY,NIFTY2620326800CE,CE,26800,2026-02-03,12773122,65,NFO,15
NIFTY,NIFTY2620326800PE,PE,26800,2026-02-03,12773378,65,NFO,15
NIFTY,NIFTY2620326850CE,CE,26850,2026-02-03,12773634,65,NFO,15
NIFTY,NIFTY2620326850PE,PE,26850,2026-02-03,12773890,65,NFO,15
NIFTY,NIFTY2620326900CE,CE,26900,2026-02-03,12774146,65,NFO,15
NIFTY,NIFTY2620326900PE,PE,26900,2026-02-03,12774402,65,NFO,15
NIFTY,NIFTY2620326950CE,CE,26950,2026-02-03,12774658,65,NFO,15
NIFTY,NIFTY2620326950PE,PE,26950,2026-02-03,12774914,65,NFO,15
NIFTY,NIFTY2620327000CE,CE,27000,2026-02-03,12775170,65,NFO,15
NIFTY,NIFTY2620327000PE,PE,27000,2026-02-03,12775426,65,NFO,15
NIFTY,NIFTY2620327050CE,CE,27050,2026-02-03,12775682,65,NFO,15
NIFTY,NIFTY2620327050PE,PE,27050,2026-02-03,12775938,65,NFO,15
NIFTY,NIFTY2620327100CE,CE,27100,2026-02-03,12776194,65,NFO,15
NIFTY,NIFTY2620327100PE,PE,27100,2026-02-03,12776450,65,NFO,15
NIFTY,NIFTY2620327150CE,CE,27150,2026-02-03,12776706,65,NFO,15
NIFTY,NIFTY2620327150PE,PE,27150,2026-02-03,12778754,65,NFO,15
NIFTY,NIFTY2620327200CE,CE,27200,2026-02-03,12779010,65,NFO,15
NIFTY,NIFTY2620327200PE,PE,27200,2026-02-03,12780802,65,NFO,15
NIFTY,NIFTY2620327250CE,CE,27250,2026-02-03,12781058,65,NFO,15
NIFTY,NIFTY2620327250PE,PE,27250,2026-02-03,12783106,65,NFO,15
NIFTY,NIFTY2620327300CE,CE,27300,2026-02-03,12783362,65,NFO,15
NIFTY,NIFTY2620327300PE,PE,27300,2026-02-03,12784386,65,NFO,15
NIFTY,NIFTY2620327350CE,CE,27350,2026-02-03,12784642,65,NFO,15
NIFTY,NIFTY2620327350PE,PE,27350,2026-02-03,12786434,65,NFO,15
NIFTY,NIFTY2620327400CE,CE,27400,2026-02-03,12787714,65,NFO,15
NIFTY,NIFTY2620327400PE,PE,27400,2026-02-03,12788994,65,NFO,15
NIFTY,NIFTY2620327450CE,CE,27450,2026-02-03,12789250,65,NFO,15
NIFTY,NIFTY2620327450PE,PE,27450,2026-02-03,12791810,65,NFO,15
NIFTY,NIFTY2620327500CE,CE,27500,2026-02-03,12792066,65,NFO,15
NIFTY,NIFTY2620327500PE,PE,27500,2026-02-03,12793346,65,NFO,15
NIFTY,NIFTY2620327550CE,CE,27550,2026-02-03,12793602,65,NFO,15
NIFTY,NIFTY2620327550PE,PE,27550,2026-02-03,12799490,65,NFO,15
NIFTY,NIFTY2620327600CE,CE,27600,2026-02-03,12799746,65,NFO,15
NIFTY,NIFTY2620327600PE,PE,27600,2026-02-03,12800514,65,NFO,15
NIFTY,NIFTY2620327650CE,CE,27650,2026-02-03,12800770,65,NFO,15
NIFTY,NIFTY2620327650PE,PE,27650,2026-02-03,12801794,65,NFO,15
NIFTY,NIFTY2620327700CE,CE,27700,2026-02-03,12802306,65,NFO,15
NIFTY,NIFTY2620327700PE,PE,27700,2026-02-03,12802562,65,NFO,15
NIFTY,NIFTY2620327750CE,CE,27750,2026-02-03,12803074,65,NFO,15
NIFTY,NIFTY2620327750PE,PE,27750,2026-02-03,12804610,65,NFO,15
NIFTY,NIFTY2620327800CE,CE,27800,2026-02-03,12804866,65,NFO,15
NIFTY,NIFTY2620327800PE,PE,27800,2026-02-03,12805122,65,NFO,15
NIFTY,NIFTY2620327850CE,CE,27850,2026-02-03,12805378,65,NFO,15
NIFTY,NIFTY2620327850PE,PE,27850,2026-02-03,12805634,65,NFO,15
NIFTY,NIFTY2620327900CE,CE,27900,2026-02-03,12805890,65,NFO,15
NIFTY,NIFTY2620327900PE,PE,27900,2026-02-03,12806146,65,NFO,15
NIFTY,NIFTY2620327950CE,CE,27950,2026-02-03,12806402,65,NFO,15
NIFTY,NIFTY2620327950PE,PE,27950,2026-02-03,12806658,65,NFO,15
NIFTY,NIFTY2620328000CE,CE,28000,2026-02-03,12806914,65,NFO,15
NIFTY,NIFTY2620328000PE,PE,28000,2026-02-03,12807170,65,NFO,15
NIFTY,NIFTY2620328050CE,CE,28050,2026-02-03,12807426,65,NFO,15
NIFTY,NIFTY2620328050PE,PE,28050,2026-02-03,12808706,65,NFO,15
NIFTY,NIFTY2620328100CE,CE,28100,2026-02-03,12808962,65,NFO,15
NIFTY,NIFTY2620328100PE,PE,28100,2026-02-03,12809218,65,NFO,15
NIFTY,NIFTY2621023900CE,CE,23900,2026-02-10,10862594,65,NFO,22
NIFTY,NIFTY2621023900PE,PE,23900,2026-02-10,10862850,65,NFO,22
NIFTY,NIFTY2621023950CE,CE,23950,2026-02-10,10863106,65,NFO,22
NIFTY,NIFTY2621023950PE,PE,23950,2026-02-10,10863874,65,NFO,22
NIFTY,NIFTY2621024000CE,CE,24000,2026-02-10,10864130,65,NFO,22
NIFTY,NIFTY2621024000PE,PE,24000,2026-02-10,10864386,65,NFO,22
NIFTY,NIFTY2621024050CE,CE,24050,2026-02-10,10865154,65,NFO,22
NIFTY,NIFTY2621024050PE,PE,24050,2026-02-10,10865922,65,NFO,22
NIFTY,NIFTY2621024100CE,CE,24100,2026-02-10,10866178,65,NFO,22
NIFTY,NIFTY2621024100PE,PE,24100,2026-02-10,10866434,65,NFO,22
NIFTY,NIFTY2621024150CE,CE,24150,2026-02-10,10866690,65,NFO,22
NIFTY,NIFTY2621024150PE,PE,24150,2026-02-10,10866946,65,NFO,22
NIFTY,NIFTY2621024200CE,CE,24200,2026-02-10,10867202,65,NFO,22
NIFTY,NIFTY2621024200PE,PE,24200,2026-02-10,10867458,65,NFO,22
NIFTY,NIFTY2621024250CE,CE,24250,2026-02-10,10867714,65,NFO,22
NIFTY,NIFTY2621024250PE,PE,24250,2026-02-10,10868994,65,NFO,22
NIFTY,NIFTY2621024300CE,CE,24300,2026-02-10,10869250,65,NFO,22
NIFTY,NIFTY2621024300PE,PE,24300,2026-02-10,10870530,65,NFO,22
NIFTY,NIFTY2621024350CE,CE,24350,2026-02-10,10870786,65,NFO,22
NIFTY,NIFTY2621024350PE,PE,24350,2026-02-10,10871554,65,NFO,22
NIFTY,NIFTY2621024400CE,CE,24400,2026-02-10,10871810,65,NFO,22
NIFTY,NIFTY2621024400PE,PE,24400,2026-02-10,10872066,65,NFO,22
NIFTY,NIFTY2621024450CE,CE,24450,2026-02-10,10872322,65,NFO,22
NIFTY,NIFTY2621024450PE,PE,24450,2026-02-10,10872578,65,NFO,22
NIFTY,NIFTY2621024500CE,CE,24500,2026-02-10,10872834,65,NFO,22
NIFTY,NIFTY2621024500PE,PE,24500,2026-02-10,10873602,65,NFO,22
NIFTY,NIFTY2621024550CE,CE,24550,2026-02-10,10873858,65,NFO,22
NIFTY,NIFTY2621024550PE,PE,24550,2026-02-10,10874626,65,NFO,22
NIFTY,NIFTY2621024600CE,CE,24600,2026-02-10,10874882,65,NFO,22
NIFTY,NIFTY2621024600PE,PE,24600,2026-02-10,10875138,65,NFO,22
NIFTY,NIFTY2621024650CE,CE,24650,2026-02-10,10875394,65,NFO,22
NIFTY,NIFTY2621024650PE,PE,24650,2026-02-10,10875650,65,NFO,22
NIFTY,NIFTY2621024700CE,CE,24700,2026-02-10,10875906,65,NFO,22
NIFTY,NIFTY2621024700PE,PE,24700,2026-02-10,10876674,65,NFO,22
NIFTY,NIFTY2621024750CE,CE,24750,2026-02-10,10876930,65,NFO,22
NIFTY,NIFTY2621024750PE,PE,24750,2026-02-10,10877186,65,NFO,22
NIFTY,NIFTY2621024800CE,CE,24800,2026-02-10,10877442,65,NFO,22
NIFTY,NIFTY2621024800PE,PE,24800,2026-02-10,10877698,65,NFO,22
NIFTY,NIFTY2621024850CE,CE,24850,2026-02-10,10877954,65,NFO,22
NIFTY,NIFTY2621024850PE,PE,24850,2026-02-10,10878210,65,NFO,22
NIFTY,NIFTY2621024900CE,CE,24900,2026-02-10,10878466,65,NFO,22
NIFTY,NIFTY2621024900PE,PE,24900,2026-02-10,10879234,65,NFO,22
NIFTY,NIFTY2621024950CE,CE,24950,2026-02-10,10879490,65,NFO,22
NIFTY,NIFTY2621024950PE,PE,24950,2026-02-10,10879746,65,NFO,22
NIFTY,NIFTY2621025000CE,CE,25000,2026-02-10,10880002,65,NFO,22
NIFTY,NIFTY2621025000PE,PE,25000,2026-02-10,10880258,65,NFO,22
NIFTY,NIFTY2621025050CE,CE,25050,2026-02-10,10880514,65,NFO,22
NIFTY,NIFTY2621025050PE,PE,25050,2026-02-10,10880770,65,NFO,22
NIFTY,NIFTY2621025100CE,CE,25100,2026-02-10,10881026,65,NFO,22
NIFTY,NIFTY2621025100PE,PE,25100,2026-02-10,10881282,65,NFO,22
NIFTY,NIFTY2621025150CE,CE,25150,2026-02-10,10881538,65,NFO,22
NIFTY,NIFTY2621025150PE,PE,25150,2026-02-10,10881794,65,NFO,22
NIFTY,NIFTY2621025200CE,CE,25200,2026-02-10,10882050,65,NFO,22
NIFTY,NIFTY2621025200PE,PE,25200,2026-02-10,10882306,65,NFO,22
NIFTY,NIFTY2621025250CE,CE,25250,2026-02-10,10882562,65,NFO,22
NIFTY,NIFTY2621025250PE,PE,25250,2026-02-10,10882818,65,NFO,22
NIFTY,NIFTY2621025300CE,CE,25300,2026-02-10,10883074,65,NFO,22
NIFTY,NIFTY2621025300PE,PE,25300,2026-02-10,10883330,65,NFO,22
NIFTY,NIFTY2621025350CE,CE,25350,2026-02-10,10883586,65,NFO,22
NIFTY,NIFTY2621025350PE,PE,25350,2026-02-10,10884354,65,NFO,22
NIFTY,NIFTY2621025400CE,CE,25400,2026-02-10,10884610,65,NFO,22
NIFTY,NIFTY2621025400PE,PE,25400,2026-02-10,10884866,65,NFO,22
NIFTY,NIFTY2621025450CE,CE,25450,2026-02-10,10885122,65,NFO,22
NIFTY,NIFTY2621025450PE,PE,25450,2026-02-10,10885378,65,NFO,22
NIFTY,NIFTY2621025500CE,CE,25500,2026-02-10,10885634,65,NFO,22
NIFTY,NIFTY2621025500PE,PE,25500,2026-02-10,10885890,65,NFO,22
NIFTY,NIFTY2621025550CE,CE,25550,2026-02-10,10886146,65,NFO,22
NIFTY,NIFTY2621025550PE,PE,25550,2026-02-10,10886402,65,NFO,22
NIFTY,NIFTY2621025600CE,CE,25600,2026-02-10,10886658,65,NFO,22
NIFTY,NIFTY2621025600PE,PE,25600,2026-02-10,10886914,65,NFO,22
NIFTY,NIFTY2621025650CE,CE,25650,2026-02-10,10887170,65,NFO,22
NIFTY,NIFTY2621025650PE,PE,25650,2026-02-10,10887426,65,NFO,22
NIFTY,NIFTY2621025700CE,CE,25700,2026-02-10,10887682,65,NFO,22
NIFTY,NIFTY2621025700PE,PE,25700,2026-02-10,10887938,65,NFO,22
NIFTY,NIFTY2621025750CE,CE,25750,2026-02-10,10888194,65,NFO,22
NIFTY,NIFTY2621025750PE,PE,25750,2026-02-10,10888962,65,NFO,22
NIFTY,NIFTY2621025800CE,CE,25800,2026-02-10,10889218,65,NFO,22
NIFTY,NIFTY2621025800PE,PE,25800,2026-02-10,10889474,65,NFO,22
NIFTY,NIFTY2621025850CE,CE,25850,2026-02-10,10889730,65,NFO,22
NIFTY,NIFTY2621025850PE,PE,25850,2026-02-10,10889986,65,NFO,22
NIFTY,NIFTY2621025900CE,CE,25900,2026-02-10,10890242,65,NFO,22
NIFTY,NIFTY2621025900PE,PE,25900,2026-02-10,10891010,65,NFO,22
NIFTY,NIFTY2621025950CE,CE,25950,2026-02-10,10891266,65,NFO,22
NIFTY,NIFTY2621025950PE,PE,25950,2026-02-10,10891522,65,NFO,22
NIFTY,NIFTY2621026000CE,CE,26000,2026-02-10,10891778,65,NFO,22
NIFTY,NIFTY2621026000PE,PE,26000,2026-02-10,10892034,65,NFO,22
NIFTY,NIFTY2621026050CE,CE,26050,2026-02-10,10892290,65,NFO,22
NIFTY,NIFTY2621026050PE,PE,26050,2026-02-10,10893058,65,NFO,22
NIFTY,NIFTY2621026100PE,PE,26100,2026-02-10,10894082,65,NFO,22
NIFTY,NIFTY2621026100CE,CE,26100,2026-02-10,10893314,65,NFO,22
NIFTY,NIFTY2621026150CE,CE,26150,2026-02-10,10894338,65,NFO,22
NIFTY,NIFTY2621026150PE,PE,26150,2026-02-10,10894594,65,NFO,22
NIFTY,NIFTY2621026200CE,CE,26200,2026-02-10,10894850,65,NFO,22
NIFTY,NIFTY2621026200PE,PE,26200,2026-02-10,10895106,65,NFO,22
NIFTY,NIFTY2621026250CE,CE,26250,2026-02-10,10895362,65,NFO,22
NIFTY,NIFTY2621026250PE,PE,26250,2026-02-10,10895618,65,NFO,22
NIFTY,NIFTY2621026300CE,CE,26300,2026-02-10,10895874,65,NFO,22
NIFTY,NIFTY2621026300PE,PE,26300,2026-02-10,10896130,65,NFO,22
NIFTY,NIFTY2621026350CE,CE,26350,2026-02-10,10896386,65,NFO,22
NIFTY,NIFTY2621026350PE,PE,26350,2026-02-10,10896642,65,NFO,22
NIFTY,NIFTY2621026400CE,CE,26400,2026-02-10,10896898,65,NFO,22
NIFTY,NIFTY2621026400PE,PE,26400,2026-02-10,10897154,65,NFO,22
NIFTY,NIFTY2621026450CE,CE,26450,2026-02-10,10897410,65,NFO,22
NIFTY,NIFTY2621026450PE,PE,26450,2026-02-10,10897666,65,NFO,22
NIFTY,NIFTY2621026500CE,CE,26500,2026-02-10,10897922,65,NFO,22
NIFTY,NIFTY2621026500PE,PE,26500,2026-02-10,10898178,65,NFO,22
NIFTY,NIFTY2621026550CE,CE,26550,2026-02-10,10898434,65,NFO,22
NIFTY,NIFTY2621026550PE,PE,26550,2026-02-10,10899202,65,NFO,22
NIFTY,NIFTY2621026600CE,CE,26600,2026-02-10,10899458,65,NFO,22
NIFTY,NIFTY2621026600PE,PE,26600,2026-02-10,10899714,65,NFO,22
NIFTY,NIFTY2621026650CE,CE,26650,2026-02-10,10899970,65,NFO,22
NIFTY,NIFTY2621026650PE,PE,26650,2026-02-10,10900226,65,NFO,22
NIFTY,NIFTY2621026700CE,CE,26700,2026-02-10,10900482,65,NFO,22
NIFTY,NIFTY2621026700PE,PE,26700,2026-02-10,10900738,65,NFO,22
NIFTY,NIFTY2621026750CE,CE,26750,2026-02-10,10900994,65,NFO,22
NIFTY,NIFTY2621026750PE,PE,26750,2026-02-10,10901250,65,NFO,22
NIFTY,NIFTY2621026800CE,CE,26800,2026-02-10,10901506,65,NFO,22
NIFTY,NIFTY2621026800PE,PE,26800,2026-02-10,10902274,65,NFO,22
NIFTY,NIFTY2621026850CE,CE,26850,2026-02-10,10902530,65,NFO,22
NIFTY,NIFTY2621026850PE,PE,26850,2026-02-10,10902786,65,NFO,22
NIFTY,NIFTY2621026900CE,CE,26900,2026-02-10,10903042,65,NFO,22
NIFTY,NIFTY2621026900PE,PE,26900,2026-02-10,10904322,65,NFO,22
NIFTY,NIFTY2621026950CE,CE,26950,2026-02-10,10904578,65,NFO,22
NIFTY,NIFTY2621026950PE,PE,26950,2026-02-10,10905346,65,NFO,22
NIFTY,NIFTY2621027000CE,CE,27000,2026-02-10,10905602,65,NFO,22
NIFTY,NIFTY2621027000PE,PE,27000,2026-02-10,10905858,65,NFO,22
NIFTY,NIFTY2621027050CE,CE,27050,2026-02-10,10906114,65,NFO,22
NIFTY,NIFTY2621027050PE,PE,27050,2026-02-10,10906882,65,NFO,22
NIFTY,NIFTY2621027100CE,CE,27100,2026-02-10,10907138,65,NFO,22
NIFTY,NIFTY2621027100PE,PE,27100,2026-02-10,10907394,65,NFO,22
NIFTY,NIFTY2621027150CE,CE,27150,2026-02-10,10907650,65,NFO,22
NIFTY,NIFTY2621027150PE,PE,27150,2026-02-10,10907906,65,NFO,22
NIFTY,NIFTY2621027200CE,CE,27200,2026-02-10,10908162,65,NFO,22
NIFTY,NIFTY2621027200PE,PE,27200,2026-02-10,10908418,65,NFO,22
NIFTY,NIFTY2621027250CE,CE,27250,2026-02-10,10908674,65,NFO,22
NIFTY,NIFTY2621027250PE,PE,27250,2026-02-10,10908930,65,NFO,22
NIFTY,NIFTY2621027300CE,CE,27300,2026-02-10,10909186,65,NFO,22
NIFTY,NIFTY2621027300PE,PE,27300,2026-02-10,10909442,65,NFO,22
NIFTY,NIFTY2621027350CE,CE,27350,2026-02-10,10909698,65,NFO,22
NIFTY,NIFTY2621027350PE,PE,27350,2026-02-10,10909954,65,NFO,22
NIFTY,NIFTY2621027400CE,CE,27400,2026-02-10,10910210,65,NFO,22
NIFTY,NIFTY2621027400PE,PE,27400,2026-02-10,10910466,65,NFO,22
NIFTY,NIFTY2621027450CE,CE,27450,2026-02-10,10910722,65,NFO,22
NIFTY,NIFTY2621027450PE,PE,27450,2026-02-10,10910978,65,NFO,22
NIFTY,NIFTY2621027500CE,CE,27500,2026-02-10,10911234,65,NFO,22
NIFTY,NIFTY2621027500PE,PE,27500,2026-02-10,10911490,65,NFO,22
NIFTY,NIFTY2621027550CE,CE,27550,2026-02-10,10911746,65,NFO,22
NIFTY,NIFTY2621027550PE,PE,27550,2026-02-10,10912002,65,NFO,22
NIFTY,NIFTY2621027600CE,CE,27600,2026-02-10,10912258,65,NFO,22
NIFTY,NIFTY2621027600PE,PE,27600,2026-02-10,10912514,65,NFO,22
NIFTY,NIFTY2621027650CE,CE,27650,2026-02-10,10912770,65,NFO,22
NIFTY,NIFTY2621027650PE,PE,27650,2026-02-10,10913026,65,NFO,22
NIFTY,NIFTY2621027700CE,CE,27700,2026-02-10,10913282,65,NFO,22
NIFTY,NIFTY2621027700PE,PE,27700,2026-02-10,10913538,65,NFO,22
NIFTY,NIFTY2621027750CE,CE,27750,2026-02-10,10913794,65,NFO,22
NIFTY,NIFTY2621027750PE,PE,27750,2026-02-10,10914050,65,NFO,22
NIFTY,NIFTY2621027800CE,CE,27800,2026-02-10,10914306,65,NFO,22
NIFTY,NIFTY2621027800PE,PE,27800,2026-02-10,10914562,65,NFO,22
NIFTY,NIFTY2621027850CE,CE,27850,2026-02-10,10914818,65,NFO,22
NIFTY,NIFTY2621027850PE,PE,27850,2026-02-10,10915074,65,NFO,22
NIFTY,NIFTY2621027900CE,CE,27900,2026-02-10,10915330,65,NFO,22
NIFTY,NIFTY2621027900PE,PE,27900,2026-02-10,10915586,65,NFO,22
NIFTY,NIFTY2621027950CE,CE,27950,2026-02-10,10915842,65,NFO,22
NIFTY,NIFTY2621027950PE,PE,27950,2026-02-10,10917122,65,NFO,22
NIFTY,NIFTY2621723900CE,CE,23900,2026-02-17,12317698,65,NFO,29
NIFTY,NIFTY2621723900PE,PE,23900,2026-02-17,12317954,65,NFO,29
NIFTY,NIFTY2621723950CE,CE,23950,2026-02-17,12318210,65,NFO,29
NIFTY,NIFTY2621723950PE,PE,23950,2026-02-17,12318466,65,NFO,29
NIFTY,NIFTY2621724000CE,CE,24000,2026-02-17,12318722,65,NFO,29
NIFTY,NIFTY2621724000PE,PE,24000,2026-02-17,12318978,65,NFO,29
NIFTY,NIFTY2621724050CE,CE,24050,2026-02-17,12319234,65,NFO,29
NIFTY,NIFTY2621724050PE,PE,24050,2026-02-17,12319490,65,NFO,29
NIFTY,NIFTY2621724100CE,CE,24100,2026-02-17,12319746,65,NFO,29
NIFTY,NIFTY2621724100PE,PE,24100,2026-02-17,12320002,65,NFO,29
NIFTY,NIFTY2621724150CE,CE,24150,2026-02-17,12320258,65,NFO,29
NIFTY,NIFTY2621724150PE,PE,24150,2026-02-17,12320514,65,NFO,29
NIFTY,NIFTY2621724200CE,CE,24200,2026-02-17,12321794,65,NFO,29
NIFTY,NIFTY2621724200PE,PE,24200,2026-02-17,12322050,65,NFO,29
NIFTY,NIFTY2621724250CE,CE,24250,2026-02-17,12322306,65,NFO,29
NIFTY,NIFTY2621724250PE,PE,24250,2026-02-17,12322562,65,NFO,29
NIFTY,NIFTY2621724300CE,CE,24300,2026-02-17,12322818,65,NFO,29
NIFTY,NIFTY2621724300PE,PE,24300,2026-02-17,12323586,65,NFO,29
NIFTY,NIFTY2621724350CE,CE,24350,2026-02-17,12323842,65,NFO,29
NIFTY,NIFTY2621724350PE,PE,24350,2026-02-17,12324098,65,NFO,29
NIFTY,NIFTY2621724400CE,CE,24400,2026-02-17,12324354,65,NFO,29
NIFTY,NIFTY2621724400PE,PE,24400,2026-02-17,12324610,65,NFO,29
NIFTY,NIFTY2621724450CE,CE,24450,2026-02-17,12324866,65,NFO,29
NIFTY,NIFTY2621724450PE,PE,24450,2026-02-17,12325122,65,NFO,29
NIFTY,NIFTY2621724500CE,CE,24500,2026-02-17,12325378,65,NFO,29
NIFTY,NIFTY2621724500PE,PE,24500,2026-02-17,12325634,65,NFO,29
NIFTY,NIFTY2621724550CE,CE,24550,2026-02-17,12325890,65,NFO,29
NIFTY,NIFTY2621724550PE,PE,24550,2026-02-17,12326146,65,NFO,29
NIFTY,NIFTY2621724600CE,CE,24600,2026-02-17,12326402,65,NFO,29
NIFTY,NIFTY2621724600PE,PE,24600,2026-02-17,12326658,65,NFO,29
NIFTY,NIFTY2621724650CE,CE,24650,2026-02-17,12326914,65,NFO,29
NIFTY,NIFTY2621724650PE,PE,24650,2026-02-17,12327170,65,NFO,29
NIFTY,NIFTY2621724700CE,CE,24700,2026-02-17,12327426,65,NFO,29
NIFTY,NIFTY2621724700PE,PE,24700,2026-02-17,12327682,65,NFO,29
NIFTY,NIFTY2621724750CE,CE,24750,2026-02-17,12328962,65,NFO,29
NIFTY,NIFTY2621724750PE,PE,24750,2026-02-17,12329218,65,NFO,29
NIFTY,NIFTY2621724800CE,CE,24800,2026-02-17,12329474,65,NFO,29
NIFTY,NIFTY2621724800PE,PE,24800,2026-02-17,12329730,65,NFO,29
NIFTY,NIFTY2621724850CE,CE,24850,2026-02-17,12331522,65,NFO,29
NIFTY,NIFTY2621724850PE,PE,24850,2026-02-17,12331778,65,NFO,29
NIFTY,NIFTY2621724900CE,CE,24900,2026-02-17,12332034,65,NFO,29
NIFTY,NIFTY2621724900PE,PE,24900,2026-02-17,12332290,65,NFO,29
NIFTY,NIFTY2621724950CE,CE,24950,2026-02-17,12332802,65,NFO,29
NIFTY,NIFTY2621724950PE,PE,24950,2026-02-17,12333058,65,NFO,29
NIFTY,NIFTY2621725000CE,CE,25000,2026-02-17,12333314,65,NFO,29
NIFTY,NIFTY2621725000PE,PE,25000,2026-02-17,12333570,65,NFO,29
NIFTY,NIFTY2621725050CE,CE,25050,2026-02-17,12333826,65,NFO,29
NIFTY,NIFTY2621725050PE,PE,25050,2026-02-17,12335618,65,NFO,29
NIFTY,NIFTY2621725100CE,CE,25100,2026-02-17,12335874,65,NFO,29
NIFTY,NIFTY2621725100PE,PE,25100,2026-02-17,12336130,65,NFO,29
NIFTY,NIFTY2621725150CE,CE,25150,2026-02-17,12337154,65,NFO,29
NIFTY,NIFTY2621725150PE,PE,25150,2026-02-17,12337410,65,NFO,29
NIFTY,NIFTY2621725200CE,CE,25200,2026-02-17,12337922,65,NFO,29
NIFTY,NIFTY2621725200PE,PE,25200,2026-02-17,12338178,65,NFO,29
NIFTY,NIFTY2621725250CE,CE,25250,2026-02-17,12338434,65,NFO,29
NIFTY,NIFTY2621725250PE,PE,25250,2026-02-17,12338690,65,NFO,29
NIFTY,NIFTY2621725300CE,CE,25300,2026-02-17,12338946,65,NFO,29
NIFTY,NIFTY2621725300PE,PE,25300,2026-02-17,12339202,65,NFO,29
NIFTY,NIFTY2621725350CE,CE,25350,2026-02-17,12339458,65,NFO,29
NIFTY,NIFTY2621725350PE,PE,25350,2026-02-17,12339714,65,NFO,29
NIFTY,NIFTY2621725400CE,CE,25400,2026-02-17,12339970,65,NFO,29
NIFTY,NIFTY2621725400PE,PE,25400,2026-02-17,12341762,65,NFO,29
NIFTY,NIFTY2621725450CE,CE,25450,2026-02-17,12342018,65,NFO,29
NIFTY,NIFTY2621725450PE,PE,25450,2026-02-17,12342530,65,NFO,29
NIFTY,NIFTY2621725500CE,CE,25500,2026-02-17,12343042,65,NFO,29
NIFTY,NIFTY2621725500PE,PE,25500,2026-02-17,12343298,65,NFO,29
NIFTY,NIFTY2621725550CE,CE,25550,2026-02-17,12343810,65,NFO,29
NIFTY,NIFTY2621725550PE,PE,25550,2026-02-17,12344066,65,NFO,29
NIFTY,NIFTY2621725600CE,CE,25600,2026-02-17,12344322,65,NFO,29
NIFTY,NIFTY2621725600PE,PE,25600,2026-02-17,12344578,65,NFO,29
NIFTY,NIFTY2621725650CE,CE,25650,2026-02-17,12344834,65,NFO,29
NIFTY,NIFTY2621725650PE,PE,25650,2026-02-17,12345090,65,NFO,29
NIFTY,NIFTY2621725700CE,CE,25700,2026-02-17,12345346,65,NFO,29
NIFTY,NIFTY2621725700PE,PE,25700,2026-02-17,12345602,65,NFO,29
NIFTY,NIFTY2621725750CE,CE,25750,2026-02-17,12345858,65,NFO,29
NIFTY,NIFTY2621725750PE,PE,25750,2026-02-17,12346114,65,NFO,29
NIFTY,NIFTY2621725800CE,CE,25800,2026-02-17,12346370,65,NFO,29
NIFTY,NIFTY2621725800PE,PE,25800,2026-02-17,12346626,65,NFO,29
NIFTY,NIFTY2621725850CE,CE,25850,2026-02-17,12346882,65,NFO,29
NIFTY,NIFTY2621725850PE,PE,25850,2026-02-17,12347138,65,NFO,29
NIFTY,NIFTY2621725900CE,CE,25900,2026-02-17,12347394,65,NFO,29
NIFTY,NIFTY2621725900PE,PE,25900,2026-02-17,12347650,65,NFO,29
NIFTY,NIFTY2621725950CE,CE,25950,2026-02-17,12347906,65,NFO,29
NIFTY,NIFTY2621725950PE,PE,25950,2026-02-17,12348162,65,NFO,29
NIFTY,NIFTY2621726000CE,CE,26000,2026-02-17,12348418,65,NFO,29
NIFTY,NIFTY2621726000PE,PE,26000,2026-02-17,12348674,65,NFO,29
NIFTY,NIFTY2621726050CE,CE,26050,2026-02-17,12348930,65,NFO,29
NIFTY,NIFTY2621726050PE,PE,26050,2026-02-17,12349186,65,NFO,29
NIFTY,NIFTY2621726100PE,PE,26100,2026-02-17,12349698,65,NFO,29
NIFTY,NIFTY2621726100CE,CE,26100,2026-02-17,12349442,65,NFO,29
NIFTY,NIFTY2621726150CE,CE,26150,2026-02-17,12349954,65,NFO,29
NIFTY,NIFTY2621726150PE,PE,26150,2026-02-17,12350210,65,NFO,29
NIFTY,NIFTY2621726200CE,CE,26200,2026-02-17,12350466,65,NFO,29
NIFTY,NIFTY2621726200PE,PE,26200,2026-02-17,12350722,65,NFO,29
NIFTY,NIFTY2621726250CE,CE,26250,2026-02-17,12350978,65,NFO,29
NIFTY,NIFTY2621726250PE,PE,26250,2026-02-17,12351234,65,NFO,29
NIFTY,NIFTY2621726300CE,CE,26300,2026-02-17,12351490,65,NFO,29
NIFTY,NIFTY2621726300PE,PE,26300,2026-02-17,12351746,65,NFO,29
NIFTY,NIFTY2621726350CE,CE,26350,2026-02-17,12352002,65,NFO,29
NIFTY,NIFTY2621726350PE,PE,26350,2026-02-17,12352258,65,NFO,29
NIFTY,NIFTY2621726400CE,CE,26400,2026-02-17,12352514,65,NFO,29
NIFTY,NIFTY2621726400PE,PE,26400,2026-02-17,12352770,65,NFO,29
NIFTY,NIFTY2621726450CE,CE,26450,2026-02-17,12353026,65,NFO,29
NIFTY,NIFTY2621726450PE,PE,26450,2026-02-17,12353538,65,NFO,29
NIFTY,NIFTY2621726500CE,CE,26500,2026-02-17,12354306,65,NFO,29
NIFTY,NIFTY2621726500PE,PE,26500,2026-02-17,12354562,65,NFO,29
NIFTY,NIFTY2621726550CE,CE,26550,2026-02-17,12355074,65,NFO,29
NIFTY,NIFTY2621726550PE,PE,26550,2026-02-17,12355330,65,NFO,29
NIFTY,NIFTY2621726600CE,CE,26600,2026-02-17,12355586,65,NFO,29
NIFTY,NIFTY2621726600PE,PE,26600,2026-02-17,12355842,65,NFO,29
NIFTY,NIFTY2621726650CE,CE,26650,2026-02-17,12356098,65,NFO,29
NIFTY,NIFTY2621726650PE,PE,26650,2026-02-17,12356354,65,NFO,29
NIFTY,NIFTY2621726700CE,CE,26700,2026-02-17,12356866,65,NFO,29
NIFTY,NIFTY2621726700PE,PE,26700,2026-02-17,12357122,65,NFO,29
NIFTY,NIFTY2621726750CE,CE,26750,2026-02-17,12357378,65,NFO,29
NIFTY,NIFTY2621726750PE,PE,26750,2026-02-17,12357634,65,NFO,29
NIFTY,NIFTY2621726800CE,CE,26800,2026-02-17,12357890,65,NFO,29
NIFTY,NIFTY2621726800PE,PE,26800,2026-02-17,12358146,65,NFO,29
NIFTY,NIFTY2621726850CE,CE,26850,2026-02-17,12358402,65,NFO,29
NIFTY,NIFTY2621726850PE,PE,26850,2026-02-17,12359170,65,NFO,29
NIFTY,NIFTY2621726900CE,CE,26900,2026-02-17,12359426,65,NFO,29
NIFTY,NIFTY2621726900PE,PE,26900,2026-02-17,12359682,65,NFO,29
NIFTY,NIFTY2621726950CE,CE,26950,2026-02-17,12359938,65,NFO,29
NIFTY,NIFTY2621726950PE,PE,26950,2026-02-17,12360450,65,NFO,29
NIFTY,NIFTY2621727000CE,CE,27000,2026-02-17,12360706,65,NFO,29
NIFTY,NIFTY2621727000PE,PE,27000,2026-02-17,12360962,65,NFO,29
NIFTY,NIFTY2621727050CE,CE,27050,2026-02-17,12362242,65,NFO,29
NIFTY,NIFTY2621727050PE,PE,27050,2026-02-17,12363010,65,NFO,29
NIFTY,NIFTY2621727100CE,CE,27100,2026-02-17,12363266,65,NFO,29
NIFTY,NIFTY2621727100PE,PE,27100,2026-02-17,12363522,65,NFO,29
NIFTY,NIFTY2621727150CE,CE,27150,2026-02-17,12364034,65,NFO,29
NIFTY,NIFTY2621727150PE,PE,27150,2026-02-17,12364290,65,NFO,29
NIFTY,NIFTY2621727200CE,CE,27200,2026-02-17,12364546,65,NFO,29
NIFTY,NIFTY2621727200PE,PE,27200,2026-02-17,12364802,65,NFO,29
NIFTY,NIFTY2621727250CE,CE,27250,2026-02-17,12365058,65,NFO,29
NIFTY,NIFTY2621727250PE,PE,27250,2026-02-17,12365314,65,NFO,29
NIFTY,NIFTY2621727300CE,CE,27300,2026-02-17,12366082,65,NFO,29
NIFTY,NIFTY2621727300PE,PE,27300,2026-02-17,12366338,65,NFO,29
NIFTY,NIFTY2621727350CE,CE,27350,2026-02-17,12366850,65,NFO,29
NIFTY,NIFTY2621727350PE,PE,27350,2026-02-17,12367362,65,NFO,29
NIFTY,NIFTY2621727400CE,CE,27400,2026-02-17,12367618,65,NFO,29
NIFTY,NIFTY2621727400PE,PE,27400,2026-02-17,12367874,65,NFO,29
NIFTY,NIFTY2621727450CE,CE,27450,2026-02-17,12368130,65,NFO,29
NIFTY,NIFTY2621727450PE,PE,27450,2026-02-17,12368898,65,NFO,29
NIFTY,NIFTY2621727500CE,CE,27500,2026-02-17,12369154,65,NFO,29
NIFTY,NIFTY2621727500PE,PE,27500,2026-02-17,12369410,65,NFO,29
NIFTY,NIFTY26FEB23900CE,CE,23900,2026-02-24,16553986,65,NFO,36
NIFTY,NIFTY26FEB23900PE,PE,23900,2026-02-24,16568066,65,NFO,36
NIFTY,NIFTY26FEB23950CE,CE,23950,2026-02-24,16568322,65,NFO,36
NIFTY,NIFTY26FEB23950PE,PE,23950,2026-02-24,16578562,65,NFO,36
NIFTY,NIFTY26FEB24000CE,CE,24000,2026-02-24,16584706,65,NFO,36
NIFTY,NIFTY26FEB24000PE,PE,24000,2026-02-24,16584962,65,NFO,36
NIFTY,NIFTY26FEB24050CE,CE,24050,2026-02-24,16586242,65,NFO,36
NIFTY,NIFTY26FEB24050PE,PE,24050,2026-02-24,16586498,65,NFO,36
NIFTY,NIFTY26FEB24100CE,CE,24100,2026-02-24,16586754,65,NFO,36
NIFTY,NIFTY26FEB24100PE,PE,24100,2026-02-24,16587010,65,NFO,36
NIFTY,NIFTY26FEB24150CE,CE,24150,2026-02-24,16587266,65,NFO,36
NIFTY,NIFTY26FEB24150PE,PE,24150,2026-02-24,16587522,65,NFO,36
NIFTY,NIFTY26FEB24200CE,CE,24200,2026-02-24,16587778,65,NFO,36
NIFTY,NIFTY26FEB24200PE,PE,24200,2026-02-24,16588034,65,NFO,36
NIFTY,NIFTY26FEB24250CE,CE,24250,2026-02-24,16588290,65,NFO,36
NIFTY,NIFTY26FEB24250PE,PE,24250,2026-02-24,16588546,65,NFO,36
NIFTY,NIFTY26FEB24300CE,CE,24300,2026-02-24,16588802,65,NFO,36
NIFTY,NIFTY26FEB24300PE,PE,24300,2026-02-24,16589058,65,NFO,36
NIFTY,NIFTY26FEB24350CE,CE,24350,2026-02-24,16589314,65,NFO,36
NIFTY,NIFTY26FEB24350PE,PE,24350,2026-02-24,16589570,65,NFO,36
NIFTY,NIFTY26FEB24400CE,CE,24400,2026-02-24,16589826,65,NFO,36
NIFTY,NIFTY26FEB24400PE,PE,24400,2026-02-24,16590082,65,NFO,36
NIFTY,NIFTY26FEB24450CE,CE,24450,2026-02-24,16590338,65,NFO,36
NIFTY,NIFTY26FEB24450PE,PE,24450,2026-02-24,16590594,65,NFO,36
NIFTY,NIFTY26FEB24500CE,CE,24500,2026-02-24,16590850,65,NFO,36
NIFTY,NIFTY26FEB24500PE,PE,24500,2026-02-24,16591106,65,NFO,36
NIFTY,NIFTY26FEB24550CE,CE,24550,2026-02-24,16591362,65,NFO,36
NIFTY,NIFTY26FEB24550PE,PE,24550,2026-02-24,16591618,65,NFO,36
NIFTY,NIFTY26FEB24600CE,CE,24600,2026-02-24,16591874,65,NFO,36
NIFTY,NIFTY26FEB24600PE,PE,24600,2026-02-24,16592130,65,NFO,36
NIFTY,NIFTY26FEB24650CE,CE,24650,2026-02-24,16592386,65,NFO,36
NIFTY,NIFTY26FEB24650PE,PE,24650,2026-02-24,16592642,65,NFO,36
NIFTY,NIFTY26FEB24700CE,CE,24700,2026-02-24,16592898,65,NFO,36
NIFTY,NIFTY26FEB24700PE,PE,24700,2026-02-24,16593154,65,NFO,36
NIFTY,NIFTY26FEB24750CE,CE,24750,2026-02-24,16593410,65,NFO,36
NIFTY,NIFTY26FEB24750PE,PE,24750,2026-02-24,16593666,65,NFO,36
NIFTY,NIFTY26FEB24800CE,CE,24800,2026-02-24,16594178,65,NFO,36
NIFTY,NIFTY26FEB24800PE,PE,24800,2026-02-24,16594434,65,NFO,36
NIFTY,NIFTY26FEB24850CE,CE,24850,2026-02-24,16594690,65,NFO,36
NIFTY,NIFTY26FEB24850PE,PE,24850,2026-02-24,16594946,65,NFO,36
NIFTY,NIFTY26FEB24900CE,CE,24900,2026-02-24,16595202,65,NFO,36
NIFTY,NIFTY26FEB24900PE,PE,24900,2026-02-24,16595458,65,NFO,36
NIFTY,NIFTY26FEB24950CE,CE,24950,2026-02-24,16595714,65,NFO,36
NIFTY,NIFTY26FEB24950PE,PE,24950,2026-02-24,16595970,65,NFO,36
NIFTY,NIFTY26FEB25000CE,CE,25000,2026-02-24,16596226,65,NFO,36
NIFTY,NIFTY26FEB25000PE,PE,25000,2026-02-24,16596482,65,NFO,36
NIFTY,NIFTY26FEB25050CE,CE,25050,2026-02-24,16596738,65,NFO,36
NIFTY,NIFTY26FEB25050PE,PE,25050,2026-02-24,16596994,65,NFO,36
NIFTY,NIFTY26FEB25100CE,CE,25100,2026-02-24,16597250,65,NFO,36
NIFTY,NIFTY26FEB25100PE,PE,25100,2026-02-24,16597506,65,NFO,36
NIFTY,NIFTY26FEB25150CE,CE,25150,2026-02-24,16597762,65,NFO,36
NIFTY,NIFTY26FEB25150PE,PE,25150,2026-02-24,16598018,65,NFO,36
NIFTY,NIFTY26FEB25200CE,CE,25200,2026-02-24,16598274,65,NFO,36
NIFTY,NIFTY26FEB25200PE,PE,25200,2026-02-24,16598530,65,NFO,36
NIFTY,NIFTY26FEB25250CE,CE,25250,2026-02-24,16598786,65,NFO,36
NIFTY,NIFTY26FEB25250PE,PE,25250,2026-02-24,16599042,65,NFO,36
NIFTY,NIFTY26FEB25300CE,CE,25300,2026-02-24,16599298,65,NFO,36
NIFTY,NIFTY26FEB25300PE,PE,25300,2026-02-24,16599554,65,NFO,36
NIFTY,NIFTY26FEB25350CE,CE,25350,2026-02-24,16599810,65,NFO,36
NIFTY,NIFTY26FEB25350PE,PE,25350,2026-02-24,16600066,65,NFO,36
NIFTY,NIFTY26FEB25400CE,CE,25400,2026-02-24,16600322,65,NFO,36
NIFTY,NIFTY26FEB25400PE,PE,25400,2026-02-24,16601346,65,NFO,36
NIFTY,NIFTY26FEB25450CE,CE,25450,2026-02-24,16601602,65,NFO,36
NIFTY,NIFTY26FEB25450PE,PE,25450,2026-02-24,16601858,65,NFO,36
NIFTY,NIFTY26FEB25500CE,CE,25500,2026-02-24,16602114,65,NFO,36
NIFTY,NIFTY26FEB25500PE,PE,25500,2026-02-24,16602370,65,NFO,36
NIFTY,NIFTY26FEB25550CE,CE,25550,2026-02-24,16602626,65,NFO,36
NIFTY,NIFTY26FEB25550PE,PE,25550,2026-02-24,16602882,65,NFO,36
NIFTY,NIFTY26FEB25600CE,CE,25600,2026-02-24,16603138,65,NFO,36
NIFTY,NIFTY26FEB25600PE,PE,25600,2026-02-24,16603394,65,NFO,36
NIFTY,NIFTY26FEB25650CE,CE,25650,2026-02-24,16603650,65,NFO,36
NIFTY,NIFTY26FEB25650PE,PE,25650,2026-02-24,16603906,65,NFO,36
NIFTY,NIFTY26FEB25700CE,CE,25700,2026-02-24,16604162,65,NFO,36
NIFTY,NIFTY26FEB25700PE,PE,25700,2026-02-24,16604418,65,NFO,36
NIFTY,NIFTY26FEB25750CE,CE,25750,2026-02-24,16604674,65,NFO,36
NIFTY,NIFTY26FEB25750PE,PE,25750,2026-02-24,16604930,65,NFO,36
NIFTY,NIFTY26FEB25800CE,CE,25800,2026-02-24,16605186,65,NFO,36
NIFTY,NIFTY26FEB25800PE,PE,25800,2026-02-24,16605442,65,NFO,36
NIFTY,NIFTY26FEB25850CE,CE,25850,2026-02-24,16605698,65,NFO,36
NIFTY,NIFTY26FEB25850PE,PE,25850,2026-02-24,16605954,65,NFO,36
NIFTY,NIFTY26FEB25900CE,CE,25900,2026-02-24,16606210,65,NFO,36
NIFTY,NIFTY26FEB25900PE,PE,25900,2026-02-24,16606466,65,NFO,36
NIFTY,NIFTY26FEB25950CE,CE,25950,2026-02-24,16606722,65,NFO,36
NIFTY,NIFTY26FEB25950PE,PE,25950,2026-02-24,16606978,65,NFO,36
NIFTY,NIFTY26FEB26000CE,CE,26000,2026-02-24,16607234,65,NFO,36
NIFTY,NIFTY26FEB26000PE,PE,26000,2026-02-24,16607490,65,NFO,36
NIFTY,NIFTY26FEB26050CE,CE,26050,2026-02-24,16607746,65,NFO,36
NIFTY,NIFTY26FEB26050PE,PE,26050,2026-02-24,16608002,65,NFO,36
NIFTY,NIFTY26FEB26100PE,PE,26100,2026-02-24,16608514,65,NFO,36
NIFTY,NIFTY26FEB26100CE,CE,26100,2026-02-24,16608258,65,NFO,36
NIFTY,NIFTY26FEB26150CE,CE,26150,2026-02-24,16608770,65,NFO,36
NIFTY,NIFTY26FEB26150PE,PE,26150,2026-02-24,16609026,65,NFO,36
NIFTY,NIFTY26FEB26200CE,CE,26200,2026-02-24,16609282,65,NFO,36
NIFTY,NIFTY26FEB26200PE,PE,26200,2026-02-24,16609538,65,NFO,36
NIFTY,NIFTY26FEB26250CE,CE,26250,2026-02-24,16609794,65,NFO,36
NIFTY,NIFTY26FEB26250PE,PE,26250,2026-02-24,16614658,65,NFO,36
NIFTY,NIFTY26FEB26300CE,CE,26300,2026-02-24,16616194,65,NFO,36
NIFTY,NIFTY26FEB26300PE,PE,26300,2026-02-24,16620802,65,NFO,36
NIFTY,NIFTY26FEB26350CE,CE,26350,2026-02-24,16621058,65,NFO,36
NIFTY,NIFTY26FEB26350PE,PE,26350,2026-02-24,16621570,65,NFO,36
NIFTY,NIFTY26FEB26400CE,CE,26400,2026-02-24,16622338,65,NFO,36
NIFTY,NIFTY26FEB26400PE,PE,26400,2026-02-24,16623106,65,NFO,36
NIFTY,NIFTY26FEB26450CE,CE,26450,2026-02-24,16623362,65,NFO,36
NIFTY,NIFTY26FEB26450PE,PE,26450,2026-02-24,16623618,65,NFO,36
NIFTY,NIFTY26FEB26500CE,CE,26500,2026-02-24,16623874,65,NFO,36
NIFTY,NIFTY26FEB26500PE,PE,26500,2026-02-24,16628482,65,NFO,36
NIFTY,NIFTY26FEB26550CE,CE,26550,2026-02-24,16628738,65,NFO,36
NIFTY,NIFTY26FEB26550PE,PE,26550,2026-02-24,16628994,65,NFO,36
NIFTY,NIFTY26FEB26600CE,CE,26600,2026-02-24,16629250,65,NFO,36
NIFTY,NIFTY26FEB26600PE,PE,26600,2026-02-24,16629762,65,NFO,36
NIFTY,NIFTY26FEB26650CE,CE,26650,2026-02-24,16630018,65,NFO,36
NIFTY,NIFTY26FEB26650PE,PE,26650,2026-02-24,16631298,65,NFO,36
NIFTY,NIFTY26FEB26700CE,CE,26700,2026-02-24,16631554,65,NFO,36
NIFTY,NIFTY26FEB26700PE,PE,26700,2026-02-24,16636930,65,NFO,36
NIFTY,NIFTY26FEB26750CE,CE,26750,2026-02-24,16639234,65,NFO,36
NIFTY,NIFTY26FEB26750PE,PE,26750,2026-02-24,16654082,65,NFO,36
NIFTY,NIFTY26FEB26800CE,CE,26800,2026-02-24,16654338,65,NFO,36
NIFTY,NIFTY26FEB26800PE,PE,26800,2026-02-24,16657410,65,NFO,36
NIFTY,NIFTY26FEB26850CE,CE,26850,2026-02-24,16657666,65,NFO,36
NIFTY,NIFTY26FEB26850PE,PE,26850,2026-02-24,16657922,65,NFO,36
NIFTY,NIFTY26FEB26900CE,CE,26900,2026-02-24,16658178,65,NFO,36
NIFTY,NIFTY26FEB26900PE,PE,26900,2026-02-24,16658434,65,NFO,36
NIFTY,NIFTY26FEB26950CE,CE,26950,2026-02-24,16658690,65,NFO,36
NIFTY,NIFTY26FEB26950PE,PE,26950,2026-02-24,16658946,65,NFO,36
NIFTY,NIFTY26FEB27000CE,CE,27000,2026-02-24,16659202,65,NFO,36
NIFTY,NIFTY26FEB27000PE,PE,27000,2026-02-24,16659458,65,NFO,36
NIFTY,NIFTY26FEB27050CE,CE,27050,2026-02-24,16659714,65,NFO,36
NIFTY,NIFTY26FEB27050PE,PE,27050,2026-02-24,16659970,65,NFO,36
NIFTY,NIFTY26FEB27100CE,CE,27100,2026-02-24,16660226,65,NFO,36
NIFTY,NIFTY26FEB27100PE,PE,27100,2026-02-24,16660482,65,NFO,36
NIFTY,NIFTY26FEB27150CE,CE,27150,2026-02-24,16660738,65,NFO,36
NIFTY,NIFTY26FEB27150PE,PE,27150,2026-02-24,16660994,65,NFO,36
NIFTY,NIFTY26FEB27200CE,CE,27200,2026-02-24,16661250,65,NFO,36
NIFTY,NIFTY26FEB27200PE,PE,27200,2026-02-24,16661506,65,NFO,36
NIFTY,NIFTY26FEB27250CE,CE,27250,2026-02-24,16661762,65,NFO,36
NIFTY,NIFTY26FEB27250PE,PE,27250,2026-02-24,16662018,65,NFO,36
NIFTY,NIFTY26FEB27300CE,CE,27300,2026-02-24,16662786,65,NFO,36
NIFTY,NIFTY26FEB27300PE,PE,27300,2026-02-24,16663042,65,NFO,36
NIFTY,NIFTY26FEB27350CE,CE,27350,2026-02-24,16663298,65,NFO,36
NIFTY,NIFTY26FEB27350PE,PE,27350,2026-02-24,16663554,65,NFO,36
NIFTY,NIFTY26FEB27400CE,CE,27400,2026-02-24,16663810,65,NFO,36
NIFTY,NIFTY26FEB27400PE,PE,27400,2026-02-24,16664066,65,NFO,36
NIFTY,NIFTY26FEB27450CE,CE,27450,2026-02-24,16664322,65,NFO,36
NIFTY,NIFTY26FEB27450PE,PE,27450,2026-02-24,16664578,65,NFO,36
NIFTY,NIFTY26FEB27500CE,CE,27500,2026-02-24,16664834,65,NFO,36
NIFTY,NIFTY26FEB27500PE,PE,27500,2026-02-24,16665090,65,NFO,36
NIFTY,NIFTY26FEB27550CE,CE,27550,2026-02-24,16665858,65,NFO,36
NIFTY,NIFTY26FEB27550PE,PE,27550,2026-02-24,16666114,65,NFO,36
NIFTY,NIFTY26FEB27600CE,CE,27600,2026-02-24,16666370,65,NFO,36
NIFTY,NIFTY26FEB27600PE,PE,27600,2026-02-24,16666626,65,NFO,36
NIFTY,NIFTY26FEB27650CE,CE,27650,2026-02-24,16666882,65,NFO,36
NIFTY,NIFTY26FEB27650PE,PE,27650,2026-02-24,16667138,65,NFO,36
NIFTY,NIFTY26FEB27700CE,CE,27700,2026-02-24,16667394,65,NFO,36
NIFTY,NIFTY26FEB27700PE,PE,27700,2026-02-24,16667650,65,NFO,36
NIFTY,NIFTY26FEB27750CE,CE,27750,2026-02-24,16667906,65,NFO,36
NIFTY,NIFTY26FEB27750PE,PE,27750,2026-02-24,16668162,65,NFO,36
NIFTY,NIFTY26FEB27800CE,CE,27800,2026-02-24,16668418,65,NFO,36
NIFTY,NIFTY26FEB27800PE,PE,27800,2026-02-24,16668674,65,NFO,36
NIFTY,NIFTY26FEB27850CE,CE,27850,2026-02-24,16668930,65,NFO,36
NIFTY,NIFTY26FEB27850PE,PE,27850,2026-02-24,16669186,65,NFO,36
NIFTY,NIFTY26FEB27900CE,CE,27900,2026-02-24,16669442,65,NFO,36
NIFTY,NIFTY26FEB27900PE,PE,27900,2026-02-24,16669698,65,NFO,36
NIFTY,NIFTY26FEB27950CE,CE,27950,2026-02-24,16669954,65,NFO,36
NIFTY,NIFTY26FEB27950PE,PE,27950,2026-02-24,16670210,65,NFO,36
NIFTY,NIFTY26FEB28000CE,CE,28000,2026-02-24,16670466,65,NFO,36
NIFTY,NIFTY26FEB28000PE,PE,28000,2026-02-24,16670722,65,NFO,36
NIFTY,NIFTY26FEB28050CE,CE,28050,2026-02-24,16670978,65,NFO,36
NIFTY,NIFTY26FEB28050PE,PE,28050,2026-02-24,16671234,65,NFO,36
NIFTY,NIFTY26FEB28100CE,CE,28100,2026-02-24,16671490,65,NFO,36
NIFTY,NIFTY26FEB28100PE,PE,28100,2026-02-24,16672258,65,NFO,36
NIFTY,NIFTY26MAR19000CE,CE,19000,2026-03-30,16105986,65,NFO,70
NIFTY,NIFTY26MAR19000PE,PE,19000,2026-03-30,16106242,65,NFO,70
NIFTY,NIFTY26MAR20000CE,CE,20000,2026-03-30,16106498,65,NFO,70
NIFTY,NIFTY26MAR20000PE,PE,20000,2026-03-30,16106754,65,NFO,70
NIFTY,NIFTY26MAR21000CE,CE,21000,2026-03-30,16107010,65,NFO,70
NIFTY,NIFTY26MAR21000PE,PE,21000,2026-03-30,16107266,65,NFO,70
NIFTY,NIFTY26MAR22000CE,CE,22000,2026-03-30,16107522,65,NFO,70
NIFTY,NIFTY26MAR22000PE,PE,22000,2026-03-30,16107778,65,NFO,70
NIFTY,NIFTY26MAR23000CE,CE,23000,2026-03-30,16108034,65,NFO,70
NIFTY,NIFTY26MAR23000PE,PE,23000,2026-03-30,16108290,65,NFO,70
NIFTY,NIFTY26MAR23900CE,CE,23900,2026-03-30,13960706,65,NFO,70
NIFTY,NIFTY26MAR23900PE,PE,23900,2026-03-30,13960962,65,NFO,70
NIFTY,NIFTY26MAR23950CE,CE,23950,2026-03-30,13961218,65,NFO,70
NIFTY,NIFTY26MAR23950PE,PE,23950,2026-03-30,13961474,65,NFO,70
NIFTY,NIFTY26MAR24000CE,CE,24000,2026-03-30,16108546,65,NFO,70
NIFTY,NIFTY26MAR24000PE,PE,24000,2026-03-30,16108802,65,NFO,70
NIFTY,NIFTY26MAR24050CE,CE,24050,2026-03-30,13961730,65,NFO,70
NIFTY,NIFTY26MAR24050PE,PE,24050,2026-03-30,13961986,65,NFO,70
NIFTY,NIFTY26MAR24100CE,CE,24100,2026-03-30,13962242,65,NFO,70
NIFTY,NIFTY26MAR24100PE,PE,24100,2026-03-30,13962498,65,NFO,70
NIFTY,NIFTY26MAR24150CE,CE,24150,2026-03-30,13962754,65,NFO,70
NIFTY,NIFTY26MAR24150PE,PE,24150,2026-03-30,13963010,65,NFO,70
NIFTY,NIFTY26MAR24200CE,CE,24200,2026-03-30,13963266,65,NFO,70
NIFTY,NIFTY26MAR24200PE,PE,24200,2026-03-30,13963522,65,NFO,70
NIFTY,NIFTY26MAR24250CE,CE,24250,2026-03-30,13963778,65,NFO,70
NIFTY,NIFTY26MAR24250PE,PE,24250,2026-03-30,13964034,65,NFO,70
NIFTY,NIFTY26MAR24300CE,CE,24300,2026-03-30,13964290,65,NFO,70
NIFTY,NIFTY26MAR24300PE,PE,24300,2026-03-30,13964546,65,NFO,70
NIFTY,NIFTY26MAR24350CE,CE,24350,2026-03-30,13964802,65,NFO,70
NIFTY,NIFTY26MAR24350PE,PE,24350,2026-03-30,13965058,65,NFO,70
NIFTY,NIFTY26MAR24400CE,CE,24400,2026-03-30,13965314,65,NFO,70
NIFTY,NIFTY26MAR24400PE,PE,24400,2026-03-30,13965570,65,NFO,70
NIFTY,NIFTY26MAR24450CE,CE,24450,2026-03-30,13965826,65,NFO,70
NIFTY,NIFTY26MAR24450PE,PE,24450,2026-03-30,13966082,65,NFO,70
NIFTY,NIFTY26MAR24500CE,CE,24500,2026-03-30,13966338,65,NFO,70
NIFTY,NIFTY26MAR24500PE,PE,24500,2026-03-30,13966594,65,NFO,70
NIFTY,NIFTY26MAR24550CE,CE,24550,2026-03-30,13966850,65,NFO,70
NIFTY,NIFTY26MAR24550PE,PE,24550,2026-03-30,13967106,65,NFO,70
NIFTY,NIFTY26MAR24600CE,CE,24600,2026-03-30,13967362,65,NFO,70
NIFTY,NIFTY26MAR24600PE,PE,24600,2026-03-30,13967618,65,NFO,70
NIFTY,NIFTY26MAR24650CE,CE,24650,2026-03-30,13967874,65,NFO,70
NIFTY,NIFTY26MAR24650PE,PE,24650,2026-03-30,13968130,65,NFO,70
NIFTY,NIFTY26MAR24700CE,CE,24700,2026-03-30,13968386,65,NFO,70
NIFTY,NIFTY26MAR24700PE,PE,24700,2026-03-30,13968642,65,NFO,70
NIFTY,NIFTY26MAR24750CE,CE,24750,2026-03-30,13968898,65,NFO,70
NIFTY,NIFTY26MAR24750PE,PE,24750,2026-03-30,13969154,65,NFO,70
NIFTY,NIFTY26MAR24800CE,CE,24800,2026-03-30,13969410,65,NFO,70
NIFTY,NIFTY26MAR24800PE,PE,24800,2026-03-30,13969666,65,NFO,70
NIFTY,NIFTY26MAR24850CE,CE,24850,2026-03-30,13969922,65,NFO,70
NIFTY,NIFTY26MAR24850PE,PE,24850,2026-03-30,13970178,65,NFO,70
NIFTY,NIFTY26MAR24900CE,CE,24900,2026-03-30,13970434,65,NFO,70
NIFTY,NIFTY26MAR24900PE,PE,24900,2026-03-30,13970690,65,NFO,70
NIFTY,NIFTY26MAR24950CE,CE,24950,2026-03-30,13970946,65,NFO,70
NIFTY,NIFTY26MAR24950PE,PE,24950,2026-03-30,13971202,65,NFO,70
NIFTY,NIFTY26MAR25000CE,CE,25000,2026-03-30,16109058,65,NFO,70
NIFTY,NIFTY26MAR25000PE,PE,25000,2026-03-30,16109314,65,NFO,70
NIFTY,NIFTY26MAR25050CE,CE,25050,2026-03-30,13971458,65,NFO,70
NIFTY,NIFTY26MAR25050PE,PE,25050,2026-03-30,13971714,65,NFO,70
NIFTY,NIFTY26MAR25100CE,CE,25100,2026-03-30,13971970,65,NFO,70
NIFTY,NIFTY26MAR25100PE,PE,25100,2026-03-30,13972226,65,NFO,70
NIFTY,NIFTY26MAR25150CE,CE,25150,2026-03-30,13972482,65,NFO,70
NIFTY,NIFTY26MAR25150PE,PE,25150,2026-03-30,13972738,65,NFO,70
NIFTY,NIFTY26MAR25200CE,CE,25200,2026-03-30,13972994,65,NFO,70
NIFTY,NIFTY26MAR25200PE,PE,25200,2026-03-30,13973250,65,NFO,70
NIFTY,NIFTY26MAR25250CE,CE,25250,2026-03-30,13973506,65,NFO,70
NIFTY,NIFTY26MAR25250PE,PE,25250,2026-03-30,13973762,65,NFO,70
NIFTY,NIFTY26MAR25300CE,CE,25300,2026-03-30,13974018,65,NFO,70
NIFTY,NIFTY26MAR25300PE,PE,25300,2026-03-30,13974274,65,NFO,70
NIFTY,NIFTY26MAR25350CE,CE,25350,2026-03-30,13974530,65,NFO,70
NIFTY,NIFTY26MAR25350PE,PE,25350,2026-03-30,13974786,65,NFO,70
NIFTY,NIFTY26MAR25400CE,CE,25400,2026-03-30,13975042,65,NFO,70
NIFTY,NIFTY26MAR25400PE,PE,25400,2026-03-30,13975298,65,NFO,70
NIFTY,NIFTY26MAR25450CE,CE,25450,2026-03-30,13975554,65,NFO,70
NIFTY,NIFTY26MAR25450PE,PE,25450,2026-03-30,13975810,65,NFO,70
NIFTY,NIFTY26MAR25500CE,CE,25500,2026-03-30,13976066,65,NFO,70
NIFTY,NIFTY26MAR25500PE,PE,25500,2026-03-30,13976322,65,NFO,70
NIFTY,NIFTY26MAR25550CE,CE,25550,2026-03-30,13976578,65,NFO,70
NIFTY,NIFTY26MAR25550PE,PE,25550,2026-03-30,13976834,65,NFO,70
NIFTY,NIFTY26MAR25600CE,CE,25600,2026-03-30,13977090,65,NFO,70
NIFTY,NIFTY26MAR25600PE,PE,25600,2026-03-30,13977346,65,NFO,70
NIFTY,NIFTY26MAR25650CE,CE,25650,2026-03-30,13977602,65,NFO,70
NIFTY,NIFTY26MAR25650PE,PE,25650,2026-03-30,13980418,65,NFO,70
NIFTY,NIFTY26MAR25700CE,CE,25700,2026-03-30,13980674,65,NFO,70
NIFTY,NIFTY26MAR25700PE,PE,25700,2026-03-30,13980930,65,NFO,70
NIFTY,NIFTY26MAR25750CE,CE,25750,2026-03-30,13981186,65,NFO,70
NIFTY,NIFTY26MAR25750PE,PE,25750,2026-03-30,13981442,65,NFO,70
NIFTY,NIFTY26MAR25800CE,CE,25800,2026-03-30,13981698,65,NFO,70
NIFTY,NIFTY26MAR25800PE,PE,25800,2026-03-30,13981954,65,NFO,70
NIFTY,NIFTY26MAR25850CE,CE,25850,2026-03-30,13982210,65,NFO,70
NIFTY,NIFTY26MAR25850PE,PE,25850,2026-03-30,13982466,65,NFO,70
NIFTY,NIFTY26MAR25900CE,CE,25900,2026-03-30,13982722,65,NFO,70
NIFTY,NIFTY26MAR25900PE,PE,25900,2026-03-30,13982978,65,NFO,70
NIFTY,NIFTY26MAR25950CE,CE,25950,2026-03-30,13983234,65,NFO,70
NIFTY,NIFTY26MAR25950PE,PE,25950,2026-03-30,13983490,65,NFO,70
NIFTY,NIFTY26MAR26000CE,CE,26000,2026-03-30,16109570,65,NFO,70
NIFTY,NIFTY26MAR26000PE,PE,26000,2026-03-30,16109826,65,NFO,70
NIFTY,NIFTY26MAR26050CE,CE,26050,2026-03-30,13983746,65,NFO,70
NIFTY,NIFTY26MAR26050PE,PE,26050,2026-03-30,13984002,65,NFO,70
NIFTY,NIFTY26MAR26100PE,PE,26100,2026-03-30,13987586,65,NFO,70
NIFTY,NIFTY26MAR26100CE,CE,26100,2026-03-30,13984258,65,NFO,70
NIFTY,NIFTY26MAR26150CE,CE,26150,2026-03-30,13987842,65,NFO,70
NIFTY,NIFTY26MAR26150PE,PE,26150,2026-03-30,13988098,65,NFO,70
NIFTY,NIFTY26MAR26200CE,CE,26200,2026-03-30,13988354,65,NFO,70
NIFTY,NIFTY26MAR26200PE,PE,26200,2026-03-30,13988610,65,NFO,70
NIFTY,NIFTY26MAR26250CE,CE,26250,2026-03-30,13988866,65,NFO,70
NIFTY,NIFTY26MAR26250PE,PE,26250,2026-03-30,13989122,65,NFO,70
NIFTY,NIFTY26MAR26300CE,CE,26300,2026-03-30,13989378,65,NFO,70
NIFTY,NIFTY26MAR26300PE,PE,26300,2026-03-30,13993986,65,NFO,70
NIFTY,NIFTY26MAR26350CE,CE,26350,2026-03-30,13994242,65,NFO,70
NIFTY,NIFTY26MAR26350PE,PE,26350,2026-03-30,13994498,65,NFO,70
NIFTY,NIFTY26MAR26400CE,CE,26400,2026-03-30,13994754,65,NFO,70
NIFTY,NIFTY26MAR26400PE,PE,26400,2026-03-30,13995010,65,NFO,70
NIFTY,NIFTY26MAR26450CE,CE,26450,2026-03-30,13995266,65,NFO,70
NIFTY,NIFTY26MAR26450PE,PE,26450,2026-03-30,13995778,65,NFO,70
NIFTY,NIFTY26MAR26500CE,CE,26500,2026-03-30,13996034,65,NFO,70
NIFTY,NIFTY26MAR26500PE,PE,26500,2026-03-30,13996290,65,NFO,70
NIFTY,NIFTY26MAR26550CE,CE,26550,2026-03-30,14006274,65,NFO,70
NIFTY,NIFTY26MAR26550PE,PE,26550,2026-03-30,14006530,65,NFO,70
NIFTY,NIFTY26MAR26600CE,CE,26600,2026-03-30,14006786,65,NFO,70
NIFTY,NIFTY26MAR26600PE,PE,26600,2026-03-30,14007042,65,NFO,70
NIFTY,NIFTY26MAR26650CE,CE,26650,2026-03-30,14007298,65,NFO,70
NIFTY,NIFTY26MAR26650PE,PE,26650,2026-03-30,14007554,65,NFO,70
NIFTY,NIFTY26MAR26700CE,CE,26700,2026-03-30,14007810,65,NFO,70
NIFTY,NIFTY26MAR26700PE,PE,26700,2026-03-30,14008066,65,NFO,70
NIFTY,NIFTY26MAR26750CE,CE,26750,2026-03-30,14008322,65,NFO,70
NIFTY,NIFTY26MAR26750PE,PE,26750,2026-03-30,14008578,65,NFO,70
NIFTY,NIFTY26MAR26800CE,CE,26800,2026-03-30,14008834,65,NFO,70
NIFTY,NIFTY26MAR26800PE,PE,26800,2026-03-30,14009090,65,NFO,70
NIFTY,NIFTY26MAR26850CE,CE,26850,2026-03-30,14009346,65,NFO,70
NIFTY,NIFTY26MAR26850PE,PE,26850,2026-03-30,14009602,65,NFO,70
NIFTY,NIFTY26MAR26900CE,CE,26900,2026-03-30,14009858,65,NFO,70
NIFTY,NIFTY26MAR26900PE,PE,26900,2026-03-30,14010114,65,NFO,70
NIFTY,NIFTY26MAR26950CE,CE,26950,2026-03-30,14010370,65,NFO,70
NIFTY,NIFTY26MAR26950PE,PE,26950,2026-03-30,14010626,65,NFO,70
NIFTY,NIFTY26MAR27000CE,CE,27000,2026-03-30,16110082,65,NFO,70
NIFTY,NIFTY26MAR27000PE,PE,27000,2026-03-30,16110338,65,NFO,70
NIFTY,NIFTY26MAR27050CE,CE,27050,2026-03-30,14010882,65,NFO,70
NIFTY,NIFTY26MAR27050PE,PE,27050,2026-03-30,14011138,65,NFO,70
NIFTY,NIFTY26MAR27100CE,CE,27100,2026-03-30,14011394,65,NFO,70
NIFTY,NIFTY26MAR27100PE,PE,27100,2026-03-30,14011650,65,NFO,70
NIFTY,NIFTY26MAR27150CE,CE,27150,2026-03-30,14011906,65,NFO,70
NIFTY,NIFTY26MAR27150PE,PE,27150,2026-03-30,14012162,65,NFO,70
NIFTY,NIFTY26MAR27200CE,CE,27200,2026-03-30,14012418,65,NFO,70
NIFTY,NIFTY26MAR27200PE,PE,27200,2026-03-30,14012674,65,NFO,70
NIFTY,NIFTY26MAR27250CE,CE,27250,2026-03-30,14012930,65,NFO,70
NIFTY,NIFTY26MAR27250PE,PE,27250,2026-03-30,14013186,65,NFO,70
NIFTY,NIFTY26MAR27300CE,CE,27300,2026-03-30,14013442,65,NFO,70
NIFTY,NIFTY26MAR27300PE,PE,27300,2026-03-30,14013698,65,NFO,70
NIFTY,NIFTY26MAR27350CE,CE,27350,2026-03-30,14013954,65,NFO,70
NIFTY,NIFTY26MAR27350PE,PE,27350,2026-03-30,14014210,65,NFO,70
NIFTY,NIFTY26MAR27400CE,CE,27400,2026-03-30,14014466,65,NFO,70
NIFTY,NIFTY26MAR27400PE,PE,27400,2026-03-30,14014722,65,NFO,70
NIFTY,NIFTY26MAR27450CE,CE,27450,2026-03-30,14014978,65,NFO,70
NIFTY,NIFTY26MAR27450PE,PE,27450,2026-03-30,14015234,65,NFO,70
NIFTY,NIFTY26MAR27500CE,CE,27500,2026-03-30,14015490,65,NFO,70
NIFTY,NIFTY26MAR27500PE,PE,27500,2026-03-30,14015746,65,NFO,70
NIFTY,NIFTY26MAR27550CE,CE,27550,2026-03-30,14016002,65,NFO,70
NIFTY,NIFTY26MAR27550PE,PE,27550,2026-03-30,14016258,65,NFO,70
NIFTY,NIFTY26MAR27600CE,CE,27600,2026-03-30,14016514,65,NFO,70
NIFTY,NIFTY26MAR27600PE,PE,27600,2026-03-30,14016770,65,NFO,70
NIFTY,NIFTY26MAR27650CE,CE,27650,2026-03-30,14034434,65,NFO,70
NIFTY,NIFTY26MAR27650PE,PE,27650,2026-03-30,14034690,65,NFO,70
NIFTY,NIFTY26MAR27700CE,CE,27700,2026-03-30,14034946,65,NFO,70
NIFTY,NIFTY26MAR27700PE,PE,27700,2026-03-30,14035202,65,NFO,70
NIFTY,NIFTY26MAR27750CE,CE,27750,2026-03-30,14035458,65,NFO,70
NIFTY,NIFTY26MAR27750PE,PE,27750,2026-03-30,14035714,65,NFO,70
NIFTY,NIFTY26MAR27800CE,CE,27800,2026-03-30,14035970,65,NFO,70
NIFTY,NIFTY26MAR27800PE,PE,27800,2026-03-30,14036226,65,NFO,70
NIFTY,NIFTY26MAR27850CE,CE,27850,2026-03-30,14036482,65,NFO,70
NIFTY,NIFTY26MAR27850PE,PE,27850,2026-03-30,14036738,65,NFO,70
NIFTY,NIFTY26MAR27900CE,CE,27900,2026-03-30,14038018,65,NFO,70
NIFTY,NIFTY26MAR27900PE,PE,27900,2026-03-30,14038274,65,NFO,70
NIFTY,NIFTY26MAR27950CE,CE,27950,2026-03-30,14038530,65,NFO,70
NIFTY,NIFTY26MAR27950PE,PE,27950,2026-03-30,14038786,65,NFO,70
NIFTY,NIFTY26MAR28000CE,CE,28000,2026-03-30,16110594,65,NFO,70
NIFTY,NIFTY26MAR28000PE,PE,28000,2026-03-30,16110850,65,NFO,70
NIFTY,NIFTY26MAR28050CE,CE,28050,2026-03-30,14039042,65,NFO,70
NIFTY,NIFTY26MAR28050PE,PE,28050,2026-03-30,14039298,65,NFO,70
NIFTY,NIFTY26MAR28100CE,CE,28100,2026-03-30,14039554,65,NFO,70
NIFTY,NIFTY26MAR28100PE,PE,28100,2026-03-30,14039810,65,NFO,70
NIFTY,NIFTY26MAR29000CE,CE,29000,2026-03-30,16111362,65,NFO,70
NIFTY,NIFTY26MAR29000PE,PE,29000,2026-03-30,16111618,65,NFO,70
NIFTY,NIFTY26MAR30000CE,CE,30000,2026-03-30,16111874,65,NFO,70
NIFTY,NIFTY26MAR30000PE,PE,30000,2026-03-30,16116482,65,NFO,70
NIFTY,NIFTY26MAR31000CE,CE,31000,2026-03-30,16116738,65,NFO,70
NIFTY,NIFTY26MAR31000PE,PE,31000,2026-03-30,16118786,65,NFO,70
NIFTY,NIFTY26JUN12000CE,CE,12000,2026-06-30,15007746,65,NFO,162
NIFTY,NIFTY26JUN12000PE,PE,12000,2026-06-30,15008002,65,NFO,162
NIFTY,NIFTY26JUN13000PE,PE,13000,2026-06-30,9677314,65,NFO,162
NIFTY,NIFTY26JUN14000PE,PE,14000,2026-06-30,12913666,65,NFO,162
NIFTY,NIFTY26JUN15000PE,PE,15000,2026-06-30,12914690,65,NFO,162
NIFTY,NIFTY26JUN16000PE,PE,16000,2026-06-30,12918274,65,NFO,162
NIFTY,NIFTY26JUN18000CE,CE,18000,2026-06-30,12942338,65,NFO,162
NIFTY,NIFTY26JUN18000PE,PE,18000,2026-06-30,12942594,65,NFO,162
NIFTY,NIFTY26JUN19000CE,CE,19000,2026-06-30,10237186,65,NFO,162
NIFTY,NIFTY26JUN19000PE,PE,19000,2026-06-30,10237442,65,NFO,162
NIFTY,NIFTY26JUN19500CE,CE,19500,2026-06-30,14126850,65,NFO,162
NIFTY,NIFTY26JUN19500PE,PE,19500,2026-06-30,14127106,65,NFO,162
NIFTY,NIFTY26JUN20000PE,PE,20000,2026-06-30,9825282,65,NFO,162
NIFTY,NIFTY26JUN21000CE,CE,21000,2026-06-30,13171970,65,NFO,162
NIFTY,NIFTY26JUN21000PE,PE,21000,2026-06-30,13172482,65,NFO,162
NIFTY,NIFTY26JUN22000PE,PE,22000,2026-06-30,15008514,65,NFO,162
NIFTY,NIFTY26JUN22500CE,CE,22500,2026-06-30,14127362,65,NFO,162
NIFTY,NIFTY26JUN22500PE,PE,22500,2026-06-30,14127618,65,NFO,162
NIFTY,NIFTY26JUN23000CE,CE,23000,2026-06-30,9676546,65,NFO,162
NIFTY,NIFTY26JUN23000PE,PE,23000,2026-06-30,9678082,65,NFO,162
NIFTY,NIFTY26JUN24000CE,CE,24000,2026-06-30,18296834,65,NFO,162
NIFTY,NIFTY26JUN24000PE,PE,24000,2026-06-30,18297090,65,NFO,162
NIFTY,NIFTY26JUN25000CE,CE,25000,2026-06-30,18297346,65,NFO,162
NIFTY,NIFTY26JUN25000PE,PE,25000,2026-06-30,18297602,65,NFO,162
NIFTY,NIFTY26JUN25500CE,CE,25500,2026-06-30,14128130,65,NFO,162
NIFTY,NIFTY26JUN25500PE,PE,25500,2026-06-30,14128386,65,NFO,162
NIFTY,NIFTY26JUN26000CE,CE,26000,2026-06-30,18297858,65,NFO,162
NIFTY,NIFTY26JUN26000PE,PE,26000,2026-06-30,18298114,65,NFO,162
NIFTY,NIFTY26JUN27000CE,CE,27000,2026-06-30,13049090,65,NFO,162
NIFTY,NIFTY26JUN27000PE,PE,27000,2026-06-30,13049858,65,NFO,162
NIFTY,NIFTY26JUN28000CE,CE,28000,2026-06-30,12939522,65,NFO,162
NIFTY,NIFTY26JUN28000PE,PE,28000,2026-06-30,12939778,65,NFO,162
NIFTY,NIFTY26JUN28500CE,CE,28500,2026-06-30,14128642,65,NFO,162
NIFTY,NIFTY26JUN28500PE,PE,28500,2026-06-30,14128898,65,NFO,162
NIFTY,NIFTY26JUN29000CE,CE,29000,2026-06-30,9767426,65,NFO,162
NIFTY,NIFTY26JUN29000PE,PE,29000,2026-06-30,9768194,65,NFO,162
NIFTY,NIFTY26JUN30000CE,CE,30000,2026-06-30,9018626,65,NFO,162
NIFTY,NIFTY26JUN30000PE,PE,30000,2026-06-30,9019138,65,NFO,162
NIFTY,NIFTY26JUN31000CE,CE,31000,2026-06-30,10786050,65,NFO,162
NIFTY,NIFTY26JUN31500CE,CE,31500,2026-06-30,14136322,65,NFO,162
NIFTY,NIFTY26JUN31500PE,PE,31500,2026-06-30,14136578,65,NFO,162
NIFTY,NIFTY26JUN33000CE,CE,33000,2026-06-30,12080130,65,NFO,162
NIFTY,NIFTY26JUN33000PE,PE,33000,2026-06-30,12080386,65,NFO,162
NIFTY,NIFTY26JUN34500CE,CE,34500,2026-06-30,14137346,65,NFO,162
NIFTY,NIFTY26JUN34500PE,PE,34500,2026-06-30,14137602,65,NFO,162
NIFTY,NIFTY26SEP18000CE,CE,18000,2026-09-29,16867074,65,NFO,253
NIFTY,NIFTY26SEP18000PE,PE,18000,2026-09-29,16867330,65,NFO,253
NIFTY,NIFTY26SEP19500CE,CE,19500,2026-09-29,14152194,65,NFO,253
NIFTY,NIFTY26SEP19500PE,PE,19500,2026-09-29,14152450,65,NFO,253
NIFTY,NIFTY26SEP21000CE,CE,21000,2026-09-29,16868610,65,NFO,253
NIFTY,NIFTY26SEP21000PE,PE,21000,2026-09-29,16868866,65,NFO,253
NIFTY,NIFTY26SEP22500CE,CE,22500,2026-09-29,14152706,65,NFO,253
NIFTY,NIFTY26SEP22500PE,PE,22500,2026-09-29,14152962,65,NFO,253
NIFTY,NIFTY26SEP23000PE,PE,23000,2026-09-29,16870146,65,NFO,253
NIFTY,NIFTY26SEP24000CE,CE,24000,2026-09-29,16870402,65,NFO,253
NIFTY,NIFTY26SEP24000PE,PE,24000,2026-09-29,16870658,65,NFO,253
NIFTY,NIFTY26SEP25000PE,PE,25000,2026-09-29,16871170,65,NFO,253
NIFTY,NIFTY26SEP25500CE,CE,25500,2026-09-29,14153218,65,NFO,253
NIFTY,NIFTY26SEP25500PE,PE,25500,2026-09-29,14153474,65,NFO,253
NIFTY,NIFTY26SEP26000CE,CE,26000,2026-09-29,16871426,65,NFO,253
NIFTY,NIFTY26SEP26000PE,PE,26000,2026-09-29,16871682,65,NFO,253
NIFTY,NIFTY26SEP27000CE,CE,27000,2026-09-29,16871938,65,NFO,253
NIFTY,NIFTY26SEP27000PE,PE,27000,2026-09-29,16872194,65,NFO,253
NIFTY,NIFTY26SEP28500CE,CE,28500,2026-09-29,14153730,65,NFO,253
NIFTY,NIFTY26SEP28500PE,PE,28500,2026-09-29,14153986,65,NFO,253
NIFTY,NIFTY26SEP30000CE,CE,30000,2026-09-29,16876290,65,NFO,253
NIFTY,NIFTY26SEP30000PE,PE,30000,2026-09-29,16876546,65,NFO,253
NIFTY,NIFTY26SEP31500CE,CE,31500,2026-09-29,14154242,65,NFO,253
NIFTY,NIFTY26SEP31500PE,PE,31500,2026-09-29,14154498,65,NFO,253
NIFTY,NIFTY26SEP33000CE,CE,33000,2026-09-29,16877826,65,NFO,253
NIFTY,NIFTY26SEP33000PE,PE,33000,2026-09-29,16878082,65,NFO,253
NIFTY,NIFTY26SEP34500CE,CE,34500,2026-09-29,14154754,65,NFO,253
NIFTY,NIFTY26SEP34500PE,PE,34500,2026-09-29,14155010,65,NFO,253
NIFTY,NIFTY26DEC12000PE,PE,12000,2026-12-29,15009026,65,NFO,344
NIFTY,NIFTY26DEC13000PE,PE,13000,2026-12-29,15009538,65,NFO,344
NIFTY,NIFTY26DEC14000PE,PE,14000,2026-12-29,15010050,65,NFO,344
NIFTY,NIFTY26DEC15000PE,PE,15000,2026-12-29,15010562,65,NFO,344
NIFTY,NIFTY26DEC16000CE,CE,16000,2026-12-29,15010818,65,NFO,344
NIFTY,NIFTY26DEC16000PE,PE,16000,2026-12-29,15011074,65,NFO,344
NIFTY,NIFTY26DEC17000PE,PE,17000,2026-12-29,15011586,65,NFO,344
NIFTY,NIFTY26DEC18000CE,CE,18000,2026-12-29,15011842,65,NFO,344
NIFTY,NIFTY26DEC18000PE,PE,18000,2026-12-29,15012098,65,NFO,344
NIFTY,NIFTY26DEC19000CE,CE,19000,2026-12-29,15012354,65,NFO,344
NIFTY,NIFTY26DEC19000PE,PE,19000,2026-12-29,15012610,65,NFO,344
NIFTY,NIFTY26DEC19500CE,CE,19500,2026-12-29,14162946,65,NFO,344
NIFTY,NIFTY26DEC19500PE,PE,19500,2026-12-29,14163202,65,NFO,344
NIFTY,NIFTY26DEC20000CE,CE,20000,2026-12-29,15012866,65,NFO,344
NIFTY,NIFTY26DEC20000PE,PE,20000,2026-12-29,15013122,65,NFO,344
NIFTY,NIFTY26DEC21000CE,CE,21000,2026-12-29,15013378,65,NFO,344
NIFTY,NIFTY26DEC21000PE,PE,21000,2026-12-29,15013634,65,NFO,344
NIFTY,NIFTY26DEC22000CE,CE,22000,2026-12-29,15013890,65,NFO,344
NIFTY,NIFTY26DEC22000PE,PE,22000,2026-12-29,15014146,65,NFO,344
NIFTY,NIFTY26DEC22500CE,CE,22500,2026-12-29,14163458,65,NFO,344
NIFTY,NIFTY26DEC22500PE,PE,22500,2026-12-29,14163714,65,NFO,344
NIFTY,NIFTY26DEC23000CE,CE,23000,2026-12-29,9678338,65,NFO,344
NIFTY,NIFTY26DEC23000PE,PE,23000,2026-12-29,9679362,65,NFO,344
NIFTY,NIFTY26DEC24000CE,CE,24000,2026-12-29,18304258,65,NFO,344
NIFTY,NIFTY26DEC24000PE,PE,24000,2026-12-29,18304514,65,NFO,344
NIFTY,NIFTY26DEC25000CE,CE,25000,2026-12-29,18304770,65,NFO,344
NIFTY,NIFTY26DEC25000PE,PE,25000,2026-12-29,18305026,65,NFO,344
NIFTY,NIFTY26DEC25500CE,CE,25500,2026-12-29,14163970,65,NFO,344
NIFTY,NIFTY26DEC25500PE,PE,25500,2026-12-29,14164226,65,NFO,344
NIFTY,NIFTY26DEC26000CE,CE,26000,2026-12-29,18305282,65,NFO,344
NIFTY,NIFTY26DEC26000PE,PE,26000,2026-12-29,18305538,65,NFO,344
NIFTY,NIFTY26DEC27000CE,CE,27000,2026-12-29,13050370,65,NFO,344
NIFTY,NIFTY26DEC27000PE,PE,27000,2026-12-29,13050626,65,NFO,344
NIFTY,NIFTY26DEC28000CE,CE,28000,2026-12-29,12940034,65,NFO,344
NIFTY,NIFTY26DEC28000PE,PE,28000,2026-12-29,12940290,65,NFO,344
NIFTY,NIFTY26DEC28500CE,CE,28500,2026-12-29,14164482,65,NFO,344
NIFTY,NIFTY26DEC28500PE,PE,28500,2026-12-29,14164738,65,NFO,344
NIFTY,NIFTY26DEC29000CE,CE,29000,2026-12-29,9768450,65,NFO,344
NIFTY,NIFTY26DEC29000PE,PE,29000,2026-12-29,9768706,65,NFO,344
NIFTY,NIFTY26DEC30000CE,CE,30000,2026-12-29,9020162,65,NFO,344
NIFTY,NIFTY26DEC30000PE,PE,30000,2026-12-29,9020674,65,NFO,344
NIFTY,NIFTY26DEC31000CE,CE,31000,2026-12-29,10786818,65,NFO,344
NIFTY,NIFTY26DEC31500CE,CE,31500,2026-12-29,14164994,65,NFO,344
NIFTY,NIFTY26DEC31500PE,PE,31500,2026-12-29,14165250,65,NFO,344
NIFTY,NIFTY26DEC33000CE,CE,33000,2026-12-29,12080642,65,NFO,344
NIFTY,NIFTY26DEC33000PE,PE,33000,2026-12-29,12080898,65,NFO,344
NIFTY,NIFTY26DEC34500CE,CE,34500,2026-12-29,14166018,65,NFO,344
NIFTY,NIFTY26DEC34500PE,PE,34500,2026-12-29,14166274,65,NFO,344
NIFTY,NIFTY27JUN18000CE,CE,18000,2027-06-29,18316034,65,NFO,526
NIFTY,NIFTY27JUN18000PE,PE,18000,2027-06-29,18316290,65,NFO,526
NIFTY,NIFTY27JUN19000CE,CE,19000,2027-06-29,18316546,65,NFO,526
NIFTY,NIFTY27JUN19000PE,PE,19000,2027-06-29,18316802,65,NFO,526
NIFTY,NIFTY27JUN19500CE,CE,19500,2027-06-29,14175234,65,NFO,526
NIFTY,NIFTY27JUN19500PE,PE,19500,2027-06-29,14175490,65,NFO,526
NIFTY,NIFTY27JUN21000CE,CE,21000,2027-06-29,18317570,65,NFO,526
NIFTY,NIFTY27JUN21000PE,PE,21000,2027-06-29,18317826,65,NFO,526
NIFTY,NIFTY27JUN22500CE,CE,22500,2027-06-29,14175746,65,NFO,526
NIFTY,NIFTY27JUN22500PE,PE,22500,2027-06-29,14176002,65,NFO,526
NIFTY,NIFTY27JUN24000CE,CE,24000,2027-06-29,18319362,65,NFO,526
NIFTY,NIFTY27JUN24000PE,PE,24000,2027-06-29,18319618,65,NFO,526
NIFTY,NIFTY27JUN25500CE,CE,25500,2027-06-29,14176258,65,NFO,526
NIFTY,NIFTY27JUN25500PE,PE,25500,2027-06-29,14176514,65,NFO,526
NIFTY,NIFTY27JUN27000CE,CE,27000,2027-06-29,13051138,65,NFO,526
NIFTY,NIFTY27JUN27000PE,PE,27000,2027-06-29,13051906,65,NFO,526
NIFTY,NIFTY27JUN28500CE,CE,28500,2027-06-29,14176770,65,NFO,526
NIFTY,NIFTY27JUN28500PE,PE,28500,2027-06-29,14177026,65,NFO,526
NIFTY,NIFTY27JUN30000CE,CE,30000,2027-06-29,9027074,65,NFO,526
NIFTY,NIFTY27JUN30000PE,PE,30000,2027-06-29,9027330,65,NFO,526
NIFTY,NIFTY27JUN31500CE,CE,31500,2027-06-29,14177282,65,NFO,526
NIFTY,NIFTY27JUN31500PE,PE,31500,2027-06-29,14177538,65,NFO,526
NIFTY,NIFTY27JUN33000CE,CE,33000,2027-06-29,12081154,65,NFO,526
NIFTY,NIFTY27JUN33000PE,PE,33000,2027-06-29,12081410,65,NFO,526
NIFTY,NIFTY27JUN34500CE,CE,34500,2027-06-29,14178306,65,NFO,526
NIFTY,NIFTY27JUN34500PE,PE,34500,2027-06-29,14178562,65,NFO,526
NIFTY,NIFTY27DEC15000PE,PE,15000,2027-12-28,13720322,65,NFO,708
NIFTY,NIFTY27DEC17000PE,PE,17000,2027-12-28,13722114,65,NFO,708
NIFTY,NIFTY27DEC18000CE,CE,18000,2027-12-28,13722370,65,NFO,708
NIFTY,NIFTY27DEC18000PE,PE,18000,2027-12-28,13722626,65,NFO,708
NIFTY,NIFTY27DEC19000PE,PE,19000,2027-12-28,13723138,65,NFO,708
NIFTY,NIFTY27DEC19500CE,CE,19500,2027-12-28,14188034,65,NFO,708
NIFTY,NIFTY27DEC19500PE,PE,19500,2027-12-28,14188290,65,NFO,708
NIFTY,NIFTY27DEC20000PE,PE,20000,2027-12-28,13724418,65,NFO,708
NIFTY,NIFTY27DEC21000CE,CE,21000,2027-12-28,13724930,65,NFO,708
NIFTY,NIFTY27DEC21000PE,PE,21000,2027-12-28,13725442,65,NFO,708
NIFTY,NIFTY27DEC22000PE,PE,22000,2027-12-28,13725954,65,NFO,708
NIFTY,NIFTY27DEC22500CE,CE,22500,2027-12-28,14188546,65,NFO,708
NIFTY,NIFTY27DEC22500PE,PE,22500,2027-12-28,14188802,65,NFO,708
NIFTY,NIFTY27DEC23000PE,PE,23000,2027-12-28,13726466,65,NFO,708
NIFTY,NIFTY27DEC24000CE,CE,24000,2027-12-28,13727746,65,NFO,708
NIFTY,NIFTY27DEC24000PE,PE,24000,2027-12-28,13728002,65,NFO,708
NIFTY,NIFTY27DEC25000CE,CE,25000,2027-12-28,13728258,65,NFO,708
NIFTY,NIFTY27DEC25000PE,PE,25000,2027-12-28,13728514,65,NFO,708
NIFTY,NIFTY27DEC25500CE,CE,25500,2027-12-28,14189058,65,NFO,708
NIFTY,NIFTY27DEC25500PE,PE,25500,2027-12-28,14189314,65,NFO,708
NIFTY,NIFTY27DEC26000CE,CE,26000,2027-12-28,13728770,65,NFO,708
NIFTY,NIFTY27DEC26000PE,PE,26000,2027-12-28,13729282,65,NFO,708
NIFTY,NIFTY27DEC27000CE,CE,27000,2027-12-28,13729538,65,NFO,708
NIFTY,NIFTY27DEC27000PE,PE,27000,2027-12-28,13729794,65,NFO,708
NIFTY,NIFTY27DEC28500CE,CE,28500,2027-12-28,14189570,65,NFO,708
NIFTY,NIFTY27DEC28500PE,PE,28500,2027-12-28,14189826,65,NFO,708
NIFTY,NIFTY27DEC30000CE,CE,30000,2027-12-28,9048578,65,NFO,708
NIFTY,NIFTY27DEC30000PE,PE,30000,2027-12-28,9048834,65,NFO,708
NIFTY,NIFTY27DEC31500CE,CE,31500,2027-12-28,14190082,65,NFO,708
NIFTY,NIFTY27DEC31500PE,PE,31500,2027-12-28,14190338,65,NFO,708
NIFTY,NIFTY27DEC33000CE,CE,33000,2027-12-28,12081666,65,NFO,708
NIFTY,NIFTY27DEC33000PE,PE,33000,2027-12-28,12081922,65,NFO,708
NIFTY,NIFTY27DEC34500CE,CE,34500,2027-12-28,14192130,65,NFO,708
NIFTY,NIFTY27DEC34500PE,PE,34500,2027-12-28,14192386,65,NFO,708
NIFTY,NIFTY28JUN18000CE,CE,18000,2028-06-27,22051586,65,NFO,890
NIFTY,NIFTY28JUN18000PE,PE,18000,2028-06-27,22051842,65,NFO,890
NIFTY,NIFTY28JUN19500CE,CE,19500,2028-06-27,14200322,65,NFO,890
NIFTY,NIFTY28JUN19500PE,PE,19500,2028-06-27,14200578,65,NFO,890
NIFTY,NIFTY28JUN21000CE,CE,21000,2028-06-27,22053122,65,NFO,890
NIFTY,NIFTY28JUN21000PE,PE,21000,2028-06-27,22053378,65,NFO,890
NIFTY,NIFTY28JUN22000PE,PE,22000,2028-06-27,22053890,65,NFO,890
NIFTY,NIFTY28JUN22500CE,CE,22500,2028-06-27,14200834,65,NFO,890
NIFTY,NIFTY28JUN22500PE,PE,22500,2028-06-27,14201602,65,NFO,890
NIFTY,NIFTY28JUN24000CE,CE,24000,2028-06-27,22054658,65,NFO,890
NIFTY,NIFTY28JUN24000PE,PE,24000,2028-06-27,22054914,65,NFO,890
NIFTY,NIFTY28JUN25500CE,CE,25500,2028-06-27,14201858,65,NFO,890
NIFTY,NIFTY28JUN25500PE,PE,25500,2028-06-27,14202114,65,NFO,890
NIFTY,NIFTY28JUN27000CE,CE,27000,2028-06-27,22057730,65,NFO,890
NIFTY,NIFTY28JUN27000PE,PE,27000,2028-06-27,22057986,65,NFO,890
NIFTY,NIFTY28JUN28500CE,CE,28500,2028-06-27,14202370,65,NFO,890
NIFTY,NIFTY28JUN28500PE,PE,28500,2028-06-27,14202626,65,NFO,890
NIFTY,NIFTY28JUN30000CE,CE,30000,2028-06-27,9050114,65,NFO,890
NIFTY,NIFTY28JUN30000PE,PE,30000,2028-06-27,9050370,65,NFO,890
NIFTY,NIFTY28JUN31500CE,CE,31500,2028-06-27,14202882,65,NFO,890
NIFTY,NIFTY28JUN31500PE,PE,31500,2028-06-27,14203138,65,NFO,890
NIFTY,NIFTY28JUN33000CE,CE,33000,2028-06-27,12082178,65,NFO,890
NIFTY,NIFTY28JUN33000PE,PE,33000,2028-06-27,12082434,65,NFO,890
NIFTY,NIFTY28JUN34500CE,CE,34500,2028-06-27,14203394,65,NFO,890
NIFTY,NIFTY28JUN34500PE,PE,34500,2028-06-27,14203650,65,NFO,890
NIFTY,NIFTY28DEC18000CE,CE,18000,2028-12-26,17349122,65,NFO,1072
NIFTY,NIFTY28DEC18000PE,PE,18000,2028-12-26,17349378,65,NFO,1072
NIFTY,NIFTY28DEC19500CE,CE,19500,2028-12-26,14212610,65,NFO,1072
NIFTY,NIFTY28DEC19500PE,PE,19500,2028-12-26,14212866,65,NFO,1072
NIFTY,NIFTY28DEC20000PE,PE,20000,2028-12-26,17350402,65,NFO,1072
NIFTY,NIFTY28DEC21000CE,CE,21000,2028-12-26,17350658,65,NFO,1072
NIFTY,NIFTY28DEC21000PE,PE,21000,2028-12-26,17350914,65,NFO,1072
NIFTY,NIFTY28DEC22000PE,PE,22000,2028-12-26,17351426,65,NFO,1072
NIFTY,NIFTY28DEC22500CE,CE,22500,2028-12-26,14213122,65,NFO,1072
NIFTY,NIFTY28DEC22500PE,PE,22500,2028-12-26,14213378,65,NFO,1072
NIFTY,NIFTY28DEC23000PE,PE,23000,2028-12-26,17351938,65,NFO,1072
NIFTY,NIFTY28DEC24000CE,CE,24000,2028-12-26,17352194,65,NFO,1072
NIFTY,NIFTY28DEC24000PE,PE,24000,2028-12-26,17352450,65,NFO,1072
NIFTY,NIFTY28DEC25000PE,PE,25000,2028-12-26,17352962,65,NFO,1072
NIFTY,NIFTY28DEC25500CE,CE,25500,2028-12-26,14213634,65,NFO,1072
NIFTY,NIFTY28DEC25500PE,PE,25500,2028-12-26,14213890,65,NFO,1072
NIFTY,NIFTY28DEC26000PE,PE,26000,2028-12-26,17353474,65,NFO,1072
NIFTY,NIFTY28DEC27000CE,CE,27000,2028-12-26,17353730,65,NFO,1072
NIFTY,NIFTY28DEC27000PE,PE,27000,2028-12-26,17353986,65,NFO,1072
NIFTY,NIFTY28DEC28000CE,CE,28000,2028-12-26,17354242,65,NFO,1072
NIFTY,NIFTY28DEC28500CE,CE,28500,2028-12-26,14214146,65,NFO,1072
NIFTY,NIFTY28DEC28500PE,PE,28500,2028-12-26,14214402,65,NFO,1072
NIFTY,NIFTY28DEC30000CE,CE,30000,2028-12-26,17355266,65,NFO,1072
NIFTY,NIFTY28DEC30000PE,PE,30000,2028-12-26,17355522,65,NFO,1072
NIFTY,NIFTY28DEC31500CE,CE,31500,2028-12-26,14214658,65,NFO,1072
NIFTY,NIFTY28DEC31500PE,PE,31500,2028-12-26,14214914,65,NFO,1072
NIFTY,NIFTY28DEC33000CE,CE,33000,2028-12-26,12082690,65,NFO,1072
NIFTY,NIFTY28DEC33000PE,PE,33000,2028-12-26,12082946,65,NFO,1072
NIFTY,NIFTY28DEC34500CE,CE,34500,2028-12-26,14215170,65,NFO,1072
NIFTY,NIFTY28DEC34500PE,PE,34500,2028-12-26,14215426,65,NFO,1072
NIFTY,NIFTY29JUN18000CE,CE,18000,2029-06-26,22940674,65,NFO,1254
NIFTY,NIFTY29JUN18000PE,PE,18000,2029-06-26,22940930,65,NFO,1254
NIFTY,NIFTY29JUN19500CE,CE,19500,2029-06-26,14222850,65,NFO,1254
NIFTY,NIFTY29JUN19500PE,PE,19500,2029-06-26,14223106,65,NFO,1254
NIFTY,NIFTY29JUN21000CE,CE,21000,2029-06-26,22943746,65,NFO,1254
NIFTY,NIFTY29JUN21000PE,PE,21000,2029-06-26,22944002,65,NFO,1254
NIFTY,NIFTY29JUN22500CE,CE,22500,2029-06-26,14223362,65,NFO,1254
NIFTY,NIFTY29JUN22500PE,PE,22500,2029-06-26,14223618,65,NFO,1254
NIFTY,NIFTY29JUN24000CE,CE,24000,2029-06-26,22945282,65,NFO,1254
NIFTY,NIFTY29JUN24000PE,PE,24000,2029-06-26,22945538,65,NFO,1254
NIFTY,NIFTY29JUN25500CE,CE,25500,2029-06-26,14223874,65,NFO,1254
NIFTY,NIFTY29JUN25500PE,PE,25500,2029-06-26,14224130,65,NFO,1254
NIFTY,NIFTY29JUN26000PE,PE,26000,2029-06-26,22946562,65,NFO,1254
NIFTY,NIFTY29JUN27000CE,CE,27000,2029-06-26,22946818,65,NFO,1254
NIFTY,NIFTY29JUN27000PE,PE,27000,2029-06-26,22947074,65,NFO,1254
NIFTY,NIFTY29JUN28500CE,CE,28500,2029-06-26,14224386,65,NFO,1254
NIFTY,NIFTY29JUN28500PE,PE,28500,2029-06-26,14224642,65,NFO,1254
NIFTY,NIFTY29JUN30000CE,CE,30000,2029-06-26,22948354,65,NFO,1254
NIFTY,NIFTY29JUN30000PE,PE,30000,2029-06-26,22948610,65,NFO,1254
NIFTY,NIFTY29JUN31500CE,CE,31500,2029-06-26,14224898,65,NFO,1254
NIFTY,NIFTY29JUN31500PE,PE,31500,2029-06-26,14225154,65,NFO,1254
NIFTY,NIFTY29JUN33000CE,CE,33000,2029-06-26,22949890,65,NFO,1254
NIFTY,NIFTY29JUN33000PE,PE,33000,2029-06-26,22950146,65,NFO,1254
NIFTY,NIFTY29JUN34500CE,CE,34500,2029-06-26,14225410,65,NFO,1254
NIFTY,NIFTY29JUN34500PE,PE,34500,2029-06-26,14225666,65,NFO,1254
NIFTY,NIFTY29DEC18000CE,CE,18000,2029-12-24,15715842,65,NFO,1435
NIFTY,NIFTY29DEC18000PE,PE,18000,2029-12-24,15716098,65,NFO,1435
NIFTY,NIFTY29DEC19500CE,CE,19500,2029-12-24,14233602,65,NFO,1435
NIFTY,NIFTY29DEC19500PE,PE,19500,2029-12-24,14233858,65,NFO,1435
NIFTY,NIFTY29DEC21000CE,CE,21000,2029-12-24,15784706,65,NFO,1435
NIFTY,NIFTY29DEC21000PE,PE,21000,2029-12-24,15784962,65,NFO,1435
NIFTY,NIFTY29DEC22500CE,CE,22500,2029-12-24,14234114,65,NFO,1435
NIFTY,NIFTY29DEC22500PE,PE,22500,2029-12-24,14234370,65,NFO,1435
NIFTY,NIFTY29DEC23000PE,PE,23000,2029-12-24,15807234,65,NFO,1435
NIFTY,NIFTY29DEC24000CE,CE,24000,2029-12-24,15807490,65,NFO,1435
NIFTY,NIFTY29DEC24000PE,PE,24000,2029-12-24,15807746,65,NFO,1435
NIFTY,NIFTY29DEC25000PE,PE,25000,2029-12-24,15813890,65,NFO,1435
NIFTY,NIFTY29DEC25500CE,CE,25500,2029-12-24,14234626,65,NFO,1435
NIFTY,NIFTY29DEC25500PE,PE,25500,2029-12-24,14234882,65,NFO,1435
NIFTY,NIFTY29DEC26000PE,PE,26000,2029-12-24,15815426,65,NFO,1435
NIFTY,NIFTY29DEC27000CE,CE,27000,2029-12-24,15819266,65,NFO,1435
NIFTY,NIFTY29DEC27000PE,PE,27000,2029-12-24,15819522,65,NFO,1435
NIFTY,NIFTY29DEC28500CE,CE,28500,2029-12-24,14235138,65,NFO,1435
NIFTY,NIFTY29DEC28500PE,PE,28500,2029-12-24,14235394,65,NFO,1435
NIFTY,NIFTY29DEC30000CE,CE,30000,2029-12-24,15854594,65,NFO,1435
NIFTY,NIFTY29DEC30000PE,PE,30000,2029-12-24,15854850,65,NFO,1435
NIFTY,NIFTY29DEC31500CE,CE,31500,2029-12-24,14235650,65,NFO,1435
NIFTY,NIFTY29DEC31500PE,PE,31500,2029-12-24,14235906,65,NFO,1435
NIFTY,NIFTY29DEC33000CE,CE,33000,2029-12-24,15873538,65,NFO,1435
NIFTY,NIFTY29DEC33000PE,PE,33000,2029-12-24,15873794,65,NFO,1435
NIFTY,NIFTY29DEC34500CE,CE,34500,2029-12-24,14236162,65,NFO,1435
NIFTY,NIFTY29DEC34500PE,PE,34500,2029-12-24,14236418,65,NFO,1435
NIFTY,NIFTY30JUN18000CE,CE,18000,2030-06-25,15588354,65,NFO,1618
NIFTY,NIFTY30JUN18000PE,PE,18000,2030-06-25,15588610,65,NFO,1618
NIFTY,NIFTY30JUN19500CE,CE,19500,2030-06-25,14244354,65,NFO,1618
NIFTY,NIFTY30JUN19500PE,PE,19500,2030-06-25,14244610,65,NFO,1618
NIFTY,NIFTY30JUN21000CE,CE,21000,2030-06-25,15589890,65,NFO,1618
NIFTY,NIFTY30JUN21000PE,PE,21000,2030-06-25,15590146,65,NFO,1618
NIFTY,NIFTY30JUN22500CE,CE,22500,2030-06-25,14244866,65,NFO,1618
NIFTY,NIFTY30JUN22500PE,PE,22500,2030-06-25,14245122,65,NFO,1618
NIFTY,NIFTY30JUN24000CE,CE,24000,2030-06-25,15591426,65,NFO,1618
NIFTY,NIFTY30JUN24000PE,PE,24000,2030-06-25,15591682,65,NFO,1618
NIFTY,NIFTY30JUN25500CE,CE,25500,2030-06-25,14245378,65,NFO,1618
NIFTY,NIFTY30JUN25500PE,PE,25500,2030-06-25,14245634,65,NFO,1618
NIFTY,NIFTY30JUN27000CE,CE,27000,2030-06-25,15592962,65,NFO,1618
NIFTY,NIFTY30JUN27000PE,PE,27000,2030-06-25,15593218,65,NFO,1618
NIFTY,NIFTY30JUN28500CE,CE,28500,2030-06-25,14245890,65,NFO,1618
NIFTY,NIFTY30JUN28500PE,PE,28500,2030-06-25,14246146,65,NFO,1618
NIFTY,NIFTY30JUN30000CE,CE,30000,2030-06-25,15599618,65,NFO,1618
NIFTY,NIFTY30JUN30000PE,PE,30000,2030-06-25,15600386,65,NFO,1618
NIFTY,NIFTY30JUN31500CE,CE,31500,2030-06-25,14246402,65,NFO,1618
NIFTY,NIFTY30JUN31500PE,PE,31500,2030-06-25,14246658,65,NFO,1618
NIFTY,NIFTY30JUN33000CE,CE,33000,2030-06-25,15601666,65,NFO,1618
NIFTY,NIFTY30JUN33000PE,PE,33000,2030-06-25,15601922,65,NFO,1618
NIFTY,NIFTY30JUN34500CE,CE,34500,2030-06-25,14246914,65,NFO,1618
NIFTY,NIFTY30JUN34500PE,PE,34500,2030-06-25,14247170,65,NFO,1618
NIFTY,NIFTY30DEC18000CE,CE,18000,2030-12-31,14258690,65,NFO,1807
NIFTY,NIFTY30DEC18000PE,PE,18000,2030-12-31,14258946,65,NFO,1807
NIFTY,NIFTY30DEC19500CE,CE,19500,2030-12-31,14259202,65,NFO,1807
NIFTY,NIFTY30DEC19500PE,PE,19500,2030-12-31,14259458,65,NFO,1807
NIFTY,NIFTY30DEC21000CE,CE,21000,2030-12-31,14259714,65,NFO,1807
NIFTY,NIFTY30DEC21000PE,PE,21000,2030-12-31,14259970,65,NFO,1807
NIFTY,NIFTY30DEC22500CE,CE,22500,2030-12-31,14260226,65,NFO,1807
NIFTY,NIFTY30DEC22500PE,PE,22500,2030-12-31,14260482,65,NFO,1807
NIFTY,NIFTY30DEC24000CE,CE,24000,2030-12-31,14273026,65,NFO,1807
NIFTY,NIFTY30DEC24000PE,PE,24000,2030-12-31,14273282,65,NFO,1807
NIFTY,NIFTY30DEC25500CE,CE,25500,2030-12-31,14273538,65,NFO,1807
NIFTY,NIFTY30DEC25500PE,PE,25500,2030-12-31,14273794,65,NFO,1807
NIFTY,NIFTY30DEC27000CE,CE,27000,2030-12-31,14274050,65,NFO,1807
NIFTY,NIFTY30DEC27000PE,PE,27000,2030-12-31,14274306,65,NFO,1807
NIFTY,NIFTY30DEC28500CE,CE,28500,2030-12-31,14274562,65,NFO,1807
NIFTY,NIFTY30DEC28500PE,PE,28500,2030-12-31,14274818,65,NFO,1807
NIFTY,NIFTY30DEC30000CE,CE,30000,2030-12-31,14275074,65,NFO,1807
NIFTY,NIFTY30DEC30000PE,PE,30000,2030-12-31,14275330,65,NFO,1807
NIFTY,NIFTY30DEC31500CE,CE,31500,2030-12-31,14275586,65,NFO,1807
NIFTY,NIFTY30DEC31500PE,PE,31500,2030-12-31,14275842,65,NFO,1807
NIFTY,NIFTY30DEC33000CE,CE,33000,2030-12-31,14276098,65,NFO,1807
NIFTY,NIFTY30DEC33000PE,PE,33000,2030-12-31,14276354,65,NFO,1807
NIFTY,NIFTY30DEC34500CE,CE,34500,2030-12-31,14277122,65,NFO,1807
NIFTY,NIFTY30DEC34500PE,PE,34500,2030-12-31,14277378,65,NFO,1807
SENSEX,SENSEX2612275900PE,PE,75900,2026-01-22,209952517,20,BFO,3
SENSEX,SENSEX2612275900CE,CE,75900,2026-01-22,209969413,20,BFO,3
SENSEX,SENSEX2612276000CE,CE,76000,2026-01-22,210011397,20,BFO,3
SENSEX,SENSEX2612276000PE,PE,76000,2026-01-22,210167045,20,BFO,3
SENSEX,SENSEX2612276100PE,PE,76100,2026-01-22,209955333,20,BFO,3
SENSEX,SENSEX2612276100CE,CE,76100,2026-01-22,210104581,20,BFO,3
SENSEX,SENSEX2612276200PE,PE,76200,2026-01-22,210055941,20,BFO,3
SENSEX,SENSEX2612276200CE,CE,76200,2026-01-22,210070533,20,BFO,3
SENSEX,SENSEX2612276300PE,PE,76300,2026-01-22,210021125,20,BFO,3
SENSEX,SENSEX2612276300CE,CE,76300,2026-01-22,210172165,20,BFO,3
SENSEX,SENSEX2612276400CE,CE,76400,2026-01-22,209960709,20,BFO,3
SENSEX,SENSEX2612276400PE,PE,76400,2026-01-22,210117381,20,BFO,3
SENSEX,SENSEX2612276500CE,CE,76500,2026-01-22,209922309,20,BFO,3
SENSEX,SENSEX2612276500PE,PE,76500,2026-01-22,210083333,20,BFO,3
SENSEX,SENSEX2612276600CE,CE,76600,2026-01-22,210027525,20,BFO,3
SENSEX,SENSEX2612276600PE,PE,76600,2026-01-22,210183685,20,BFO,3
SENSEX,SENSEX2612276700PE,PE,76700,2026-01-22,209974277,20,BFO,3
SENSEX,SENSEX2612276700CE,CE,76700,2026-01-22,209990149,20,BFO,3
SENSEX,SENSEX2612276800PE,PE,76800,2026-01-22,209933573,20,BFO,3
SENSEX,SENSEX2612276800CE,CE,76800,2026-01-22,210088965,20,BFO,3
SENSEX,SENSEX2612276900PE,PE,76900,2026-01-22,210036741,20,BFO,3
SENSEX,SENSEX2612276900CE,CE,76900,2026-01-22,210187781,20,BFO,3
SENSEX,SENSEX2612277000PE,PE,77000,2026-01-22,210077445,20,BFO,3
SENSEX,SENSEX2612277000CE,CE,77000,2026-01-22,210090501,20,BFO,3
SENSEX,SENSEX2612277100PE,PE,77100,2026-01-22,210040325,20,BFO,3
SENSEX,SENSEX2612277100CE,CE,77100,2026-01-22,210190341,20,BFO,3
SENSEX,SENSEX2612277200CE,CE,77200,2026-01-22,209983493,20,BFO,3
SENSEX,SENSEX2612277200PE,PE,77200,2026-01-22,210141701,20,BFO,3
SENSEX,SENSEX2612277300CE,CE,77300,2026-01-22,209941509,20,BFO,3
SENSEX,SENSEX2612277300PE,PE,77300,2026-01-22,210097925,20,BFO,3
SENSEX,SENSEX2612277400CE,CE,77400,2026-01-22,210044421,20,BFO,3
SENSEX,SENSEX2612277400PE,PE,77400,2026-01-22,210202885,20,BFO,3
SENSEX,SENSEX2612277500PE,PE,77500,2026-01-22,209996293,20,BFO,3
SENSEX,SENSEX2612277500CE,CE,77500,2026-01-22,210010629,20,BFO,3
SENSEX,SENSEX2612277600PE,PE,77600,2026-01-22,209954821,20,BFO,3
SENSEX,SENSEX2612277600CE,CE,77600,2026-01-22,210103813,20,BFO,3
SENSEX,SENSEX2612277700PE,PE,77700,2026-01-22,210054661,20,BFO,3
SENSEX,SENSEX2612277700CE,CE,77700,2026-01-22,210209797,20,BFO,3
SENSEX,SENSEX2612277800PE,PE,77800,2026-01-22,299954181,20,BFO,3
SENSEX,SENSEX2612277800CE,CE,77800,2026-01-22,300051461,20,BFO,3
SENSEX,SENSEX2612277900CE,CE,77900,2026-01-22,299919621,20,BFO,3
SENSEX,SENSEX2612277900PE,PE,77900,2026-01-22,300015365,20,BFO,3
SENSEX,SENSEX2612278000CE,CE,78000,2026-01-22,299942917,20,BFO,3
SENSEX,SENSEX2612278000PE,PE,78000,2026-01-22,300044805,20,BFO,3
SENSEX,SENSEX2612278100CE,CE,78100,2026-01-22,299922437,20,BFO,3
SENSEX,SENSEX2612278100PE,PE,78100,2026-01-22,300016901,20,BFO,3
SENSEX,SENSEX2612278200CE,CE,78200,2026-01-22,299981317,20,BFO,3
SENSEX,SENSEX2612278200PE,PE,78200,2026-01-22,300084485,20,BFO,3
SENSEX,SENSEX2612278300PE,PE,78300,2026-01-22,299949829,20,BFO,3
SENSEX,SENSEX2612278300CE,CE,78300,2026-01-22,299959813,20,BFO,3
SENSEX,SENSEX2612278400PE,PE,78400,2026-01-22,299929349,20,BFO,3
SENSEX,SENSEX2612278400CE,CE,78400,2026-01-22,300022533,20,BFO,3
SENSEX,SENSEX2612278500PE,PE,78500,2026-01-22,299986693,20,BFO,3
SENSEX,SENSEX2612278500CE,CE,78500,2026-01-22,300087813,20,BFO,3
SENSEX,SENSEX2612278600PE,PE,78600,2026-01-22,299966725,20,BFO,3
SENSEX,SENSEX2612278600CE,CE,78600,2026-01-22,300063237,20,BFO,3
SENSEX,SENSEX2612278700CE,CE,78700,2026-01-22,299932165,20,BFO,3
SENSEX,SENSEX2612278700PE,PE,78700,2026-01-22,300029957,20,BFO,3
SENSEX,SENSEX2612278800PE,PE,78800,2026-01-22,299899653,20,BFO,3
SENSEX,SENSEX2612278800CE,CE,78800,2026-01-22,299907333,20,BFO,3
SENSEX,SENSEX2612278900CE,CE,78900,2026-01-22,299970309,20,BFO,3
SENSEX,SENSEX2612278900PE,PE,78900,2026-01-22,300069637,20,BFO,3
SENSEX,SENSEX2612279000PE,PE,79000,2026-01-22,299900933,20,BFO,3
SENSEX,SENSEX2612279000CE,CE,79000,2026-01-22,299992581,20,BFO,3
SENSEX,SENSEX2612279100PE,PE,79100,2026-01-22,299961861,20,BFO,3
SENSEX,SENSEX2612279100CE,CE,79100,2026-01-22,299971845,20,BFO,3
SENSEX,SENSEX2612279200PE,PE,79200,2026-01-22,299938821,20,BFO,3
SENSEX,SENSEX2612279200CE,CE,79200,2026-01-22,300037125,20,BFO,3
SENSEX,SENSEX2612279300CE,CE,79300,2026-01-22,299905029,20,BFO,3
SENSEX,SENSEX2612279300PE,PE,79300,2026-01-22,300000261,20,BFO,3
SENSEX,SENSEX2612279400PE,PE,79400,2026-01-22,299978245,20,BFO,3
SENSEX,SENSEX2612279400CE,CE,79400,2026-01-22,300075013,20,BFO,3
SENSEX,SENSEX2612279500CE,CE,79500,2026-01-22,299942661,20,BFO,3
SENSEX,SENSEX2612279500PE,PE,79500,2026-01-22,300044549,20,BFO,3
SENSEX,SENSEX2612279600PE,PE,79600,2026-01-22,299911941,20,BFO,3
SENSEX,SENSEX2612279600CE,CE,79600,2026-01-22,299921669,20,BFO,3
SENSEX,SENSEX2612279700CE,CE,79700,2026-01-22,299980549,20,BFO,3
SENSEX,SENSEX2612279700PE,PE,79700,2026-01-22,300083717,20,BFO,3
SENSEX,SENSEX2612279800PE,PE,79800,2026-01-22,299949317,20,BFO,3
SENSEX,SENSEX2612279800CE,CE,79800,2026-01-22,300047109,20,BFO,3
SENSEX,SENSEX2612279900PE,PE,79900,2026-01-22,299928837,20,BFO,3
SENSEX,SENSEX2612279900CE,CE,79900,2026-01-22,300022277,20,BFO,3
SENSEX,SENSEX2612280000CE,CE,80000,2026-01-22,299930629,20,BFO,3
SENSEX,SENSEX2612280000PE,PE,80000,2026-01-22,300027141,20,BFO,3
SENSEX,SENSEX2612280100PE,PE,80100,2026-01-22,299897093,20,BFO,3
SENSEX,SENSEX2612280100CE,CE,80100,2026-01-22,299988229,20,BFO,3
SENSEX,SENSEX2612280200CE,CE,80200,2026-01-22,299968005,20,BFO,3
SENSEX,SENSEX2612280200PE,PE,80200,2026-01-22,300066821,20,BFO,3
SENSEX,SENSEX2612280300PE,PE,80300,2026-01-22,299935237,20,BFO,3
SENSEX,SENSEX2612280300CE,CE,80300,2026-01-22,300031493,20,BFO,3
SENSEX,SENSEX2612280400PE,PE,80400,2026-01-22,299996165,20,BFO,3
SENSEX,SENSEX2612280400CE,CE,80400,2026-01-22,300004869,20,BFO,3
SENSEX,SENSEX2612280500PE,PE,80500,2026-01-22,299973381,20,BFO,3
SENSEX,SENSEX2612280500CE,CE,80500,2026-01-22,300071173,20,BFO,3
SENSEX,SENSEX2612280600CE,CE,80600,2026-01-22,299938565,20,BFO,3
SENSEX,SENSEX2612280600PE,PE,80600,2026-01-22,300040197,20,BFO,3
SENSEX,SENSEX2612280700CE,CE,80700,2026-01-22,299915525,20,BFO,3
SENSEX,SENSEX2612280700PE,PE,80700,2026-01-22,300013061,20,BFO,3
SENSEX,SENSEX2612280800CE,CE,80800,2026-01-22,299977989,20,BFO,3
SENSEX,SENSEX2612280800PE,PE,80800,2026-01-22,300080389,20,BFO,3
SENSEX,SENSEX2612280900CE,CE,80900,2026-01-22,299954949,20,BFO,3
SENSEX,SENSEX2612280900PE,PE,80900,2026-01-22,300056069,20,BFO,3
SENSEX,SENSEX2612281000CE,CE,81000,2026-01-22,299979781,20,BFO,3
SENSEX,SENSEX2612281000PE,PE,81000,2026-01-22,300081157,20,BFO,3
SENSEX,SENSEX2612281100PE,PE,81100,2026-01-22,299947013,20,BFO,3
SENSEX,SENSEX2612281100CE,CE,81100,2026-01-22,300045573,20,BFO,3
SENSEX,SENSEX2612281200PE,PE,81200,2026-01-22,300009733,20,BFO,3
SENSEX,SENSEX2612281200CE,CE,81200,2026-01-22,300018949,20,BFO,3
SENSEX,SENSEX2612281300PE,PE,81300,2026-01-22,299983877,20,BFO,3
SENSEX,SENSEX2612281300CE,CE,81300,2026-01-22,300085509,20,BFO,3
SENSEX,SENSEX2612281400CE,CE,81400,2026-01-22,299950853,20,BFO,3
SENSEX,SENSEX2612281400PE,PE,81400,2026-01-22,300052229,20,BFO,3
SENSEX,SENSEX2612281500CE,CE,81500,2026-01-22,299930373,20,BFO,3
SENSEX,SENSEX2612281500PE,PE,81500,2026-01-22,300026885,20,BFO,3
SENSEX,SENSEX2612281600PE,PE,81600,2026-01-22,299896837,20,BFO,3
SENSEX,SENSEX2612281600CE,CE,81600,2026-01-22,299987461,20,BFO,3
SENSEX,SENSEX2612281700CE,CE,81700,2026-01-22,299967237,20,BFO,3
SENSEX,SENSEX2612281700PE,PE,81700,2026-01-22,300066565,20,BFO,3
SENSEX,SENSEX2612281800PE,PE,81800,2026-01-22,299934981,20,BFO,3
SENSEX,SENSEX2612281800CE,CE,81800,2026-01-22,300030469,20,BFO,3
SENSEX,SENSEX2612281900PE,PE,81900,2026-01-22,299995909,20,BFO,3
SENSEX,SENSEX2612281900CE,CE,81900,2026-01-22,300004357,20,BFO,3
SENSEX,SENSEX2612282000PE,PE,82000,2026-01-22,300023045,20,BFO,3
SENSEX,SENSEX2612282000CE,CE,82000,2026-01-22,300033541,20,BFO,3
SENSEX,SENSEX2612282100CE,CE,82100,2026-01-22,299901701,20,BFO,3
SENSEX,SENSEX2612282100PE,PE,82100,2026-01-22,299997701,20,BFO,3
SENSEX,SENSEX2612282200CE,CE,82200,2026-01-22,299962629,20,BFO,3
SENSEX,SENSEX2612282200PE,PE,82200,2026-01-22,300063749,20,BFO,3
SENSEX,SENSEX2612282300CE,CE,82300,2026-01-22,299940613,20,BFO,3
SENSEX,SENSEX2612282300PE,PE,82300,2026-01-22,300041733,20,BFO,3
SENSEX,SENSEX2612282400PE,PE,82400,2026-01-22,299908101,20,BFO,3
SENSEX,SENSEX2612282400CE,CE,82400,2026-01-22,300001285,20,BFO,3
SENSEX,SENSEX2612282500CE,CE,82500,2026-01-22,299978757,20,BFO,3
SENSEX,SENSEX2612282500PE,PE,82500,2026-01-22,300080901,20,BFO,3
SENSEX,SENSEX2612282600PE,PE,82600,2026-01-22,299946245,20,BFO,3
SENSEX,SENSEX2612282600CE,CE,82600,2026-01-22,300045317,20,BFO,3
SENSEX,SENSEX2612282700PE,PE,82700,2026-01-22,300009477,20,BFO,3
SENSEX,SENSEX2612282700CE,CE,82700,2026-01-22,300018437,20,BFO,3
SENSEX,SENSEX2612282800PE,PE,82800,2026-01-22,299983621,20,BFO,3
SENSEX,SENSEX2612282800CE,CE,82800,2026-01-22,300084741,20,BFO,3
SENSEX,SENSEX2612282900CE,CE,82900,2026-01-22,299950085,20,BFO,3
SENSEX,SENSEX2612282900PE,PE,82900,2026-01-22,300051717,20,BFO,3
SENSEX,SENSEX2612283000CE,CE,83000,2026-01-22,299973893,20,BFO,3
SENSEX,SENSEX2612283000PE,PE,83000,2026-01-22,300076037,20,BFO,3
SENSEX,SENSEX2612283100CE,CE,83100,2026-01-22,299952901,20,BFO,3
SENSEX,SENSEX2612283100PE,PE,83100,2026-01-22,300054021,20,BFO,3
SENSEX,SENSEX2612283200PE,PE,83200,2026-01-22,299923461,20,BFO,3
SENSEX,SENSEX2612283200CE,CE,83200,2026-01-22,300013829,20,BFO,3
SENSEX,SENSEX2612283300PE,PE,83300,2026-01-22,299897605,20,BFO,3
SENSEX,SENSEX2612283300CE,CE,83300,2026-01-22,299989509,20,BFO,3
SENSEX,SENSEX2612283400PE,PE,83400,2026-01-22,299960069,20,BFO,3
SENSEX,SENSEX2612283400CE,CE,83400,2026-01-22,300057349,20,BFO,3
SENSEX,SENSEX2612283500PE,PE,83500,2026-01-22,300022789,20,BFO,3
SENSEX,SENSEX2612283500CE,CE,83500,2026-01-22,300032517,20,BFO,3
SENSEX,SENSEX2612283600CE,CE,83600,2026-01-22,299901445,20,BFO,3
SENSEX,SENSEX2612283600PE,PE,83600,2026-01-22,299997445,20,BFO,3
SENSEX,SENSEX2612283700CE,CE,83700,2026-01-22,299962117,20,BFO,3
SENSEX,SENSEX2612283700PE,PE,83700,2026-01-22,300063493,20,BFO,3
SENSEX,SENSEX2612283800CE,CE,83800,2026-01-22,299939589,20,BFO,3
SENSEX,SENSEX2612283800PE,PE,83800,2026-01-22,300041477,20,BFO,3
SENSEX,SENSEX2612283900PE,PE,83900,2026-01-22,299907845,20,BFO,3
SENSEX,SENSEX2612283900CE,CE,83900,2026-01-22,300000773,20,BFO,3
SENSEX,SENSEX2612284000PE,PE,84000,2026-01-22,299933445,20,BFO,3
SENSEX,SENSEX2612284000CE,CE,84000,2026-01-22,300028165,20,BFO,3
SENSEX,SENSEX2612284100PE,PE,84100,2026-01-22,299992837,20,BFO,3
SENSEX,SENSEX2612284100CE,CE,84100,2026-01-22,300003077,20,BFO,3
SENSEX,SENSEX2612284200PE,PE,84200,2026-01-22,299972101,20,BFO,3
SENSEX,SENSEX2612284200CE,CE,84200,2026-01-22,300067845,20,BFO,3
SENSEX,SENSEX2612284300PE,PE,84300,2026-01-22,300037381,20,BFO,3
SENSEX,SENSEX2612284300CE,CE,84300,2026-01-22,300046853,20,BFO,3
SENSEX,SENSEX2612284400PE,PE,84400,2026-01-22,300011013,20,BFO,3
SENSEX,SENSEX2612284400CE,CE,84400,2026-01-22,299912709,20,BFO,3
SENSEX,SENSEX2612284500CE,CE,84500,2026-01-22,299973637,20,BFO,3
SENSEX,SENSEX2612284500PE,PE,84500,2026-01-22,300075781,20,BFO,3
SENSEX,SENSEX2612284600CE,CE,84600,2026-01-22,299951877,20,BFO,3
SENSEX,SENSEX2612284600PE,PE,84600,2026-01-22,300053765,20,BFO,3
SENSEX,SENSEX2612284700PE,PE,84700,2026-01-22,299922181,20,BFO,3
SENSEX,SENSEX2612284700CE,CE,84700,2026-01-22,300013573,20,BFO,3
SENSEX,SENSEX2612284800PE,PE,84800,2026-01-22,299980805,20,BFO,3
SENSEX,SENSEX2612284800CE,CE,84800,2026-01-22,299988997,20,BFO,3
SENSEX,SENSEX2612284900PE,PE,84900,2026-01-22,299959301,20,BFO,3
SENSEX,SENSEX2612284900CE,CE,84900,2026-01-22,300056837,20,BFO,3
SENSEX,SENSEX2612285000PE,PE,85000,2026-01-22,299982085,20,BFO,3
SENSEX,SENSEX2612285000CE,CE,85000,2026-01-22,300082181,20,BFO,3
SENSEX,SENSEX2612285100CE,CE,85100,2026-01-22,299947525,20,BFO,3
SENSEX,SENSEX2612285100PE,PE,85100,2026-01-22,300048389,20,BFO,3
SENSEX,SENSEX2612285200CE,CE,85200,2026-01-22,299927301,20,BFO,3
SENSEX,SENSEX2612285200PE,PE,85200,2026-01-22,300024069,20,BFO,3
SENSEX,SENSEX2612285300CE,CE,85300,2026-01-22,299984389,20,BFO,3
SENSEX,SENSEX2612285300PE,PE,85300,2026-01-22,300088581,20,BFO,3
SENSEX,SENSEX2612285400CE,CE,85400,2026-01-22,299964421,20,BFO,3
SENSEX,SENSEX2612285400PE,PE,85400,2026-01-22,300064517,20,BFO,3
SENSEX,SENSEX2612285500PE,PE,85500,2026-01-22,299932933,20,BFO,3
SENSEX,SENSEX2612285500CE,CE,85500,2026-01-22,300027653,20,BFO,3
SENSEX,SENSEX2612285600PE,PE,85600,2026-01-22,299992325,20,BFO,3
SENSEX,SENSEX2612285600CE,CE,85600,2026-01-22,300002309,20,BFO,3
SENSEX,SENSEX2612285700PE,PE,85700,2026-01-22,299971333,20,BFO,3
SENSEX,SENSEX2612285700CE,CE,85700,2026-01-22,300067077,20,BFO,3
SENSEX,SENSEX2612285800CE,CE,85800,2026-01-22,299935493,20,BFO,3
SENSEX,SENSEX2612285800PE,PE,85800,2026-01-22,300036357,20,BFO,3
SENSEX,SENSEX2612285900CE,CE,85900,2026-01-22,299912453,20,BFO,3
SENSEX,SENSEX2612285900PE,PE,85900,2026-01-22,300010245,20,BFO,3
SENSEX,SENSEX2612286000CE,CE,86000,2026-01-22,299936517,20,BFO,3
SENSEX,SENSEX2612286000PE,PE,86000,2026-01-22,300038917,20,BFO,3
SENSEX,SENSEX2612286100PE,PE,86100,2026-01-22,299905797,20,BFO,3
SENSEX,SENSEX2612286100CE,CE,86100,2026-01-22,299998213,20,BFO,3
SENSEX,SENSEX2612286200CE,CE,86200,2026-01-22,299975429,20,BFO,3
SENSEX,SENSEX2612286200PE,PE,86200,2026-01-22,300078853,20,BFO,3
SENSEX,SENSEX2612286300PE,PE,86300,2026-01-22,299944709,20,BFO,3
SENSEX,SENSEX2612286300CE,CE,86300,2026-01-22,300042757,20,BFO,3
SENSEX,SENSEX2612286400PE,PE,86400,2026-01-22,300005125,20,BFO,3
SENSEX,SENSEX2612286400CE,CE,86400,2026-01-22,300014341,20,BFO,3
SENSEX,SENSEX2612286500PE,PE,86500,2026-01-22,299981829,20,BFO,3
SENSEX,SENSEX2612286500CE,CE,86500,2026-01-22,300081669,20,BFO,3
SENSEX,SENSEX2612286600CE,CE,86600,2026-01-22,299947269,20,BFO,3
SENSEX,SENSEX2612286600PE,PE,86600,2026-01-22,300048133,20,BFO,3
SENSEX,SENSEX2612286700CE,CE,86700,2026-01-22,299926533,20,BFO,3
SENSEX,SENSEX2612286700PE,PE,86700,2026-01-22,300023557,20,BFO,3
SENSEX,SENSEX2612286800CE,CE,86800,2026-01-22,299984133,20,BFO,3
SENSEX,SENSEX2612286800PE,PE,86800,2026-01-22,300088069,20,BFO,3
SENSEX,SENSEX2612286900PE,PE,86900,2026-01-22,299955205,20,BFO,3
SENSEX,SENSEX2612286900CE,CE,86900,2026-01-22,299963653,20,BFO,3
SENSEX,SENSEX2612287000CE,CE,87000,2026-01-22,299985157,20,BFO,3
SENSEX,SENSEX2612287000PE,PE,87000,2026-01-22,300089605,20,BFO,3
SENSEX,SENSEX2612287100PE,PE,87100,2026-01-22,299956229,20,BFO,3
SENSEX,SENSEX2612287100CE,CE,87100,2026-01-22,300054789,20,BFO,3
SENSEX,SENSEX2612287200PE,PE,87200,2026-01-22,300019717,20,BFO,3
SENSEX,SENSEX2612287200CE,CE,87200,2026-01-22,300029189,20,BFO,3
SENSEX,SENSEX2612287300CE,CE,87300,2026-01-22,299899141,20,BFO,3
SENSEX,SENSEX2612287300PE,PE,87300,2026-01-22,299994117,20,BFO,3
SENSEX,SENSEX2612287400CE,CE,87400,2026-01-22,299961093,20,BFO,3
SENSEX,SENSEX2612287400PE,PE,87400,2026-01-22,300060421,20,BFO,3
SENSEX,SENSEX2612287500CE,CE,87500,2026-01-22,299936005,20,BFO,3
SENSEX,SENSEX2612287500PE,PE,87500,2026-01-22,300038405,20,BFO,3
SENSEX,SENSEX2612287600PE,PE,87600,2026-01-22,299905541,20,BFO,3
SENSEX,SENSEX2612287600CE,CE,87600,2026-01-22,299997957,20,BFO,3
SENSEX,SENSEX2612287700PE,PE,87700,2026-01-22,299967749,20,BFO,3
SENSEX,SENSEX2612287700CE,CE,87700,2026-01-22,299974917,20,BFO,3
SENSEX,SENSEX2612287800PE,PE,87800,2026-01-22,299943685,20,BFO,3
SENSEX,SENSEX2612287800CE,CE,87800,2026-01-22,300041989,20,BFO,3
SENSEX,SENSEX2612287900CE,CE,87900,2026-01-22,299908869,20,BFO,3
SENSEX,SENSEX2612287900PE,PE,87900,2026-01-22,300004613,20,BFO,3
SENSEX,SENSEX2612288000PE,PE,88000,2026-01-22,300033797,20,BFO,3
SENSEX,SENSEX2612288000CE,CE,88000,2026-01-22,300043781,20,BFO,3
SENSEX,SENSEX2612288100CE,CE,88100,2026-01-22,299910661,20,BFO,3
SENSEX,SENSEX2612288100PE,PE,88100,2026-01-22,300007941,20,BFO,3
SENSEX,SENSEX2612288200CE,CE,88200,2026-01-22,299972869,20,BFO,3
SENSEX,SENSEX2612288200PE,PE,88200,2026-01-22,300072197,20,BFO,3
SENSEX,SENSEX2612288300CE,CE,88300,2026-01-22,299948293,20,BFO,3
SENSEX,SENSEX2612288300PE,PE,88300,2026-01-22,300049669,20,BFO,3
SENSEX,SENSEX2612288400PE,PE,88400,2026-01-22,299916549,20,BFO,3
SENSEX,SENSEX2612288400CE,CE,88400,2026-01-22,300011781,20,BFO,3
SENSEX,SENSEX2612288500PE,PE,88500,2026-01-22,299979269,20,BFO,3
SENSEX,SENSEX2612288500CE,CE,88500,2026-01-22,299984901,20,BFO,3
SENSEX,SENSEX2612288600PE,PE,88600,2026-01-22,299955973,20,BFO,3
SENSEX,SENSEX2612288600CE,CE,88600,2026-01-22,300054277,20,BFO,3
SENSEX,SENSEX2612288700CE,CE,88700,2026-01-22,299923717,20,BFO,3
SENSEX,SENSEX2612288700PE,PE,88700,2026-01-22,300018693,20,BFO,3
SENSEX,SENSEX2612288800CE,CE,88800,2026-01-22,299898117,20,BFO,3
SENSEX,SENSEX2612288800PE,PE,88800,2026-01-22,299993605,20,BFO,3
SENSEX,SENSEX2612288900CE,CE,88900,2026-01-22,299960581,20,BFO,3
SENSEX,SENSEX2612288900PE,PE,88900,2026-01-22,300059909,20,BFO,3
SENSEX,SENSEX2612289000CE,CE,89000,2026-01-22,299982597,20,BFO,3
SENSEX,SENSEX2612289000PE,PE,89000,2026-01-22,300087045,20,BFO,3
SENSEX,SENSEX2612289100CE,CE,89100,2026-01-22,299961605,20,BFO,3
SENSEX,SENSEX2612289100PE,PE,89100,2026-01-22,300061701,20,BFO,3
SENSEX,SENSEX2612289200PE,PE,89200,2026-01-22,299930885,20,BFO,3
SENSEX,SENSEX2612289200CE,CE,89200,2026-01-22,300024581,20,BFO,3
SENSEX,SENSEX2612289300PE,PE,89300,2026-01-22,299990277,20,BFO,3
SENSEX,SENSEX2612289300CE,CE,89300,2026-01-22,299999237,20,BFO,3
SENSEX,SENSEX2612289400PE,PE,89400,2026-01-22,299968773,20,BFO,3
SENSEX,SENSEX2612289400CE,CE,89400,2026-01-22,300065285,20,BFO,3
SENSEX,SENSEX2612289500CE,CE,89500,2026-01-22,299933957,20,BFO,3
SENSEX,SENSEX2612289500PE,PE,89500,2026-01-22,300032773,20,BFO,3
SENSEX,SENSEX2612289600CE,CE,89600,2026-01-22,299909893,20,BFO,3
SENSEX,SENSEX2612289600PE,PE,89600,2026-01-22,300006917,20,BFO,3
SENSEX,SENSEX2612289700CE,CE,89700,2026-01-22,299972357,20,BFO,3
SENSEX,SENSEX2612289700PE,PE,89700,2026-01-22,300071429,20,BFO,3
SENSEX,SENSEX2612289800PE,PE,89800,2026-01-22,299940357,20,BFO,3
SENSEX,SENSEX2612289800CE,CE,89800,2026-01-22,299948037,20,BFO,3
SENSEX,SENSEX2612289900PE,PE,89900,2026-01-22,299916293,20,BFO,3
SENSEX,SENSEX2612289900CE,CE,89900,2026-01-22,300011269,20,BFO,3
SENSEX,SENSEX2612290000CE,CE,90000,2026-01-22,299918341,20,BFO,3
SENSEX,SENSEX2612290000PE,PE,90000,2026-01-22,300015109,20,BFO,3
SENSEX,SENSEX2612290100PE,PE,90100,2026-01-22,300082949,20,BFO,3
SENSEX,SENSEX2612290100CE,CE,90100,2026-01-22,300091909,20,BFO,3
SENSEX,SENSEX2612290200CE,CE,90200,2026-01-22,299957765,20,BFO,3
SENSEX,SENSEX2612290200PE,PE,90200,2026-01-22,300058373,20,BFO,3
SENSEX,SENSEX2612290300PE,PE,90300,2026-01-22,299927557,20,BFO,3
SENSEX,SENSEX2612290300CE,CE,90300,2026-01-22,300020229,20,BFO,3
SENSEX,SENSEX2612290400PE,PE,90400,2026-01-22,299903749,20,BFO,3
SENSEX,SENSEX2612290400CE,CE,90400,2026-01-22,299995653,20,BFO,3
SENSEX,SENSEX2612290500PE,PE,90500,2026-01-22,299964677,20,BFO,3
SENSEX,SENSEX2612290500CE,CE,90500,2026-01-22,300060933,20,BFO,3
SENSEX,SENSEX2612290600PE,PE,90600,2026-01-22,300027909,20,BFO,3
SENSEX,SENSEX2612290600CE,CE,90600,2026-01-22,300039429,20,BFO,3
SENSEX,SENSEX2612290700CE,CE,90700,2026-01-22,299906309,20,BFO,3
SENSEX,SENSEX2612290700PE,PE,90700,2026-01-22,300002821,20,BFO,3
SENSEX,SENSEX2612290800CE,CE,90800,2026-01-22,299968261,20,BFO,3
SENSEX,SENSEX2612290800PE,PE,90800,2026-01-22,300067589,20,BFO,3
SENSEX,SENSEX2612290900CE,CE,90900,2026-01-22,299944965,20,BFO,3
SENSEX,SENSEX2612290900PE,PE,90900,2026-01-22,300046341,20,BFO,3
SENSEX,SENSEX2612291000CE,CE,91000,2026-01-22,299970053,20,BFO,3
SENSEX,SENSEX2612291000PE,PE,91000,2026-01-22,300069125,20,BFO,3
SENSEX,SENSEX2612291100PE,PE,91100,2026-01-22,299936773,20,BFO,3
SENSEX,SENSEX2612291100CE,CE,91100,2026-01-22,300034821,20,BFO,3
SENSEX,SENSEX2612291200PE,PE,91200,2026-01-22,299913989,20,BFO,3
SENSEX,SENSEX2612291200CE,CE,91200,2026-01-22,300008709,20,BFO,3
SENSEX,SENSEX2612291300PE,PE,91300,2026-01-22,299975685,20,BFO,3
SENSEX,SENSEX2612291300CE,CE,91300,2026-01-22,300073221,20,BFO,3
SENSEX,SENSEX2612291400PE,PE,91400,2026-01-22,300043013,20,BFO,3
SENSEX,SENSEX2612291400CE,CE,91400,2026-01-22,300050437,20,BFO,3
SENSEX,SENSEX2612291500CE,CE,91500,2026-01-22,299918085,20,BFO,3
SENSEX,SENSEX2612291500PE,PE,91500,2026-01-22,300014597,20,BFO,3
SENSEX,SENSEX2612291600CE,CE,91600,2026-01-22,299980037,20,BFO,3
SENSEX,SENSEX2612291600PE,PE,91600,2026-01-22,300081925,20,BFO,3
SENSEX,SENSEX2612291700CE,CE,91700,2026-01-22,299956485,20,BFO,3
SENSEX,SENSEX2612291700PE,PE,91700,2026-01-22,300057861,20,BFO,3
SENSEX,SENSEX2612291800PE,PE,91800,2026-01-22,299927045,20,BFO,3
SENSEX,SENSEX2612291800CE,CE,91800,2026-01-22,300019973,20,BFO,3
SENSEX,SENSEX2612291900PE,PE,91900,2026-01-22,299902213,20,BFO,3
SENSEX,SENSEX2612291900CE,CE,91900,2026-01-22,299995141,20,BFO,3
SENSEX,SENSEX2612292000PE,PE,92000,2026-01-22,299928325,20,BFO,3
SENSEX,SENSEX2612292000CE,CE,92000,2026-01-22,300021765,20,BFO,3
SENSEX,SENSEX2612292100PE,PE,92100,2026-01-22,299985669,20,BFO,3
SENSEX,SENSEX2612292100CE,CE,92100,2026-01-22,300087557,20,BFO,3
SENSEX,SENSEX2612292200PE,PE,92200,2026-01-22,300055045,20,BFO,3
SENSEX,SENSEX2612292200CE,CE,92200,2026-01-22,300062469,20,BFO,3
SENSEX,SENSEX2612292300CE,CE,92300,2026-01-22,299931909,20,BFO,3
SENSEX,SENSEX2612292300PE,PE,92300,2026-01-22,300029701,20,BFO,3
SENSEX,SENSEX2612292400PE,PE,92400,2026-01-22,299899397,20,BFO,3
SENSEX,SENSEX2612292400CE,CE,92400,2026-01-22,299990533,20,BFO,3
SENSEX,SENSEX2612292500CE,CE,92500,2026-01-22,299969541,20,BFO,3
SENSEX,SENSEX2612292500PE,PE,92500,2026-01-22,300068613,20,BFO,3
SENSEX,SENSEX2612292600PE,PE,92600,2026-01-22,299936261,20,BFO,3
SENSEX,SENSEX2612292600CE,CE,92600,2026-01-22,300034309,20,BFO,3
SENSEX,SENSEX2612292700PE,PE,92700,2026-01-22,299913733,20,BFO,3
SENSEX,SENSEX2612292700CE,CE,92700,2026-01-22,300008197,20,BFO,3
SENSEX,SENSEX2612292800PE,PE,92800,2026-01-22,299975173,20,BFO,3
SENSEX,SENSEX2612292800CE,CE,92800,2026-01-22,300072453,20,BFO,3
SENSEX,SENSEX2612292900PE,PE,92900,2026-01-22,210155781,20,BFO,3
SENSEX,SENSEX2612292900CE,CE,92900,2026-01-22,210170885,20,BFO,3
SENSEX,SENSEX2612293000PE,PE,93000,2026-01-22,210195205,20,BFO,3
SENSEX,SENSEX2612293000CE,CE,93000,2026-01-22,210210565,20,BFO,3
SENSEX,SENSEX2612293100CE,CE,93100,2026-01-22,210003717,20,BFO,3
SENSEX,SENSEX2612293100PE,PE,93100,2026-01-22,210157829,20,BFO,3
SENSEX,SENSEX2612293200PE,PE,93200,2026-01-22,209945349,20,BFO,3
SENSEX,SENSEX2612293200CE,CE,93200,2026-01-22,210096133,20,BFO,3
SENSEX,SENSEX2612293300CE,CE,93300,2026-01-22,210063621,20,BFO,3
SENSEX,SENSEX2612293300PE,PE,93300,2026-01-22,210222085,20,BFO,3
SENSEX,SENSEX26JAN75700CE,CE,75700,2026-01-29,296026885,20,BFO,10
SENSEX,SENSEX26JAN75700PE,PE,75700,2026-01-29,296109573,20,BFO,10
SENSEX,SENSEX26JAN75800PE,PE,75800,2026-01-29,295852037,20,BFO,10
SENSEX,SENSEX26JAN75800CE,CE,75800,2026-01-29,295996421,20,BFO,10
SENSEX,SENSEX26JAN75900CE,CE,75900,2026-01-29,295948549,20,BFO,10
SENSEX,SENSEX26JAN75900PE,PE,75900,2026-01-29,295987973,20,BFO,10
SENSEX,SENSEX26JAN76000PE,PE,76000,2026-01-29,295762949,20,BFO,10
SENSEX,SENSEX26JAN76000CE,CE,76000,2026-01-29,295769861,20,BFO,10
SENSEX,SENSEX26JAN76100CE,CE,76100,2026-01-29,295686149,20,BFO,10
SENSEX,SENSEX26JAN76100PE,PE,76100,2026-01-29,295750405,20,BFO,10
SENSEX,SENSEX26JAN76200CE,CE,76200,2026-01-29,295727365,20,BFO,10
SENSEX,SENSEX26JAN76200PE,PE,76200,2026-01-29,295791877,20,BFO,10
SENSEX,SENSEX26JAN76300CE,CE,76300,2026-01-29,295709957,20,BFO,10
SENSEX,SENSEX26JAN76300PE,PE,76300,2026-01-29,295776261,20,BFO,10
SENSEX,SENSEX26JAN76400PE,PE,76400,2026-01-29,295164933,20,BFO,10
SENSEX,SENSEX26JAN76400CE,CE,76400,2026-01-29,295307525,20,BFO,10
SENSEX,SENSEX26JAN76500PE,PE,76500,2026-01-29,295256837,20,BFO,10
SENSEX,SENSEX26JAN76500CE,CE,76500,2026-01-29,295272453,20,BFO,10
SENSEX,SENSEX26JAN76600PE,PE,76600,2026-01-29,295220741,20,BFO,10
SENSEX,SENSEX26JAN76600CE,CE,76600,2026-01-29,295354629,20,BFO,10
SENSEX,SENSEX26JAN76700CE,CE,76700,2026-01-29,295169029,20,BFO,10
SENSEX,SENSEX26JAN76700PE,PE,76700,2026-01-29,295317253,20,BFO,10
SENSEX,SENSEX26JAN76800PE,PE,76800,2026-01-29,295284997,20,BFO,10
SENSEX,SENSEX26JAN76800CE,CE,76800,2026-01-29,295428101,20,BFO,10
SENSEX,SENSEX26JAN76900CE,CE,76900,2026-01-29,292516869,20,BFO,10
SENSEX,SENSEX26JAN76900PE,PE,76900,2026-01-29,293217797,20,BFO,10
SENSEX,SENSEX26JAN77000PE,PE,77000,2026-01-29,291505669,20,BFO,10
SENSEX,SENSEX26JAN77000CE,CE,77000,2026-01-29,294569477,20,BFO,10
SENSEX,SENSEX26JAN77100CE,CE,77100,2026-01-29,291932677,20,BFO,10
SENSEX,SENSEX26JAN77100PE,PE,77100,2026-01-29,292829957,20,BFO,10
SENSEX,SENSEX26JAN77200PE,PE,77200,2026-01-29,291751685,20,BFO,10
SENSEX,SENSEX26JAN77200CE,CE,77200,2026-01-29,294804485,20,BFO,10
SENSEX,SENSEX26JAN77300CE,CE,77300,2026-01-29,292323589,20,BFO,10
SENSEX,SENSEX26JAN77300PE,PE,77300,2026-01-29,294700037,20,BFO,10
SENSEX,SENSEX26JAN77400CE,CE,77400,2026-01-29,291221253,20,BFO,10
SENSEX,SENSEX26JAN77400PE,PE,77400,2026-01-29,292169221,20,BFO,10
SENSEX,SENSEX26JAN77500CE,CE,77500,2026-01-29,294099973,20,BFO,10
SENSEX,SENSEX26JAN77500PE,PE,77500,2026-01-29,294884613,20,BFO,10
SENSEX,SENSEX26JAN77600CE,CE,77600,2026-01-29,291433733,20,BFO,10
SENSEX,SENSEX26JAN77600PE,PE,77600,2026-01-29,292459781,20,BFO,10
SENSEX,SENSEX26JAN77700PE,PE,77700,2026-01-29,291319813,20,BFO,10
SENSEX,SENSEX26JAN77700CE,CE,77700,2026-01-29,294355973,20,BFO,10
SENSEX,SENSEX26JAN77800CE,CE,77800,2026-01-29,291645701,20,BFO,10
SENSEX,SENSEX26JAN77800PE,PE,77800,2026-01-29,292654085,20,BFO,10
SENSEX,SENSEX26JAN77900PE,PE,77900,2026-01-29,291531525,20,BFO,10
SENSEX,SENSEX26JAN77900CE,CE,77900,2026-01-29,294597381,20,BFO,10
SENSEX,SENSEX26JAN78000CE,CE,78000,2026-01-29,293070085,20,BFO,10
SENSEX,SENSEX26JAN78000PE,PE,78000,2026-01-29,293814277,20,BFO,10
SENSEX,SENSEX26JAN78100PE,PE,78100,2026-01-29,292936709,20,BFO,10
SENSEX,SENSEX26JAN78100CE,CE,78100,2026-01-29,294189829,20,BFO,10
SENSEX,SENSEX26JAN78200CE,CE,78200,2026-01-29,293328645,20,BFO,10
SENSEX,SENSEX26JAN78200PE,PE,78200,2026-01-29,294044677,20,BFO,10
SENSEX,SENSEX26JAN78300CE,CE,78300,2026-01-29,292487941,20,BFO,10
SENSEX,SENSEX26JAN78300PE,PE,78300,2026-01-29,293195013,20,BFO,10
SENSEX,SENSEX26JAN78400CE,CE,78400,2026-01-29,293557765,20,BFO,10
SENSEX,SENSEX26JAN78400PE,PE,78400,2026-01-29,294292997,20,BFO,10
SENSEX,SENSEX26JAN78500CE,CE,78500,2026-01-29,292669445,20,BFO,10
SENSEX,SENSEX26JAN78500PE,PE,78500,2026-01-29,293447941,20,BFO,10
SENSEX,SENSEX26JAN78600CE,CE,78600,2026-01-29,293751813,20,BFO,10
SENSEX,SENSEX26JAN78600PE,PE,78600,2026-01-29,294549765,20,BFO,10
SENSEX,SENSEX26JAN78700CE,CE,78700,2026-01-29,292867077,20,BFO,10
SENSEX,SENSEX26JAN78700PE,PE,78700,2026-01-29,293663749,20,BFO,10
SENSEX,SENSEX26JAN78800PE,PE,78800,2026-01-29,292764421,20,BFO,10
SENSEX,SENSEX26JAN78800CE,CE,78800,2026-01-29,293947397,20,BFO,10
SENSEX,SENSEX26JAN78900CE,CE,78900,2026-01-29,293102085,20,BFO,10
SENSEX,SENSEX26JAN78900PE,PE,78900,2026-01-29,293833733,20,BFO,10
SENSEX,SENSEX26JAN79000CE,CE,79000,2026-01-29,291409669,20,BFO,10
SENSEX,SENSEX26JAN79000PE,PE,79000,2026-01-29,292424709,20,BFO,10
SENSEX,SENSEX26JAN79100PE,PE,79100,2026-01-29,291299845,20,BFO,10
SENSEX,SENSEX26JAN79100CE,CE,79100,2026-01-29,294319109,20,BFO,10
SENSEX,SENSEX26JAN79200CE,CE,79200,2026-01-29,291621893,20,BFO,10
SENSEX,SENSEX26JAN79200PE,PE,79200,2026-01-29,292636933,20,BFO,10
SENSEX,SENSEX26JAN79300PE,PE,79300,2026-01-29,291507717,20,BFO,10
SENSEX,SENSEX26JAN79300CE,CE,79300,2026-01-29,294571269,20,BFO,10
SENSEX,SENSEX26JAN79400CE,CE,79400,2026-01-29,291937797,20,BFO,10
SENSEX,SENSEX26JAN79400PE,PE,79400,2026-01-29,294444805,20,BFO,10
SENSEX,SENSEX26JAN79500PE,PE,79500,2026-01-29,291755525,20,BFO,10
SENSEX,SENSEX26JAN79500CE,CE,79500,2026-01-29,294806533,20,BFO,10
SENSEX,SENSEX26JAN79600CE,CE,79600,2026-01-29,292326405,20,BFO,10
SENSEX,SENSEX26JAN79600PE,PE,79600,2026-01-29,294703877,20,BFO,10
SENSEX,SENSEX26JAN79700CE,CE,79700,2026-01-29,291223557,20,BFO,10
SENSEX,SENSEX26JAN79700PE,PE,79700,2026-01-29,292174341,20,BFO,10
SENSEX,SENSEX26JAN79800CE,CE,79800,2026-01-29,294103557,20,BFO,10
SENSEX,SENSEX26JAN79800PE,PE,79800,2026-01-29,294887429,20,BFO,10
SENSEX,SENSEX26JAN79900CE,CE,79900,2026-01-29,291437573,20,BFO,10
SENSEX,SENSEX26JAN79900PE,PE,79900,2026-01-29,292464645,20,BFO,10
SENSEX,SENSEX26JAN80000PE,PE,80000,2026-01-29,291439621,20,BFO,10
SENSEX,SENSEX26JAN80000CE,CE,80000,2026-01-29,294491397,20,BFO,10
SENSEX,SENSEX26JAN80100CE,CE,80100,2026-01-29,293615365,20,BFO,10
SENSEX,SENSEX26JAN80100PE,PE,80100,2026-01-29,294360069,20,BFO,10
SENSEX,SENSEX26JAN80200PE,PE,80200,2026-01-29,291652101,20,BFO,10
SENSEX,SENSEX26JAN80200CE,CE,80200,2026-01-29,294741509,20,BFO,10
SENSEX,SENSEX26JAN80300CE,CE,80300,2026-01-29,293792773,20,BFO,10
SENSEX,SENSEX26JAN80300PE,PE,80300,2026-01-29,294604549,20,BFO,10
SENSEX,SENSEX26JAN80400CE,CE,80400,2026-01-29,291134213,20,BFO,10
SENSEX,SENSEX26JAN80400PE,PE,80400,2026-01-29,293702661,20,BFO,10
SENSEX,SENSEX26JAN80500CE,CE,80500,2026-01-29,294009605,20,BFO,10
SENSEX,SENSEX26JAN80500PE,PE,80500,2026-01-29,294824965,20,BFO,10
SENSEX,SENSEX26JAN80600CE,CE,80600,2026-01-29,293161477,20,BFO,10
SENSEX,SENSEX26JAN80600PE,PE,80600,2026-01-29,293880837,20,BFO,10
SENSEX,SENSEX26JAN80700PE,PE,80700,2026-01-29,291245829,20,BFO,10
SENSEX,SENSEX26JAN80700CE,CE,80700,2026-01-29,294264325,20,BFO,10
SENSEX,SENSEX26JAN80800CE,CE,80800,2026-01-29,293422597,20,BFO,10
SENSEX,SENSEX26JAN80800PE,PE,80800,2026-01-29,294136581,20,BFO,10
SENSEX,SENSEX26JAN80900PE,PE,80900,2026-01-29,293283589,20,BFO,10
SENSEX,SENSEX26JAN80900CE,CE,80900,2026-01-29,294513157,20,BFO,10
SENSEX,SENSEX26JAN81000CE,CE,81000,2026-01-29,292982021,20,BFO,10
SENSEX,SENSEX26JAN81000PE,PE,81000,2026-01-29,293754373,20,BFO,10
SENSEX,SENSEX26JAN81100CE,CE,81100,2026-01-29,292050949,20,BFO,10
SENSEX,SENSEX26JAN81100PE,PE,81100,2026-01-29,292872453,20,BFO,10
SENSEX,SENSEX26JAN81200PE,PE,81200,2026-01-29,291819013,20,BFO,10
SENSEX,SENSEX26JAN81200CE,CE,81200,2026-01-29,293245445,20,BFO,10
SENSEX,SENSEX26JAN81300CE,CE,81300,2026-01-29,292392709,20,BFO,10
SENSEX,SENSEX26JAN81300PE,PE,81300,2026-01-29,293106181,20,BFO,10
SENSEX,SENSEX26JAN81400CE,CE,81400,2026-01-29,291266053,20,BFO,10
SENSEX,SENSEX26JAN81400PE,PE,81400,2026-01-29,292244997,20,BFO,10
SENSEX,SENSEX26JAN81500CE,CE,81500,2026-01-29,292613125,20,BFO,10
SENSEX,SENSEX26JAN81500PE,PE,81500,2026-01-29,293370885,20,BFO,10
SENSEX,SENSEX26JAN81600CE,CE,81600,2026-01-29,291485445,20,BFO,10
SENSEX,SENSEX26JAN81600PE,PE,81600,2026-01-29,292521477,20,BFO,10
SENSEX,SENSEX26JAN81700PE,PE,81700,2026-01-29,291360773,20,BFO,10
SENSEX,SENSEX26JAN81700CE,CE,81700,2026-01-29,292807429,20,BFO,10
SENSEX,SENSEX26JAN81800CE,CE,81800,2026-01-29,291724805,20,BFO,10
SENSEX,SENSEX26JAN81800PE,PE,81800,2026-01-29,292695557,20,BFO,10
SENSEX,SENSEX26JAN81900PE,PE,81900,2026-01-29,291572997,20,BFO,10
SENSEX,SENSEX26JAN81900CE,CE,81900,2026-01-29,294665221,20,BFO,10
SENSEX,SENSEX26JAN82000CE,CE,82000,2026-01-29,291334661,20,BFO,10
SENSEX,SENSEX26JAN82000PE,PE,82000,2026-01-29,293861637,20,BFO,10
SENSEX,SENSEX26JAN82100PE,PE,82100,2026-01-29,291230981,20,BFO,10
SENSEX,SENSEX26JAN82100CE,CE,82100,2026-01-29,294244101,20,BFO,10
SENSEX,SENSEX26JAN82200CE,CE,82200,2026-01-29,293392901,20,BFO,10
SENSEX,SENSEX26JAN82200PE,PE,82200,2026-01-29,294108933,20,BFO,10
SENSEX,SENSEX26JAN82300PE,PE,82300,2026-01-29,291441669,20,BFO,10
SENSEX,SENSEX26JAN82300CE,CE,82300,2026-01-29,294493957,20,BFO,10
SENSEX,SENSEX26JAN82400CE,CE,82400,2026-01-29,293617669,20,BFO,10
SENSEX,SENSEX26JAN82400PE,PE,82400,2026-01-29,294363653,20,BFO,10
SENSEX,SENSEX26JAN82500PE,PE,82500,2026-01-29,293490949,20,BFO,10
SENSEX,SENSEX26JAN82500CE,CE,82500,2026-01-29,294744837,20,BFO,10
SENSEX,SENSEX26JAN82600CE,CE,82600,2026-01-29,293795589,20,BFO,10
SENSEX,SENSEX26JAN82600PE,PE,82600,2026-01-29,294610693,20,BFO,10
SENSEX,SENSEX26JAN82700CE,CE,82700,2026-01-29,292911621,20,BFO,10
SENSEX,SENSEX26JAN82700PE,PE,82700,2026-01-29,293703685,20,BFO,10
SENSEX,SENSEX26JAN82800CE,CE,82800,2026-01-29,294011141,20,BFO,10
SENSEX,SENSEX26JAN82800PE,PE,82800,2026-01-29,294826245,20,BFO,10
SENSEX,SENSEX26JAN82900CE,CE,82900,2026-01-29,293162501,20,BFO,10
SENSEX,SENSEX26JAN82900PE,PE,82900,2026-01-29,293882117,20,BFO,10
SENSEX,SENSEX26JAN83000CE,CE,83000,2026-01-29,291465221,20,BFO,10
SENSEX,SENSEX26JAN83000PE,PE,83000,2026-01-29,292495621,20,BFO,10
SENSEX,SENSEX26JAN83100CE,CE,83100,2026-01-29,292782085,20,BFO,10
SENSEX,SENSEX26JAN83100PE,PE,83100,2026-01-29,293566213,20,BFO,10
SENSEX,SENSEX26JAN83200CE,CE,83200,2026-01-29,291686405,20,BFO,10
SENSEX,SENSEX26JAN83200PE,PE,83200,2026-01-29,292673797,20,BFO,10
SENSEX,SENSEX26JAN83300PE,PE,83300,2026-01-29,291550981,20,BFO,10
SENSEX,SENSEX26JAN83300CE,CE,83300,2026-01-29,292984325,20,BFO,10
SENSEX,SENSEX26JAN83400CE,CE,83400,2026-01-29,292056069,20,BFO,10
SENSEX,SENSEX26JAN83400PE,PE,83400,2026-01-29,292873221,20,BFO,10
SENSEX,SENSEX26JAN83500PE,PE,83500,2026-01-29,291821317,20,BFO,10
SENSEX,SENSEX26JAN83500CE,CE,83500,2026-01-29,294845701,20,BFO,10
SENSEX,SENSEX26JAN83600CE,CE,83600,2026-01-29,292396805,20,BFO,10
SENSEX,SENSEX26JAN83600PE,PE,83600,2026-01-29,293107717,20,BFO,10
SENSEX,SENSEX26JAN83700CE,CE,83700,2026-01-29,291269637,20,BFO,10
SENSEX,SENSEX26JAN83700PE,PE,83700,2026-01-29,292248581,20,BFO,10
SENSEX,SENSEX26JAN83800PE,PE,83800,2026-01-29,291145989,20,BFO,10
SENSEX,SENSEX26JAN83800CE,CE,83800,2026-01-29,292615685,20,BFO,10
SENSEX,SENSEX26JAN83900CE,CE,83900,2026-01-29,291486725,20,BFO,10
SENSEX,SENSEX26JAN83900PE,PE,83900,2026-01-29,292524549,20,BFO,10
SENSEX,SENSEX26JAN84000CE,CE,84000,2026-01-29,293775621,20,BFO,10
SENSEX,SENSEX26JAN84000PE,PE,84000,2026-01-29,294577157,20,BFO,10
SENSEX,SENSEX26JAN84100CE,CE,84100,2026-01-29,291107589,20,BFO,10
SENSEX,SENSEX26JAN84100PE,PE,84100,2026-01-29,293688581,20,BFO,10
SENSEX,SENSEX26JAN84200CE,CE,84200,2026-01-29,293983237,20,BFO,10
SENSEX,SENSEX26JAN84200PE,PE,84200,2026-01-29,294810885,20,BFO,10
SENSEX,SENSEX26JAN84300CE,CE,84300,2026-01-29,293134085,20,BFO,10
SENSEX,SENSEX26JAN84300PE,PE,84300,2026-01-29,293862917,20,BFO,10
SENSEX,SENSEX26JAN84400CE,CE,84400,2026-01-29,294247685,20,BFO,10
SENSEX,SENSEX26JAN84400PE,PE,84400,2026-01-29,291232261,20,BFO,10
SENSEX,SENSEX26JAN84500CE,CE,84500,2026-01-29,293394693,20,BFO,10
SENSEX,SENSEX26JAN84500PE,PE,84500,2026-01-29,294110981,20,BFO,10
SENSEX,SENSEX26JAN84600PE,PE,84600,2026-01-29,293258245,20,BFO,10
SENSEX,SENSEX26JAN84600CE,CE,84600,2026-01-29,294494725,20,BFO,10
SENSEX,SENSEX26JAN84700CE,CE,84700,2026-01-29,293618949,20,BFO,10
SENSEX,SENSEX26JAN84700PE,PE,84700,2026-01-29,294364165,20,BFO,10
SENSEX,SENSEX26JAN84800CE,CE,84800,2026-01-29,292717829,20,BFO,10
SENSEX,SENSEX26JAN84800PE,PE,84800,2026-01-29,293493765,20,BFO,10
SENSEX,SENSEX26JAN84900CE,CE,84900,2026-01-29,293796357,20,BFO,10
SENSEX,SENSEX26JAN84900PE,PE,84900,2026-01-29,294613765,20,BFO,10
SENSEX,SENSEX26JAN85000CE,CE,85000,2026-01-29,292361733,20,BFO,10
SENSEX,SENSEX26JAN85000PE,PE,85000,2026-01-29,293076485,20,BFO,10
SENSEX,SENSEX26JAN85100CE,CE,85100,2026-01-29,291247621,20,BFO,10
SENSEX,SENSEX26JAN85100PE,PE,85100,2026-01-29,292216581,20,BFO,10
SENSEX,SENSEX26JAN85200CE,CE,85200,2026-01-29,292598021,20,BFO,10
SENSEX,SENSEX26JAN85200PE,PE,85200,2026-01-29,293335301,20,BFO,10
SENSEX,SENSEX26JAN85300CE,CE,85300,2026-01-29,291467269,20,BFO,10
SENSEX,SENSEX26JAN85300PE,PE,85300,2026-01-29,292497413,20,BFO,10
SENSEX,SENSEX26JAN85400PE,PE,85400,2026-01-29,291344389,20,BFO,10
SENSEX,SENSEX26JAN85400CE,CE,85400,2026-01-29,292787461,20,BFO,10
SENSEX,SENSEX26JAN85500CE,CE,85500,2026-01-29,291688709,20,BFO,10
SENSEX,SENSEX26JAN85500PE,PE,85500,2026-01-29,292675845,20,BFO,10
SENSEX,SENSEX26JAN85600PE,PE,85600,2026-01-29,291553029,20,BFO,10
SENSEX,SENSEX26JAN85600CE,CE,85600,2026-01-29,294641157,20,BFO,10
SENSEX,SENSEX26JAN85700CE,CE,85700,2026-01-29,292064773,20,BFO,10
SENSEX,SENSEX26JAN85700PE,PE,85700,2026-01-29,292873477,20,BFO,10
SENSEX,SENSEX26JAN85800PE,PE,85800,2026-01-29,291823365,20,BFO,10
SENSEX,SENSEX26JAN85800CE,CE,85800,2026-01-29,294847493,20,BFO,10
SENSEX,SENSEX26JAN85900CE,CE,85900,2026-01-29,292400133,20,BFO,10
SENSEX,SENSEX26JAN85900PE,PE,85900,2026-01-29,294753797,20,BFO,10
SENSEX,SENSEX26JAN86000PE,PE,86000,2026-01-29,291413765,20,BFO,10
SENSEX,SENSEX26JAN86000CE,CE,86000,2026-01-29,294466053,20,BFO,10
SENSEX,SENSEX26JAN86100CE,CE,86100,2026-01-29,293593605,20,BFO,10
SENSEX,SENSEX26JAN86100PE,PE,86100,2026-01-29,294336261,20,BFO,10
SENSEX,SENSEX26JAN86200PE,PE,86200,2026-01-29,293471237,20,BFO,10
SENSEX,SENSEX26JAN86200CE,CE,86200,2026-01-29,294725893,20,BFO,10
SENSEX,SENSEX26JAN86300CE,CE,86300,2026-01-29,293776133,20,BFO,10
SENSEX,SENSEX26JAN86300PE,PE,86300,2026-01-29,294581509,20,BFO,10
SENSEX,SENSEX26JAN86400CE,CE,86400,2026-01-29,292890117,20,BFO,10
SENSEX,SENSEX26JAN86400PE,PE,86400,2026-01-29,293690629,20,BFO,10
SENSEX,SENSEX26JAN86500CE,CE,86500,2026-01-29,293984005,20,BFO,10
SENSEX,SENSEX26JAN86500PE,PE,86500,2026-01-29,294811909,20,BFO,10
SENSEX,SENSEX26JAN86600CE,CE,86600,2026-01-29,293135365,20,BFO,10
SENSEX,SENSEX26JAN86600PE,PE,86600,2026-01-29,293864197,20,BFO,10
SENSEX,SENSEX26JAN86700PE,PE,86700,2026-01-29,292995077,20,BFO,10
SENSEX,SENSEX26JAN86700CE,CE,86700,2026-01-29,294249733,20,BFO,10
SENSEX,SENSEX26JAN86800CE,CE,86800,2026-01-29,293396997,20,BFO,10
SENSEX,SENSEX26JAN86800PE,PE,86800,2026-01-29,294114309,20,BFO,10
SENSEX,SENSEX26JAN86900CE,CE,86900,2026-01-29,292546565,20,BFO,10
SENSEX,SENSEX26JAN86900PE,PE,86900,2026-01-29,293260549,20,BFO,10
SENSEX,SENSEX26JAN87000PE,PE,87000,2026-01-29,291538693,20,BFO,10
SENSEX,SENSEX26JAN87000CE,CE,87000,2026-01-29,292962053,20,BFO,10
SENSEX,SENSEX26JAN87100CE,CE,87100,2026-01-29,292002565,20,BFO,10
SENSEX,SENSEX26JAN87100PE,PE,87100,2026-01-29,292852485,20,BFO,10
SENSEX,SENSEX26JAN87200PE,PE,87200,2026-01-29,291790085,20,BFO,10
SENSEX,SENSEX26JAN87200CE,CE,87200,2026-01-29,294828037,20,BFO,10
SENSEX,SENSEX26JAN87300CE,CE,87300,2026-01-29,292364549,20,BFO,10
SENSEX,SENSEX26JAN87300PE,PE,87300,2026-01-29,293078533,20,BFO,10
SENSEX,SENSEX26JAN87400CE,CE,87400,2026-01-29,291250181,20,BFO,10
SENSEX,SENSEX26JAN87400PE,PE,87400,2026-01-29,292222469,20,BFO,10
SENSEX,SENSEX26JAN87500PE,PE,87500,2026-01-29,291123973,20,BFO,10
SENSEX,SENSEX26JAN87500CE,CE,87500,2026-01-29,292600325,20,BFO,10
SENSEX,SENSEX26JAN87600CE,CE,87600,2026-01-29,291470597,20,BFO,10
SENSEX,SENSEX26JAN87600PE,PE,87600,2026-01-29,292501765,20,BFO,10
SENSEX,SENSEX26JAN87700PE,PE,87700,2026-01-29,291347717,20,BFO,10
SENSEX,SENSEX26JAN87700CE,CE,87700,2026-01-29,294388741,20,BFO,10
SENSEX,SENSEX26JAN87800CE,CE,87800,2026-01-29,291691013,20,BFO,10
SENSEX,SENSEX26JAN87800PE,PE,87800,2026-01-29,292677381,20,BFO,10
SENSEX,SENSEX26JAN87900PE,PE,87900,2026-01-29,291555589,20,BFO,10
SENSEX,SENSEX26JAN87900CE,CE,87900,2026-01-29,294645509,20,BFO,10
SENSEX,SENSEX26JAN88000CE,CE,88000,2026-01-29,293111045,20,BFO,10
SENSEX,SENSEX26JAN88000PE,PE,88000,2026-01-29,293842181,20,BFO,10
SENSEX,SENSEX26JAN88100PE,PE,88100,2026-01-29,291208197,20,BFO,10
SENSEX,SENSEX26JAN88100CE,CE,88100,2026-01-29,294219781,20,BFO,10
SENSEX,SENSEX26JAN88200CE,CE,88200,2026-01-29,293373701,20,BFO,10
SENSEX,SENSEX26JAN88200PE,PE,88200,2026-01-29,294083333,20,BFO,10
SENSEX,SENSEX26JAN88300PE,PE,88300,2026-01-29,293231109,20,BFO,10
SENSEX,SENSEX26JAN88300CE,CE,88300,2026-01-29,294466565,20,BFO,10
SENSEX,SENSEX26JAN88400CE,CE,88400,2026-01-29,293594373,20,BFO,10
SENSEX,SENSEX26JAN88400PE,PE,88400,2026-01-29,294337797,20,BFO,10
SENSEX,SENSEX26JAN88500CE,CE,88500,2026-01-29,292698885,20,BFO,10
SENSEX,SENSEX26JAN88500PE,PE,88500,2026-01-29,293472261,20,BFO,10
SENSEX,SENSEX26JAN88600CE,CE,88600,2026-01-29,293778181,20,BFO,10
SENSEX,SENSEX26JAN88600PE,PE,88600,2026-01-29,294584069,20,BFO,10
SENSEX,SENSEX26JAN88700CE,CE,88700,2026-01-29,292893445,20,BFO,10
SENSEX,SENSEX26JAN88700PE,PE,88700,2026-01-29,293692421,20,BFO,10
SENSEX,SENSEX26JAN88800PE,PE,88800,2026-01-29,292801541,20,BFO,10
SENSEX,SENSEX26JAN88800CE,CE,88800,2026-01-29,293985285,20,BFO,10
SENSEX,SENSEX26JAN88900CE,CE,88900,2026-01-29,293137925,20,BFO,10
SENSEX,SENSEX26JAN88900PE,PE,88900,2026-01-29,293868037,20,BFO,10
SENSEX,SENSEX26JAN89000CE,CE,89000,2026-01-29,291445509,20,BFO,10
SENSEX,SENSEX26JAN89000PE,PE,89000,2026-01-29,292474885,20,BFO,10
SENSEX,SENSEX26JAN89100PE,PE,89100,2026-01-29,291326213,20,BFO,10
SENSEX,SENSEX26JAN89100CE,CE,89100,2026-01-29,292766213,20,BFO,10
SENSEX,SENSEX26JAN89200CE,CE,89200,2026-01-29,291665413,20,BFO,10
SENSEX,SENSEX26JAN89200PE,PE,89200,2026-01-29,292659461,20,BFO,10
SENSEX,SENSEX26JAN89300PE,PE,89300,2026-01-29,291541765,20,BFO,10
SENSEX,SENSEX26JAN89300CE,CE,89300,2026-01-29,294618629,20,BFO,10
SENSEX,SENSEX26JAN89400CE,CE,89400,2026-01-29,292008197,20,BFO,10
SENSEX,SENSEX26JAN89400PE,PE,89400,2026-01-29,292853509,20,BFO,10
SENSEX,SENSEX26JAN89500PE,PE,89500,2026-01-29,291792133,20,BFO,10
SENSEX,SENSEX26JAN89500CE,CE,89500,2026-01-29,294831365,20,BFO,10
SENSEX,SENSEX26JAN89600CE,CE,89600,2026-01-29,292365829,20,BFO,10
SENSEX,SENSEX26JAN89600PE,PE,89600,2026-01-29,294733317,20,BFO,10
SENSEX,SENSEX26JAN89700CE,CE,89700,2026-01-29,291252485,20,BFO,10
SENSEX,SENSEX26JAN89700PE,PE,89700,2026-01-29,292227077,20,BFO,10
SENSEX,SENSEX26JAN89800PE,PE,89800,2026-01-29,291124485,20,BFO,10
SENSEX,SENSEX26JAN89800CE,CE,89800,2026-01-29,294142213,20,BFO,10
SENSEX,SENSEX26JAN89900CE,CE,89900,2026-01-29,291472645,20,BFO,10
SENSEX,SENSEX26JAN89900PE,PE,89900,2026-01-29,292503813,20,BFO,10
SENSEX,SENSEX26JAN90000PE,PE,90000,2026-01-29,291473669,20,BFO,10
SENSEX,SENSEX26JAN90000CE,CE,90000,2026-01-29,294521093,20,BFO,10
SENSEX,SENSEX26JAN90100CE,CE,90100,2026-01-29,293642501,20,BFO,10
SENSEX,SENSEX26JAN90100PE,PE,90100,2026-01-29,294390789,20,BFO,10
SENSEX,SENSEX26JAN90200PE,PE,90200,2026-01-29,291699461,20,BFO,10
SENSEX,SENSEX26JAN90200CE,CE,90200,2026-01-29,294768133,20,BFO,10
SENSEX,SENSEX26JAN90300CE,CE,90300,2026-01-29,293815557,20,BFO,10
SENSEX,SENSEX26JAN90300PE,PE,90300,2026-01-29,294649349,20,BFO,10
SENSEX,SENSEX26JAN90400CE,CE,90400,2026-01-29,291181061,20,BFO,10
SENSEX,SENSEX26JAN90400PE,PE,90400,2026-01-29,292073733,20,BFO,10
SENSEX,SENSEX26JAN90500CE,CE,90500,2026-01-29,294045445,20,BFO,10
SENSEX,SENSEX26JAN90500PE,PE,90500,2026-01-29,294851845,20,BFO,10
SENSEX,SENSEX26JAN90600CE,CE,90600,2026-01-29,291391237,20,BFO,10
SENSEX,SENSEX26JAN90600PE,PE,90600,2026-01-29,293907973,20,BFO,10
SENSEX,SENSEX26JAN90700PE,PE,90700,2026-01-29,291276805,20,BFO,10
SENSEX,SENSEX26JAN90700CE,CE,90700,2026-01-29,294294277,20,BFO,10
SENSEX,SENSEX26JAN90800CE,CE,90800,2026-01-29,293448965,20,BFO,10
SENSEX,SENSEX26JAN90800PE,PE,90800,2026-01-29,294178309,20,BFO,10
SENSEX,SENSEX26JAN90900PE,PE,90900,2026-01-29,291492357,20,BFO,10
SENSEX,SENSEX26JAN90900CE,CE,90900,2026-01-29,294550789,20,BFO,10
SENSEX,SENSEX26JAN91000CE,CE,91000,2026-01-29,293013765,20,BFO,10
SENSEX,SENSEX26JAN91000PE,PE,91000,2026-01-29,293780741,20,BFO,10
SENSEX,SENSEX26JAN91100CE,CE,91100,2026-01-29,292122117,20,BFO,10
SENSEX,SENSEX26JAN91100PE,PE,91100,2026-01-29,292896517,20,BFO,10
SENSEX,SENSEX26JAN91200PE,PE,91200,2026-01-29,291867397,20,BFO,10
SENSEX,SENSEX26JAN91200CE,CE,91200,2026-01-29,293284613,20,BFO,10
SENSEX,SENSEX26JAN91300CE,CE,91300,2026-01-29,292425733,20,BFO,10
SENSEX,SENSEX26JAN91300PE,PE,91300,2026-01-29,293140485,20,BFO,10
SENSEX,SENSEX26JAN91400PE,PE,91400,2026-01-29,292283141,20,BFO,10
SENSEX,SENSEX26JAN91400CE,CE,91400,2026-01-29,293517317,20,BFO,10
SENSEX,SENSEX26JAN91500CE,CE,91500,2026-01-29,292638213,20,BFO,10
SENSEX,SENSEX26JAN91500PE,PE,91500,2026-01-29,293401093,20,BFO,10
SENSEX,SENSEX26JAN91600CE,CE,91600,2026-01-29,291509509,20,BFO,10
SENSEX,SENSEX26JAN91600PE,PE,91600,2026-01-29,292548869,20,BFO,10
SENSEX,SENSEX26JAN91700CE,CE,91700,2026-01-29,292833029,20,BFO,10
SENSEX,SENSEX26JAN91700PE,PE,91700,2026-01-29,293623045,20,BFO,10
SENSEX,SENSEX26JAN91800CE,CE,91800,2026-01-29,291756549,20,BFO,10
SENSEX,SENSEX26JAN91800PE,PE,91800,2026-01-29,292727045,20,BFO,10
SENSEX,SENSEX26JAN91900PE,PE,91900,2026-01-29,291609093,20,BFO,10
SENSEX,SENSEX26JAN91900CE,CE,91900,2026-01-29,293050373,20,BFO,10
SENSEX,SENSEX26JAN92000CE,CE,92000,2026-01-29,296303621,20,BFO,10
SENSEX,SENSEX26JAN92000PE,PE,92000,2026-01-29,296373509,20,BFO,10
SENSEX,SENSEX26JAN92100PE,PE,92100,2026-01-29,296600581,20,BFO,10
SENSEX,SENSEX26JAN92100CE,CE,92100,2026-01-29,296686597,20,BFO,10
SENSEX,SENSEX26JAN92200CE,CE,92200,2026-01-29,296775429,20,BFO,10
SENSEX,SENSEX26JAN92200PE,PE,92200,2026-01-29,296791045,20,BFO,10
SENSEX,SENSEX26JAN92300PE,PE,92300,2026-01-29,296739077,20,BFO,10
SENSEX,SENSEX26JAN92300CE,CE,92300,2026-01-29,296798213,20,BFO,10
SENSEX,SENSEX26JAN92400CE,CE,92400,2026-01-29,296780549,20,BFO,10
SENSEX,SENSEX26JAN92400PE,PE,92400,2026-01-29,296795909,20,BFO,10
SENSEX,SENSEX26JAN92500PE,PE,92500,2026-01-29,296747269,20,BFO,10
SENSEX,SENSEX26JAN92500CE,CE,92500,2026-01-29,296802309,20,BFO,10
SENSEX,SENSEX26JAN92600CE,CE,92600,2026-01-29,296906245,20,BFO,10
SENSEX,SENSEX26JAN92600PE,PE,92600,2026-01-29,296921349,20,BFO,10
SENSEX,SENSEX26JAN92700CE,CE,92700,2026-01-29,296856069,20,BFO,10
SENSEX,SENSEX26JAN92700PE,PE,92700,2026-01-29,296903685,20,BFO,10
SENSEX,SENSEX26JAN92800CE,CE,92800,2026-01-29,297036805,20,BFO,10
SENSEX,SENSEX26JAN92800PE,PE,92800,2026-01-29,297067781,20,BFO,10
SENSEX,SENSEX26JAN92900CE,CE,92900,2026-01-29,297003013,20,BFO,10
SENSEX,SENSEX26JAN92900PE,PE,92900,2026-01-29,297032709,20,BFO,10
SENSEX,SENSEX26JAN93000CE,CE,93000,2026-01-29,296944389,20,BFO,10
SENSEX,SENSEX26JAN93000PE,PE,93000,2026-01-29,296975365,20,BFO,10
SENSEX,SENSEX26JAN93100CE,CE,93100,2026-01-29,296988165,20,BFO,10
SENSEX,SENSEX26JAN93100PE,PE,93100,2026-01-29,297018117,20,BFO,10
SENSEX,SENSEX26JAN93200CE,CE,93200,2026-01-29,297710341,20,BFO,10
SENSEX,SENSEX26JAN93200PE,PE,93200,2026-01-29,298126853,20,BFO,10
SENSEX,SENSEX26JAN93300PE,PE,93300,2026-01-29,300516101,20,BFO,10
SENSEX,SENSEX26JAN93300CE,CE,93300,2026-01-29,300592901,20,BFO,10
SENSEX,SENSEX2620575900CE,CE,75900,2026-02-05,210730501,20,BFO,17
SENSEX,SENSEX2620575900PE,PE,75900,2026-02-05,210762757,20,BFO,17
SENSEX,SENSEX2620576000CE,CE,76000,2026-02-05,210676229,20,BFO,17
SENSEX,SENSEX2620576000PE,PE,76000,2026-02-05,210705669,20,BFO,17
SENSEX,SENSEX2620576100PE,PE,76100,2026-02-05,210672389,20,BFO,17
SENSEX,SENSEX2620576100CE,CE,76100,2026-02-05,210717445,20,BFO,17
SENSEX,SENSEX2620576200CE,CE,76200,2026-02-05,210685445,20,BFO,17
SENSEX,SENSEX2620576200PE,PE,76200,2026-02-05,210712581,20,BFO,17
SENSEX,SENSEX2620576300PE,PE,76300,2026-02-05,210682117,20,BFO,17
SENSEX,SENSEX2620576300CE,CE,76300,2026-02-05,210787845,20,BFO,17
SENSEX,SENSEX2620576400CE,CE,76400,2026-02-05,210693893,20,BFO,17
SENSEX,SENSEX2620576400PE,PE,76400,2026-02-05,210720773,20,BFO,17
SENSEX,SENSEX2620576500PE,PE,76500,2026-02-05,210689797,20,BFO,17
SENSEX,SENSEX2620576500CE,CE,76500,2026-02-05,210797317,20,BFO,17
SENSEX,SENSEX2620576600CE,CE,76600,2026-02-05,210702085,20,BFO,17
SENSEX,SENSEX2620576600PE,PE,76600,2026-02-05,210792709,20,BFO,17
SENSEX,SENSEX2620576700PE,PE,76700,2026-02-05,210699013,20,BFO,17
SENSEX,SENSEX2620576700CE,CE,76700,2026-02-05,210808069,20,BFO,17
SENSEX,SENSEX2620576800CE,CE,76800,2026-02-05,210710789,20,BFO,17
SENSEX,SENSEX2620576800PE,PE,76800,2026-02-05,210802693,20,BFO,17
SENSEX,SENSEX2620576900CE,CE,76900,2026-02-05,210677253,20,BFO,17
SENSEX,SENSEX2620576900PE,PE,76900,2026-02-05,210706949,20,BFO,17
SENSEX,SENSEX2620577000CE,CE,77000,2026-02-05,210755333,20,BFO,17
SENSEX,SENSEX2620577000PE,PE,77000,2026-02-05,210785541,20,BFO,17
SENSEX,SENSEX2620577100CE,CE,77100,2026-02-05,210721285,20,BFO,17
SENSEX,SENSEX2620577100PE,PE,77100,2026-02-05,210750981,20,BFO,17
SENSEX,SENSEX2620577200CE,CE,77200,2026-02-05,210766085,20,BFO,17
SENSEX,SENSEX2620577200PE,PE,77200,2026-02-05,210795269,20,BFO,17
SENSEX,SENSEX2620577300CE,CE,77300,2026-02-05,210728709,20,BFO,17
SENSEX,SENSEX2620577300PE,PE,77300,2026-02-05,210761221,20,BFO,17
SENSEX,SENSEX2620577400PE,PE,77400,2026-02-05,210725125,20,BFO,17
SENSEX,SENSEX2620577400CE,CE,77400,2026-02-05,210774277,20,BFO,17
SENSEX,SENSEX2620577500CE,CE,77500,2026-02-05,210738949,20,BFO,17
SENSEX,SENSEX2620577500PE,PE,77500,2026-02-05,210769925,20,BFO,17
SENSEX,SENSEX2620577600CE,CE,77600,2026-02-05,210707973,20,BFO,17
SENSEX,SENSEX2620577600PE,PE,77600,2026-02-05,210734341,20,BFO,17
SENSEX,SENSEX2620577700CE,CE,77700,2026-02-05,210747653,20,BFO,17
SENSEX,SENSEX2620577700PE,PE,77700,2026-02-05,210778629,20,BFO,17
SENSEX,SENSEX2620577800CE,CE,77800,2026-02-05,210714373,20,BFO,17
SENSEX,SENSEX2620577800PE,PE,77800,2026-02-05,210743301,20,BFO,17
SENSEX,SENSEX2620577900CE,CE,77900,2026-02-05,210756613,20,BFO,17
SENSEX,SENSEX2620577900PE,PE,77900,2026-02-05,210787077,20,BFO,17
SENSEX,SENSEX2620578000CE,CE,78000,2026-02-05,210701829,20,BFO,17
SENSEX,SENSEX2620578000PE,PE,78000,2026-02-05,210727173,20,BFO,17
SENSEX,SENSEX2620578100PE,PE,78100,2026-02-05,210697733,20,BFO,17
SENSEX,SENSEX2620578100CE,CE,78100,2026-02-05,210806789,20,BFO,17
SENSEX,SENSEX2620578200CE,CE,78200,2026-02-05,210710533,20,BFO,17
SENSEX,SENSEX2620578200PE,PE,78200,2026-02-05,210801925,20,BFO,17
SENSEX,SENSEX2620578300CE,CE,78300,2026-02-05,210676485,20,BFO,17
SENSEX,SENSEX2620578300PE,PE,78300,2026-02-05,210705925,20,BFO,17
SENSEX,SENSEX2620578400PE,PE,78400,2026-02-05,210672645,20,BFO,17
SENSEX,SENSEX2620578400CE,CE,78400,2026-02-05,210779141,20,BFO,17
SENSEX,SENSEX2620578500CE,CE,78500,2026-02-05,210685701,20,BFO,17
SENSEX,SENSEX2620578500PE,PE,78500,2026-02-05,210712837,20,BFO,17
SENSEX,SENSEX2620578600PE,PE,78600,2026-02-05,210682373,20,BFO,17
SENSEX,SENSEX2620578600CE,CE,78600,2026-02-05,210788101,20,BFO,17
SENSEX,SENSEX2620578700CE,CE,78700,2026-02-05,210694149,20,BFO,17
SENSEX,SENSEX2620578700PE,PE,78700,2026-02-05,210721029,20,BFO,17
SENSEX,SENSEX2620578800PE,PE,78800,2026-02-05,210690053,20,BFO,17
SENSEX,SENSEX2620578800CE,CE,78800,2026-02-05,210797829,20,BFO,17
SENSEX,SENSEX2620578900CE,CE,78900,2026-02-05,210702341,20,BFO,17
SENSEX,SENSEX2620578900PE,PE,78900,2026-02-05,210792965,20,BFO,17
SENSEX,SENSEX2620579000PE,PE,79000,2026-02-05,210733317,20,BFO,17
SENSEX,SENSEX2620579000CE,CE,79000,2026-02-05,210781445,20,BFO,17
SENSEX,SENSEX2620579100CE,CE,79100,2026-02-05,210746629,20,BFO,17
SENSEX,SENSEX2620579100PE,PE,79100,2026-02-05,210777349,20,BFO,17
SENSEX,SENSEX2620579200CE,CE,79200,2026-02-05,210713349,20,BFO,17
SENSEX,SENSEX2620579200PE,PE,79200,2026-02-05,210742533,20,BFO,17
SENSEX,SENSEX2620579300CE,CE,79300,2026-02-05,210755589,20,BFO,17
SENSEX,SENSEX2620579300PE,PE,79300,2026-02-05,210785797,20,BFO,17
SENSEX,SENSEX2620579400CE,CE,79400,2026-02-05,210721541,20,BFO,17
SENSEX,SENSEX2620579400PE,PE,79400,2026-02-05,210751237,20,BFO,17
SENSEX,SENSEX2620579500CE,CE,79500,2026-02-05,210766341,20,BFO,17
SENSEX,SENSEX2620579500PE,PE,79500,2026-02-05,210795525,20,BFO,17
SENSEX,SENSEX2620579600CE,CE,79600,2026-02-05,210729221,20,BFO,17
SENSEX,SENSEX2620579600PE,PE,79600,2026-02-05,210761477,20,BFO,17
SENSEX,SENSEX2620579700PE,PE,79700,2026-02-05,210725381,20,BFO,17
SENSEX,SENSEX2620579700CE,CE,79700,2026-02-05,210774533,20,BFO,17
SENSEX,SENSEX2620579800CE,CE,79800,2026-02-05,210739205,20,BFO,17
SENSEX,SENSEX2620579800PE,PE,79800,2026-02-05,210770181,20,BFO,17
SENSEX,SENSEX2620579900CE,CE,79900,2026-02-05,210708229,20,BFO,17
SENSEX,SENSEX2620579900PE,PE,79900,2026-02-05,210734597,20,BFO,17
SENSEX,SENSEX2620580000CE,CE,80000,2026-02-05,210679301,20,BFO,17
SENSEX,SENSEX2620580000PE,PE,80000,2026-02-05,210708485,20,BFO,17
SENSEX,SENSEX2620580100CE,CE,80100,2026-02-05,210718725,20,BFO,17
SENSEX,SENSEX2620580100PE,PE,80100,2026-02-05,210747909,20,BFO,17
SENSEX,SENSEX2620580200CE,CE,80200,2026-02-05,210688005,20,BFO,17
SENSEX,SENSEX2620580200PE,PE,80200,2026-02-05,210714629,20,BFO,17
SENSEX,SENSEX2620580300CE,CE,80300,2026-02-05,210726405,20,BFO,17
SENSEX,SENSEX2620580300PE,PE,80300,2026-02-05,210756869,20,BFO,17
SENSEX,SENSEX2620580400CE,CE,80400,2026-02-05,210696453,20,BFO,17
SENSEX,SENSEX2620580400PE,PE,80400,2026-02-05,210723077,20,BFO,17
SENSEX,SENSEX2620580500PE,PE,80500,2026-02-05,210691845,20,BFO,17
SENSEX,SENSEX2620580500CE,CE,80500,2026-02-05,210736133,20,BFO,17
SENSEX,SENSEX2620580600CE,CE,80600,2026-02-05,210704645,20,BFO,17
SENSEX,SENSEX2620580600PE,PE,80600,2026-02-05,210730757,20,BFO,17
SENSEX,SENSEX2620580700PE,PE,80700,2026-02-05,210701061,20,BFO,17
SENSEX,SENSEX2620580700CE,CE,80700,2026-02-05,210810373,20,BFO,17
SENSEX,SENSEX2620580800CE,CE,80800,2026-02-05,210712069,20,BFO,17
SENSEX,SENSEX2620580800PE,PE,80800,2026-02-05,210740229,20,BFO,17
SENSEX,SENSEX2620580900CE,CE,80900,2026-02-05,210681349,20,BFO,17
SENSEX,SENSEX2620580900PE,PE,80900,2026-02-05,210709509,20,BFO,17
SENSEX,SENSEX2620581000CE,CE,81000,2026-02-05,210758149,20,BFO,17
SENSEX,SENSEX2620581000PE,PE,81000,2026-02-05,210788613,20,BFO,17
SENSEX,SENSEX2620581100PE,PE,81100,2026-02-05,210694405,20,BFO,17
SENSEX,SENSEX2620581100CE,CE,81100,2026-02-05,210803205,20,BFO,17
SENSEX,SENSEX2620581200CE,CE,81200,2026-02-05,210767621,20,BFO,17
SENSEX,SENSEX2620581200PE,PE,81200,2026-02-05,210798597,20,BFO,17
SENSEX,SENSEX2620581300CE,CE,81300,2026-02-05,210673669,20,BFO,17
SENSEX,SENSEX2620581300PE,PE,81300,2026-02-05,210763781,20,BFO,17
SENSEX,SENSEX2620581400CE,CE,81400,2026-02-05,210776581,20,BFO,17
SENSEX,SENSEX2620581400PE,PE,81400,2026-02-05,210808325,20,BFO,17
SENSEX,SENSEX2620581500CE,CE,81500,2026-02-05,210741509,20,BFO,17
SENSEX,SENSEX2620581500PE,PE,81500,2026-02-05,210771717,20,BFO,17
SENSEX,SENSEX2620581600PE,PE,81600,2026-02-05,210677765,20,BFO,17
SENSEX,SENSEX2620581600CE,CE,81600,2026-02-05,210784005,20,BFO,17
SENSEX,SENSEX2620581700CE,CE,81700,2026-02-05,210750469,20,BFO,17
SENSEX,SENSEX2620581700PE,PE,81700,2026-02-05,210780421,20,BFO,17
SENSEX,SENSEX2620581800PE,PE,81800,2026-02-05,210745861,20,BFO,17
SENSEX,SENSEX2620581800CE,CE,81800,2026-02-05,210794757,20,BFO,17
SENSEX,SENSEX2620581900CE,CE,81900,2026-02-05,210759685,20,BFO,17
SENSEX,SENSEX2620581900PE,PE,81900,2026-02-05,210789893,20,BFO,17
SENSEX,SENSEX2620582000CE,CE,82000,2026-02-05,210703109,20,BFO,17
SENSEX,SENSEX2620582000PE,PE,82000,2026-02-05,210729477,20,BFO,17
SENSEX,SENSEX2620582100PE,PE,82100,2026-02-05,210699781,20,BFO,17
SENSEX,SENSEX2620582100CE,CE,82100,2026-02-05,210744325,20,BFO,17
SENSEX,SENSEX2620582200CE,CE,82200,2026-02-05,210711301,20,BFO,17
SENSEX,SENSEX2620582200PE,PE,82200,2026-02-05,210739461,20,BFO,17
SENSEX,SENSEX2620582300CE,CE,82300,2026-02-05,210679557,20,BFO,17
SENSEX,SENSEX2620582300PE,PE,82300,2026-02-05,210708741,20,BFO,17
SENSEX,SENSEX2620582400CE,CE,82400,2026-02-05,210718981,20,BFO,17
SENSEX,SENSEX2620582400PE,PE,82400,2026-02-05,210748165,20,BFO,17
SENSEX,SENSEX2620582500CE,CE,82500,2026-02-05,210688261,20,BFO,17
SENSEX,SENSEX2620582500PE,PE,82500,2026-02-05,210714885,20,BFO,17
SENSEX,SENSEX2620582600PE,PE,82600,2026-02-05,210684165,20,BFO,17
SENSEX,SENSEX2620582600CE,CE,82600,2026-02-05,210726661,20,BFO,17
SENSEX,SENSEX2620582700CE,CE,82700,2026-02-05,210696709,20,BFO,17
SENSEX,SENSEX2620582700PE,PE,82700,2026-02-05,210723589,20,BFO,17
SENSEX,SENSEX2620582800PE,PE,82800,2026-02-05,210692357,20,BFO,17
SENSEX,SENSEX2620582800CE,CE,82800,2026-02-05,210801413,20,BFO,17
SENSEX,SENSEX2620582900CE,CE,82900,2026-02-05,210704901,20,BFO,17
SENSEX,SENSEX2620582900PE,PE,82900,2026-02-05,210731013,20,BFO,17
SENSEX,SENSEX2620583000PE,PE,83000,2026-02-05,210676741,20,BFO,17
SENSEX,SENSEX2620583000CE,CE,83000,2026-02-05,210782725,20,BFO,17
SENSEX,SENSEX2620583100CE,CE,83100,2026-02-05,210748933,20,BFO,17
SENSEX,SENSEX2620583100PE,PE,83100,2026-02-05,210779397,20,BFO,17
SENSEX,SENSEX2620583200PE,PE,83200,2026-02-05,210685957,20,BFO,17
SENSEX,SENSEX2620583200CE,CE,83200,2026-02-05,210793733,20,BFO,17
SENSEX,SENSEX2620583300CE,CE,83300,2026-02-05,210758405,20,BFO,17
SENSEX,SENSEX2620583300PE,PE,83300,2026-02-05,210788869,20,BFO,17
SENSEX,SENSEX2620583400PE,PE,83400,2026-02-05,210753285,20,BFO,17
SENSEX,SENSEX2620583400CE,CE,83400,2026-02-05,210803461,20,BFO,17
SENSEX,SENSEX2620583500CE,CE,83500,2026-02-05,210767877,20,BFO,17
SENSEX,SENSEX2620583500PE,PE,83500,2026-02-05,210798853,20,BFO,17
SENSEX,SENSEX2620583600CE,CE,83600,2026-02-05,210732293,20,BFO,17
SENSEX,SENSEX2620583600PE,PE,83600,2026-02-05,210764037,20,BFO,17
SENSEX,SENSEX2620583700CE,CE,83700,2026-02-05,210776837,20,BFO,17
SENSEX,SENSEX2620583700PE,PE,83700,2026-02-05,210808581,20,BFO,17
SENSEX,SENSEX2620583800CE,CE,83800,2026-02-05,210741765,20,BFO,17
SENSEX,SENSEX2620583800PE,PE,83800,2026-02-05,210771973,20,BFO,17
SENSEX,SENSEX2620583900PE,PE,83900,2026-02-05,210736389,20,BFO,17
SENSEX,SENSEX2620583900CE,CE,83900,2026-02-05,210784261,20,BFO,17
SENSEX,SENSEX2620584000CE,CE,84000,2026-02-05,210725637,20,BFO,17
SENSEX,SENSEX2620584000PE,PE,84000,2026-02-05,210755845,20,BFO,17
SENSEX,SENSEX2620584100CE,CE,84100,2026-02-05,210695173,20,BFO,17
SENSEX,SENSEX2620584100PE,PE,84100,2026-02-05,210721797,20,BFO,17
SENSEX,SENSEX2620584200PE,PE,84200,2026-02-05,210691077,20,BFO,17
SENSEX,SENSEX2620584200CE,CE,84200,2026-02-05,210735109,20,BFO,17
SENSEX,SENSEX2620584300CE,CE,84300,2026-02-05,210703365,20,BFO,17
SENSEX,SENSEX2620584300PE,PE,84300,2026-02-05,210729733,20,BFO,17
SENSEX,SENSEX2620584400CE,CE,84400,2026-02-05,210809093,20,BFO,17
SENSEX,SENSEX2620584400PE,PE,84400,2026-02-05,210700037,20,BFO,17
SENSEX,SENSEX2620584500CE,CE,84500,2026-02-05,210711557,20,BFO,17
SENSEX,SENSEX2620584500PE,PE,84500,2026-02-05,210739717,20,BFO,17
SENSEX,SENSEX2620584600CE,CE,84600,2026-02-05,210679813,20,BFO,17
SENSEX,SENSEX2620584600PE,PE,84600,2026-02-05,210708997,20,BFO,17
SENSEX,SENSEX2620584700PE,PE,84700,2026-02-05,210674181,20,BFO,17
SENSEX,SENSEX2620584700CE,CE,84700,2026-02-05,210719237,20,BFO,17
SENSEX,SENSEX2620584800CE,CE,84800,2026-02-05,210688517,20,BFO,17
SENSEX,SENSEX2620584800PE,PE,84800,2026-02-05,210715141,20,BFO,17
SENSEX,SENSEX2620584900PE,PE,84900,2026-02-05,210684421,20,BFO,17
SENSEX,SENSEX2620584900CE,CE,84900,2026-02-05,210791429,20,BFO,17
SENSEX,SENSEX2620585000CE,CE,85000,2026-02-05,210673157,20,BFO,17
SENSEX,SENSEX2620585000PE,PE,85000,2026-02-05,210763013,20,BFO,17
SENSEX,SENSEX2620585100CE,CE,85100,2026-02-05,210775557,20,BFO,17
SENSEX,SENSEX2620585100PE,PE,85100,2026-02-05,210807301,20,BFO,17
SENSEX,SENSEX2620585200CE,CE,85200,2026-02-05,210740485,20,BFO,17
SENSEX,SENSEX2620585200PE,PE,85200,2026-02-05,210770693,20,BFO,17
SENSEX,SENSEX2620585300PE,PE,85300,2026-02-05,210676997,20,BFO,17
SENSEX,SENSEX2620585300CE,CE,85300,2026-02-05,210782981,20,BFO,17
SENSEX,SENSEX2620585400CE,CE,85400,2026-02-05,210749189,20,BFO,17
SENSEX,SENSEX2620585400PE,PE,85400,2026-02-05,210779653,20,BFO,17
SENSEX,SENSEX2620585500PE,PE,85500,2026-02-05,210744837,20,BFO,17
SENSEX,SENSEX2620585500CE,CE,85500,2026-02-05,210793989,20,BFO,17
SENSEX,SENSEX2620585600CE,CE,85600,2026-02-05,210758661,20,BFO,17
SENSEX,SENSEX2620585600PE,PE,85600,2026-02-05,210789125,20,BFO,17
SENSEX,SENSEX2620585700CE,CE,85700,2026-02-05,210724357,20,BFO,17
SENSEX,SENSEX2620585700PE,PE,85700,2026-02-05,210753541,20,BFO,17
SENSEX,SENSEX2620585800CE,CE,85800,2026-02-05,210768133,20,BFO,17
SENSEX,SENSEX2620585800PE,PE,85800,2026-02-05,210799109,20,BFO,17
SENSEX,SENSEX2620585900CE,CE,85900,2026-02-05,210732549,20,BFO,17
SENSEX,SENSEX2620585900PE,PE,85900,2026-02-05,210764293,20,BFO,17
SENSEX,SENSEX2620586000CE,CE,86000,2026-02-05,210678021,20,BFO,17
SENSEX,SENSEX2620586000PE,PE,86000,2026-02-05,210707205,20,BFO,17
SENSEX,SENSEX2620586100CE,CE,86100,2026-02-05,210718213,20,BFO,17
SENSEX,SENSEX2620586100PE,PE,86100,2026-02-05,210747141,20,BFO,17
SENSEX,SENSEX2620586200CE,CE,86200,2026-02-05,210686213,20,BFO,17
SENSEX,SENSEX2620586200PE,PE,86200,2026-02-05,210713605,20,BFO,17
SENSEX,SENSEX2620586300PE,PE,86300,2026-02-05,210682885,20,BFO,17
SENSEX,SENSEX2620586300CE,CE,86300,2026-02-05,210725893,20,BFO,17
SENSEX,SENSEX2620586400CE,CE,86400,2026-02-05,210695429,20,BFO,17
SENSEX,SENSEX2620586400PE,PE,86400,2026-02-05,210722053,20,BFO,17
SENSEX,SENSEX2620586500PE,PE,86500,2026-02-05,210691333,20,BFO,17
SENSEX,SENSEX2620586500CE,CE,86500,2026-02-05,210799877,20,BFO,17
SENSEX,SENSEX2620586600CE,CE,86600,2026-02-05,210703621,20,BFO,17
SENSEX,SENSEX2620586600PE,PE,86600,2026-02-05,210729989,20,BFO,17
SENSEX,SENSEX2620586700PE,PE,86700,2026-02-05,210700293,20,BFO,17
SENSEX,SENSEX2620586700CE,CE,86700,2026-02-05,210809349,20,BFO,17
SENSEX,SENSEX2620586800CE,CE,86800,2026-02-05,210711813,20,BFO,17
SENSEX,SENSEX2620586800PE,PE,86800,2026-02-05,210803717,20,BFO,17
SENSEX,SENSEX2620586900CE,CE,86900,2026-02-05,210680069,20,BFO,17
SENSEX,SENSEX2620586900PE,PE,86900,2026-02-05,210709253,20,BFO,17
SENSEX,SENSEX2620587000CE,CE,87000,2026-02-05,210757125,20,BFO,17
SENSEX,SENSEX2620587000PE,PE,87000,2026-02-05,210787333,20,BFO,17
SENSEX,SENSEX2620587100PE,PE,87100,2026-02-05,210752261,20,BFO,17
SENSEX,SENSEX2620587100CE,CE,87100,2026-02-05,210802949,20,BFO,17
SENSEX,SENSEX2620587200CE,CE,87200,2026-02-05,210767109,20,BFO,17
SENSEX,SENSEX2620587200PE,PE,87200,2026-02-05,210796293,20,BFO,17
SENSEX,SENSEX2620587300CE,CE,87300,2026-02-05,210731269,20,BFO,17
SENSEX,SENSEX2620587300PE,PE,87300,2026-02-05,210763269,20,BFO,17
SENSEX,SENSEX2620587400CE,CE,87400,2026-02-05,210775813,20,BFO,17
SENSEX,SENSEX2620587400PE,PE,87400,2026-02-05,210807557,20,BFO,17
SENSEX,SENSEX2620587500CE,CE,87500,2026-02-05,210740741,20,BFO,17
SENSEX,SENSEX2620587500PE,PE,87500,2026-02-05,210770949,20,BFO,17
SENSEX,SENSEX2620587600PE,PE,87600,2026-02-05,210735621,20,BFO,17
SENSEX,SENSEX2620587600CE,CE,87600,2026-02-05,210783237,20,BFO,17
SENSEX,SENSEX2620587700CE,CE,87700,2026-02-05,210749445,20,BFO,17
SENSEX,SENSEX2620587700PE,PE,87700,2026-02-05,210779909,20,BFO,17
SENSEX,SENSEX2620587800CE,CE,87800,2026-02-05,210715653,20,BFO,17
SENSEX,SENSEX2620587800PE,PE,87800,2026-02-05,210745093,20,BFO,17
SENSEX,SENSEX2620587900CE,CE,87900,2026-02-05,210758917,20,BFO,17
SENSEX,SENSEX2620587900PE,PE,87900,2026-02-05,210789381,20,BFO,17
SENSEX,SENSEX2620588000CE,CE,88000,2026-02-05,210702597,20,BFO,17
SENSEX,SENSEX2620588000PE,PE,88000,2026-02-05,210728197,20,BFO,17
SENSEX,SENSEX2620588100PE,PE,88100,2026-02-05,210699269,20,BFO,17
SENSEX,SENSEX2620588100CE,CE,88100,2026-02-05,210808837,20,BFO,17
SENSEX,SENSEX2620588200CE,CE,88200,2026-02-05,210711045,20,BFO,17
SENSEX,SENSEX2620588200PE,PE,88200,2026-02-05,210738437,20,BFO,17
SENSEX,SENSEX2620588300CE,CE,88300,2026-02-05,210678277,20,BFO,17
SENSEX,SENSEX2620588300PE,PE,88300,2026-02-05,210707461,20,BFO,17
SENSEX,SENSEX2620588400PE,PE,88400,2026-02-05,210673413,20,BFO,17
SENSEX,SENSEX2620588400CE,CE,88400,2026-02-05,210718469,20,BFO,17
SENSEX,SENSEX2620588500CE,CE,88500,2026-02-05,210686981,20,BFO,17
SENSEX,SENSEX2620588500PE,PE,88500,2026-02-05,210713861,20,BFO,17
SENSEX,SENSEX2620588600PE,PE,88600,2026-02-05,210683397,20,BFO,17
SENSEX,SENSEX2620588600CE,CE,88600,2026-02-05,210790149,20,BFO,17
SENSEX,SENSEX2620588700CE,CE,88700,2026-02-05,210695685,20,BFO,17
SENSEX,SENSEX2620588700PE,PE,88700,2026-02-05,210722309,20,BFO,17
SENSEX,SENSEX2620588800PE,PE,88800,2026-02-05,210691589,20,BFO,17
SENSEX,SENSEX2620588800CE,CE,88800,2026-02-05,210800133,20,BFO,17
SENSEX,SENSEX2620588900CE,CE,88900,2026-02-05,210704133,20,BFO,17
SENSEX,SENSEX2620588900PE,PE,88900,2026-02-05,210730245,20,BFO,17
SENSEX,SENSEX2620589000PE,PE,89000,2026-02-05,210675973,20,BFO,17
SENSEX,SENSEX2620589000CE,CE,89000,2026-02-05,210782469,20,BFO,17
SENSEX,SENSEX2620589100CE,CE,89100,2026-02-05,210748677,20,BFO,17
SENSEX,SENSEX2620589100PE,PE,89100,2026-02-05,210778885,20,BFO,17
SENSEX,SENSEX2620589200PE,PE,89200,2026-02-05,210743813,20,BFO,17
SENSEX,SENSEX2620589200CE,CE,89200,2026-02-05,210793221,20,BFO,17
SENSEX,SENSEX2620589300CE,CE,89300,2026-02-05,210757381,20,BFO,17
SENSEX,SENSEX2620589300PE,PE,89300,2026-02-05,210787589,20,BFO,17
SENSEX,SENSEX2620589400CE,CE,89400,2026-02-05,210723845,20,BFO,17
SENSEX,SENSEX2620589400PE,PE,89400,2026-02-05,210752773,20,BFO,17
SENSEX,SENSEX2620589500CE,CE,89500,2026-02-05,210767365,20,BFO,17
SENSEX,SENSEX2620589500PE,PE,89500,2026-02-05,210796549,20,BFO,17
SENSEX,SENSEX2620589600CE,CE,89600,2026-02-05,210731525,20,BFO,17
SENSEX,SENSEX2620589600PE,PE,89600,2026-02-05,210763525,20,BFO,17
SENSEX,SENSEX2620589700PE,PE,89700,2026-02-05,210726149,20,BFO,17
SENSEX,SENSEX2620589700CE,CE,89700,2026-02-05,210776069,20,BFO,17
SENSEX,SENSEX2620589800CE,CE,89800,2026-02-05,210740997,20,BFO,17
SENSEX,SENSEX2620589800PE,PE,89800,2026-02-05,210771205,20,BFO,17
SENSEX,SENSEX2620589900PE,PE,89900,2026-02-05,210735877,20,BFO,17
SENSEX,SENSEX2620589900CE,CE,89900,2026-02-05,210783493,20,BFO,17
SENSEX,SENSEX2620590000PE,PE,90000,2026-02-05,210709765,20,BFO,17
SENSEX,SENSEX2620590000CE,CE,90000,2026-02-05,210753797,20,BFO,17
SENSEX,SENSEX2620590100CE,CE,90100,2026-02-05,210720261,20,BFO,17
SENSEX,SENSEX2620590100PE,PE,90100,2026-02-05,210749701,20,BFO,17
SENSEX,SENSEX2620590200CE,CE,90200,2026-02-05,210689285,20,BFO,17
SENSEX,SENSEX2620590200PE,PE,90200,2026-02-05,210715909,20,BFO,17
SENSEX,SENSEX2620590300CE,CE,90300,2026-02-05,210727429,20,BFO,17
SENSEX,SENSEX2620590300PE,PE,90300,2026-02-05,210759173,20,BFO,17
SENSEX,SENSEX2620590400CE,CE,90400,2026-02-05,210697989,20,BFO,17
SENSEX,SENSEX2620590400PE,PE,90400,2026-02-05,210724613,20,BFO,17
SENSEX,SENSEX2620590500CE,CE,90500,2026-02-05,210736645,20,BFO,17
SENSEX,SENSEX2620590500PE,PE,90500,2026-02-05,210768389,20,BFO,17
SENSEX,SENSEX2620590600CE,CE,90600,2026-02-05,210706437,20,BFO,17
SENSEX,SENSEX2620590600PE,PE,90600,2026-02-05,210732805,20,BFO,17
SENSEX,SENSEX2620590700PE,PE,90700,2026-02-05,210701573,20,BFO,17
SENSEX,SENSEX2620590700CE,CE,90700,2026-02-05,210746373,20,BFO,17
SENSEX,SENSEX2620590800CE,CE,90800,2026-02-05,210713093,20,BFO,17
SENSEX,SENSEX2620590800PE,PE,90800,2026-02-05,210742021,20,BFO,17
SENSEX,SENSEX2620590900CE,CE,90900,2026-02-05,210682629,20,BFO,17
SENSEX,SENSEX2620590900PE,PE,90900,2026-02-05,210710277,20,BFO,17
SENSEX,SENSEX2620591000CE,CE,91000,2026-02-05,210759941,20,BFO,17
SENSEX,SENSEX2620591000PE,PE,91000,2026-02-05,210790661,20,BFO,17
SENSEX,SENSEX2620591100PE,PE,91100,2026-02-05,210695941,20,BFO,17
SENSEX,SENSEX2620591100CE,CE,91100,2026-02-05,210804229,20,BFO,17
SENSEX,SENSEX2620591200CE,CE,91200,2026-02-05,210769157,20,BFO,17
SENSEX,SENSEX2620591200PE,PE,91200,2026-02-05,210800389,20,BFO,17
SENSEX,SENSEX2620591300CE,CE,91300,2026-02-05,210675205,20,BFO,17
SENSEX,SENSEX2620591300PE,PE,91300,2026-02-05,210704389,20,BFO,17
SENSEX,SENSEX2620591400CE,CE,91400,2026-02-05,210777605,20,BFO,17
SENSEX,SENSEX2620591400PE,PE,91400,2026-02-05,210809605,20,BFO,17
SENSEX,SENSEX2620591500CE,CE,91500,2026-02-05,210684933,20,BFO,17
SENSEX,SENSEX2620591500PE,PE,91500,2026-02-05,210772741,20,BFO,17
SENSEX,SENSEX2620591600PE,PE,91600,2026-02-05,210680581,20,BFO,17
SENSEX,SENSEX2620591600CE,CE,91600,2026-02-05,210786053,20,BFO,17
SENSEX,SENSEX2620591700CE,CE,91700,2026-02-05,210751493,20,BFO,17
SENSEX,SENSEX2620591700PE,PE,91700,2026-02-05,210780933,20,BFO,17
SENSEX,SENSEX2620591800PE,PE,91800,2026-02-05,210688773,20,BFO,17
SENSEX,SENSEX2620591800CE,CE,91800,2026-02-05,210795781,20,BFO,17
SENSEX,SENSEX2620591900CE,CE,91900,2026-02-05,210761733,20,BFO,17
SENSEX,SENSEX2620591900PE,PE,91900,2026-02-05,210791685,20,BFO,17
SENSEX,SENSEX2620592000CE,CE,92000,2026-02-05,210705157,20,BFO,17
SENSEX,SENSEX2620592000PE,PE,92000,2026-02-05,210731781,20,BFO,17
SENSEX,SENSEX2620592100PE,PE,92100,2026-02-05,210701317,20,BFO,17
SENSEX,SENSEX2620592100CE,CE,92100,2026-02-05,210746117,20,BFO,17
SENSEX,SENSEX2620592200CE,CE,92200,2026-02-05,210712325,20,BFO,17
SENSEX,SENSEX2620592200PE,PE,92200,2026-02-05,210741253,20,BFO,17
SENSEX,SENSEX2620592300PE,PE,92300,2026-02-05,210710021,20,BFO,17
SENSEX,SENSEX2620592300CE,CE,92300,2026-02-05,210754053,20,BFO,17
SENSEX,SENSEX2620592400CE,CE,92400,2026-02-05,210720517,20,BFO,17
SENSEX,SENSEX2620592400PE,PE,92400,2026-02-05,210749957,20,BFO,17
SENSEX,SENSEX2620592500CE,CE,92500,2026-02-05,210689541,20,BFO,17
SENSEX,SENSEX2620592500PE,PE,92500,2026-02-05,210716165,20,BFO,17
SENSEX,SENSEX2620592600CE,CE,92600,2026-02-05,210727685,20,BFO,17
SENSEX,SENSEX2620592600PE,PE,92600,2026-02-05,210759429,20,BFO,17
SENSEX,SENSEX2620592700CE,CE,92700,2026-02-05,210698245,20,BFO,17
SENSEX,SENSEX2620592700PE,PE,92700,2026-02-05,210724869,20,BFO,17
SENSEX,SENSEX2620592800PE,PE,92800,2026-02-05,210692613,20,BFO,17
SENSEX,SENSEX2620592800CE,CE,92800,2026-02-05,210737157,20,BFO,17
SENSEX,SENSEX2620592900CE,CE,92900,2026-02-05,210706693,20,BFO,17
SENSEX,SENSEX2620592900PE,PE,92900,2026-02-05,210733061,20,BFO,17
SENSEX,SENSEX2620593000PE,PE,93000,2026-02-05,210678533,20,BFO,17
SENSEX,SENSEX2620593000CE,CE,93000,2026-02-05,210784517,20,BFO,17
SENSEX,SENSEX2620593100CE,CE,93100,2026-02-05,210750725,20,BFO,17
SENSEX,SENSEX2620593100PE,PE,93100,2026-02-05,210780677,20,BFO,17
SENSEX,SENSEX2620593200PE,PE,93200,2026-02-05,210687237,20,BFO,17
SENSEX,SENSEX2620593200CE,CE,93200,2026-02-05,210795013,20,BFO,17
SENSEX,SENSEX2620593300CE,CE,93300,2026-02-05,210760453,20,BFO,17
SENSEX,SENSEX2620593300PE,PE,93300,2026-02-05,210791173,20,BFO,17
SENSEX,SENSEX2621275900CE,CE,75900,2026-02-12,211218437,20,BFO,24
SENSEX,SENSEX2621275900PE,PE,75900,2026-02-12,211605509,20,BFO,24
SENSEX,SENSEX2621276000CE,CE,76000,2026-02-12,212290053,20,BFO,24
SENSEX,SENSEX2621276000PE,PE,76000,2026-02-12,212814853,20,BFO,24
SENSEX,SENSEX2621276100CE,CE,76100,2026-02-12,211832581,20,BFO,24
SENSEX,SENSEX2621276100PE,PE,76100,2026-02-12,212226821,20,BFO,24
SENSEX,SENSEX2621276200CE,CE,76200,2026-02-12,212534533,20,BFO,24
SENSEX,SENSEX2621276200PE,PE,76200,2026-02-12,212936453,20,BFO,24
SENSEX,SENSEX2621276300CE,CE,76300,2026-02-12,211953669,20,BFO,24
SENSEX,SENSEX2621276300PE,PE,76300,2026-02-12,212345349,20,BFO,24
SENSEX,SENSEX2621276400PE,PE,76400,2026-02-12,211070981,20,BFO,24
SENSEX,SENSEX2621276400CE,CE,76400,2026-02-12,212652293,20,BFO,24
SENSEX,SENSEX2621276500CE,CE,76500,2026-02-12,212068101,20,BFO,24
SENSEX,SENSEX2621276500PE,PE,76500,2026-02-12,212592645,20,BFO,24
SENSEX,SENSEX2621276600PE,PE,76600,2026-02-12,212010501,20,BFO,24
SENSEX,SENSEX2621276600CE,CE,76600,2026-02-12,212764165,20,BFO,24
SENSEX,SENSEX2621276700CE,CE,76700,2026-02-12,212182277,20,BFO,24
SENSEX,SENSEX2621276700PE,PE,76700,2026-02-12,212704773,20,BFO,24
SENSEX,SENSEX2621276800CE,CE,76800,2026-02-12,211735813,20,BFO,24
SENSEX,SENSEX2621276800PE,PE,76800,2026-02-12,212123653,20,BFO,24
SENSEX,SENSEX2621276900CE,CE,76900,2026-02-12,212302853,20,BFO,24
SENSEX,SENSEX2621276900PE,PE,76900,2026-02-12,212829701,20,BFO,24
SENSEX,SENSEX2621277000CE,CE,77000,2026-02-12,211539205,20,BFO,24
SENSEX,SENSEX2621277000PE,PE,77000,2026-02-12,211925765,20,BFO,24
SENSEX,SENSEX2621277100CE,CE,77100,2026-02-12,211082757,20,BFO,24
SENSEX,SENSEX2621277100PE,PE,77100,2026-02-12,211472645,20,BFO,24
SENSEX,SENSEX2621277200CE,CE,77200,2026-02-12,211658245,20,BFO,24
SENSEX,SENSEX2621277200PE,PE,77200,2026-02-12,212045317,20,BFO,24
SENSEX,SENSEX2621277300CE,CE,77300,2026-02-12,211203333,20,BFO,24
SENSEX,SENSEX2621277300PE,PE,77300,2026-02-12,211595013,20,BFO,24
SENSEX,SENSEX2621277400PE,PE,77400,2026-02-12,211140869,20,BFO,24
SENSEX,SENSEX2621277400CE,CE,77400,2026-02-12,211769349,20,BFO,24
SENSEX,SENSEX2621277500CE,CE,77500,2026-02-12,211321861,20,BFO,24
SENSEX,SENSEX2621277500PE,PE,77500,2026-02-12,211709957,20,BFO,24
SENSEX,SENSEX2621277600PE,PE,77600,2026-02-12,211264005,20,BFO,24
SENSEX,SENSEX2621277600CE,CE,77600,2026-02-12,212843013,20,BFO,24
SENSEX,SENSEX2621277700CE,CE,77700,2026-02-12,211432709,20,BFO,24
SENSEX,SENSEX2621277700PE,PE,77700,2026-02-12,211821317,20,BFO,24
SENSEX,SENSEX2621277800CE,CE,77800,2026-02-12,210978309,20,BFO,24
SENSEX,SENSEX2621277800PE,PE,77800,2026-02-12,211376389,20,BFO,24
SENSEX,SENSEX2621277900CE,CE,77900,2026-02-12,211553285,20,BFO,24
SENSEX,SENSEX2621277900PE,PE,77900,2026-02-12,212896005,20,BFO,24
SENSEX,SENSEX2621278000PE,PE,78000,2026-02-12,211995397,20,BFO,24
SENSEX,SENSEX2621278000CE,CE,78000,2026-02-12,212752645,20,BFO,24
SENSEX,SENSEX2621278100CE,CE,78100,2026-02-12,212171269,20,BFO,24
SENSEX,SENSEX2621278100PE,PE,78100,2026-02-12,212690693,20,BFO,24
SENSEX,SENSEX2621278200PE,PE,78200,2026-02-12,212110853,20,BFO,24
SENSEX,SENSEX2621278200CE,CE,78200,2026-02-12,212879109,20,BFO,24
SENSEX,SENSEX2621278300CE,CE,78300,2026-02-12,212291077,20,BFO,24
SENSEX,SENSEX2621278300PE,PE,78300,2026-02-12,212815621,20,BFO,24
SENSEX,SENSEX2621278400CE,CE,78400,2026-02-12,211833861,20,BFO,24
SENSEX,SENSEX2621278400PE,PE,78400,2026-02-12,212227589,20,BFO,24
SENSEX,SENSEX2621278500CE,CE,78500,2026-02-12,212535557,20,BFO,24
SENSEX,SENSEX2621278500PE,PE,78500,2026-02-12,212936965,20,BFO,24
SENSEX,SENSEX2621278600CE,CE,78600,2026-02-12,211955973,20,BFO,24
SENSEX,SENSEX2621278600PE,PE,78600,2026-02-12,212346373,20,BFO,24
SENSEX,SENSEX2621278700PE,PE,78700,2026-02-12,211887109,20,BFO,24
SENSEX,SENSEX2621278700CE,CE,78700,2026-02-12,212653061,20,BFO,24
SENSEX,SENSEX2621278800CE,CE,78800,2026-02-12,212068869,20,BFO,24
SENSEX,SENSEX2621278800PE,PE,78800,2026-02-12,212593157,20,BFO,24
SENSEX,SENSEX2621278900CE,CE,78900,2026-02-12,211620101,20,BFO,24
SENSEX,SENSEX2621278900PE,PE,78900,2026-02-12,212010757,20,BFO,24
SENSEX,SENSEX2621279000PE,PE,79000,2026-02-12,211254277,20,BFO,24
SENSEX,SENSEX2621279000CE,CE,79000,2026-02-12,212830213,20,BFO,24
SENSEX,SENSEX2621279100CE,CE,79100,2026-02-12,211422469,20,BFO,24
SENSEX,SENSEX2621279100PE,PE,79100,2026-02-12,211811333,20,BFO,24
SENSEX,SENSEX2621279200PE,PE,79200,2026-02-12,211366149,20,BFO,24
SENSEX,SENSEX2621279200CE,CE,79200,2026-02-12,212946181,20,BFO,24
SENSEX,SENSEX2621279300CE,CE,79300,2026-02-12,211539973,20,BFO,24
SENSEX,SENSEX2621279300PE,PE,79300,2026-02-12,211926533,20,BFO,24
SENSEX,SENSEX2621279400CE,CE,79400,2026-02-12,211083781,20,BFO,24
SENSEX,SENSEX2621279400PE,PE,79400,2026-02-12,211473413,20,BFO,24
SENSEX,SENSEX2621279500PE,PE,79500,2026-02-12,211021061,20,BFO,24
SENSEX,SENSEX2621279500CE,CE,79500,2026-02-12,211659013,20,BFO,24
SENSEX,SENSEX2621279600CE,CE,79600,2026-02-12,211204869,20,BFO,24
SENSEX,SENSEX2621279600PE,PE,79600,2026-02-12,211595269,20,BFO,24
SENSEX,SENSEX2621279700PE,PE,79700,2026-02-12,211142405,20,BFO,24
SENSEX,SENSEX2621279700CE,CE,79700,2026-02-12,212714757,20,BFO,24
SENSEX,SENSEX2621279800CE,CE,79800,2026-02-12,211323141,20,BFO,24
SENSEX,SENSEX2621279800PE,PE,79800,2026-02-12,211710213,20,BFO,24
SENSEX,SENSEX2621279900PE,PE,79900,2026-02-12,211264261,20,BFO,24
SENSEX,SENSEX2621279900CE,CE,79900,2026-02-12,212844805,20,BFO,24
SENSEX,SENSEX2621280000CE,CE,80000,2026-02-12,212320005,20,BFO,24
SENSEX,SENSEX2621280000PE,PE,80000,2026-02-12,212845829,20,BFO,24
SENSEX,SENSEX2621280100CE,CE,80100,2026-02-12,211043077,20,BFO,24
SENSEX,SENSEX2621280100PE,PE,80100,2026-02-12,211433477,20,BFO,24
SENSEX,SENSEX2621280200PE,PE,80200,2026-02-12,210980613,20,BFO,24
SENSEX,SENSEX2621280200CE,CE,80200,2026-02-12,212564997,20,BFO,24
SENSEX,SENSEX2621280300CE,CE,80300,2026-02-12,211165445,20,BFO,24
SENSEX,SENSEX2621280300PE,PE,80300,2026-02-12,212499973,20,BFO,24
SENSEX,SENSEX2621280400PE,PE,80400,2026-02-12,211099397,20,BFO,24
SENSEX,SENSEX2621280400CE,CE,80400,2026-02-12,212677125,20,BFO,24
SENSEX,SENSEX2621280500CE,CE,80500,2026-02-12,212098309,20,BFO,24
SENSEX,SENSEX2621280500PE,PE,80500,2026-02-12,212618501,20,BFO,24
SENSEX,SENSEX2621280600PE,PE,80600,2026-02-12,211222021,20,BFO,24
SENSEX,SENSEX2621280600CE,CE,80600,2026-02-12,212800517,20,BFO,24
SENSEX,SENSEX2621280700CE,CE,80700,2026-02-12,212212485,20,BFO,24
SENSEX,SENSEX2621280700PE,PE,80700,2026-02-12,212728837,20,BFO,24
SENSEX,SENSEX2621280800PE,PE,80800,2026-02-12,212151045,20,BFO,24
SENSEX,SENSEX2621280800CE,CE,80800,2026-02-12,212918533,20,BFO,24
SENSEX,SENSEX2621280900CE,CE,80900,2026-02-12,212332805,20,BFO,24
SENSEX,SENSEX2621280900PE,PE,80900,2026-02-12,212854277,20,BFO,24
SENSEX,SENSEX2621281000CE,CE,81000,2026-02-12,211569413,20,BFO,24
SENSEX,SENSEX2621281000PE,PE,81000,2026-02-12,211957253,20,BFO,24
SENSEX,SENSEX2621281100PE,PE,81100,2026-02-12,211498245,20,BFO,24
SENSEX,SENSEX2621281100CE,CE,81100,2026-02-12,212132613,20,BFO,24
SENSEX,SENSEX2621281200CE,CE,81200,2026-02-12,211683589,20,BFO,24
SENSEX,SENSEX2621281200PE,PE,81200,2026-02-12,212071941,20,BFO,24
SENSEX,SENSEX2621281300CE,CE,81300,2026-02-12,211236101,20,BFO,24
SENSEX,SENSEX2621281300PE,PE,81300,2026-02-12,211621893,20,BFO,24
SENSEX,SENSEX2621281400CE,CE,81400,2026-02-12,211796229,20,BFO,24
SENSEX,SENSEX2621281400PE,PE,81400,2026-02-12,212186373,20,BFO,24
SENSEX,SENSEX2621281500CE,CE,81500,2026-02-12,211350789,20,BFO,24
SENSEX,SENSEX2621281500PE,PE,81500,2026-02-12,211737605,20,BFO,24
SENSEX,SENSEX2621281600PE,PE,81600,2026-02-12,211289605,20,BFO,24
SENSEX,SENSEX2621281600CE,CE,81600,2026-02-12,211910149,20,BFO,24
SENSEX,SENSEX2621281700CE,CE,81700,2026-02-12,211458821,20,BFO,24
SENSEX,SENSEX2621281700PE,PE,81700,2026-02-12,211846405,20,BFO,24
SENSEX,SENSEX2621281800CE,CE,81800,2026-02-12,211004677,20,BFO,24
SENSEX,SENSEX2621281800PE,PE,81800,2026-02-12,211403013,20,BFO,24
SENSEX,SENSEX2621281900CE,CE,81900,2026-02-12,211581957,20,BFO,24
SENSEX,SENSEX2621281900PE,PE,81900,2026-02-12,211969797,20,BFO,24
SENSEX,SENSEX2621282000PE,PE,82000,2026-02-12,211207429,20,BFO,24
SENSEX,SENSEX2621282000CE,CE,82000,2026-02-12,212785669,20,BFO,24
SENSEX,SENSEX2621282100CE,CE,82100,2026-02-12,212198661,20,BFO,24
SENSEX,SENSEX2621282100PE,PE,82100,2026-02-12,212716549,20,BFO,24
SENSEX,SENSEX2621282200PE,PE,82200,2026-02-12,211325189,20,BFO,24
SENSEX,SENSEX2621282200CE,CE,82200,2026-02-12,212905221,20,BFO,24
SENSEX,SENSEX2621282300CE,CE,82300,2026-02-12,212320773,20,BFO,24
SENSEX,SENSEX2621282300PE,PE,82300,2026-02-12,212846597,20,BFO,24
SENSEX,SENSEX2621282400CE,CE,82400,2026-02-12,211044101,20,BFO,24
SENSEX,SENSEX2621282400PE,PE,82400,2026-02-12,212254213,20,BFO,24
SENSEX,SENSEX2621282500PE,PE,82500,2026-02-12,210981637,20,BFO,24
SENSEX,SENSEX2621282500CE,CE,82500,2026-02-12,212565509,20,BFO,24
SENSEX,SENSEX2621282600CE,CE,82600,2026-02-12,211980293,20,BFO,24
SENSEX,SENSEX2621282600PE,PE,82600,2026-02-12,212501253,20,BFO,24
SENSEX,SENSEX2621282700PE,PE,82700,2026-02-12,211100933,20,BFO,24
SENSEX,SENSEX2621282700CE,CE,82700,2026-02-12,212677893,20,BFO,24
SENSEX,SENSEX2621282800CE,CE,82800,2026-02-12,212099077,20,BFO,24
SENSEX,SENSEX2621282800PE,PE,82800,2026-02-12,212619525,20,BFO,24
SENSEX,SENSEX2621282900PE,PE,82900,2026-02-12,211223045,20,BFO,24
SENSEX,SENSEX2621282900CE,CE,82900,2026-02-12,212801029,20,BFO,24
SENSEX,SENSEX2621283000CE,CE,83000,2026-02-12,211899141,20,BFO,24
SENSEX,SENSEX2621283000PE,PE,83000,2026-02-12,212294661,20,BFO,24
SENSEX,SENSEX2621283100CE,CE,83100,2026-02-12,211444997,20,BFO,24
SENSEX,SENSEX2621283100PE,PE,83100,2026-02-12,211836165,20,BFO,24
SENSEX,SENSEX2621283200PE,PE,83200,2026-02-12,211390981,20,BFO,24
SENSEX,SENSEX2621283200CE,CE,83200,2026-02-12,212018693,20,BFO,24
SENSEX,SENSEX2621283300CE,CE,83300,2026-02-12,211569925,20,BFO,24
SENSEX,SENSEX2621283300PE,PE,83300,2026-02-12,211958533,20,BFO,24
SENSEX,SENSEX2621283400CE,CE,83400,2026-02-12,211112197,20,BFO,24
SENSEX,SENSEX2621283400PE,PE,83400,2026-02-12,211499781,20,BFO,24
SENSEX,SENSEX2621283500CE,CE,83500,2026-02-12,211685125,20,BFO,24
SENSEX,SENSEX2621283500PE,PE,83500,2026-02-12,212073989,20,BFO,24
SENSEX,SENSEX2621283600CE,CE,83600,2026-02-12,211236869,20,BFO,24
SENSEX,SENSEX2621283600PE,PE,83600,2026-02-12,211622661,20,BFO,24
SENSEX,SENSEX2621283700PE,PE,83700,2026-02-12,211170821,20,BFO,24
SENSEX,SENSEX2621283700CE,CE,83700,2026-02-12,211796741,20,BFO,24
SENSEX,SENSEX2621283800CE,CE,83800,2026-02-12,211351557,20,BFO,24
SENSEX,SENSEX2621283800PE,PE,83800,2026-02-12,211738629,20,BFO,24
SENSEX,SENSEX2621283900PE,PE,83900,2026-02-12,211291397,20,BFO,24
SENSEX,SENSEX2621283900CE,CE,83900,2026-02-12,211911173,20,BFO,24
SENSEX,SENSEX2621284000CE,CE,84000,2026-02-12,211154949,20,BFO,24
SENSEX,SENSEX2621284000PE,PE,84000,2026-02-12,212487685,20,BFO,24
SENSEX,SENSEX2621284100PE,PE,84100,2026-02-12,211088133,20,BFO,24
SENSEX,SENSEX2621284100CE,CE,84100,2026-02-12,212667397,20,BFO,24
SENSEX,SENSEX2621284200CE,CE,84200,2026-02-12,212086021,20,BFO,24
SENSEX,SENSEX2621284200PE,PE,84200,2026-02-12,212607493,20,BFO,24
SENSEX,SENSEX2621284300PE,PE,84300,2026-02-12,211208709,20,BFO,24
SENSEX,SENSEX2621284300CE,CE,84300,2026-02-12,212786949,20,BFO,24
SENSEX,SENSEX2621284400PE,PE,84400,2026-02-12,212717317,20,BFO,24
SENSEX,SENSEX2621284400CE,CE,84400,2026-02-12,212200709,20,BFO,24
SENSEX,SENSEX2621284500PE,PE,84500,2026-02-12,212139269,20,BFO,24
SENSEX,SENSEX2621284500CE,CE,84500,2026-02-12,212907269,20,BFO,24
SENSEX,SENSEX2621284600CE,CE,84600,2026-02-12,212323077,20,BFO,24
SENSEX,SENSEX2621284600PE,PE,84600,2026-02-12,212847365,20,BFO,24
SENSEX,SENSEX2621284700CE,CE,84700,2026-02-12,211857669,20,BFO,24
SENSEX,SENSEX2621284700PE,PE,84700,2026-02-12,212256005,20,BFO,24
SENSEX,SENSEX2621284800PE,PE,84800,2026-02-12,210982917,20,BFO,24
SENSEX,SENSEX2621284800CE,CE,84800,2026-02-12,212567557,20,BFO,24
SENSEX,SENSEX2621284900CE,CE,84900,2026-02-12,211982085,20,BFO,24
SENSEX,SENSEX2621284900PE,PE,84900,2026-02-12,212503045,20,BFO,24
SENSEX,SENSEX2621285000CE,CE,85000,2026-02-12,211223301,20,BFO,24
SENSEX,SENSEX2621285000PE,PE,85000,2026-02-12,211609605,20,BFO,24
SENSEX,SENSEX2621285100CE,CE,85100,2026-02-12,211784965,20,BFO,24
SENSEX,SENSEX2621285100PE,PE,85100,2026-02-12,212174597,20,BFO,24
SENSEX,SENSEX2621285200CE,CE,85200,2026-02-12,211337989,20,BFO,24
SENSEX,SENSEX2621285200PE,PE,85200,2026-02-12,211728645,20,BFO,24
SENSEX,SENSEX2621285300PE,PE,85300,2026-02-12,211277829,20,BFO,24
SENSEX,SENSEX2621285300CE,CE,85300,2026-02-12,211899653,20,BFO,24
SENSEX,SENSEX2621285400CE,CE,85400,2026-02-12,211446277,20,BFO,24
SENSEX,SENSEX2621285400PE,PE,85400,2026-02-12,211837445,20,BFO,24
SENSEX,SENSEX2621285500CE,CE,85500,2026-02-12,210992901,20,BFO,24
SENSEX,SENSEX2621285500PE,PE,85500,2026-02-12,211392005,20,BFO,24
SENSEX,SENSEX2621285600CE,CE,85600,2026-02-12,211571717,20,BFO,24
SENSEX,SENSEX2621285600PE,PE,85600,2026-02-12,211959557,20,BFO,24
SENSEX,SENSEX2621285700CE,CE,85700,2026-02-12,211114245,20,BFO,24
SENSEX,SENSEX2621285700PE,PE,85700,2026-02-12,211501317,20,BFO,24
SENSEX,SENSEX2621285800CE,CE,85800,2026-02-12,211686917,20,BFO,24
SENSEX,SENSEX2621285800PE,PE,85800,2026-02-12,212075781,20,BFO,24
SENSEX,SENSEX2621285900CE,CE,85900,2026-02-12,211239685,20,BFO,24
SENSEX,SENSEX2621285900PE,PE,85900,2026-02-12,211623173,20,BFO,24
SENSEX,SENSEX2621286000CE,CE,86000,2026-02-12,212307717,20,BFO,24
SENSEX,SENSEX2621286000PE,PE,86000,2026-02-12,212834565,20,BFO,24
SENSEX,SENSEX2621286100CE,CE,86100,2026-02-12,211033605,20,BFO,24
SENSEX,SENSEX2621286100PE,PE,86100,2026-02-12,212241669,20,BFO,24
SENSEX,SENSEX2621286200CE,CE,86200,2026-02-12,212553477,20,BFO,24
SENSEX,SENSEX2621286200PE,PE,86200,2026-02-12,212951813,20,BFO,24
SENSEX,SENSEX2621286300CE,CE,86300,2026-02-12,211971589,20,BFO,24
SENSEX,SENSEX2621286300PE,PE,86300,2026-02-12,212489221,20,BFO,24
SENSEX,SENSEX2621286400PE,PE,86400,2026-02-12,211089413,20,BFO,24
SENSEX,SENSEX2621286400CE,CE,86400,2026-02-12,212668165,20,BFO,24
SENSEX,SENSEX2621286500CE,CE,86500,2026-02-12,212087557,20,BFO,24
SENSEX,SENSEX2621286500PE,PE,86500,2026-02-12,212608261,20,BFO,24
SENSEX,SENSEX2621286600PE,PE,86600,2026-02-12,211209733,20,BFO,24
SENSEX,SENSEX2621286600CE,CE,86600,2026-02-12,212788485,20,BFO,24
SENSEX,SENSEX2621286700CE,CE,86700,2026-02-12,212202757,20,BFO,24
SENSEX,SENSEX2621286700PE,PE,86700,2026-02-12,212718341,20,BFO,24
SENSEX,SENSEX2621286800PE,PE,86800,2026-02-12,212140037,20,BFO,24
SENSEX,SENSEX2621286800CE,CE,86800,2026-02-12,212908549,20,BFO,24
SENSEX,SENSEX2621286900CE,CE,86900,2026-02-12,212323589,20,BFO,24
SENSEX,SENSEX2621286900PE,PE,86900,2026-02-12,212847621,20,BFO,24
SENSEX,SENSEX2621287000CE,CE,87000,2026-02-12,211558405,20,BFO,24
SENSEX,SENSEX2621287000PE,PE,87000,2026-02-12,211944709,20,BFO,24
SENSEX,SENSEX2621287100CE,CE,87100,2026-02-12,211102469,20,BFO,24
SENSEX,SENSEX2621287100PE,PE,87100,2026-02-12,211489029,20,BFO,24
SENSEX,SENSEX2621287200CE,CE,87200,2026-02-12,211675653,20,BFO,24
SENSEX,SENSEX2621287200PE,PE,87200,2026-02-12,212061701,20,BFO,24
SENSEX,SENSEX2621287300CE,CE,87300,2026-02-12,211224325,20,BFO,24
SENSEX,SENSEX2621287300PE,PE,87300,2026-02-12,211610885,20,BFO,24
SENSEX,SENSEX2621287400PE,PE,87400,2026-02-12,211161093,20,BFO,24
SENSEX,SENSEX2621287400CE,CE,87400,2026-02-12,211786501,20,BFO,24
SENSEX,SENSEX2621287500CE,CE,87500,2026-02-12,211339525,20,BFO,24
SENSEX,SENSEX2621287500PE,PE,87500,2026-02-12,211730181,20,BFO,24
SENSEX,SENSEX2621287600PE,PE,87600,2026-02-12,211279365,20,BFO,24
SENSEX,SENSEX2621287600CE,CE,87600,2026-02-12,211900677,20,BFO,24
SENSEX,SENSEX2621287700CE,CE,87700,2026-02-12,211447301,20,BFO,24
SENSEX,SENSEX2621287700PE,PE,87700,2026-02-12,211838981,20,BFO,24
SENSEX,SENSEX2621287800CE,CE,87800,2026-02-12,210993925,20,BFO,24
SENSEX,SENSEX2621287800PE,PE,87800,2026-02-12,211392773,20,BFO,24
SENSEX,SENSEX2621287900CE,CE,87900,2026-02-12,211572741,20,BFO,24
SENSEX,SENSEX2621287900PE,PE,87900,2026-02-12,211960581,20,BFO,24
SENSEX,SENSEX2621288000PE,PE,88000,2026-02-12,211198469,20,BFO,24
SENSEX,SENSEX2621288000CE,CE,88000,2026-02-12,212772101,20,BFO,24
SENSEX,SENSEX2621288100CE,CE,88100,2026-02-12,212188165,20,BFO,24
SENSEX,SENSEX2621288100PE,PE,88100,2026-02-12,212707333,20,BFO,24
SENSEX,SENSEX2621288200PE,PE,88200,2026-02-12,212125957,20,BFO,24
SENSEX,SENSEX2621288200CE,CE,88200,2026-02-12,212896261,20,BFO,24
SENSEX,SENSEX2621288300CE,CE,88300,2026-02-12,212309253,20,BFO,24
SENSEX,SENSEX2621288300PE,PE,88300,2026-02-12,212835845,20,BFO,24
SENSEX,SENSEX2621288400CE,CE,88400,2026-02-12,211847685,20,BFO,24
SENSEX,SENSEX2621288400PE,PE,88400,2026-02-12,212242437,20,BFO,24
SENSEX,SENSEX2621288500PE,PE,88500,2026-02-12,210972165,20,BFO,24
SENSEX,SENSEX2621288500CE,CE,88500,2026-02-12,212555269,20,BFO,24
SENSEX,SENSEX2621288600CE,CE,88600,2026-02-12,211972357,20,BFO,24
SENSEX,SENSEX2621288600PE,PE,88600,2026-02-12,212490245,20,BFO,24
SENSEX,SENSEX2621288700PE,PE,88700,2026-02-12,211091461,20,BFO,24
SENSEX,SENSEX2621288700CE,CE,88700,2026-02-12,212669445,20,BFO,24
SENSEX,SENSEX2621288800CE,CE,88800,2026-02-12,212088581,20,BFO,24
SENSEX,SENSEX2621288800PE,PE,88800,2026-02-12,212609029,20,BFO,24
SENSEX,SENSEX2621288900PE,PE,88900,2026-02-12,212024837,20,BFO,24
SENSEX,SENSEX2621288900CE,CE,88900,2026-02-12,212789765,20,BFO,24
SENSEX,SENSEX2621289000PE,PE,89000,2026-02-12,211267077,20,BFO,24
SENSEX,SENSEX2621289000CE,CE,89000,2026-02-12,211888133,20,BFO,24
SENSEX,SENSEX2621289100CE,CE,89100,2026-02-12,211436805,20,BFO,24
SENSEX,SENSEX2621289100PE,PE,89100,2026-02-12,211826181,20,BFO,24
SENSEX,SENSEX2621289200CE,CE,89200,2026-02-12,210983685,20,BFO,24
SENSEX,SENSEX2621289200PE,PE,89200,2026-02-12,211380741,20,BFO,24
SENSEX,SENSEX2621289300CE,CE,89300,2026-02-12,211558661,20,BFO,24
SENSEX,SENSEX2621289300PE,PE,89300,2026-02-12,211945221,20,BFO,24
SENSEX,SENSEX2621289400CE,CE,89400,2026-02-12,211103493,20,BFO,24
SENSEX,SENSEX2621289400PE,PE,89400,2026-02-12,211490053,20,BFO,24
SENSEX,SENSEX2621289500CE,CE,89500,2026-02-12,211676421,20,BFO,24
SENSEX,SENSEX2621289500PE,PE,89500,2026-02-12,212062725,20,BFO,24
SENSEX,SENSEX2621289600CE,CE,89600,2026-02-12,211226117,20,BFO,24
SENSEX,SENSEX2621289600PE,PE,89600,2026-02-12,211611909,20,BFO,24
SENSEX,SENSEX2621289700PE,PE,89700,2026-02-12,211161349,20,BFO,24
SENSEX,SENSEX2621289700CE,CE,89700,2026-02-12,211787781,20,BFO,24
SENSEX,SENSEX2621289800CE,CE,89800,2026-02-12,211340549,20,BFO,24
SENSEX,SENSEX2621289800PE,PE,89800,2026-02-12,211731461,20,BFO,24
SENSEX,SENSEX2621289900PE,PE,89900,2026-02-12,211279621,20,BFO,24
SENSEX,SENSEX2621289900CE,CE,89900,2026-02-12,212859141,20,BFO,24
SENSEX,SENSEX2621290000CE,CE,90000,2026-02-12,211514629,20,BFO,24
SENSEX,SENSEX2621290000PE,PE,90000,2026-02-12,212860165,20,BFO,24
SENSEX,SENSEX2621290100CE,CE,90100,2026-02-12,211059461,20,BFO,24
SENSEX,SENSEX2621290100PE,PE,90100,2026-02-12,211450629,20,BFO,24
SENSEX,SENSEX2621290200PE,PE,90200,2026-02-12,210995461,20,BFO,24
SENSEX,SENSEX2621290200CE,CE,90200,2026-02-12,212581381,20,BFO,24
SENSEX,SENSEX2621290300CE,CE,90300,2026-02-12,211182341,20,BFO,24
SENSEX,SENSEX2621290300PE,PE,90300,2026-02-12,211575813,20,BFO,24
SENSEX,SENSEX2621290400PE,PE,90400,2026-02-12,211117061,20,BFO,24
SENSEX,SENSEX2621290400CE,CE,90400,2026-02-12,212691461,20,BFO,24
SENSEX,SENSEX2621290500CE,CE,90500,2026-02-12,211302661,20,BFO,24
SENSEX,SENSEX2621290500PE,PE,90500,2026-02-12,212635141,20,BFO,24
SENSEX,SENSEX2621290600PE,PE,90600,2026-02-12,211244037,20,BFO,24
SENSEX,SENSEX2621290600CE,CE,90600,2026-02-12,212816389,20,BFO,24
SENSEX,SENSEX2621290700CE,CE,90700,2026-02-12,212228357,20,BFO,24
SENSEX,SENSEX2621290700PE,PE,90700,2026-02-12,212744197,20,BFO,24
SENSEX,SENSEX2621290800PE,PE,90800,2026-02-12,211356933,20,BFO,24
SENSEX,SENSEX2621290800CE,CE,90800,2026-02-12,212937221,20,BFO,24
SENSEX,SENSEX2621290900CE,CE,90900,2026-02-12,212347397,20,BFO,24
SENSEX,SENSEX2621290900PE,PE,90900,2026-02-12,212873221,20,BFO,24
SENSEX,SENSEX2621291000CE,CE,91000,2026-02-12,211585541,20,BFO,24
SENSEX,SENSEX2621291000PE,PE,91000,2026-02-12,211974661,20,BFO,24
SENSEX,SENSEX2621291100CE,CE,91100,2026-02-12,212151557,20,BFO,24
SENSEX,SENSEX2621291100PE,PE,91100,2026-02-12,212670981,20,BFO,24
SENSEX,SENSEX2621291200CE,CE,91200,2026-02-12,211700485,20,BFO,24
SENSEX,SENSEX2621291200PE,PE,91200,2026-02-12,212090629,20,BFO,24
SENSEX,SENSEX2621291300PE,PE,91300,2026-02-12,211639045,20,BFO,24
SENSEX,SENSEX2621291300CE,CE,91300,2026-02-12,212268293,20,BFO,24
SENSEX,SENSEX2621291400CE,CE,91400,2026-02-12,211812101,20,BFO,24
SENSEX,SENSEX2621291400PE,PE,91400,2026-02-12,212205061,20,BFO,24
SENSEX,SENSEX2621291500CE,CE,91500,2026-02-12,211367173,20,BFO,24
SENSEX,SENSEX2621291500PE,PE,91500,2026-02-12,211752197,20,BFO,24
SENSEX,SENSEX2621291600CE,CE,91600,2026-02-12,211927813,20,BFO,24
SENSEX,SENSEX2621291600PE,PE,91600,2026-02-12,212326917,20,BFO,24
SENSEX,SENSEX2621291700CE,CE,91700,2026-02-12,211474437,20,BFO,24
SENSEX,SENSEX2621291700PE,PE,91700,2026-02-12,211860485,20,BFO,24
SENSEX,SENSEX2621291800PE,PE,91800,2026-02-12,211417349,20,BFO,24
SENSEX,SENSEX2621291800CE,CE,91800,2026-02-12,212046085,20,BFO,24
SENSEX,SENSEX2621291900CE,CE,91900,2026-02-12,211596549,20,BFO,24
SENSEX,SENSEX2621291900PE,PE,91900,2026-02-12,211986181,20,BFO,24
SENSEX,SENSEX2621292000PE,PE,92000,2026-02-12,211228421,20,BFO,24
SENSEX,SENSEX2621292000CE,CE,92000,2026-02-12,212804101,20,BFO,24
SENSEX,SENSEX2621292100CE,CE,92100,2026-02-12,211403525,20,BFO,24
SENSEX,SENSEX2621292100PE,PE,92100,2026-02-12,212733189,20,BFO,24
SENSEX,SENSEX2621292200PE,PE,92200,2026-02-12,211343621,20,BFO,24
SENSEX,SENSEX2621292200CE,CE,92200,2026-02-12,212923653,20,BFO,24
SENSEX,SENSEX2621292300CE,CE,92300,2026-02-12,212336645,20,BFO,24
SENSEX,SENSEX2621292300PE,PE,92300,2026-02-12,212861445,20,BFO,24
SENSEX,SENSEX2621292400CE,CE,92400,2026-02-12,211060485,20,BFO,24
SENSEX,SENSEX2621292400PE,PE,92400,2026-02-12,211452165,20,BFO,24
SENSEX,SENSEX2621292500PE,PE,92500,2026-02-12,210996485,20,BFO,24
SENSEX,SENSEX2621292500CE,CE,92500,2026-02-12,212582149,20,BFO,24
SENSEX,SENSEX2621292600CE,CE,92600,2026-02-12,211183109,20,BFO,24
SENSEX,SENSEX2621292600PE,PE,92600,2026-02-12,212519173,20,BFO,24
SENSEX,SENSEX2621292700PE,PE,92700,2026-02-12,211118085,20,BFO,24
SENSEX,SENSEX2621292700CE,CE,92700,2026-02-12,212692229,20,BFO,24
SENSEX,SENSEX2621292800CE,CE,92800,2026-02-12,212112645,20,BFO,24
SENSEX,SENSEX2621292800PE,PE,92800,2026-02-12,212636677,20,BFO,24
SENSEX,SENSEX2621292900PE,PE,92900,2026-02-12,211245317,20,BFO,24
SENSEX,SENSEX2621292900CE,CE,92900,2026-02-12,212817157,20,BFO,24
SENSEX,SENSEX2621293000CE,CE,93000,2026-02-12,211915013,20,BFO,24
SENSEX,SENSEX2621293000PE,PE,93000,2026-02-12,212311813,20,BFO,24
SENSEX,SENSEX2621293100CE,CE,93100,2026-02-12,211463685,20,BFO,24
SENSEX,SENSEX2621293100PE,PE,93100,2026-02-12,211848965,20,BFO,24
SENSEX,SENSEX2621293200CE,CE,93200,2026-02-12,212034309,20,BFO,24
SENSEX,SENSEX2621293200PE,PE,93200,2026-02-12,212558853,20,BFO,24
SENSEX,SENSEX2621293300CE,CE,93300,2026-02-12,211587077,20,BFO,24
SENSEX,SENSEX2621293300PE,PE,93300,2026-02-12,211975685,20,BFO,24
SENSEX,SENSEX2621975900CE,CE,75900,2026-02-19,214355973,20,BFO,31
SENSEX,SENSEX2621975900PE,PE,75900,2026-02-19,214476293,20,BFO,31
SENSEX,SENSEX2621976000PE,PE,76000,2026-02-19,214265349,20,BFO,31
SENSEX,SENSEX2621976000CE,CE,76000,2026-02-19,214388741,20,BFO,31
SENSEX,SENSEX2621976100PE,PE,76100,2026-02-19,214347525,20,BFO,31
SENSEX,SENSEX2621976100CE,CE,76100,2026-02-19,214464517,20,BFO,31
SENSEX,SENSEX2621976200PE,PE,76200,2026-02-19,214312453,20,BFO,31
SENSEX,SENSEX2621976200CE,CE,76200,2026-02-19,214431749,20,BFO,31
SENSEX,SENSEX2621976300CE,CE,76300,2026-02-19,214269445,20,BFO,31
SENSEX,SENSEX2621976300PE,PE,76300,2026-02-19,214395397,20,BFO,31
SENSEX,SENSEX2621976400CE,CE,76400,2026-02-19,214237701,20,BFO,31
SENSEX,SENSEX2621976400PE,PE,76400,2026-02-19,214471173,20,BFO,31
SENSEX,SENSEX2621976500CE,CE,76500,2026-02-19,214318597,20,BFO,31
SENSEX,SENSEX2621976500PE,PE,76500,2026-02-19,214441477,20,BFO,31
SENSEX,SENSEX2621976600PE,PE,76600,2026-02-19,214277381,20,BFO,31
SENSEX,SENSEX2621976600CE,CE,76600,2026-02-19,214399493,20,BFO,31
SENSEX,SENSEX2621976700PE,PE,76700,2026-02-19,214247173,20,BFO,31
SENSEX,SENSEX2621976700CE,CE,76700,2026-02-19,214371845,20,BFO,31
SENSEX,SENSEX2621976800PE,PE,76800,2026-02-19,214328581,20,BFO,31
SENSEX,SENSEX2621976800CE,CE,76800,2026-02-19,214448133,20,BFO,31
SENSEX,SENSEX2621976900PE,PE,76900,2026-02-19,214408453,20,BFO,31
SENSEX,SENSEX2621976900CE,CE,76900,2026-02-19,214417669,20,BFO,31
SENSEX,SENSEX2621977000PE,PE,77000,2026-02-19,214331141,20,BFO,31
SENSEX,SENSEX2621977000CE,CE,77000,2026-02-19,214449925,20,BFO,31
SENSEX,SENSEX2621977100CE,CE,77100,2026-02-19,214283525,20,BFO,31
SENSEX,SENSEX2621977100PE,PE,77100,2026-02-19,214410245,20,BFO,31
SENSEX,SENSEX2621977200PE,PE,77200,2026-02-19,214242565,20,BFO,31
SENSEX,SENSEX2621977200CE,CE,77200,2026-02-19,214254341,20,BFO,31
SENSEX,SENSEX2621977300CE,CE,77300,2026-02-19,214336517,20,BFO,31
SENSEX,SENSEX2621977300PE,PE,77300,2026-02-19,214459909,20,BFO,31
SENSEX,SENSEX2621977400PE,PE,77400,2026-02-19,214292229,20,BFO,31
SENSEX,SENSEX2621977400CE,CE,77400,2026-02-19,214414597,20,BFO,31
SENSEX,SENSEX2621977500PE,PE,77500,2026-02-19,214264581,20,BFO,31
SENSEX,SENSEX2621977500CE,CE,77500,2026-02-19,214387973,20,BFO,31
SENSEX,SENSEX2621977600PE,PE,77600,2026-02-19,214346501,20,BFO,31
SENSEX,SENSEX2621977600CE,CE,77600,2026-02-19,214463749,20,BFO,31
SENSEX,SENSEX2621977700PE,PE,77700,2026-02-19,214422021,20,BFO,31
SENSEX,SENSEX2621977700CE,CE,77700,2026-02-19,214430725,20,BFO,31
SENSEX,SENSEX2621977800CE,CE,77800,2026-02-19,214268933,20,BFO,31
SENSEX,SENSEX2621977800PE,PE,77800,2026-02-19,214395141,20,BFO,31
SENSEX,SENSEX2621977900CE,CE,77900,2026-02-19,214351109,20,BFO,31
SENSEX,SENSEX2621977900PE,PE,77900,2026-02-19,214470917,20,BFO,31
SENSEX,SENSEX2621978000PE,PE,78000,2026-02-19,214258949,20,BFO,31
SENSEX,SENSEX2621978000CE,CE,78000,2026-02-19,214270469,20,BFO,31
SENSEX,SENSEX2621978100CE,CE,78100,2026-02-19,214353413,20,BFO,31
SENSEX,SENSEX2621978100PE,PE,78100,2026-02-19,214472709,20,BFO,31
SENSEX,SENSEX2621978200PE,PE,78200,2026-02-19,214308357,20,BFO,31
SENSEX,SENSEX2621978200CE,CE,78200,2026-02-19,214427909,20,BFO,31
SENSEX,SENSEX2621978300PE,PE,78300,2026-02-19,214279173,20,BFO,31
SENSEX,SENSEX2621978300CE,CE,78300,2026-02-19,214401029,20,BFO,31
SENSEX,SENSEX2621978400PE,PE,78400,2026-02-19,214362373,20,BFO,31
SENSEX,SENSEX2621978400CE,CE,78400,2026-02-19,214477317,20,BFO,31
SENSEX,SENSEX2621978500PE,PE,78500,2026-02-19,214436613,20,BFO,31
SENSEX,SENSEX2621978500CE,CE,78500,2026-02-19,214449413,20,BFO,31
SENSEX,SENSEX2621978600CE,CE,78600,2026-02-19,214283013,20,BFO,31
SENSEX,SENSEX2621978600PE,PE,78600,2026-02-19,214409989,20,BFO,31
SENSEX,SENSEX2621978700PE,PE,78700,2026-02-19,214242309,20,BFO,31
SENSEX,SENSEX2621978700CE,CE,78700,2026-02-19,214366213,20,BFO,31
SENSEX,SENSEX2621978800CE,CE,78800,2026-02-19,214335749,20,BFO,31
SENSEX,SENSEX2621978800PE,PE,78800,2026-02-19,214459653,20,BFO,31
SENSEX,SENSEX2621978900PE,PE,78900,2026-02-19,214291461,20,BFO,31
SENSEX,SENSEX2621978900CE,CE,78900,2026-02-19,214414341,20,BFO,31
SENSEX,SENSEX2621979000PE,PE,79000,2026-02-19,214325765,20,BFO,31
SENSEX,SENSEX2621979000CE,CE,79000,2026-02-19,214443013,20,BFO,31
SENSEX,SENSEX2621979100PE,PE,79100,2026-02-19,214293253,20,BFO,31
SENSEX,SENSEX2621979100CE,CE,79100,2026-02-19,214415621,20,BFO,31
SENSEX,SENSEX2621979200CE,CE,79200,2026-02-19,214249477,20,BFO,31
SENSEX,SENSEX2621979200PE,PE,79200,2026-02-19,214377733,20,BFO,31
SENSEX,SENSEX2621979300PE,PE,79300,2026-02-19,214454533,20,BFO,31
SENSEX,SENSEX2621979300CE,CE,79300,2026-02-19,214465541,20,BFO,31
SENSEX,SENSEX2621979400CE,CE,79400,2026-02-19,214298885,20,BFO,31
SENSEX,SENSEX2621979400PE,PE,79400,2026-02-19,214422789,20,BFO,31
SENSEX,SENSEX2621979500PE,PE,79500,2026-02-19,214258693,20,BFO,31
SENSEX,SENSEX2621979500CE,CE,79500,2026-02-19,214382853,20,BFO,31
SENSEX,SENSEX2621979600CE,CE,79600,2026-02-19,214352901,20,BFO,31
SENSEX,SENSEX2621979600PE,PE,79600,2026-02-19,214472197,20,BFO,31
SENSEX,SENSEX2621979700PE,PE,79700,2026-02-19,214307333,20,BFO,31
SENSEX,SENSEX2621979700CE,CE,79700,2026-02-19,214427653,20,BFO,31
SENSEX,SENSEX2621979800PE,PE,79800,2026-02-19,214390789,20,BFO,31
SENSEX,SENSEX2621979800CE,CE,79800,2026-02-19,214400517,20,BFO,31
SENSEX,SENSEX2621979900PE,PE,79900,2026-02-19,214362117,20,BFO,31
SENSEX,SENSEX2621979900CE,CE,79900,2026-02-19,214477061,20,BFO,31
SENSEX,SENSEX2621980000PE,PE,80000,2026-02-19,214238981,20,BFO,31
SENSEX,SENSEX2621980000CE,CE,80000,2026-02-19,214363653,20,BFO,31
SENSEX,SENSEX2621980100PE,PE,80100,2026-02-19,214320133,20,BFO,31
SENSEX,SENSEX2621980100CE,CE,80100,2026-02-19,214332421,20,BFO,31
SENSEX,SENSEX2621980200PE,PE,80200,2026-02-19,214287877,20,BFO,31
SENSEX,SENSEX2621980200CE,CE,80200,2026-02-19,214411269,20,BFO,31
SENSEX,SENSEX2621980300CE,CE,80300,2026-02-19,214243845,20,BFO,31
SENSEX,SENSEX2621980300PE,PE,80300,2026-02-19,214373381,20,BFO,31
SENSEX,SENSEX2621980400PE,PE,80400,2026-02-19,214341637,20,BFO,31
SENSEX,SENSEX2621980400CE,CE,80400,2026-02-19,214460933,20,BFO,31
SENSEX,SENSEX2621980500CE,CE,80500,2026-02-19,214292741,20,BFO,31
SENSEX,SENSEX2621980500PE,PE,80500,2026-02-19,214417925,20,BFO,31
SENSEX,SENSEX2621980600CE,CE,80600,2026-02-19,214265861,20,BFO,31
SENSEX,SENSEX2621980600PE,PE,80600,2026-02-19,214392581,20,BFO,31
SENSEX,SENSEX2621980700CE,CE,80700,2026-02-19,214348293,20,BFO,31
SENSEX,SENSEX2621980700PE,PE,80700,2026-02-19,214467589,20,BFO,31
SENSEX,SENSEX2621980800PE,PE,80800,2026-02-19,214302213,20,BFO,31
SENSEX,SENSEX2621980800CE,CE,80800,2026-02-19,214313221,20,BFO,31
SENSEX,SENSEX2621980900PE,PE,80900,2026-02-19,214273797,20,BFO,31
SENSEX,SENSEX2621980900CE,CE,80900,2026-02-19,214395653,20,BFO,31
SENSEX,SENSEX2621981000PE,PE,81000,2026-02-19,214304517,20,BFO,31
SENSEX,SENSEX2621981000CE,CE,81000,2026-02-19,214424837,20,BFO,31
SENSEX,SENSEX2621981100CE,CE,81100,2026-02-19,214260229,20,BFO,31
SENSEX,SENSEX2621981100PE,PE,81100,2026-02-19,214388997,20,BFO,31
SENSEX,SENSEX2621981200PE,PE,81200,2026-02-19,214357509,20,BFO,31
SENSEX,SENSEX2621981200CE,CE,81200,2026-02-19,214474501,20,BFO,31
SENSEX,SENSEX2621981300CE,CE,81300,2026-02-19,214308869,20,BFO,31
SENSEX,SENSEX2621981300PE,PE,81300,2026-02-19,214432005,20,BFO,31
SENSEX,SENSEX2621981400PE,PE,81400,2026-02-19,214269701,20,BFO,31
SENSEX,SENSEX2621981400CE,CE,81400,2026-02-19,214280453,20,BFO,31
SENSEX,SENSEX2621981500PE,PE,81500,2026-02-19,214237957,20,BFO,31
SENSEX,SENSEX2621981500CE,CE,81500,2026-02-19,214363397,20,BFO,31
SENSEX,SENSEX2621981600PE,PE,81600,2026-02-19,214318853,20,BFO,31
SENSEX,SENSEX2621981600CE,CE,81600,2026-02-19,214331909,20,BFO,31
SENSEX,SENSEX2621981700PE,PE,81700,2026-02-19,214287109,20,BFO,31
SENSEX,SENSEX2621981700CE,CE,81700,2026-02-19,214410757,20,BFO,31
SENSEX,SENSEX2621981800CE,CE,81800,2026-02-19,214243333,20,BFO,31
SENSEX,SENSEX2621981800PE,PE,81800,2026-02-19,214372101,20,BFO,31
SENSEX,SENSEX2621981900PE,PE,81900,2026-02-19,214341125,20,BFO,31
SENSEX,SENSEX2621981900CE,CE,81900,2026-02-19,214460421,20,BFO,31
SENSEX,SENSEX2621982000CE,CE,82000,2026-02-19,214245637,20,BFO,31
SENSEX,SENSEX2621982000PE,PE,82000,2026-02-19,214374149,20,BFO,31
SENSEX,SENSEX2621982100CE,CE,82100,2026-02-19,214327045,20,BFO,31
SENSEX,SENSEX2621982100PE,PE,82100,2026-02-19,214450181,20,BFO,31
SENSEX,SENSEX2621982200PE,PE,82200,2026-02-19,214283781,20,BFO,31
SENSEX,SENSEX2621982200CE,CE,82200,2026-02-19,214295045,20,BFO,31
SENSEX,SENSEX2621982300PE,PE,82300,2026-02-19,214254597,20,BFO,31
SENSEX,SENSEX2621982300CE,CE,82300,2026-02-19,214379013,20,BFO,31
SENSEX,SENSEX2621982400PE,PE,82400,2026-02-19,214336773,20,BFO,31
SENSEX,SENSEX2621982400CE,CE,82400,2026-02-19,214455813,20,BFO,31
SENSEX,SENSEX2621982500PE,PE,82500,2026-02-19,214303493,20,BFO,31
SENSEX,SENSEX2621982500CE,CE,82500,2026-02-19,214424325,20,BFO,31
SENSEX,SENSEX2621982600CE,CE,82600,2026-02-19,214259973,20,BFO,31
SENSEX,SENSEX2621982600PE,PE,82600,2026-02-19,214388485,20,BFO,31
SENSEX,SENSEX2621982700PE,PE,82700,2026-02-19,214357253,20,BFO,31
SENSEX,SENSEX2621982700CE,CE,82700,2026-02-19,214473477,20,BFO,31
SENSEX,SENSEX2621982800CE,CE,82800,2026-02-19,214308613,20,BFO,31
SENSEX,SENSEX2621982800PE,PE,82800,2026-02-19,214431493,20,BFO,31
SENSEX,SENSEX2621982900PE,PE,82900,2026-02-19,214269189,20,BFO,31
SENSEX,SENSEX2621982900CE,CE,82900,2026-02-19,214279429,20,BFO,31
SENSEX,SENSEX2621983000PE,PE,83000,2026-02-19,214299397,20,BFO,31
SENSEX,SENSEX2621983000CE,CE,83000,2026-02-19,214310149,20,BFO,31
SENSEX,SENSEX2621983100PE,PE,83100,2026-02-19,214270725,20,BFO,31
SENSEX,SENSEX2621983100CE,CE,83100,2026-02-19,214393349,20,BFO,31
SENSEX,SENSEX2621983200PE,PE,83200,2026-02-19,214353669,20,BFO,31
SENSEX,SENSEX2621983200CE,CE,83200,2026-02-19,214468613,20,BFO,31
SENSEX,SENSEX2621983300PE,PE,83300,2026-02-19,214321157,20,BFO,31
SENSEX,SENSEX2621983300CE,CE,83300,2026-02-19,214439429,20,BFO,31
SENSEX,SENSEX2621983400CE,CE,83400,2026-02-19,214274821,20,BFO,31
SENSEX,SENSEX2621983400PE,PE,83400,2026-02-19,214401541,20,BFO,31
SENSEX,SENSEX2621983500CE,CE,83500,2026-02-19,214245125,20,BFO,31
SENSEX,SENSEX2621983500PE,PE,83500,2026-02-19,214373893,20,BFO,31
SENSEX,SENSEX2621983600CE,CE,83600,2026-02-19,214326277,20,BFO,31
SENSEX,SENSEX2621983600PE,PE,83600,2026-02-19,214449669,20,BFO,31
SENSEX,SENSEX2621983700PE,PE,83700,2026-02-19,214283269,20,BFO,31
SENSEX,SENSEX2621983700CE,CE,83700,2026-02-19,214293765,20,BFO,31
SENSEX,SENSEX2621983800PE,PE,83800,2026-02-19,214253829,20,BFO,31
SENSEX,SENSEX2621983800CE,CE,83800,2026-02-19,214378245,20,BFO,31
SENSEX,SENSEX2621983900PE,PE,83900,2026-02-19,214336261,20,BFO,31
SENSEX,SENSEX2621983900CE,CE,83900,2026-02-19,214455301,20,BFO,31
SENSEX,SENSEX2621984000CE,CE,84000,2026-02-19,214240005,20,BFO,31
SENSEX,SENSEX2621984000PE,PE,84000,2026-02-19,214369029,20,BFO,31
SENSEX,SENSEX2621984100PE,PE,84100,2026-02-19,214338309,20,BFO,31
SENSEX,SENSEX2621984100CE,CE,84100,2026-02-19,214457861,20,BFO,31
SENSEX,SENSEX2621984200CE,CE,84200,2026-02-19,214289413,20,BFO,31
SENSEX,SENSEX2621984200PE,PE,84200,2026-02-19,214415877,20,BFO,31
SENSEX,SENSEX2621984300CE,CE,84300,2026-02-19,214262021,20,BFO,31
SENSEX,SENSEX2621984300PE,PE,84300,2026-02-19,214389509,20,BFO,31
SENSEX,SENSEX2621984400CE,CE,84400,2026-02-19,214342917,20,BFO,31
SENSEX,SENSEX2621984400PE,PE,84400,2026-02-19,214465797,20,BFO,31
SENSEX,SENSEX2621984500PE,PE,84500,2026-02-19,214299141,20,BFO,31
SENSEX,SENSEX2621984500CE,CE,84500,2026-02-19,214309637,20,BFO,31
SENSEX,SENSEX2621984600PE,PE,84600,2026-02-19,214270213,20,BFO,31
SENSEX,SENSEX2621984600CE,CE,84600,2026-02-19,214393093,20,BFO,31
SENSEX,SENSEX2621984700PE,PE,84700,2026-02-19,214353157,20,BFO,31
SENSEX,SENSEX2621984700CE,CE,84700,2026-02-19,214468357,20,BFO,31
SENSEX,SENSEX2621984800PE,PE,84800,2026-02-19,214320645,20,BFO,31
SENSEX,SENSEX2621984800CE,CE,84800,2026-02-19,214438405,20,BFO,31
SENSEX,SENSEX2621984900CE,CE,84900,2026-02-19,214274309,20,BFO,31
SENSEX,SENSEX2621984900PE,PE,84900,2026-02-19,214400773,20,BFO,31
SENSEX,SENSEX2621985000CE,CE,85000,2026-02-19,214305797,20,BFO,31
SENSEX,SENSEX2621985000PE,PE,85000,2026-02-19,214429445,20,BFO,31
SENSEX,SENSEX2621985100PE,PE,85100,2026-02-19,214266629,20,BFO,31
SENSEX,SENSEX2621985100CE,CE,85100,2026-02-19,214276357,20,BFO,31
SENSEX,SENSEX2621985200CE,CE,85200,2026-02-19,214358277,20,BFO,31
SENSEX,SENSEX2621985200PE,PE,85200,2026-02-19,214479621,20,BFO,31
SENSEX,SENSEX2621985300PE,PE,85300,2026-02-19,214314757,20,BFO,31
SENSEX,SENSEX2621985300CE,CE,85300,2026-02-19,214327557,20,BFO,31
SENSEX,SENSEX2621985400PE,PE,85400,2026-02-19,214285317,20,BFO,31
SENSEX,SENSEX2621985400CE,CE,85400,2026-02-19,214406661,20,BFO,31
SENSEX,SENSEX2621985500CE,CE,85500,2026-02-19,214239749,20,BFO,31
SENSEX,SENSEX2621985500PE,PE,85500,2026-02-19,214368517,20,BFO,31
SENSEX,SENSEX2621985600PE,PE,85600,2026-02-19,214337797,20,BFO,31
SENSEX,SENSEX2621985600CE,CE,85600,2026-02-19,214457093,20,BFO,31
SENSEX,SENSEX2621985700CE,CE,85700,2026-02-19,214288389,20,BFO,31
SENSEX,SENSEX2621985700PE,PE,85700,2026-02-19,214415365,20,BFO,31
SENSEX,SENSEX2621985800PE,PE,85800,2026-02-19,214248965,20,BFO,31
SENSEX,SENSEX2621985800CE,CE,85800,2026-02-19,214261253,20,BFO,31
SENSEX,SENSEX2621985900CE,CE,85900,2026-02-19,214342405,20,BFO,31
SENSEX,SENSEX2621985900PE,PE,85900,2026-02-19,214465285,20,BFO,31
SENSEX,SENSEX2621986000PE,PE,86000,2026-02-19,214251525,20,BFO,31
SENSEX,SENSEX2621986000CE,CE,86000,2026-02-19,214375173,20,BFO,31
SENSEX,SENSEX2621986100PE,PE,86100,2026-02-19,214332677,20,BFO,31
SENSEX,SENSEX2621986100CE,CE,86100,2026-02-19,214451461,20,BFO,31
SENSEX,SENSEX2621986200PE,PE,86200,2026-02-19,214300165,20,BFO,31
SENSEX,SENSEX2621986200CE,CE,86200,2026-02-19,214420997,20,BFO,31
SENSEX,SENSEX2621986300CE,CE,86300,2026-02-19,214256133,20,BFO,31
SENSEX,SENSEX2621986300PE,PE,86300,2026-02-19,214384389,20,BFO,31
SENSEX,SENSEX2621986400PE,PE,86400,2026-02-19,214354181,20,BFO,31
SENSEX,SENSEX2621986400CE,CE,86400,2026-02-19,214469125,20,BFO,31
SENSEX,SENSEX2621986500CE,CE,86500,2026-02-19,214304773,20,BFO,31
SENSEX,SENSEX2621986500PE,PE,86500,2026-02-19,214429189,20,BFO,31
SENSEX,SENSEX2621986600PE,PE,86600,2026-02-19,214266117,20,BFO,31
SENSEX,SENSEX2621986600CE,CE,86600,2026-02-19,214275845,20,BFO,31
SENSEX,SENSEX2621986700CE,CE,86700,2026-02-19,214357765,20,BFO,31
SENSEX,SENSEX2621986700PE,PE,86700,2026-02-19,214479109,20,BFO,31
SENSEX,SENSEX2621986800PE,PE,86800,2026-02-19,214314245,20,BFO,31
SENSEX,SENSEX2621986800CE,CE,86800,2026-02-19,214432517,20,BFO,31
SENSEX,SENSEX2621986900PE,PE,86900,2026-02-19,214284549,20,BFO,31
SENSEX,SENSEX2621986900CE,CE,86900,2026-02-19,214406405,20,BFO,31
SENSEX,SENSEX2621987000PE,PE,87000,2026-02-19,214316805,20,BFO,31
SENSEX,SENSEX2621987000CE,CE,87000,2026-02-19,214435333,20,BFO,31
SENSEX,SENSEX2621987100CE,CE,87100,2026-02-19,214271749,20,BFO,31
SENSEX,SENSEX2621987100PE,PE,87100,2026-02-19,214397701,20,BFO,31
SENSEX,SENSEX2621987200CE,CE,87200,2026-02-19,214240773,20,BFO,31
SENSEX,SENSEX2621987200PE,PE,87200,2026-02-19,214369797,20,BFO,31
SENSEX,SENSEX2621987300CE,CE,87300,2026-02-19,214322437,20,BFO,31
SENSEX,SENSEX2621987300PE,PE,87300,2026-02-19,214446085,20,BFO,31
SENSEX,SENSEX2621987400PE,PE,87400,2026-02-19,214280965,20,BFO,31
SENSEX,SENSEX2621987400CE,CE,87400,2026-02-19,214289925,20,BFO,31
SENSEX,SENSEX2621987500PE,PE,87500,2026-02-19,214250501,20,BFO,31
SENSEX,SENSEX2621987500CE,CE,87500,2026-02-19,214374661,20,BFO,31
SENSEX,SENSEX2621987600PE,PE,87600,2026-02-19,214332165,20,BFO,31
SENSEX,SENSEX2621987600CE,CE,87600,2026-02-19,214451205,20,BFO,31
SENSEX,SENSEX2621987700PE,PE,87700,2026-02-19,214299909,20,BFO,31
SENSEX,SENSEX2621987700CE,CE,87700,2026-02-19,214420229,20,BFO,31
SENSEX,SENSEX2621987800CE,CE,87800,2026-02-19,214255877,20,BFO,31
SENSEX,SENSEX2621987800PE,PE,87800,2026-02-19,214384133,20,BFO,31
SENSEX,SENSEX2621987900PE,PE,87900,2026-02-19,214460677,20,BFO,31
SENSEX,SENSEX2621987900CE,CE,87900,2026-02-19,214468869,20,BFO,31
SENSEX,SENSEX2621988000CE,CE,88000,2026-02-19,214257413,20,BFO,31
SENSEX,SENSEX2621988000PE,PE,88000,2026-02-19,214385413,20,BFO,31
SENSEX,SENSEX2621988100CE,CE,88100,2026-02-19,214339589,20,BFO,31
SENSEX,SENSEX2621988100PE,PE,88100,2026-02-19,214462469,20,BFO,31
SENSEX,SENSEX2621988200PE,PE,88200,2026-02-19,214295301,20,BFO,31
SENSEX,SENSEX2621988200CE,CE,88200,2026-02-19,214306565,20,BFO,31
SENSEX,SENSEX2621988300PE,PE,88300,2026-02-19,214267141,20,BFO,31
SENSEX,SENSEX2621988300CE,CE,88300,2026-02-19,214390021,20,BFO,31
SENSEX,SENSEX2621988400PE,PE,88400,2026-02-19,214349573,20,BFO,31
SENSEX,SENSEX2621988400CE,CE,88400,2026-02-19,214466309,20,BFO,31
SENSEX,SENSEX2621988500PE,PE,88500,2026-02-19,214316293,20,BFO,31
SENSEX,SENSEX2621988500CE,CE,88500,2026-02-19,214434821,20,BFO,31
SENSEX,SENSEX2621988600CE,CE,88600,2026-02-19,214271493,20,BFO,31
SENSEX,SENSEX2621988600PE,PE,88600,2026-02-19,214397189,20,BFO,31
SENSEX,SENSEX2621988700CE,CE,88700,2026-02-19,214240261,20,BFO,31
SENSEX,SENSEX2621988700PE,PE,88700,2026-02-19,214473989,20,BFO,31
SENSEX,SENSEX2621988800CE,CE,88800,2026-02-19,214321413,20,BFO,31
SENSEX,SENSEX2621988800PE,PE,88800,2026-02-19,214445061,20,BFO,31
SENSEX,SENSEX2621988900PE,PE,88900,2026-02-19,214280197,20,BFO,31
SENSEX,SENSEX2621988900CE,CE,88900,2026-02-19,214401797,20,BFO,31
SENSEX,SENSEX2621989000PE,PE,89000,2026-02-19,214310405,20,BFO,31
SENSEX,SENSEX2621989000CE,CE,89000,2026-02-19,214323973,20,BFO,31
SENSEX,SENSEX2621989100PE,PE,89100,2026-02-19,214281477,20,BFO,31
SENSEX,SENSEX2621989100CE,CE,89100,2026-02-19,214403589,20,BFO,31
SENSEX,SENSEX2621989200PE,PE,89200,2026-02-19,214364677,20,BFO,31
SENSEX,SENSEX2621989200CE,CE,89200,2026-02-19,214480389,20,BFO,31
SENSEX,SENSEX2621989300PE,PE,89300,2026-02-19,214333445,20,BFO,31
SENSEX,SENSEX2621989300CE,CE,89300,2026-02-19,214452741,20,BFO,31
SENSEX,SENSEX2621989400CE,CE,89400,2026-02-19,214285573,20,BFO,31
SENSEX,SENSEX2621989400PE,PE,89400,2026-02-19,214411781,20,BFO,31
SENSEX,SENSEX2621989500PE,PE,89500,2026-02-19,214245381,20,BFO,31
SENSEX,SENSEX2621989500CE,CE,89500,2026-02-19,214256901,20,BFO,31
SENSEX,SENSEX2621989600CE,CE,89600,2026-02-19,214339077,20,BFO,31
SENSEX,SENSEX2621989600PE,PE,89600,2026-02-19,214461957,20,BFO,31
SENSEX,SENSEX2621989700PE,PE,89700,2026-02-19,214294277,20,BFO,31
SENSEX,SENSEX2621989700CE,CE,89700,2026-02-19,214416389,20,BFO,31
SENSEX,SENSEX2621989800PE,PE,89800,2026-02-19,214266885,20,BFO,31
SENSEX,SENSEX2621989800CE,CE,89800,2026-02-19,214389765,20,BFO,31
SENSEX,SENSEX2621989900PE,PE,89900,2026-02-19,214349317,20,BFO,31
SENSEX,SENSEX2621989900CE,CE,89900,2026-02-19,214466053,20,BFO,31
SENSEX,SENSEX2621990000CE,CE,90000,2026-02-19,214350341,20,BFO,31
SENSEX,SENSEX2621990000PE,PE,90000,2026-02-19,214469637,20,BFO,31
SENSEX,SENSEX2621990100CE,CE,90100,2026-02-19,214318085,20,BFO,31
SENSEX,SENSEX2621990100PE,PE,90100,2026-02-19,214440965,20,BFO,31
SENSEX,SENSEX2621990200PE,PE,90200,2026-02-19,214276613,20,BFO,31
SENSEX,SENSEX2621990200CE,CE,90200,2026-02-19,214398469,20,BFO,31
SENSEX,SENSEX2621990300PE,PE,90300,2026-02-19,214360069,20,BFO,31
SENSEX,SENSEX2621990300CE,CE,90300,2026-02-19,214370821,20,BFO,31
SENSEX,SENSEX2621990400PE,PE,90400,2026-02-19,214327813,20,BFO,31
SENSEX,SENSEX2621990400CE,CE,90400,2026-02-19,214447877,20,BFO,31
SENSEX,SENSEX2621990500CE,CE,90500,2026-02-19,214281221,20,BFO,31
SENSEX,SENSEX2621990500PE,PE,90500,2026-02-19,214407429,20,BFO,31
SENSEX,SENSEX2621990600CE,CE,90600,2026-02-19,214251781,20,BFO,31
SENSEX,SENSEX2621990600PE,PE,90600,2026-02-19,214380549,20,BFO,31
SENSEX,SENSEX2621990700CE,CE,90700,2026-02-19,214333189,20,BFO,31
SENSEX,SENSEX2621990700PE,PE,90700,2026-02-19,214457605,20,BFO,31
SENSEX,SENSEX2621990800PE,PE,90800,2026-02-19,214289157,20,BFO,31
SENSEX,SENSEX2621990800CE,CE,90800,2026-02-19,214301189,20,BFO,31
SENSEX,SENSEX2621990900PE,PE,90900,2026-02-19,214261765,20,BFO,31
SENSEX,SENSEX2621990900CE,CE,90900,2026-02-19,214384901,20,BFO,31
SENSEX,SENSEX2621991000PE,PE,91000,2026-02-19,214290949,20,BFO,31
SENSEX,SENSEX2621991000CE,CE,91000,2026-02-19,214413829,20,BFO,31
SENSEX,SENSEX2621991100PE,PE,91100,2026-02-19,214375685,20,BFO,31
SENSEX,SENSEX2621991100CE,CE,91100,2026-02-19,214386693,20,BFO,31
SENSEX,SENSEX2621991200PE,PE,91200,2026-02-19,214345733,20,BFO,31
SENSEX,SENSEX2621991200CE,CE,91200,2026-02-19,214463237,20,BFO,31
SENSEX,SENSEX2621991300CE,CE,91300,2026-02-19,214296837,20,BFO,31
SENSEX,SENSEX2621991300PE,PE,91300,2026-02-19,214421765,20,BFO,31
SENSEX,SENSEX2621991400CE,CE,91400,2026-02-19,214268165,20,BFO,31
SENSEX,SENSEX2621991400PE,PE,91400,2026-02-19,214394629,20,BFO,31
SENSEX,SENSEX2621991500CE,CE,91500,2026-02-19,214349829,20,BFO,31
SENSEX,SENSEX2621991500PE,PE,91500,2026-02-19,214469381,20,BFO,31
SENSEX,SENSEX2621991600PE,PE,91600,2026-02-19,214305541,20,BFO,31
SENSEX,SENSEX2621991600CE,CE,91600,2026-02-19,214317317,20,BFO,31
SENSEX,SENSEX2621991700PE,PE,91700,2026-02-19,214276101,20,BFO,31
SENSEX,SENSEX2621991700CE,CE,91700,2026-02-19,214397957,20,BFO,31
SENSEX,SENSEX2621991800PE,PE,91800,2026-02-19,214358021,20,BFO,31
SENSEX,SENSEX2621991800CE,CE,91800,2026-02-19,214475013,20,BFO,31
SENSEX,SENSEX2621991900PE,PE,91900,2026-02-19,214327301,20,BFO,31
SENSEX,SENSEX2621991900CE,CE,91900,2026-02-19,214446597,20,BFO,31
SENSEX,SENSEX2621992000PE,PE,92000,2026-02-19,214361349,20,BFO,31
SENSEX,SENSEX2621992000CE,CE,92000,2026-02-19,214476805,20,BFO,31
SENSEX,SENSEX2621992100CE,CE,92100,2026-02-19,214311685,20,BFO,31
SENSEX,SENSEX2621992100PE,PE,92100,2026-02-19,214435845,20,BFO,31
SENSEX,SENSEX2621992200CE,CE,92200,2026-02-19,214282501,20,BFO,31
SENSEX,SENSEX2621992200PE,PE,92200,2026-02-19,214409733,20,BFO,31
SENSEX,SENSEX2621992300PE,PE,92300,2026-02-19,214241797,20,BFO,31
SENSEX,SENSEX2621992300CE,CE,92300,2026-02-19,214365957,20,BFO,31
SENSEX,SENSEX2621992400PE,PE,92400,2026-02-19,214322693,20,BFO,31
SENSEX,SENSEX2621992400CE,CE,92400,2026-02-19,214334981,20,BFO,31
SENSEX,SENSEX2621992500PE,PE,92500,2026-02-19,214290437,20,BFO,31
SENSEX,SENSEX2621992500CE,CE,92500,2026-02-19,214412805,20,BFO,31
SENSEX,SENSEX2621992600CE,CE,92600,2026-02-19,214246149,20,BFO,31
SENSEX,SENSEX2621992600PE,PE,92600,2026-02-19,214374917,20,BFO,31
SENSEX,SENSEX2621992700PE,PE,92700,2026-02-19,214345221,20,BFO,31
SENSEX,SENSEX2621992700CE,CE,92700,2026-02-19,214462981,20,BFO,31
SENSEX,SENSEX2621992800CE,CE,92800,2026-02-19,214296069,20,BFO,31
SENSEX,SENSEX2621992800PE,PE,92800,2026-02-19,214420485,20,BFO,31
SENSEX,SENSEX2621992900CE,CE,92900,2026-02-19,214267909,20,BFO,31
SENSEX,SENSEX2621992900PE,PE,92900,2026-02-19,214394373,20,BFO,31
SENSEX,SENSEX2621993000CE,CE,93000,2026-02-19,214298373,20,BFO,31
SENSEX,SENSEX2621993000PE,PE,93000,2026-02-19,214422277,20,BFO,31
SENSEX,SENSEX2621993100PE,PE,93100,2026-02-19,214257669,20,BFO,31
SENSEX,SENSEX2621993100CE,CE,93100,2026-02-19,214381829,20,BFO,31
SENSEX,SENSEX2621993200PE,PE,93200,2026-02-19,214340101,20,BFO,31
SENSEX,SENSEX2621993200CE,CE,93200,2026-02-19,214352133,20,BFO,31
SENSEX,SENSEX2621993300PE,PE,93300,2026-02-19,214306821,20,BFO,31
SENSEX,SENSEX2621993300CE,CE,93300,2026-02-19,214427141,20,BFO,31
SENSEX,SENSEX26FEB75900PE,PE,75900,2026-02-26,210048773,20,BFO,38
SENSEX,SENSEX26FEB75900CE,CE,75900,2026-02-26,210201605,20,BFO,38
SENSEX,SENSEX26FEB76000CE,CE,76000,2026-02-26,209928965,20,BFO,38
SENSEX,SENSEX26FEB76000PE,PE,76000,2026-02-26,210089477,20,BFO,38
SENSEX,SENSEX26FEB76100CE,CE,76100,2026-02-26,210031877,20,BFO,38
SENSEX,SENSEX26FEB76100PE,PE,76100,2026-02-26,210188805,20,BFO,38
SENSEX,SENSEX26FEB76200PE,PE,76200,2026-02-26,300484869,20,BFO,38
SENSEX,SENSEX26FEB76200CE,CE,76200,2026-02-26,300493061,20,BFO,38
SENSEX,SENSEX26FEB76300PE,PE,76300,2026-02-26,300465669,20,BFO,38
SENSEX,SENSEX26FEB76300CE,CE,76300,2026-02-26,300546821,20,BFO,38
SENSEX,SENSEX26FEB76400PE,PE,76400,2026-02-26,300517381,20,BFO,38
SENSEX,SENSEX26FEB76400CE,CE,76400,2026-02-26,300593157,20,BFO,38
SENSEX,SENSEX26FEB76500PE,PE,76500,2026-02-26,300498437,20,BFO,38
SENSEX,SENSEX26FEB76500CE,CE,76500,2026-02-26,300573957,20,BFO,38
SENSEX,SENSEX26FEB76600CE,CE,76600,2026-02-26,300467717,20,BFO,38
SENSEX,SENSEX26FEB76600PE,PE,76600,2026-02-26,300550917,20,BFO,38
SENSEX,SENSEX26FEB76700PE,PE,76700,2026-02-26,300598021,20,BFO,38
SENSEX,SENSEX26FEB76700CE,CE,76700,2026-02-26,300605701,20,BFO,38
SENSEX,SENSEX26FEB76800CE,CE,76800,2026-02-26,300500229,20,BFO,38
SENSEX,SENSEX26FEB76800PE,PE,76800,2026-02-26,300579333,20,BFO,38
SENSEX,SENSEX26FEB76900PE,PE,76900,2026-02-26,300475141,20,BFO,38
SENSEX,SENSEX26FEB76900CE,CE,76900,2026-02-26,300482309,20,BFO,38
SENSEX,SENSEX26FEB77000PE,PE,77000,2026-02-26,300495877,20,BFO,38
SENSEX,SENSEX26FEB77000CE,CE,77000,2026-02-26,300501253,20,BFO,38
SENSEX,SENSEX26FEB77100PE,PE,77100,2026-02-26,300476421,20,BFO,38
SENSEX,SENSEX26FEB77100CE,CE,77100,2026-02-26,300555269,20,BFO,38
SENSEX,SENSEX26FEB77200PE,PE,77200,2026-02-26,300527621,20,BFO,38
SENSEX,SENSEX26FEB77200CE,CE,77200,2026-02-26,300602117,20,BFO,38
SENSEX,SENSEX26FEB77300PE,PE,77300,2026-02-26,300507909,20,BFO,38
SENSEX,SENSEX26FEB77300CE,CE,77300,2026-02-26,300582917,20,BFO,38
SENSEX,SENSEX26FEB77400CE,CE,77400,2026-02-26,300478213,20,BFO,38
SENSEX,SENSEX26FEB77400PE,PE,77400,2026-02-26,300559621,20,BFO,38
SENSEX,SENSEX26FEB77500CE,CE,77500,2026-02-26,300458757,20,BFO,38
SENSEX,SENSEX26FEB77500PE,PE,77500,2026-02-26,300607237,20,BFO,38
SENSEX,SENSEX26FEB77600CE,CE,77600,2026-02-26,299669765,20,BFO,38
SENSEX,SENSEX26FEB77600PE,PE,77600,2026-02-26,299715333,20,BFO,38
SENSEX,SENSEX26FEB77700PE,PE,77700,2026-02-26,299650053,20,BFO,38
SENSEX,SENSEX26FEB77700CE,CE,77700,2026-02-26,299696901,20,BFO,38
SENSEX,SENSEX26FEB77800PE,PE,77800,2026-02-26,299639557,20,BFO,38
SENSEX,SENSEX26FEB77800CE,CE,77800,2026-02-26,299684613,20,BFO,38
SENSEX,SENSEX26FEB77900PE,PE,77900,2026-02-26,299672325,20,BFO,38
SENSEX,SENSEX26FEB77900CE,CE,77900,2026-02-26,299718405,20,BFO,38
SENSEX,SENSEX26FEB78000CE,CE,78000,2026-02-26,299634693,20,BFO,38
SENSEX,SENSEX26FEB78000PE,PE,78000,2026-02-26,299682053,20,BFO,38
SENSEX,SENSEX26FEB78100PE,PE,78100,2026-02-26,299576325,20,BFO,38
SENSEX,SENSEX26FEB78100CE,CE,78100,2026-02-26,299622661,20,BFO,38
SENSEX,SENSEX26FEB78200CE,CE,78200,2026-02-26,298868485,20,BFO,38
SENSEX,SENSEX26FEB78200PE,PE,78200,2026-02-26,299256325,20,BFO,38
SENSEX,SENSEX26FEB78300CE,CE,78300,2026-02-26,297521413,20,BFO,38
SENSEX,SENSEX26FEB78300PE,PE,78300,2026-02-26,298803205,20,BFO,38
SENSEX,SENSEX26FEB78400PE,PE,78400,2026-02-26,297459205,20,BFO,38
SENSEX,SENSEX26FEB78400CE,CE,78400,2026-02-26,298976005,20,BFO,38
SENSEX,SENSEX26FEB78500CE,CE,78500,2026-02-26,298513413,20,BFO,38
SENSEX,SENSEX26FEB78500PE,PE,78500,2026-02-26,298914053,20,BFO,38
SENSEX,SENSEX26FEB78600PE,PE,78600,2026-02-26,297580549,20,BFO,38
SENSEX,SENSEX26FEB78600CE,CE,78600,2026-02-26,299087877,20,BFO,38
SENSEX,SENSEX26FEB78700CE,CE,78700,2026-02-26,298630149,20,BFO,38
SENSEX,SENSEX26FEB78700PE,PE,78700,2026-02-26,299026181,20,BFO,38
SENSEX,SENSEX26FEB78800PE,PE,78800,2026-02-26,297702405,20,BFO,38
SENSEX,SENSEX26FEB78800CE,CE,78800,2026-02-26,299208453,20,BFO,38
SENSEX,SENSEX26FEB78900CE,CE,78900,2026-02-26,298756869,20,BFO,38
SENSEX,SENSEX26FEB78900PE,PE,78900,2026-02-26,299145733,20,BFO,38
SENSEX,SENSEX26FEB79000CE,CE,79000,2026-02-26,297958405,20,BFO,38
SENSEX,SENSEX26FEB79000PE,PE,79000,2026-02-26,298376965,20,BFO,38
SENSEX,SENSEX26FEB79100PE,PE,79100,2026-02-26,297889797,20,BFO,38
SENSEX,SENSEX26FEB79100CE,CE,79100,2026-02-26,298553093,20,BFO,38
SENSEX,SENSEX26FEB79200CE,CE,79200,2026-02-26,298081797,20,BFO,38
SENSEX,SENSEX26FEB79200PE,PE,79200,2026-02-26,298490373,20,BFO,38
SENSEX,SENSEX26FEB79300CE,CE,79300,2026-02-26,297595909,20,BFO,38
SENSEX,SENSEX26FEB79300PE,PE,79300,2026-02-26,298017285,20,BFO,38
SENSEX,SENSEX26FEB79400CE,CE,79400,2026-02-26,298194437,20,BFO,38
SENSEX,SENSEX26FEB79400PE,PE,79400,2026-02-26,298605061,20,BFO,38
SENSEX,SENSEX26FEB79500CE,CE,79500,2026-02-26,297717509,20,BFO,38
SENSEX,SENSEX26FEB79500PE,PE,79500,2026-02-26,298133253,20,BFO,38
SENSEX,SENSEX26FEB79600CE,CE,79600,2026-02-26,298327813,20,BFO,38
SENSEX,SENSEX26FEB79600PE,PE,79600,2026-02-26,298728453,20,BFO,38
SENSEX,SENSEX26FEB79700CE,CE,79700,2026-02-26,297849349,20,BFO,38
SENSEX,SENSEX26FEB79700PE,PE,79700,2026-02-26,298259461,20,BFO,38
SENSEX,SENSEX26FEB79800PE,PE,79800,2026-02-26,297779973,20,BFO,38
SENSEX,SENSEX26FEB79800CE,CE,79800,2026-02-26,298454021,20,BFO,38
SENSEX,SENSEX26FEB79900CE,CE,79900,2026-02-26,297969925,20,BFO,38
SENSEX,SENSEX26FEB79900PE,PE,79900,2026-02-26,298390021,20,BFO,38
SENSEX,SENSEX26FEB80000CE,CE,80000,2026-02-26,297552389,20,BFO,38
SENSEX,SENSEX26FEB80000PE,PE,80000,2026-02-26,297971461,20,BFO,38
SENSEX,SENSEX26FEB80100PE,PE,80100,2026-02-26,297483269,20,BFO,38
SENSEX,SENSEX26FEB80100CE,CE,80100,2026-02-26,299002373,20,BFO,38
SENSEX,SENSEX26FEB80200CE,CE,80200,2026-02-26,297678085,20,BFO,38
SENSEX,SENSEX26FEB80200PE,PE,80200,2026-02-26,298093573,20,BFO,38
SENSEX,SENSEX26FEB80300PE,PE,80300,2026-02-26,297608197,20,BFO,38
SENSEX,SENSEX26FEB80300CE,CE,80300,2026-02-26,299117829,20,BFO,38
SENSEX,SENSEX26FEB80400CE,CE,80400,2026-02-26,297803013,20,BFO,38
SENSEX,SENSEX26FEB80400PE,PE,80400,2026-02-26,298209285,20,BFO,38
SENSEX,SENSEX26FEB80500PE,PE,80500,2026-02-26,297731333,20,BFO,38
SENSEX,SENSEX26FEB80500CE,CE,80500,2026-02-26,299237125,20,BFO,38
SENSEX,SENSEX26FEB80600CE,CE,80600,2026-02-26,297930245,20,BFO,38
SENSEX,SENSEX26FEB80600PE,PE,80600,2026-02-26,299172869,20,BFO,38
SENSEX,SENSEX26FEB80700CE,CE,80700,2026-02-26,297444357,20,BFO,38
SENSEX,SENSEX26FEB80700PE,PE,80700,2026-02-26,297862149,20,BFO,38
SENSEX,SENSEX26FEB80800CE,CE,80800,2026-02-26,298903301,20,BFO,38
SENSEX,SENSEX26FEB80800PE,PE,80800,2026-02-26,299294469,20,BFO,38
SENSEX,SENSEX26FEB80900CE,CE,80900,2026-02-26,297563653,20,BFO,38
SENSEX,SENSEX26FEB80900PE,PE,80900,2026-02-26,297987077,20,BFO,38
SENSEX,SENSEX26FEB81000CE,CE,81000,2026-02-26,298698757,20,BFO,38
SENSEX,SENSEX26FEB81000PE,PE,81000,2026-02-26,299089669,20,BFO,38
SENSEX,SENSEX26FEB81100CE,CE,81100,2026-02-26,298224901,20,BFO,38
SENSEX,SENSEX26FEB81100PE,PE,81100,2026-02-26,298632709,20,BFO,38
SENSEX,SENSEX26FEB81200CE,CE,81200,2026-02-26,298830853,20,BFO,38
SENSEX,SENSEX26FEB81200PE,PE,81200,2026-02-26,299209733,20,BFO,38
SENSEX,SENSEX26FEB81300CE,CE,81300,2026-02-26,298357765,20,BFO,38
SENSEX,SENSEX26FEB81300PE,PE,81300,2026-02-26,298758661,20,BFO,38
SENSEX,SENSEX26FEB81400PE,PE,81400,2026-02-26,298287877,20,BFO,38
SENSEX,SENSEX26FEB81400CE,CE,81400,2026-02-26,298938373,20,BFO,38
SENSEX,SENSEX26FEB81500CE,CE,81500,2026-02-26,298476037,20,BFO,38
SENSEX,SENSEX26FEB81500PE,PE,81500,2026-02-26,298881797,20,BFO,38
SENSEX,SENSEX26FEB81600CE,CE,81600,2026-02-26,298001413,20,BFO,38
SENSEX,SENSEX26FEB81600PE,PE,81600,2026-02-26,298418181,20,BFO,38
SENSEX,SENSEX26FEB81700CE,CE,81700,2026-02-26,298591749,20,BFO,38
SENSEX,SENSEX26FEB81700PE,PE,81700,2026-02-26,298989573,20,BFO,38
SENSEX,SENSEX26FEB81800CE,CE,81800,2026-02-26,298118917,20,BFO,38
SENSEX,SENSEX26FEB81800PE,PE,81800,2026-02-26,298526469,20,BFO,38
SENSEX,SENSEX26FEB81900PE,PE,81900,2026-02-26,298062853,20,BFO,38
SENSEX,SENSEX26FEB81900CE,CE,81900,2026-02-26,298713605,20,BFO,38
SENSEX,SENSEX26FEB82000CE,CE,82000,2026-02-26,297917445,20,BFO,38
SENSEX,SENSEX26FEB82000PE,PE,82000,2026-02-26,298329861,20,BFO,38
SENSEX,SENSEX26FEB82100CE,CE,82100,2026-02-26,297430277,20,BFO,38
SENSEX,SENSEX26FEB82100PE,PE,82100,2026-02-26,297851141,20,BFO,38
SENSEX,SENSEX26FEB82200CE,CE,82200,2026-02-26,298043397,20,BFO,38
SENSEX,SENSEX26FEB82200PE,PE,82200,2026-02-26,299282949,20,BFO,38
SENSEX,SENSEX26FEB82300CE,CE,82300,2026-02-26,297553669,20,BFO,38
SENSEX,SENSEX26FEB82300PE,PE,82300,2026-02-26,297972485,20,BFO,38
SENSEX,SENSEX26FEB82400PE,PE,82400,2026-02-26,297484805,20,BFO,38
SENSEX,SENSEX26FEB82400CE,CE,82400,2026-02-26,299003397,20,BFO,38
SENSEX,SENSEX26FEB82500CE,CE,82500,2026-02-26,297679877,20,BFO,38
SENSEX,SENSEX26FEB82500PE,PE,82500,2026-02-26,298094853,20,BFO,38
SENSEX,SENSEX26FEB82600PE,PE,82600,2026-02-26,297609221,20,BFO,38
SENSEX,SENSEX26FEB82600CE,CE,82600,2026-02-26,299118853,20,BFO,38
SENSEX,SENSEX26FEB82700CE,CE,82700,2026-02-26,297804037,20,BFO,38
SENSEX,SENSEX26FEB82700PE,PE,82700,2026-02-26,299050245,20,BFO,38
SENSEX,SENSEX26FEB82800PE,PE,82800,2026-02-26,297732613,20,BFO,38
SENSEX,SENSEX26FEB82800CE,CE,82800,2026-02-26,299238661,20,BFO,38
SENSEX,SENSEX26FEB82900CE,CE,82900,2026-02-26,298786565,20,BFO,38
SENSEX,SENSEX26FEB82900PE,PE,82900,2026-02-26,299173893,20,BFO,38
SENSEX,SENSEX26FEB83000PE,PE,83000,2026-02-26,298404101,20,BFO,38
SENSEX,SENSEX26FEB83000CE,CE,83000,2026-02-26,299035397,20,BFO,38
SENSEX,SENSEX26FEB83100CE,CE,83100,2026-02-26,298579973,20,BFO,38
SENSEX,SENSEX26FEB83100PE,PE,83100,2026-02-26,298978565,20,BFO,38
SENSEX,SENSEX26FEB83200CE,CE,83200,2026-02-26,298107397,20,BFO,38
SENSEX,SENSEX26FEB83200PE,PE,83200,2026-02-26,298516997,20,BFO,38
SENSEX,SENSEX26FEB83300CE,CE,83300,2026-02-26,298699525,20,BFO,38
SENSEX,SENSEX26FEB83300PE,PE,83300,2026-02-26,299090181,20,BFO,38
SENSEX,SENSEX26FEB83400CE,CE,83400,2026-02-26,298226693,20,BFO,38
SENSEX,SENSEX26FEB83400PE,PE,83400,2026-02-26,298633221,20,BFO,38
SENSEX,SENSEX26FEB83500PE,PE,83500,2026-02-26,298159877,20,BFO,38
SENSEX,SENSEX26FEB83500CE,CE,83500,2026-02-26,298832645,20,BFO,38
SENSEX,SENSEX26FEB83600CE,CE,83600,2026-02-26,298358277,20,BFO,38
SENSEX,SENSEX26FEB83600PE,PE,83600,2026-02-26,298759173,20,BFO,38
SENSEX,SENSEX26FEB83700CE,CE,83700,2026-02-26,297875205,20,BFO,38
SENSEX,SENSEX26FEB83700PE,PE,83700,2026-02-26,298289157,20,BFO,38
SENSEX,SENSEX26FEB83800CE,CE,83800,2026-02-26,298476549,20,BFO,38
SENSEX,SENSEX26FEB83800PE,PE,83800,2026-02-26,298882565,20,BFO,38
SENSEX,SENSEX26FEB83900CE,CE,83900,2026-02-26,298001925,20,BFO,38
SENSEX,SENSEX26FEB83900PE,PE,83900,2026-02-26,298419461,20,BFO,38
SENSEX,SENSEX26FEB84000PE,PE,84000,2026-02-26,297598725,20,BFO,38
SENSEX,SENSEX26FEB84000CE,CE,84000,2026-02-26,299105285,20,BFO,38
SENSEX,SENSEX26FEB84100CE,CE,84100,2026-02-26,297790725,20,BFO,38
SENSEX,SENSEX26FEB84100PE,PE,84100,2026-02-26,298196997,20,BFO,38
SENSEX,SENSEX26FEB84200PE,PE,84200,2026-02-26,297721605,20,BFO,38
SENSEX,SENSEX26FEB84200CE,CE,84200,2026-02-26,299223813,20,BFO,38
SENSEX,SENSEX26FEB84300CE,CE,84300,2026-02-26,297917701,20,BFO,38
SENSEX,SENSEX26FEB84300PE,PE,84300,2026-02-26,299161861,20,BFO,38
SENSEX,SENSEX26FEB84400PE,PE,84400,2026-02-26,297852677,20,BFO,38
SENSEX,SENSEX26FEB84400CE,CE,84400,2026-02-26,297431301,20,BFO,38
SENSEX,SENSEX26FEB84500CE,CE,84500,2026-02-26,298892805,20,BFO,38
SENSEX,SENSEX26FEB84500PE,PE,84500,2026-02-26,299283973,20,BFO,38
SENSEX,SENSEX26FEB84600CE,CE,84600,2026-02-26,297554181,20,BFO,38
SENSEX,SENSEX26FEB84600PE,PE,84600,2026-02-26,297974021,20,BFO,38
SENSEX,SENSEX26FEB84700PE,PE,84700,2026-02-26,297485829,20,BFO,38
SENSEX,SENSEX26FEB84700CE,CE,84700,2026-02-26,299003909,20,BFO,38
SENSEX,SENSEX26FEB84800CE,CE,84800,2026-02-26,297680645,20,BFO,38
SENSEX,SENSEX26FEB84800PE,PE,84800,2026-02-26,298944773,20,BFO,38
SENSEX,SENSEX26FEB84900PE,PE,84900,2026-02-26,297611013,20,BFO,38
SENSEX,SENSEX26FEB84900CE,CE,84900,2026-02-26,299120133,20,BFO,38
SENSEX,SENSEX26FEB85000CE,CE,85000,2026-02-26,298342661,20,BFO,38
SENSEX,SENSEX26FEB85000PE,PE,85000,2026-02-26,298745605,20,BFO,38
SENSEX,SENSEX26FEB85100PE,PE,85100,2026-02-26,298275589,20,BFO,38
SENSEX,SENSEX26FEB85100CE,CE,85100,2026-02-26,298926085,20,BFO,38
SENSEX,SENSEX26FEB85200CE,CE,85200,2026-02-26,298467589,20,BFO,38
SENSEX,SENSEX26FEB85200PE,PE,85200,2026-02-26,298871301,20,BFO,38
SENSEX,SENSEX26FEB85300CE,CE,85300,2026-02-26,297988613,20,BFO,38
SENSEX,SENSEX26FEB85300PE,PE,85300,2026-02-26,298406149,20,BFO,38
SENSEX,SENSEX26FEB85400CE,CE,85400,2026-02-26,298582021,20,BFO,38
SENSEX,SENSEX26FEB85400PE,PE,85400,2026-02-26,298979333,20,BFO,38
SENSEX,SENSEX26FEB85500CE,CE,85500,2026-02-26,298109445,20,BFO,38
SENSEX,SENSEX26FEB85500PE,PE,85500,2026-02-26,298518021,20,BFO,38
SENSEX,SENSEX26FEB85600PE,PE,85600,2026-02-26,298050821,20,BFO,38
SENSEX,SENSEX26FEB85600CE,CE,85600,2026-02-26,298700293,20,BFO,38
SENSEX,SENSEX26FEB85700CE,CE,85700,2026-02-26,298228997,20,BFO,38
SENSEX,SENSEX26FEB85700PE,PE,85700,2026-02-26,298634501,20,BFO,38
SENSEX,SENSEX26FEB85800CE,CE,85800,2026-02-26,297742597,20,BFO,38
SENSEX,SENSEX26FEB85800PE,PE,85800,2026-02-26,298160901,20,BFO,38
SENSEX,SENSEX26FEB85900CE,CE,85900,2026-02-26,298359045,20,BFO,38
SENSEX,SENSEX26FEB85900PE,PE,85900,2026-02-26,298759941,20,BFO,38
SENSEX,SENSEX26FEB86000CE,CE,86000,2026-02-26,297541893,20,BFO,38
SENSEX,SENSEX26FEB86000PE,PE,86000,2026-02-26,297961989,20,BFO,38
SENSEX,SENSEX26FEB86100PE,PE,86100,2026-02-26,297473797,20,BFO,38
SENSEX,SENSEX26FEB86100CE,CE,86100,2026-02-26,298990853,20,BFO,38
SENSEX,SENSEX26FEB86200CE,CE,86200,2026-02-26,297665029,20,BFO,38
SENSEX,SENSEX26FEB86200PE,PE,86200,2026-02-26,298085893,20,BFO,38
SENSEX,SENSEX26FEB86300PE,PE,86300,2026-02-26,297600261,20,BFO,38
SENSEX,SENSEX26FEB86300CE,CE,86300,2026-02-26,299106309,20,BFO,38
SENSEX,SENSEX26FEB86400CE,CE,86400,2026-02-26,297792261,20,BFO,38
SENSEX,SENSEX26FEB86400PE,PE,86400,2026-02-26,299041541,20,BFO,38
SENSEX,SENSEX26FEB86500PE,PE,86500,2026-02-26,297722373,20,BFO,38
SENSEX,SENSEX26FEB86500CE,CE,86500,2026-02-26,299225093,20,BFO,38
SENSEX,SENSEX26FEB86600CE,CE,86600,2026-02-26,298772485,20,BFO,38
SENSEX,SENSEX26FEB86600PE,PE,86600,2026-02-26,299162885,20,BFO,38
SENSEX,SENSEX26FEB86700CE,CE,86700,2026-02-26,297433093,20,BFO,38
SENSEX,SENSEX26FEB86700PE,PE,86700,2026-02-26,297853445,20,BFO,38
SENSEX,SENSEX26FEB86800CE,CE,86800,2026-02-26,298893317,20,BFO,38
SENSEX,SENSEX26FEB86800PE,PE,86800,2026-02-26,299284485,20,BFO,38
SENSEX,SENSEX26FEB86900CE,CE,86900,2026-02-26,297554949,20,BFO,38
SENSEX,SENSEX26FEB86900PE,PE,86900,2026-02-26,298838277,20,BFO,38
SENSEX,SENSEX26FEB87000CE,CE,87000,2026-02-26,298686981,20,BFO,38
SENSEX,SENSEX26FEB87000PE,PE,87000,2026-02-26,299077893,20,BFO,38
SENSEX,SENSEX26FEB87100CE,CE,87100,2026-02-26,298212357,20,BFO,38
SENSEX,SENSEX26FEB87100PE,PE,87100,2026-02-26,298622213,20,BFO,38
SENSEX,SENSEX26FEB87200PE,PE,87200,2026-02-26,298148357,20,BFO,38
SENSEX,SENSEX26FEB87200CE,CE,87200,2026-02-26,298818053,20,BFO,38
SENSEX,SENSEX26FEB87300CE,CE,87300,2026-02-26,298344197,20,BFO,38
SENSEX,SENSEX26FEB87300PE,PE,87300,2026-02-26,298747397,20,BFO,38
SENSEX,SENSEX26FEB87400CE,CE,87400,2026-02-26,297864709,20,BFO,38
SENSEX,SENSEX26FEB87400PE,PE,87400,2026-02-26,298276869,20,BFO,38
SENSEX,SENSEX26FEB87500CE,CE,87500,2026-02-26,298468613,20,BFO,38
SENSEX,SENSEX26FEB87500PE,PE,87500,2026-02-26,298872581,20,BFO,38
SENSEX,SENSEX26FEB87600CE,CE,87600,2026-02-26,297991173,20,BFO,38
SENSEX,SENSEX26FEB87600PE,PE,87600,2026-02-26,298408197,20,BFO,38
SENSEX,SENSEX26FEB87700PE,PE,87700,2026-02-26,297924869,20,BFO,38
SENSEX,SENSEX26FEB87700CE,CE,87700,2026-02-26,298582789,20,BFO,38
SENSEX,SENSEX26FEB87800CE,CE,87800,2026-02-26,298110213,20,BFO,38
SENSEX,SENSEX26FEB87800PE,PE,87800,2026-02-26,298518277,20,BFO,38
SENSEX,SENSEX26FEB87900CE,CE,87900,2026-02-26,297625861,20,BFO,38
SENSEX,SENSEX26FEB87900PE,PE,87900,2026-02-26,298051589,20,BFO,38
SENSEX,SENSEX26FEB88000CE,CE,88000,2026-02-26,297905669,20,BFO,38
SENSEX,SENSEX26FEB88000PE,PE,88000,2026-02-26,299150597,20,BFO,38
SENSEX,SENSEX26FEB88100CE,CE,88100,2026-02-26,297420549,20,BFO,38
SENSEX,SENSEX26FEB88100PE,PE,88100,2026-02-26,297839877,20,BFO,38
SENSEX,SENSEX26FEB88200CE,CE,88200,2026-02-26,298883589,20,BFO,38
SENSEX,SENSEX26FEB88200PE,PE,88200,2026-02-26,299269637,20,BFO,38
SENSEX,SENSEX26FEB88300CE,CE,88300,2026-02-26,297543685,20,BFO,38
SENSEX,SENSEX26FEB88300PE,PE,88300,2026-02-26,297962501,20,BFO,38
SENSEX,SENSEX26FEB88400PE,PE,88400,2026-02-26,297474821,20,BFO,38
SENSEX,SENSEX26FEB88400CE,CE,88400,2026-02-26,298991877,20,BFO,38
SENSEX,SENSEX26FEB88500CE,CE,88500,2026-02-26,297665797,20,BFO,38
SENSEX,SENSEX26FEB88500PE,PE,88500,2026-02-26,298932229,20,BFO,38
SENSEX,SENSEX26FEB88600PE,PE,88600,2026-02-26,297601541,20,BFO,38
SENSEX,SENSEX26FEB88600CE,CE,88600,2026-02-26,299107589,20,BFO,38
SENSEX,SENSEX26FEB88700CE,CE,88700,2026-02-26,298646277,20,BFO,38
SENSEX,SENSEX26FEB88700PE,PE,88700,2026-02-26,299042565,20,BFO,38
SENSEX,SENSEX26FEB88800PE,PE,88800,2026-02-26,297723141,20,BFO,38
SENSEX,SENSEX26FEB88800CE,CE,88800,2026-02-26,299226373,20,BFO,38
SENSEX,SENSEX26FEB88900CE,CE,88900,2026-02-26,298773765,20,BFO,38
SENSEX,SENSEX26FEB88900PE,PE,88900,2026-02-26,299164677,20,BFO,38
SENSEX,SENSEX26FEB89000CE,CE,89000,2026-02-26,297975557,20,BFO,38
SENSEX,SENSEX26FEB89000PE,PE,89000,2026-02-26,298393605,20,BFO,38
SENSEX,SENSEX26FEB89100CE,CE,89100,2026-02-26,298568453,20,BFO,38
SENSEX,SENSEX26FEB89100PE,PE,89100,2026-02-26,298968837,20,BFO,38
SENSEX,SENSEX26FEB89200CE,CE,89200,2026-02-26,298097925,20,BFO,38
SENSEX,SENSEX26FEB89200PE,PE,89200,2026-02-26,298508293,20,BFO,38
SENSEX,SENSEX26FEB89300PE,PE,89300,2026-02-26,298036741,20,BFO,38
SENSEX,SENSEX26FEB89300CE,CE,89300,2026-02-26,298688517,20,BFO,38
SENSEX,SENSEX26FEB89400CE,CE,89400,2026-02-26,298213381,20,BFO,38
SENSEX,SENSEX26FEB89400PE,PE,89400,2026-02-26,298623237,20,BFO,38
SENSEX,SENSEX26FEB89500CE,CE,89500,2026-02-26,297734661,20,BFO,38
SENSEX,SENSEX26FEB89500PE,PE,89500,2026-02-26,298148869,20,BFO,38
SENSEX,SENSEX26FEB89600CE,CE,89600,2026-02-26,298344965,20,BFO,38
SENSEX,SENSEX26FEB89600PE,PE,89600,2026-02-26,298748421,20,BFO,38
SENSEX,SENSEX26FEB89700CE,CE,89700,2026-02-26,297865733,20,BFO,38
SENSEX,SENSEX26FEB89700PE,PE,89700,2026-02-26,298277637,20,BFO,38
SENSEX,SENSEX26FEB89800PE,PE,89800,2026-02-26,297799173,20,BFO,38
SENSEX,SENSEX26FEB89800CE,CE,89800,2026-02-26,298469637,20,BFO,38
SENSEX,SENSEX26FEB89900CE,CE,89900,2026-02-26,297991429,20,BFO,38
SENSEX,SENSEX26FEB89900PE,PE,89900,2026-02-26,298408965,20,BFO,38
SENSEX,SENSEX26FEB90000CE,CE,90000,2026-02-26,297569797,20,BFO,38
SENSEX,SENSEX26FEB90000PE,PE,90000,2026-02-26,297993221,20,BFO,38
SENSEX,SENSEX26FEB90100PE,PE,90100,2026-02-26,297500677,20,BFO,38
SENSEX,SENSEX26FEB90100CE,CE,90100,2026-02-26,298171141,20,BFO,38
SENSEX,SENSEX26FEB90200CE,CE,90200,2026-02-26,297691141,20,BFO,38
SENSEX,SENSEX26FEB90200PE,PE,90200,2026-02-26,298112261,20,BFO,38
SENSEX,SENSEX26FEB90300PE,PE,90300,2026-02-26,297629189,20,BFO,38
SENSEX,SENSEX26FEB90300CE,CE,90300,2026-02-26,299133445,20,BFO,38
SENSEX,SENSEX26FEB90400CE,CE,90400,2026-02-26,297825541,20,BFO,38
SENSEX,SENSEX26FEB90400PE,PE,90400,2026-02-26,298233093,20,BFO,38
SENSEX,SENSEX26FEB90500PE,PE,90500,2026-02-26,297747205,20,BFO,38
SENSEX,SENSEX26FEB90500CE,CE,90500,2026-02-26,299256837,20,BFO,38
SENSEX,SENSEX26FEB90600CE,CE,90600,2026-02-26,297946373,20,BFO,38
SENSEX,SENSEX26FEB90600PE,PE,90600,2026-02-26,298363653,20,BFO,38
SENSEX,SENSEX26FEB90700CE,CE,90700,2026-02-26,297459973,20,BFO,38
SENSEX,SENSEX26FEB90700PE,PE,90700,2026-02-26,297878789,20,BFO,38
SENSEX,SENSEX26FEB90800PE,PE,90800,2026-02-26,297400581,20,BFO,38
SENSEX,SENSEX26FEB90800CE,CE,90800,2026-02-26,298073093,20,BFO,38
SENSEX,SENSEX26FEB90900CE,CE,90900,2026-02-26,297580805,20,BFO,38
SENSEX,SENSEX26FEB90900PE,PE,90900,2026-02-26,298006021,20,BFO,38
SENSEX,SENSEX26FEB91000CE,CE,91000,2026-02-26,298717189,20,BFO,38
SENSEX,SENSEX26FEB91000PE,PE,91000,2026-02-26,299109125,20,BFO,38
SENSEX,SENSEX26FEB91100CE,CE,91100,2026-02-26,298248197,20,BFO,38
SENSEX,SENSEX26FEB91100PE,PE,91100,2026-02-26,298647813,20,BFO,38
SENSEX,SENSEX26FEB91200CE,CE,91200,2026-02-26,298849029,20,BFO,38
SENSEX,SENSEX26FEB91200PE,PE,91200,2026-02-26,299229189,20,BFO,38
SENSEX,SENSEX26FEB91300CE,CE,91300,2026-02-26,298378245,20,BFO,38
SENSEX,SENSEX26FEB91300PE,PE,91300,2026-02-26,298775813,20,BFO,38
SENSEX,SENSEX26FEB91400PE,PE,91400,2026-02-26,297436165,20,BFO,38
SENSEX,SENSEX26FEB91400CE,CE,91400,2026-02-26,298952965,20,BFO,38
SENSEX,SENSEX26FEB91500CE,CE,91500,2026-02-26,298491909,20,BFO,38
SENSEX,SENSEX26FEB91500PE,PE,91500,2026-02-26,298895621,20,BFO,38
SENSEX,SENSEX26FEB91600PE,PE,91600,2026-02-26,298435077,20,BFO,38
SENSEX,SENSEX26FEB91600CE,CE,91600,2026-02-26,299062277,20,BFO,38
SENSEX,SENSEX26FEB91700CE,CE,91700,2026-02-26,298605573,20,BFO,38
SENSEX,SENSEX26FEB91700PE,PE,91700,2026-02-26,299007749,20,BFO,38
SENSEX,SENSEX26FEB91800CE,CE,91800,2026-02-26,298133509,20,BFO,38
SENSEX,SENSEX26FEB91800PE,PE,91800,2026-02-26,298545925,20,BFO,38
SENSEX,SENSEX26FEB91900CE,CE,91900,2026-02-26,298729989,20,BFO,38
SENSEX,SENSEX26FEB91900PE,PE,91900,2026-02-26,299123205,20,BFO,38
SENSEX,SENSEX26FEB92000CE,CE,92000,2026-02-26,297933573,20,BFO,38
SENSEX,SENSEX26FEB92000PE,PE,92000,2026-02-26,298347525,20,BFO,38
SENSEX,SENSEX26FEB92100CE,CE,92100,2026-02-26,297449989,20,BFO,38
SENSEX,SENSEX26FEB92100PE,PE,92100,2026-02-26,297868037,20,BFO,38
SENSEX,SENSEX26FEB92200PE,PE,92200,2026-02-26,297389573,20,BFO,38
SENSEX,SENSEX26FEB92200CE,CE,92200,2026-02-26,298063365,20,BFO,38
SENSEX,SENSEX26FEB92300CE,CE,92300,2026-02-26,297570565,20,BFO,38
SENSEX,SENSEX26FEB92300PE,PE,92300,2026-02-26,297993989,20,BFO,38
SENSEX,SENSEX26FEB92400PE,PE,92400,2026-02-26,297501701,20,BFO,38
SENSEX,SENSEX26FEB92400CE,CE,92400,2026-02-26,298171909,20,BFO,38
SENSEX,SENSEX26FEB92500CE,CE,92500,2026-02-26,297691909,20,BFO,38
SENSEX,SENSEX26FEB92500PE,PE,92500,2026-02-26,298112517,20,BFO,38
SENSEX,SENSEX26FEB92600PE,PE,92600,2026-02-26,297630469,20,BFO,38
SENSEX,SENSEX26FEB92600CE,CE,92600,2026-02-26,299134469,20,BFO,38
SENSEX,SENSEX26FEB92700CE,CE,92700,2026-02-26,297826053,20,BFO,38
SENSEX,SENSEX26FEB92700PE,PE,92700,2026-02-26,298234629,20,BFO,38
SENSEX,SENSEX26FEB92800PE,PE,92800,2026-02-26,297748741,20,BFO,38
SENSEX,SENSEX26FEB92800CE,CE,92800,2026-02-26,299257605,20,BFO,38
SENSEX,SENSEX26FEB92900CE,CE,92900,2026-02-26,297947653,20,BFO,38
SENSEX,SENSEX26FEB92900PE,PE,92900,2026-02-26,299190533,20,BFO,38
SENSEX,SENSEX26FEB93000PE,PE,93000,2026-02-26,298424069,20,BFO,38
SENSEX,SENSEX26FEB93000CE,CE,93000,2026-02-26,299050501,20,BFO,38
SENSEX,SENSEX26FEB93100CE,CE,93100,2026-02-26,298595845,20,BFO,38
SENSEX,SENSEX26FEB93100PE,PE,93100,2026-02-26,298995461,20,BFO,38
SENSEX,SENSEX26FEB93200CE,CE,93200,2026-02-26,298123013,20,BFO,38
SENSEX,SENSEX26FEB93200PE,PE,93200,2026-02-26,298532357,20,BFO,38
SENSEX,SENSEX26FEB93300CE,CE,93300,2026-02-26,300489221,20,BFO,38
SENSEX,SENSEX26FEB93300PE,PE,93300,2026-02-26,300566277,20,BFO,38
SENSEX,SENSEX2630575900CE,CE,75900,2026-03-05,215620357,20,BFO,45
SENSEX,SENSEX2630575900PE,PE,75900,2026-03-05,215664133,20,BFO,45
SENSEX,SENSEX2630576000PE,PE,76000,2026-03-05,215575557,20,BFO,45
SENSEX,SENSEX2630576000CE,CE,76000,2026-03-05,215733253,20,BFO,45
SENSEX,SENSEX2630576100CE,CE,76100,2026-03-05,215596293,20,BFO,45
SENSEX,SENSEX2630576100PE,PE,76100,2026-03-05,215726085,20,BFO,45
SENSEX,SENSEX2630576200PE,PE,76200,2026-03-05,215589381,20,BFO,45
SENSEX,SENSEX2630576200CE,CE,76200,2026-03-05,215747077,20,BFO,45
SENSEX,SENSEX2630576300CE,CE,76300,2026-03-05,215698437,20,BFO,45
SENSEX,SENSEX2630576300PE,PE,76300,2026-03-05,215741445,20,BFO,45
SENSEX,SENSEX2630576400CE,CE,76400,2026-03-05,215556101,20,BFO,45
SENSEX,SENSEX2630576400PE,PE,76400,2026-03-05,215601925,20,BFO,45
SENSEX,SENSEX2630576500PE,PE,76500,2026-03-05,215549957,20,BFO,45
SENSEX,SENSEX2630576500CE,CE,76500,2026-03-05,215709445,20,BFO,45
SENSEX,SENSEX2630576600CE,CE,76600,2026-03-05,215570693,20,BFO,45
SENSEX,SENSEX2630576600PE,PE,76600,2026-03-05,215616517,20,BFO,45
SENSEX,SENSEX2630576700PE,PE,76700,2026-03-05,215561989,20,BFO,45
SENSEX,SENSEX2630576700CE,CE,76700,2026-03-05,215721477,20,BFO,45
SENSEX,SENSEX2630576800CE,CE,76800,2026-03-05,215584773,20,BFO,45
SENSEX,SENSEX2630576800PE,PE,76800,2026-03-05,215714565,20,BFO,45
SENSEX,SENSEX2630576900PE,PE,76900,2026-03-05,215577349,20,BFO,45
SENSEX,SENSEX2630576900CE,CE,76900,2026-03-05,215734789,20,BFO,45
SENSEX,SENSEX2630577000CE,CE,77000,2026-03-05,215654917,20,BFO,45
SENSEX,SENSEX2630577000PE,PE,77000,2026-03-05,215695621,20,BFO,45
SENSEX,SENSEX2630577100CE,CE,77100,2026-03-05,215602949,20,BFO,45
SENSEX,SENSEX2630577100PE,PE,77100,2026-03-05,215647749,20,BFO,45
SENSEX,SENSEX2630577200CE,CE,77200,2026-03-05,215668997,20,BFO,45
SENSEX,SENSEX2630577200PE,PE,77200,2026-03-05,215707141,20,BFO,45
SENSEX,SENSEX2630577300CE,CE,77300,2026-03-05,215618309,20,BFO,45
SENSEX,SENSEX2630577300PE,PE,77300,2026-03-05,215662597,20,BFO,45
SENSEX,SENSEX2630577400CE,CE,77400,2026-03-05,215681285,20,BFO,45
SENSEX,SENSEX2630577400PE,PE,77400,2026-03-05,215718149,20,BFO,45
SENSEX,SENSEX2630577500CE,CE,77500,2026-03-05,215631621,20,BFO,45
SENSEX,SENSEX2630577500PE,PE,77500,2026-03-05,215675141,20,BFO,45
SENSEX,SENSEX2630577600PE,PE,77600,2026-03-05,215625221,20,BFO,45
SENSEX,SENSEX2630577600CE,CE,77600,2026-03-05,215691781,20,BFO,45
SENSEX,SENSEX2630577700CE,CE,77700,2026-03-05,215643653,20,BFO,45
SENSEX,SENSEX2630577700PE,PE,77700,2026-03-05,215686917,20,BFO,45
SENSEX,SENSEX2630577800CE,CE,77800,2026-03-05,215592709,20,BFO,45
SENSEX,SENSEX2630577800PE,PE,77800,2026-03-05,215638533,20,BFO,45
SENSEX,SENSEX2630577900CE,CE,77900,2026-03-05,215657221,20,BFO,45
SENSEX,SENSEX2630577900PE,PE,77900,2026-03-05,215697413,20,BFO,45
SENSEX,SENSEX2630578000CE,CE,78000,2026-03-05,215569157,20,BFO,45
SENSEX,SENSEX2630578000PE,PE,78000,2026-03-05,215614469,20,BFO,45
SENSEX,SENSEX2630578100PE,PE,78100,2026-03-05,215560709,20,BFO,45
SENSEX,SENSEX2630578100CE,CE,78100,2026-03-05,215718917,20,BFO,45
SENSEX,SENSEX2630578200CE,CE,78200,2026-03-05,215584005,20,BFO,45
SENSEX,SENSEX2630578200PE,PE,78200,2026-03-05,215628293,20,BFO,45
SENSEX,SENSEX2630578300PE,PE,78300,2026-03-05,215575813,20,BFO,45
SENSEX,SENSEX2630578300CE,CE,78300,2026-03-05,215733509,20,BFO,45
SENSEX,SENSEX2630578400CE,CE,78400,2026-03-05,215596549,20,BFO,45
SENSEX,SENSEX2630578400PE,PE,78400,2026-03-05,215726341,20,BFO,45
SENSEX,SENSEX2630578500PE,PE,78500,2026-03-05,215589637,20,BFO,45
SENSEX,SENSEX2630578500CE,CE,78500,2026-03-05,215747333,20,BFO,45
SENSEX,SENSEX2630578600CE,CE,78600,2026-03-05,215698693,20,BFO,45
SENSEX,SENSEX2630578600PE,PE,78600,2026-03-05,215741701,20,BFO,45
SENSEX,SENSEX2630578700CE,CE,78700,2026-03-05,215556357,20,BFO,45
SENSEX,SENSEX2630578700PE,PE,78700,2026-03-05,215602181,20,BFO,45
SENSEX,SENSEX2630578800PE,PE,78800,2026-03-05,215550213,20,BFO,45
SENSEX,SENSEX2630578800CE,CE,78800,2026-03-05,215709701,20,BFO,45
SENSEX,SENSEX2630578900CE,CE,78900,2026-03-05,215570949,20,BFO,45
SENSEX,SENSEX2630578900PE,PE,78900,2026-03-05,215703301,20,BFO,45
SENSEX,SENSEX2630579000CE,CE,79000,2026-03-05,215691013,20,BFO,45
SENSEX,SENSEX2630579000PE,PE,79000,2026-03-05,215730949,20,BFO,45
SENSEX,SENSEX2630579100CE,CE,79100,2026-03-05,215642373,20,BFO,45
SENSEX,SENSEX2630579100PE,PE,79100,2026-03-05,215685125,20,BFO,45
SENSEX,SENSEX2630579200PE,PE,79200,2026-03-05,215637509,20,BFO,45
SENSEX,SENSEX2630579200CE,CE,79200,2026-03-05,215702533,20,BFO,45
SENSEX,SENSEX2630579300CE,CE,79300,2026-03-05,215655173,20,BFO,45
SENSEX,SENSEX2630579300PE,PE,79300,2026-03-05,215695877,20,BFO,45
SENSEX,SENSEX2630579400CE,CE,79400,2026-03-05,215603205,20,BFO,45
SENSEX,SENSEX2630579400PE,PE,79400,2026-03-05,215648005,20,BFO,45
SENSEX,SENSEX2630579500CE,CE,79500,2026-03-05,215669253,20,BFO,45
SENSEX,SENSEX2630579500PE,PE,79500,2026-03-05,215707397,20,BFO,45
SENSEX,SENSEX2630579600CE,CE,79600,2026-03-05,215618565,20,BFO,45
SENSEX,SENSEX2630579600PE,PE,79600,2026-03-05,215662853,20,BFO,45
SENSEX,SENSEX2630579700PE,PE,79700,2026-03-05,215609349,20,BFO,45
SENSEX,SENSEX2630579700CE,CE,79700,2026-03-05,215681541,20,BFO,45
SENSEX,SENSEX2630579800CE,CE,79800,2026-03-05,215631877,20,BFO,45
SENSEX,SENSEX2630579800PE,PE,79800,2026-03-05,215675397,20,BFO,45
SENSEX,SENSEX2630579900CE,CE,79900,2026-03-05,215578629,20,BFO,45
SENSEX,SENSEX2630579900PE,PE,79900,2026-03-05,215625477,20,BFO,45
SENSEX,SENSEX2630580000PE,PE,80000,2026-03-05,215578885,20,BFO,45
SENSEX,SENSEX2630580000CE,CE,80000,2026-03-05,215651077,20,BFO,45
SENSEX,SENSEX2630580100CE,CE,80100,2026-03-05,215598085,20,BFO,45
SENSEX,SENSEX2630580100PE,PE,80100,2026-03-05,215644165,20,BFO,45
SENSEX,SENSEX2630580200CE,CE,80200,2026-03-05,215546373,20,BFO,45
SENSEX,SENSEX2630580200PE,PE,80200,2026-03-05,215593477,20,BFO,45
SENSEX,SENSEX2630580300CE,CE,80300,2026-03-05,215612933,20,BFO,45
SENSEX,SENSEX2630580300PE,PE,80300,2026-03-05,215657989,20,BFO,45
SENSEX,SENSEX2630580400CE,CE,80400,2026-03-05,215558917,20,BFO,45
SENSEX,SENSEX2630580400PE,PE,80400,2026-03-05,215605253,20,BFO,45
SENSEX,SENSEX2630580500PE,PE,80500,2026-03-05,215553797,20,BFO,45
SENSEX,SENSEX2630580500CE,CE,80500,2026-03-05,215627781,20,BFO,45
SENSEX,SENSEX2630580600CE,CE,80600,2026-03-05,215574021,20,BFO,45
SENSEX,SENSEX2630580600PE,PE,80600,2026-03-05,215621125,20,BFO,45
SENSEX,SENSEX2630580700PE,PE,80700,2026-03-05,215565061,20,BFO,45
SENSEX,SENSEX2630580700CE,CE,80700,2026-03-05,215724293,20,BFO,45
SENSEX,SENSEX2630580800CE,CE,80800,2026-03-05,215587589,20,BFO,45
SENSEX,SENSEX2630580800PE,PE,80800,2026-03-05,215633157,20,BFO,45
SENSEX,SENSEX2630580900PE,PE,80900,2026-03-05,215581445,20,BFO,45
SENSEX,SENSEX2630580900CE,CE,80900,2026-03-05,215740165,20,BFO,45
SENSEX,SENSEX2630581000CE,CE,81000,2026-03-05,215659525,20,BFO,45
SENSEX,SENSEX2630581000PE,PE,81000,2026-03-05,215698949,20,BFO,45
SENSEX,SENSEX2630581100PE,PE,81100,2026-03-05,215556613,20,BFO,45
SENSEX,SENSEX2630581100CE,CE,81100,2026-03-05,215716357,20,BFO,45
SENSEX,SENSEX2630581200CE,CE,81200,2026-03-05,215671045,20,BFO,45
SENSEX,SENSEX2630581200PE,PE,81200,2026-03-05,215710213,20,BFO,45
SENSEX,SENSEX2630581300PE,PE,81300,2026-03-05,215665669,20,BFO,45
SENSEX,SENSEX2630581300CE,CE,81300,2026-03-05,215729669,20,BFO,45
SENSEX,SENSEX2630581400CE,CE,81400,2026-03-05,215683589,20,BFO,45
SENSEX,SENSEX2630581400PE,PE,81400,2026-03-05,215721989,20,BFO,45
SENSEX,SENSEX2630581500CE,CE,81500,2026-03-05,215635461,20,BFO,45
SENSEX,SENSEX2630581500PE,PE,81500,2026-03-05,215678213,20,BFO,45
SENSEX,SENSEX2630581600CE,CE,81600,2026-03-05,215694341,20,BFO,45
SENSEX,SENSEX2630581600PE,PE,81600,2026-03-05,215735301,20,BFO,45
SENSEX,SENSEX2630581700CE,CE,81700,2026-03-05,215646725,20,BFO,45
SENSEX,SENSEX2630581700PE,PE,81700,2026-03-05,215689477,20,BFO,45
SENSEX,SENSEX2630581800PE,PE,81800,2026-03-05,215640581,20,BFO,45
SENSEX,SENSEX2630581800CE,CE,81800,2026-03-05,215706629,20,BFO,45
SENSEX,SENSEX2630581900CE,CE,81900,2026-03-05,215661573,20,BFO,45
SENSEX,SENSEX2630581900PE,PE,81900,2026-03-05,215700741,20,BFO,45
SENSEX,SENSEX2630582000CE,CE,82000,2026-03-05,215572485,20,BFO,45
SENSEX,SENSEX2630582000PE,PE,82000,2026-03-05,215618821,20,BFO,45
SENSEX,SENSEX2630582100PE,PE,82100,2026-03-05,215563781,20,BFO,45
SENSEX,SENSEX2630582100CE,CE,82100,2026-03-05,215639045,20,BFO,45
SENSEX,SENSEX2630582200CE,CE,82200,2026-03-05,215586309,20,BFO,45
SENSEX,SENSEX2630582200PE,PE,82200,2026-03-05,215632133,20,BFO,45
SENSEX,SENSEX2630582300PE,PE,82300,2026-03-05,215579141,20,BFO,45
SENSEX,SENSEX2630582300CE,CE,82300,2026-03-05,215737093,20,BFO,45
SENSEX,SENSEX2630582400CE,CE,82400,2026-03-05,215598597,20,BFO,45
SENSEX,SENSEX2630582400PE,PE,82400,2026-03-05,215644421,20,BFO,45
SENSEX,SENSEX2630582500CE,CE,82500,2026-03-05,215546629,20,BFO,45
SENSEX,SENSEX2630582500PE,PE,82500,2026-03-05,215593733,20,BFO,45
SENSEX,SENSEX2630582600CE,CE,82600,2026-03-05,215613189,20,BFO,45
SENSEX,SENSEX2630582600PE,PE,82600,2026-03-05,215745541,20,BFO,45
SENSEX,SENSEX2630582700CE,CE,82700,2026-03-05,215559173,20,BFO,45
SENSEX,SENSEX2630582700PE,PE,82700,2026-03-05,215605509,20,BFO,45
SENSEX,SENSEX2630582800PE,PE,82800,2026-03-05,215554053,20,BFO,45
SENSEX,SENSEX2630582800CE,CE,82800,2026-03-05,215712773,20,BFO,45
SENSEX,SENSEX2630582900CE,CE,82900,2026-03-05,215574277,20,BFO,45
SENSEX,SENSEX2630582900PE,PE,82900,2026-03-05,215621381,20,BFO,45
SENSEX,SENSEX2630583000CE,CE,83000,2026-03-05,215692805,20,BFO,45
SENSEX,SENSEX2630583000PE,PE,83000,2026-03-05,215733765,20,BFO,45
SENSEX,SENSEX2630583100CE,CE,83100,2026-03-05,215645189,20,BFO,45
SENSEX,SENSEX2630583100PE,PE,83100,2026-03-05,215688453,20,BFO,45
SENSEX,SENSEX2630583200CE,CE,83200,2026-03-05,215704069,20,BFO,45
SENSEX,SENSEX2630583200PE,PE,83200,2026-03-05,215747589,20,BFO,45
SENSEX,SENSEX2630583300CE,CE,83300,2026-03-05,215659781,20,BFO,45
SENSEX,SENSEX2630583300PE,PE,83300,2026-03-05,215699205,20,BFO,45
SENSEX,SENSEX2630583400PE,PE,83400,2026-03-05,215651589,20,BFO,45
SENSEX,SENSEX2630583400CE,CE,83400,2026-03-05,215716613,20,BFO,45
SENSEX,SENSEX2630583500CE,CE,83500,2026-03-05,215671301,20,BFO,45
SENSEX,SENSEX2630583500PE,PE,83500,2026-03-05,215710725,20,BFO,45
SENSEX,SENSEX2630583600CE,CE,83600,2026-03-05,215622917,20,BFO,45
SENSEX,SENSEX2630583600PE,PE,83600,2026-03-05,215665925,20,BFO,45
SENSEX,SENSEX2630583700CE,CE,83700,2026-03-05,215683845,20,BFO,45
SENSEX,SENSEX2630583700PE,PE,83700,2026-03-05,215722245,20,BFO,45
SENSEX,SENSEX2630583800CE,CE,83800,2026-03-05,215635973,20,BFO,45
SENSEX,SENSEX2630583800PE,PE,83800,2026-03-05,215678469,20,BFO,45
SENSEX,SENSEX2630583900CE,CE,83900,2026-03-05,215694597,20,BFO,45
SENSEX,SENSEX2630583900PE,PE,83900,2026-03-05,215735557,20,BFO,45
SENSEX,SENSEX2630584000CE,CE,84000,2026-03-05,215610373,20,BFO,45
SENSEX,SENSEX2630584000PE,PE,84000,2026-03-05,215655429,20,BFO,45
SENSEX,SENSEX2630584100CE,CE,84100,2026-03-05,215557125,20,BFO,45
SENSEX,SENSEX2630584100PE,PE,84100,2026-03-05,215603461,20,BFO,45
SENSEX,SENSEX2630584200PE,PE,84200,2026-03-05,215551749,20,BFO,45
SENSEX,SENSEX2630584200CE,CE,84200,2026-03-05,215627269,20,BFO,45
SENSEX,SENSEX2630584300CE,CE,84300,2026-03-05,215572741,20,BFO,45
SENSEX,SENSEX2630584300PE,PE,84300,2026-03-05,215619077,20,BFO,45
SENSEX,SENSEX2630584400PE,PE,84400,2026-03-05,215564037,20,BFO,45
SENSEX,SENSEX2630584400CE,CE,84400,2026-03-05,215723269,20,BFO,45
SENSEX,SENSEX2630584500CE,CE,84500,2026-03-05,215586565,20,BFO,45
SENSEX,SENSEX2630584500PE,PE,84500,2026-03-05,215632389,20,BFO,45
SENSEX,SENSEX2630584600PE,PE,84600,2026-03-05,215579397,20,BFO,45
SENSEX,SENSEX2630584600CE,CE,84600,2026-03-05,215737605,20,BFO,45
SENSEX,SENSEX2630584700CE,CE,84700,2026-03-05,215599109,20,BFO,45
SENSEX,SENSEX2630584700PE,PE,84700,2026-03-05,215729925,20,BFO,45
SENSEX,SENSEX2630584800CE,CE,84800,2026-03-05,215546885,20,BFO,45
SENSEX,SENSEX2630584800PE,PE,84800,2026-03-05,215594245,20,BFO,45
SENSEX,SENSEX2630584900CE,CE,84900,2026-03-05,215613445,20,BFO,45
SENSEX,SENSEX2630584900PE,PE,84900,2026-03-05,215745797,20,BFO,45
SENSEX,SENSEX2630585000PE,PE,85000,2026-03-05,215664645,20,BFO,45
SENSEX,SENSEX2630585000CE,CE,85000,2026-03-05,215728901,20,BFO,45
SENSEX,SENSEX2630585100CE,CE,85100,2026-03-05,215682053,20,BFO,45
SENSEX,SENSEX2630585100PE,PE,85100,2026-03-05,215719685,20,BFO,45
SENSEX,SENSEX2630585200CE,CE,85200,2026-03-05,215633413,20,BFO,45
SENSEX,SENSEX2630585200PE,PE,85200,2026-03-05,215676165,20,BFO,45
SENSEX,SENSEX2630585300CE,CE,85300,2026-03-05,215693061,20,BFO,45
SENSEX,SENSEX2630585300PE,PE,85300,2026-03-05,215734021,20,BFO,45
SENSEX,SENSEX2630585400CE,CE,85400,2026-03-05,215645445,20,BFO,45
SENSEX,SENSEX2630585400PE,PE,85400,2026-03-05,215688709,20,BFO,45
SENSEX,SENSEX2630585500PE,PE,85500,2026-03-05,215639557,20,BFO,45
SENSEX,SENSEX2630585500CE,CE,85500,2026-03-05,215704325,20,BFO,45
SENSEX,SENSEX2630585600CE,CE,85600,2026-03-05,215660293,20,BFO,45
SENSEX,SENSEX2630585600PE,PE,85600,2026-03-05,215699717,20,BFO,45
SENSEX,SENSEX2630585700CE,CE,85700,2026-03-05,215607045,20,BFO,45
SENSEX,SENSEX2630585700PE,PE,85700,2026-03-05,215651845,20,BFO,45
SENSEX,SENSEX2630585800CE,CE,85800,2026-03-05,215671557,20,BFO,45
SENSEX,SENSEX2630585800PE,PE,85800,2026-03-05,215710981,20,BFO,45
SENSEX,SENSEX2630585900CE,CE,85900,2026-03-05,215623173,20,BFO,45
SENSEX,SENSEX2630585900PE,PE,85900,2026-03-05,215666181,20,BFO,45
SENSEX,SENSEX2630586000PE,PE,86000,2026-03-05,215577861,20,BFO,45
SENSEX,SENSEX2630586000CE,CE,86000,2026-03-05,215735813,20,BFO,45
SENSEX,SENSEX2630586100CE,CE,86100,2026-03-05,215597573,20,BFO,45
SENSEX,SENSEX2630586100PE,PE,86100,2026-03-05,215642629,20,BFO,45
SENSEX,SENSEX2630586200PE,PE,86200,2026-03-05,215591685,20,BFO,45
SENSEX,SENSEX2630586200CE,CE,86200,2026-03-05,215749893,20,BFO,45
SENSEX,SENSEX2630586300CE,CE,86300,2026-03-05,215611141,20,BFO,45
SENSEX,SENSEX2630586300PE,PE,86300,2026-03-05,215743749,20,BFO,45
SENSEX,SENSEX2630586400CE,CE,86400,2026-03-05,215557381,20,BFO,45
SENSEX,SENSEX2630586400PE,PE,86400,2026-03-05,215603717,20,BFO,45
SENSEX,SENSEX2630586500PE,PE,86500,2026-03-05,215552005,20,BFO,45
SENSEX,SENSEX2630586500CE,CE,86500,2026-03-05,215711493,20,BFO,45
SENSEX,SENSEX2630586600CE,CE,86600,2026-03-05,215572997,20,BFO,45
SENSEX,SENSEX2630586600PE,PE,86600,2026-03-05,215619333,20,BFO,45
SENSEX,SENSEX2630586700PE,PE,86700,2026-03-05,215564293,20,BFO,45
SENSEX,SENSEX2630586700CE,CE,86700,2026-03-05,215723525,20,BFO,45
SENSEX,SENSEX2630586800CE,CE,86800,2026-03-05,215586821,20,BFO,45
SENSEX,SENSEX2630586800PE,PE,86800,2026-03-05,215632645,20,BFO,45
SENSEX,SENSEX2630586900PE,PE,86900,2026-03-05,215579909,20,BFO,45
SENSEX,SENSEX2630586900CE,CE,86900,2026-03-05,215738117,20,BFO,45
SENSEX,SENSEX2630587000CE,CE,87000,2026-03-05,215658501,20,BFO,45
SENSEX,SENSEX2630587000PE,PE,87000,2026-03-05,215697925,20,BFO,45
SENSEX,SENSEX2630587100PE,PE,87100,2026-03-05,215650053,20,BFO,45
SENSEX,SENSEX2630587100CE,CE,87100,2026-03-05,215714821,20,BFO,45
SENSEX,SENSEX2630587200CE,CE,87200,2026-03-05,215670277,20,BFO,45
SENSEX,SENSEX2630587200PE,PE,87200,2026-03-05,215708677,20,BFO,45
SENSEX,SENSEX2630587300CE,CE,87300,2026-03-05,215621637,20,BFO,45
SENSEX,SENSEX2630587300PE,PE,87300,2026-03-05,215664901,20,BFO,45
SENSEX,SENSEX2630587400CE,CE,87400,2026-03-05,215682309,20,BFO,45
SENSEX,SENSEX2630587400PE,PE,87400,2026-03-05,215719941,20,BFO,45
SENSEX,SENSEX2630587500CE,CE,87500,2026-03-05,215633669,20,BFO,45
SENSEX,SENSEX2630587500PE,PE,87500,2026-03-05,215676421,20,BFO,45
SENSEX,SENSEX2630587600CE,CE,87600,2026-03-05,215693573,20,BFO,45
SENSEX,SENSEX2630587600PE,PE,87600,2026-03-05,215734277,20,BFO,45
SENSEX,SENSEX2630587700CE,CE,87700,2026-03-05,215645701,20,BFO,45
SENSEX,SENSEX2630587700PE,PE,87700,2026-03-05,215688965,20,BFO,45
SENSEX,SENSEX2630587800PE,PE,87800,2026-03-05,215639813,20,BFO,45
SENSEX,SENSEX2630587800CE,CE,87800,2026-03-05,215704581,20,BFO,45
SENSEX,SENSEX2630587900CE,CE,87900,2026-03-05,215660549,20,BFO,45
SENSEX,SENSEX2630587900PE,PE,87900,2026-03-05,215699973,20,BFO,45
SENSEX,SENSEX2630588000CE,CE,88000,2026-03-05,215571205,20,BFO,45
SENSEX,SENSEX2630588000PE,PE,88000,2026-03-05,215617029,20,BFO,45
SENSEX,SENSEX2630588100PE,PE,88100,2026-03-05,215562245,20,BFO,45
SENSEX,SENSEX2630588100CE,CE,88100,2026-03-05,215722501,20,BFO,45
SENSEX,SENSEX2630588200CE,CE,88200,2026-03-05,215585541,20,BFO,45
SENSEX,SENSEX2630588200PE,PE,88200,2026-03-05,215631109,20,BFO,45
SENSEX,SENSEX2630588300PE,PE,88300,2026-03-05,215578117,20,BFO,45
SENSEX,SENSEX2630588300CE,CE,88300,2026-03-05,215736325,20,BFO,45
SENSEX,SENSEX2630588400CE,CE,88400,2026-03-05,215597829,20,BFO,45
SENSEX,SENSEX2630588400PE,PE,88400,2026-03-05,215642885,20,BFO,45
SENSEX,SENSEX2630588500PE,PE,88500,2026-03-05,215591941,20,BFO,45
SENSEX,SENSEX2630588500CE,CE,88500,2026-03-05,215750149,20,BFO,45
SENSEX,SENSEX2630588600CE,CE,88600,2026-03-05,215611653,20,BFO,45
SENSEX,SENSEX2630588600PE,PE,88600,2026-03-05,215744005,20,BFO,45
SENSEX,SENSEX2630588700CE,CE,88700,2026-03-05,215557893,20,BFO,45
SENSEX,SENSEX2630588700PE,PE,88700,2026-03-05,215603973,20,BFO,45
SENSEX,SENSEX2630588800PE,PE,88800,2026-03-05,215552773,20,BFO,45
SENSEX,SENSEX2630588800CE,CE,88800,2026-03-05,215711749,20,BFO,45
SENSEX,SENSEX2630588900CE,CE,88900,2026-03-05,215573253,20,BFO,45
SENSEX,SENSEX2630588900PE,PE,88900,2026-03-05,215619589,20,BFO,45
SENSEX,SENSEX2630589000CE,CE,89000,2026-03-05,215692037,20,BFO,45
SENSEX,SENSEX2630589000PE,PE,89000,2026-03-05,215732741,20,BFO,45
SENSEX,SENSEX2630589100CE,CE,89100,2026-03-05,215644677,20,BFO,45
SENSEX,SENSEX2630589100PE,PE,89100,2026-03-05,215687173,20,BFO,45
SENSEX,SENSEX2630589200PE,PE,89200,2026-03-05,215638789,20,BFO,45
SENSEX,SENSEX2630589200CE,CE,89200,2026-03-05,215703557,20,BFO,45
SENSEX,SENSEX2630589300CE,CE,89300,2026-03-05,215658757,20,BFO,45
SENSEX,SENSEX2630589300PE,PE,89300,2026-03-05,215698181,20,BFO,45
SENSEX,SENSEX2630589400PE,PE,89400,2026-03-05,215650309,20,BFO,45
SENSEX,SENSEX2630589400CE,CE,89400,2026-03-05,215715077,20,BFO,45
SENSEX,SENSEX2630589500CE,CE,89500,2026-03-05,215670789,20,BFO,45
SENSEX,SENSEX2630589500PE,PE,89500,2026-03-05,215708933,20,BFO,45
SENSEX,SENSEX2630589600CE,CE,89600,2026-03-05,215621893,20,BFO,45
SENSEX,SENSEX2630589600PE,PE,89600,2026-03-05,215665413,20,BFO,45
SENSEX,SENSEX2630589700CE,CE,89700,2026-03-05,215682565,20,BFO,45
SENSEX,SENSEX2630589700PE,PE,89700,2026-03-05,215720197,20,BFO,45
SENSEX,SENSEX2630589800CE,CE,89800,2026-03-05,215633925,20,BFO,45
SENSEX,SENSEX2630589800PE,PE,89800,2026-03-05,215676933,20,BFO,45
SENSEX,SENSEX2630589900PE,PE,89900,2026-03-05,215627525,20,BFO,45
SENSEX,SENSEX2630589900CE,CE,89900,2026-03-05,215693829,20,BFO,45
SENSEX,SENSEX2630590000CE,CE,90000,2026-03-05,215652869,20,BFO,45
SENSEX,SENSEX2630590000PE,PE,90000,2026-03-05,215694085,20,BFO,45
SENSEX,SENSEX2630590100CE,CE,90100,2026-03-05,215600389,20,BFO,45
SENSEX,SENSEX2630590100PE,PE,90100,2026-03-05,215645957,20,BFO,45
SENSEX,SENSEX2630590200PE,PE,90200,2026-03-05,215595269,20,BFO,45
SENSEX,SENSEX2630590200CE,CE,90200,2026-03-05,215667461,20,BFO,45
SENSEX,SENSEX2630590300CE,CE,90300,2026-03-05,215614725,20,BFO,45
SENSEX,SENSEX2630590300PE,PE,90300,2026-03-05,215660805,20,BFO,45
SENSEX,SENSEX2630590400CE,CE,90400,2026-03-05,215560965,20,BFO,45
SENSEX,SENSEX2630590400PE,PE,90400,2026-03-05,215607557,20,BFO,45
SENSEX,SENSEX2630590500CE,CE,90500,2026-03-05,215628549,20,BFO,45
SENSEX,SENSEX2630590500PE,PE,90500,2026-03-05,215672581,20,BFO,45
SENSEX,SENSEX2630590600CE,CE,90600,2026-03-05,215576069,20,BFO,45
SENSEX,SENSEX2630590600PE,PE,90600,2026-03-05,215623429,20,BFO,45
SENSEX,SENSEX2630590700PE,PE,90700,2026-03-05,215567877,20,BFO,45
SENSEX,SENSEX2630590700CE,CE,90700,2026-03-05,215641861,20,BFO,45
SENSEX,SENSEX2630590800CE,CE,90800,2026-03-05,215590405,20,BFO,45
SENSEX,SENSEX2630590800PE,PE,90800,2026-03-05,215636485,20,BFO,45
SENSEX,SENSEX2630590900PE,PE,90900,2026-03-05,215582725,20,BFO,45
SENSEX,SENSEX2630590900CE,CE,90900,2026-03-05,215741957,20,BFO,45
SENSEX,SENSEX2630591000CE,CE,91000,2026-03-05,215565573,20,BFO,45
SENSEX,SENSEX2630591000PE,PE,91000,2026-03-05,215701253,20,BFO,45
SENSEX,SENSEX2630591100PE,PE,91100,2026-03-05,215558149,20,BFO,45
SENSEX,SENSEX2630591100CE,CE,91100,2026-03-05,215717637,20,BFO,45
SENSEX,SENSEX26MAR75000CE,CE,75000,2026-03-25,221222149,20,BFO,65
SENSEX,SENSEX26MAR75000PE,PE,75000,2026-03-25,221252101,20,BFO,65
SENSEX,SENSEX26MAR75900CE,CE,75900,2026-03-25,210545157,20,BFO,65
SENSEX,SENSEX26MAR75900PE,PE,75900,2026-03-25,210575365,20,BFO,65
SENSEX,SENSEX26MAR76000PE,PE,76000,2026-03-25,220115461,20,BFO,65
SENSEX,SENSEX26MAR76000CE,CE,76000,2026-03-25,220218885,20,BFO,65
SENSEX,SENSEX26MAR76100CE,CE,76100,2026-03-25,210592517,20,BFO,65
SENSEX,SENSEX26MAR76100PE,PE,76100,2026-03-25,210618373,20,BFO,65
SENSEX,SENSEX26MAR76200CE,CE,76200,2026-03-25,210492933,20,BFO,65
SENSEX,SENSEX26MAR76200PE,PE,76200,2026-03-25,210588933,20,BFO,65
SENSEX,SENSEX26MAR76300CE,CE,76300,2026-03-25,210599173,20,BFO,65
SENSEX,SENSEX26MAR76300PE,PE,76300,2026-03-25,210626053,20,BFO,65
SENSEX,SENSEX26MAR76400CE,CE,76400,2026-03-25,210501125,20,BFO,65
SENSEX,SENSEX26MAR76400PE,PE,76400,2026-03-25,210596869,20,BFO,65
SENSEX,SENSEX26MAR76500PE,PE,76500,2026-03-25,210496005,20,BFO,65
SENSEX,SENSEX26MAR76500CE,CE,76500,2026-03-25,210607365,20,BFO,65
SENSEX,SENSEX26MAR76600CE,CE,76600,2026-03-25,210576901,20,BFO,65
SENSEX,SENSEX26MAR76600PE,PE,76600,2026-03-25,210603269,20,BFO,65
SENSEX,SENSEX26MAR76700PE,PE,76700,2026-03-25,210504197,20,BFO,65
SENSEX,SENSEX26MAR76700CE,CE,76700,2026-03-25,210615813,20,BFO,65
SENSEX,SENSEX26MAR76800CE,CE,76800,2026-03-25,210585861,20,BFO,65
SENSEX,SENSEX26MAR76800PE,PE,76800,2026-03-25,210612485,20,BFO,65
SENSEX,SENSEX26MAR76900PE,PE,76900,2026-03-25,210579973,20,BFO,65
SENSEX,SENSEX26MAR76900CE,CE,76900,2026-03-25,210622981,20,BFO,65
SENSEX,SENSEX26MAR77000CE,CE,77000,2026-03-25,281825797,20,BFO,65
SENSEX,SENSEX26MAR77000PE,PE,77000,2026-03-25,281925637,20,BFO,65
SENSEX,SENSEX26MAR77100CE,CE,77100,2026-03-25,210533893,20,BFO,65
SENSEX,SENSEX26MAR77100PE,PE,77100,2026-03-25,210565893,20,BFO,65
SENSEX,SENSEX26MAR77200CE,CE,77200,2026-03-25,210497029,20,BFO,65
SENSEX,SENSEX26MAR77200PE,PE,77200,2026-03-25,210528773,20,BFO,65
SENSEX,SENSEX26MAR77300CE,CE,77300,2026-03-25,210544645,20,BFO,65
SENSEX,SENSEX26MAR77300PE,PE,77300,2026-03-25,210574085,20,BFO,65
SENSEX,SENSEX26MAR77400CE,CE,77400,2026-03-25,210505221,20,BFO,65
SENSEX,SENSEX26MAR77400PE,PE,77400,2026-03-25,210540549,20,BFO,65
SENSEX,SENSEX26MAR77500CE,CE,77500,2026-03-25,210554629,20,BFO,65
SENSEX,SENSEX26MAR77500PE,PE,77500,2026-03-25,210583557,20,BFO,65
SENSEX,SENSEX26MAR77600CE,CE,77600,2026-03-25,210514437,20,BFO,65
SENSEX,SENSEX26MAR77600PE,PE,77600,2026-03-25,210550277,20,BFO,65
SENSEX,SENSEX26MAR77700PE,PE,77700,2026-03-25,210509317,20,BFO,65
SENSEX,SENSEX26MAR77700CE,CE,77700,2026-03-25,210563589,20,BFO,65
SENSEX,SENSEX26MAR77800CE,CE,77800,2026-03-25,210525189,20,BFO,65
SENSEX,SENSEX26MAR77800PE,PE,77800,2026-03-25,210560261,20,BFO,65
SENSEX,SENSEX26MAR77900CE,CE,77900,2026-03-25,210490885,20,BFO,65
SENSEX,SENSEX26MAR77900PE,PE,77900,2026-03-25,210519557,20,BFO,65
SENSEX,SENSEX26MAR78000CE,CE,78000,2026-03-25,281832453,20,BFO,65
SENSEX,SENSEX26MAR78000PE,PE,78000,2026-03-25,281865221,20,BFO,65
SENSEX,SENSEX26MAR78100PE,PE,78100,2026-03-25,210503429,20,BFO,65
SENSEX,SENSEX26MAR78100CE,CE,78100,2026-03-25,210615557,20,BFO,65
SENSEX,SENSEX26MAR78200CE,CE,78200,2026-03-25,210584325,20,BFO,65
SENSEX,SENSEX26MAR78200PE,PE,78200,2026-03-25,210611205,20,BFO,65
SENSEX,SENSEX26MAR78300PE,PE,78300,2026-03-25,210512389,20,BFO,65
SENSEX,SENSEX26MAR78300CE,CE,78300,2026-03-25,210622213,20,BFO,65
SENSEX,SENSEX26MAR78400CE,CE,78400,2026-03-25,210592773,20,BFO,65
SENSEX,SENSEX26MAR78400PE,PE,78400,2026-03-25,210618629,20,BFO,65
SENSEX,SENSEX26MAR78500CE,CE,78500,2026-03-25,210493189,20,BFO,65
SENSEX,SENSEX26MAR78500PE,PE,78500,2026-03-25,210589189,20,BFO,65
SENSEX,SENSEX26MAR78600CE,CE,78600,2026-03-25,210599429,20,BFO,65
SENSEX,SENSEX26MAR78600PE,PE,78600,2026-03-25,210626309,20,BFO,65
SENSEX,SENSEX26MAR78700CE,CE,78700,2026-03-25,210567941,20,BFO,65
SENSEX,SENSEX26MAR78700PE,PE,78700,2026-03-25,210597125,20,BFO,65
SENSEX,SENSEX26MAR78800PE,PE,78800,2026-03-25,210496261,20,BFO,65
SENSEX,SENSEX26MAR78800CE,CE,78800,2026-03-25,210607621,20,BFO,65
SENSEX,SENSEX26MAR78900CE,CE,78900,2026-03-25,210577157,20,BFO,65
SENSEX,SENSEX26MAR78900PE,PE,78900,2026-03-25,210603525,20,BFO,65
SENSEX,SENSEX26MAR79000PE,PE,79000,2026-03-25,281801989,20,BFO,65
SENSEX,SENSEX26MAR79000CE,CE,79000,2026-03-25,281920005,20,BFO,65
SENSEX,SENSEX26MAR79100CE,CE,79100,2026-03-25,210562821,20,BFO,65
SENSEX,SENSEX26MAR79100PE,PE,79100,2026-03-25,210591237,20,BFO,65
SENSEX,SENSEX26MAR79200CE,CE,79200,2026-03-25,210524165,20,BFO,65
SENSEX,SENSEX26MAR79200PE,PE,79200,2026-03-25,210558213,20,BFO,65
SENSEX,SENSEX26MAR79300PE,PE,79300,2026-03-25,210518533,20,BFO,65
SENSEX,SENSEX26MAR79300CE,CE,79300,2026-03-25,210570757,20,BFO,65
SENSEX,SENSEX26MAR79400CE,CE,79400,2026-03-25,210534149,20,BFO,65
SENSEX,SENSEX26MAR79400PE,PE,79400,2026-03-25,210566149,20,BFO,65
SENSEX,SENSEX26MAR79500CE,CE,79500,2026-03-25,210497541,20,BFO,65
SENSEX,SENSEX26MAR79500PE,PE,79500,2026-03-25,210529029,20,BFO,65
SENSEX,SENSEX26MAR79600CE,CE,79600,2026-03-25,210544901,20,BFO,65
SENSEX,SENSEX26MAR79600PE,PE,79600,2026-03-25,210574341,20,BFO,65
SENSEX,SENSEX26MAR79700CE,CE,79700,2026-03-25,210505477,20,BFO,65
SENSEX,SENSEX26MAR79700PE,PE,79700,2026-03-25,210540805,20,BFO,65
SENSEX,SENSEX26MAR79800PE,PE,79800,2026-03-25,210501381,20,BFO,65
SENSEX,SENSEX26MAR79800CE,CE,79800,2026-03-25,210554885,20,BFO,65
SENSEX,SENSEX26MAR79900CE,CE,79900,2026-03-25,210514693,20,BFO,65
SENSEX,SENSEX26MAR79900PE,PE,79900,2026-03-25,210550789,20,BFO,65
SENSEX,SENSEX26MAR80000CE,CE,80000,2026-03-25,281891333,20,BFO,65
SENSEX,SENSEX26MAR80000PE,PE,80000,2026-03-25,281922053,20,BFO,65
SENSEX,SENSEX26MAR80100CE,CE,80100,2026-03-25,210531589,20,BFO,65
SENSEX,SENSEX26MAR80100PE,PE,80100,2026-03-25,210620421,20,BFO,65
SENSEX,SENSEX26MAR80200CE,CE,80200,2026-03-25,210494469,20,BFO,65
SENSEX,SENSEX26MAR80200PE,PE,80200,2026-03-25,210525445,20,BFO,65
SENSEX,SENSEX26MAR80300PE,PE,80300,2026-03-25,210491141,20,BFO,65
SENSEX,SENSEX26MAR80300CE,CE,80300,2026-03-25,210600965,20,BFO,65
SENSEX,SENSEX26MAR80400CE,CE,80400,2026-03-25,210502661,20,BFO,65
SENSEX,SENSEX26MAR80400PE,PE,80400,2026-03-25,210536453,20,BFO,65
SENSEX,SENSEX26MAR80500PE,PE,80500,2026-03-25,210499077,20,BFO,65
SENSEX,SENSEX26MAR80500CE,CE,80500,2026-03-25,210609925,20,BFO,65
SENSEX,SENSEX26MAR80600CE,CE,80600,2026-03-25,210511365,20,BFO,65
SENSEX,SENSEX26MAR80600PE,PE,80600,2026-03-25,210605317,20,BFO,65
SENSEX,SENSEX26MAR80700PE,PE,80700,2026-03-25,210507269,20,BFO,65
SENSEX,SENSEX26MAR80700CE,CE,80700,2026-03-25,210617349,20,BFO,65
SENSEX,SENSEX26MAR80800CE,CE,80800,2026-03-25,210587909,20,BFO,65
SENSEX,SENSEX26MAR80800PE,PE,80800,2026-03-25,210614533,20,BFO,65
SENSEX,SENSEX26MAR80900PE,PE,80900,2026-03-25,210515717,20,BFO,65
SENSEX,SENSEX26MAR80900CE,CE,80900,2026-03-25,210625541,20,BFO,65
SENSEX,SENSEX26MAR81000CE,CE,81000,2026-03-25,281828357,20,BFO,65
SENSEX,SENSEX26MAR81000PE,PE,81000,2026-03-25,281861893,20,BFO,65
SENSEX,SENSEX26MAR81100CE,CE,81100,2026-03-25,210538245,20,BFO,65
SENSEX,SENSEX26MAR81100PE,PE,81100,2026-03-25,210568197,20,BFO,65
SENSEX,SENSEX26MAR81200CE,CE,81200,2026-03-25,210581253,20,BFO,65
SENSEX,SENSEX26MAR81200PE,PE,81200,2026-03-25,210608133,20,BFO,65
SENSEX,SENSEX26MAR81300CE,CE,81300,2026-03-25,210546949,20,BFO,65
SENSEX,SENSEX26MAR81300PE,PE,81300,2026-03-25,210577413,20,BFO,65
SENSEX,SENSEX26MAR81400PE,PE,81400,2026-03-25,210542597,20,BFO,65
SENSEX,SENSEX26MAR81400CE,CE,81400,2026-03-25,210589957,20,BFO,65
SENSEX,SENSEX26MAR81500CE,CE,81500,2026-03-25,210556933,20,BFO,65
SENSEX,SENSEX26MAR81500PE,PE,81500,2026-03-25,210586117,20,BFO,65
SENSEX,SENSEX26MAR81600CE,CE,81600,2026-03-25,210517509,20,BFO,65
SENSEX,SENSEX26MAR81600PE,PE,81600,2026-03-25,210552069,20,BFO,65
SENSEX,SENSEX26MAR81700CE,CE,81700,2026-03-25,210565381,20,BFO,65
SENSEX,SENSEX26MAR81700PE,PE,81700,2026-03-25,210594053,20,BFO,65
SENSEX,SENSEX26MAR81800CE,CE,81800,2026-03-25,210528517,20,BFO,65
SENSEX,SENSEX26MAR81800PE,PE,81800,2026-03-25,210562053,20,BFO,65
SENSEX,SENSEX26MAR81900PE,PE,81900,2026-03-25,210522885,20,BFO,65
SENSEX,SENSEX26MAR81900CE,CE,81900,2026-03-25,210573317,20,BFO,65
SENSEX,SENSEX26MAR82000PE,PE,82000,2026-03-25,281868037,20,BFO,65
SENSEX,SENSEX26MAR82000CE,CE,82000,2026-03-25,281916933,20,BFO,65
SENSEX,SENSEX26MAR82100PE,PE,82100,2026-03-25,210505733,20,BFO,65
SENSEX,SENSEX26MAR82100CE,CE,82100,2026-03-25,210616325,20,BFO,65
SENSEX,SENSEX26MAR82200CE,CE,82200,2026-03-25,210520325,20,BFO,65
SENSEX,SENSEX26MAR82200PE,PE,82200,2026-03-25,210613253,20,BFO,65
SENSEX,SENSEX26MAR82300PE,PE,82300,2026-03-25,210514949,20,BFO,65
SENSEX,SENSEX26MAR82300CE,CE,82300,2026-03-25,210624261,20,BFO,65
SENSEX,SENSEX26MAR82400CE,CE,82400,2026-03-25,210595845,20,BFO,65
SENSEX,SENSEX26MAR82400PE,PE,82400,2026-03-25,210620677,20,BFO,65
SENSEX,SENSEX26MAR82500CE,CE,82500,2026-03-25,210494725,20,BFO,65
SENSEX,SENSEX26MAR82500PE,PE,82500,2026-03-25,210525701,20,BFO,65
SENSEX,SENSEX26MAR82600PE,PE,82600,2026-03-25,210491397,20,BFO,65
SENSEX,SENSEX26MAR82600CE,CE,82600,2026-03-25,210601221,20,BFO,65
SENSEX,SENSEX26MAR82700CE,CE,82700,2026-03-25,210502917,20,BFO,65
SENSEX,SENSEX26MAR82700PE,PE,82700,2026-03-25,210598149,20,BFO,65
SENSEX,SENSEX26MAR82800PE,PE,82800,2026-03-25,210499333,20,BFO,65
SENSEX,SENSEX26MAR82800CE,CE,82800,2026-03-25,210610181,20,BFO,65
SENSEX,SENSEX26MAR82900CE,CE,82900,2026-03-25,210579461,20,BFO,65
SENSEX,SENSEX26MAR82900PE,PE,82900,2026-03-25,210605573,20,BFO,65
SENSEX,SENSEX26MAR83000PE,PE,83000,2026-03-25,281804293,20,BFO,65
SENSEX,SENSEX26MAR83000CE,CE,83000,2026-03-25,281923077,20,BFO,65
SENSEX,SENSEX26MAR83100CE,CE,83100,2026-03-25,210564101,20,BFO,65
SENSEX,SENSEX26MAR83100PE,PE,83100,2026-03-25,210593029,20,BFO,65
SENSEX,SENSEX26MAR83200CE,CE,83200,2026-03-25,210526725,20,BFO,65
SENSEX,SENSEX26MAR83200PE,PE,83200,2026-03-25,210561285,20,BFO,65
SENSEX,SENSEX26MAR83300CE,CE,83300,2026-03-25,210572293,20,BFO,65
SENSEX,SENSEX26MAR83300PE,PE,83300,2026-03-25,210599685,20,BFO,65
SENSEX,SENSEX26MAR83400CE,CE,83400,2026-03-25,210538501,20,BFO,65
SENSEX,SENSEX26MAR83400PE,PE,83400,2026-03-25,210568453,20,BFO,65
SENSEX,SENSEX26MAR83500PE,PE,83500,2026-03-25,210531845,20,BFO,65
SENSEX,SENSEX26MAR83500CE,CE,83500,2026-03-25,210581509,20,BFO,65
SENSEX,SENSEX26MAR83600CE,CE,83600,2026-03-25,210547205,20,BFO,65
SENSEX,SENSEX26MAR83600PE,PE,83600,2026-03-25,210577669,20,BFO,65
SENSEX,SENSEX26MAR83700CE,CE,83700,2026-03-25,210508549,20,BFO,65
SENSEX,SENSEX26MAR83700PE,PE,83700,2026-03-25,210542853,20,BFO,65
SENSEX,SENSEX26MAR83800CE,CE,83800,2026-03-25,210557189,20,BFO,65
SENSEX,SENSEX26MAR83800PE,PE,83800,2026-03-25,210586373,20,BFO,65
SENSEX,SENSEX26MAR83900CE,CE,83900,2026-03-25,210517765,20,BFO,65
SENSEX,SENSEX26MAR83900PE,PE,83900,2026-03-25,210552325,20,BFO,65
SENSEX,SENSEX26MAR84000CE,CE,84000,2026-03-25,288679685,20,BFO,65
SENSEX,SENSEX26MAR84000PE,PE,84000,2026-03-25,288762373,20,BFO,65
SENSEX,SENSEX26MAR84100CE,CE,84100,2026-03-25,210501637,20,BFO,65
SENSEX,SENSEX26MAR84100PE,PE,84100,2026-03-25,210534917,20,BFO,65
SENSEX,SENSEX26MAR84200PE,PE,84200,2026-03-25,210497797,20,BFO,65
SENSEX,SENSEX26MAR84200CE,CE,84200,2026-03-25,210608645,20,BFO,65
SENSEX,SENSEX26MAR84300CE,CE,84300,2026-03-25,210510853,20,BFO,65
SENSEX,SENSEX26MAR84300PE,PE,84300,2026-03-25,210604549,20,BFO,65
SENSEX,SENSEX26MAR84400PE,PE,84400,2026-03-25,210505989,20,BFO,65
SENSEX,SENSEX26MAR84400CE,CE,84400,2026-03-25,210616581,20,BFO,65
SENSEX,SENSEX26MAR84500CE,CE,84500,2026-03-25,210586885,20,BFO,65
SENSEX,SENSEX26MAR84500PE,PE,84500,2026-03-25,210613509,20,BFO,65
SENSEX,SENSEX26MAR84600PE,PE,84600,2026-03-25,210515205,20,BFO,65
SENSEX,SENSEX26MAR84600CE,CE,84600,2026-03-25,210624517,20,BFO,65
SENSEX,SENSEX26MAR84700CE,CE,84700,2026-03-25,210596101,20,BFO,65
SENSEX,SENSEX26MAR84700PE,PE,84700,2026-03-25,210620933,20,BFO,65
SENSEX,SENSEX26MAR84800CE,CE,84800,2026-03-25,210494981,20,BFO,65
SENSEX,SENSEX26MAR84800PE,PE,84800,2026-03-25,210525957,20,BFO,65
SENSEX,SENSEX26MAR84900PE,PE,84900,2026-03-25,210491653,20,BFO,65
SENSEX,SENSEX26MAR84900CE,CE,84900,2026-03-25,210601477,20,BFO,65
SENSEX,SENSEX26MAR85000CE,CE,85000,2026-03-25,290853637,20,BFO,65
SENSEX,SENSEX26MAR85000PE,PE,85000,2026-03-25,290946309,20,BFO,65
SENSEX,SENSEX26MAR85100PE,PE,85100,2026-03-25,210541573,20,BFO,65
SENSEX,SENSEX26MAR85100CE,CE,85100,2026-03-25,210589445,20,BFO,65
SENSEX,SENSEX26MAR85200CE,CE,85200,2026-03-25,210555653,20,BFO,65
SENSEX,SENSEX26MAR85200PE,PE,85200,2026-03-25,210584837,20,BFO,65
SENSEX,SENSEX26MAR85300CE,CE,85300,2026-03-25,210515973,20,BFO,65
SENSEX,SENSEX26MAR85300PE,PE,85300,2026-03-25,210551301,20,BFO,65
SENSEX,SENSEX26MAR85400CE,CE,85400,2026-03-25,210564357,20,BFO,65
SENSEX,SENSEX26MAR85400PE,PE,85400,2026-03-25,210593285,20,BFO,65
SENSEX,SENSEX26MAR85500CE,CE,85500,2026-03-25,210526981,20,BFO,65
SENSEX,SENSEX26MAR85500PE,PE,85500,2026-03-25,210561541,20,BFO,65
SENSEX,SENSEX26MAR85600PE,PE,85600,2026-03-25,210520837,20,BFO,65
SENSEX,SENSEX26MAR85600CE,CE,85600,2026-03-25,210572549,20,BFO,65
SENSEX,SENSEX26MAR85700CE,CE,85700,2026-03-25,210538757,20,BFO,65
SENSEX,SENSEX26MAR85700PE,PE,85700,2026-03-25,210568709,20,BFO,65
SENSEX,SENSEX26MAR85800PE,PE,85800,2026-03-25,210532101,20,BFO,65
SENSEX,SENSEX26MAR85800CE,CE,85800,2026-03-25,210582021,20,BFO,65
SENSEX,SENSEX26MAR85900CE,CE,85900,2026-03-25,210547461,20,BFO,65
SENSEX,SENSEX26MAR85900PE,PE,85900,2026-03-25,210577925,20,BFO,65
SENSEX,SENSEX26MAR86000CE,CE,86000,2026-03-25,292337413,20,BFO,65
SENSEX,SENSEX26MAR86000PE,PE,86000,2026-03-25,292350213,20,BFO,65
SENSEX,SENSEX26MAR86100CE,CE,86100,2026-03-25,210594309,20,BFO,65
SENSEX,SENSEX26MAR86100PE,PE,86100,2026-03-25,210619653,20,BFO,65
SENSEX,SENSEX26MAR86200CE,CE,86200,2026-03-25,210493957,20,BFO,65
SENSEX,SENSEX26MAR86200PE,PE,86200,2026-03-25,210524421,20,BFO,65
SENSEX,SENSEX26MAR86300PE,PE,86300,2026-03-25,210490373,20,BFO,65
SENSEX,SENSEX26MAR86300CE,CE,86300,2026-03-25,210599941,20,BFO,65
SENSEX,SENSEX26MAR86400CE,CE,86400,2026-03-25,210501893,20,BFO,65
SENSEX,SENSEX26MAR86400PE,PE,86400,2026-03-25,210597637,20,BFO,65
SENSEX,SENSEX26MAR86500PE,PE,86500,2026-03-25,210498053,20,BFO,65
SENSEX,SENSEX26MAR86500CE,CE,86500,2026-03-25,210608901,20,BFO,65
SENSEX,SENSEX26MAR86600CE,CE,86600,2026-03-25,210578437,20,BFO,65
SENSEX,SENSEX26MAR86600PE,PE,86600,2026-03-25,210604805,20,BFO,65
SENSEX,SENSEX26MAR86700PE,PE,86700,2026-03-25,210506501,20,BFO,65
SENSEX,SENSEX26MAR86700CE,CE,86700,2026-03-25,210616837,20,BFO,65
SENSEX,SENSEX26MAR86800CE,CE,86800,2026-03-25,210587141,20,BFO,65
SENSEX,SENSEX26MAR86800PE,PE,86800,2026-03-25,210613765,20,BFO,65
SENSEX,SENSEX26MAR86900PE,PE,86900,2026-03-25,210515461,20,BFO,65
SENSEX,SENSEX26MAR86900CE,CE,86900,2026-03-25,210624773,20,BFO,65
SENSEX,SENSEX26MAR87000CE,CE,87000,2026-03-25,210038277,20,BFO,65
SENSEX,SENSEX26MAR87000PE,PE,87000,2026-03-25,210317829,20,BFO,65
SENSEX,SENSEX26MAR87100CE,CE,87100,2026-03-25,210536709,20,BFO,65
SENSEX,SENSEX26MAR87100PE,PE,87100,2026-03-25,210567173,20,BFO,65
SENSEX,SENSEX26MAR87200PE,PE,87200,2026-03-25,210530565,20,BFO,65
SENSEX,SENSEX26MAR87200CE,CE,87200,2026-03-25,210580229,20,BFO,65
SENSEX,SENSEX26MAR87300CE,CE,87300,2026-03-25,210545413,20,BFO,65
SENSEX,SENSEX26MAR87300PE,PE,87300,2026-03-25,210575621,20,BFO,65
SENSEX,SENSEX26MAR87400CE,CE,87400,2026-03-25,210507525,20,BFO,65
SENSEX,SENSEX26MAR87400PE,PE,87400,2026-03-25,210541829,20,BFO,65
SENSEX,SENSEX26MAR87500CE,CE,87500,2026-03-25,210555909,20,BFO,65
SENSEX,SENSEX26MAR87500PE,PE,87500,2026-03-25,210585349,20,BFO,65
SENSEX,SENSEX26MAR87600CE,CE,87600,2026-03-25,210516229,20,BFO,65
SENSEX,SENSEX26MAR87600PE,PE,87600,2026-03-25,210551557,20,BFO,65
SENSEX,SENSEX26MAR87700CE,CE,87700,2026-03-25,210564613,20,BFO,65
SENSEX,SENSEX26MAR87700PE,PE,87700,2026-03-25,210593541,20,BFO,65
SENSEX,SENSEX26MAR87800CE,CE,87800,2026-03-25,210527237,20,BFO,65
SENSEX,SENSEX26MAR87800PE,PE,87800,2026-03-25,210561797,20,BFO,65
SENSEX,SENSEX26MAR87900PE,PE,87900,2026-03-25,210521349,20,BFO,65
SENSEX,SENSEX26MAR87900CE,CE,87900,2026-03-25,210572805,20,BFO,65
SENSEX,SENSEX26MAR88000CE,CE,88000,2026-03-25,215878661,20,BFO,65
SENSEX,SENSEX26MAR88000PE,PE,88000,2026-03-25,215997957,20,BFO,65
SENSEX,SENSEX26MAR88100PE,PE,88100,2026-03-25,210504965,20,BFO,65
SENSEX,SENSEX26MAR88100CE,CE,88100,2026-03-25,210616069,20,BFO,65
SENSEX,SENSEX26MAR88200CE,CE,88200,2026-03-25,210586629,20,BFO,65
SENSEX,SENSEX26MAR88200PE,PE,88200,2026-03-25,210612997,20,BFO,65
SENSEX,SENSEX26MAR88300PE,PE,88300,2026-03-25,210513669,20,BFO,65
SENSEX,SENSEX26MAR88300CE,CE,88300,2026-03-25,210623493,20,BFO,65
SENSEX,SENSEX26MAR88400CE,CE,88400,2026-03-25,210594565,20,BFO,65
SENSEX,SENSEX26MAR88400PE,PE,88400,2026-03-25,210619909,20,BFO,65
SENSEX,SENSEX26MAR88500CE,CE,88500,2026-03-25,210494213,20,BFO,65
SENSEX,SENSEX26MAR88500PE,PE,88500,2026-03-25,210524677,20,BFO,65
SENSEX,SENSEX26MAR88600PE,PE,88600,2026-03-25,210490629,20,BFO,65
SENSEX,SENSEX26MAR88600CE,CE,88600,2026-03-25,210600197,20,BFO,65
SENSEX,SENSEX26MAR88700CE,CE,88700,2026-03-25,210502149,20,BFO,65
SENSEX,SENSEX26MAR88700PE,PE,88700,2026-03-25,210597893,20,BFO,65
SENSEX,SENSEX26MAR88800PE,PE,88800,2026-03-25,210498565,20,BFO,65
SENSEX,SENSEX26MAR88800CE,CE,88800,2026-03-25,210609157,20,BFO,65
SENSEX,SENSEX26MAR88900CE,CE,88900,2026-03-25,210578693,20,BFO,65
SENSEX,SENSEX26MAR88900PE,PE,88900,2026-03-25,210605061,20,BFO,65
SENSEX,SENSEX26MAR89000CE,CE,89000,2026-03-25,216061445,20,BFO,65
SENSEX,SENSEX26MAR89000PE,PE,89000,2026-03-25,216099333,20,BFO,65
SENSEX,SENSEX26MAR89100CE,CE,89100,2026-03-25,210563845,20,BFO,65
SENSEX,SENSEX26MAR89100PE,PE,89100,2026-03-25,210592261,20,BFO,65
SENSEX,SENSEX26MAR89200CE,CE,89200,2026-03-25,210526213,20,BFO,65
SENSEX,SENSEX26MAR89200PE,PE,89200,2026-03-25,210561029,20,BFO,65
SENSEX,SENSEX26MAR89300PE,PE,89300,2026-03-25,210519813,20,BFO,65
SENSEX,SENSEX26MAR89300CE,CE,89300,2026-03-25,210571781,20,BFO,65
SENSEX,SENSEX26MAR89400CE,CE,89400,2026-03-25,210537221,20,BFO,65
SENSEX,SENSEX26MAR89400PE,PE,89400,2026-03-25,210567429,20,BFO,65
SENSEX,SENSEX26MAR89500PE,PE,89500,2026-03-25,210531077,20,BFO,65
SENSEX,SENSEX26MAR89500CE,CE,89500,2026-03-25,210580485,20,BFO,65
SENSEX,SENSEX26MAR89600CE,CE,89600,2026-03-25,210545925,20,BFO,65
SENSEX,SENSEX26MAR89600PE,PE,89600,2026-03-25,210575877,20,BFO,65
SENSEX,SENSEX26MAR89700CE,CE,89700,2026-03-25,210507781,20,BFO,65
SENSEX,SENSEX26MAR89700PE,PE,89700,2026-03-25,210542341,20,BFO,65
SENSEX,SENSEX26MAR89800CE,CE,89800,2026-03-25,210556165,20,BFO,65
SENSEX,SENSEX26MAR89800PE,PE,89800,2026-03-25,210585605,20,BFO,65
SENSEX,SENSEX26MAR89900CE,CE,89900,2026-03-25,210516485,20,BFO,65
SENSEX,SENSEX26MAR89900PE,PE,89900,2026-03-25,210551813,20,BFO,65
SENSEX,SENSEX26MAR90000PE,PE,90000,2026-03-25,290381061,20,BFO,65
SENSEX,SENSEX26MAR90000CE,CE,90000,2026-03-25,290516997,20,BFO,65
SENSEX,SENSEX26MAR90100CE,CE,90100,2026-03-25,210533125,20,BFO,65
SENSEX,SENSEX26MAR90100PE,PE,90100,2026-03-25,210564869,20,BFO,65
SENSEX,SENSEX26MAR90200CE,CE,90200,2026-03-25,210495237,20,BFO,65
SENSEX,SENSEX26MAR90200PE,PE,90200,2026-03-25,210527493,20,BFO,65
SENSEX,SENSEX26MAR90300PE,PE,90300,2026-03-25,210492421,20,BFO,65
SENSEX,SENSEX26MAR90300CE,CE,90300,2026-03-25,210543365,20,BFO,65
SENSEX,SENSEX26MAR90400CE,CE,90400,2026-03-25,210503685,20,BFO,65
SENSEX,SENSEX26MAR90400PE,PE,90400,2026-03-25,210539013,20,BFO,65
SENSEX,SENSEX26MAR90500PE,PE,90500,2026-03-25,210500101,20,BFO,65
SENSEX,SENSEX26MAR90500CE,CE,90500,2026-03-25,210611717,20,BFO,65
SENSEX,SENSEX26MAR90600CE,CE,90600,2026-03-25,210512645,20,BFO,65
SENSEX,SENSEX26MAR90600PE,PE,90600,2026-03-25,210547717,20,BFO,65
SENSEX,SENSEX26MAR90700PE,PE,90700,2026-03-25,210508805,20,BFO,65
SENSEX,SENSEX26MAR90700CE,CE,90700,2026-03-25,210618885,20,BFO,65
SENSEX,SENSEX26MAR90800CE,CE,90800,2026-03-25,210523653,20,BFO,65
SENSEX,SENSEX26MAR90800PE,PE,90800,2026-03-25,210615301,20,BFO,65
SENSEX,SENSEX26MAR90900PE,PE,90900,2026-03-25,210518021,20,BFO,65
SENSEX,SENSEX26MAR90900CE,CE,90900,2026-03-25,210626565,20,BFO,65
SENSEX,SENSEX26MAR91000CE,CE,91000,2026-03-25,297009925,20,BFO,65
SENSEX,SENSEX26MAR91000PE,PE,91000,2026-03-25,297039877,20,BFO,65
SENSEX,SENSEX26MAR91100PE,PE,91100,2026-03-25,210569477,20,BFO,65
SENSEX,SENSEX26MAR91100CE,CE,91100,2026-03-25,210614789,20,BFO,65
SENSEX,SENSEX26MAR91200CE,CE,91200,2026-03-25,210582533,20,BFO,65
SENSEX,SENSEX26MAR91200PE,PE,91200,2026-03-25,210609413,20,BFO,65
SENSEX,SENSEX26MAR91300CE,CE,91300,2026-03-25,210548997,20,BFO,65
SENSEX,SENSEX26MAR91300PE,PE,91300,2026-03-25,210578949,20,BFO,65
SENSEX,SENSEX26MAR91400CE,CE,91400,2026-03-25,210591493,20,BFO,65
SENSEX,SENSEX26MAR91400PE,PE,91400,2026-03-25,210617093,20,BFO,65
SENSEX,SENSEX26MAR91500CE,CE,91500,2026-03-25,210558469,20,BFO,65
SENSEX,SENSEX26MAR91500PE,PE,91500,2026-03-25,210587397,20,BFO,65
SENSEX,SENSEX26MAR91600PE,PE,91600,2026-03-25,210553093,20,BFO,65
SENSEX,SENSEX26MAR91600CE,CE,91600,2026-03-25,210598661,20,BFO,65
SENSEX,SENSEX26MAR91700CE,CE,91700,2026-03-25,210566661,20,BFO,65
SENSEX,SENSEX26MAR91700PE,PE,91700,2026-03-25,210596613,20,BFO,65
SENSEX,SENSEX26MAR91800CE,CE,91800,2026-03-25,210529285,20,BFO,65
SENSEX,SENSEX26MAR91800PE,PE,91800,2026-03-25,210562565,20,BFO,65
SENSEX,SENSEX26MAR91900CE,CE,91900,2026-03-25,210574853,20,BFO,65
SENSEX,SENSEX26MAR91900PE,PE,91900,2026-03-25,210601733,20,BFO,65
SENSEX,SENSEX26MAR92000CE,CE,92000,2026-03-25,210511621,20,BFO,65
SENSEX,SENSEX26MAR92000PE,PE,92000,2026-03-25,210546181,20,BFO,65
SENSEX,SENSEX26MAR92100PE,PE,92100,2026-03-25,210508037,20,BFO,65
SENSEX,SENSEX26MAR92100CE,CE,92100,2026-03-25,210617605,20,BFO,65
SENSEX,SENSEX26MAR92200CE,CE,92200,2026-03-25,210523141,20,BFO,65
SENSEX,SENSEX26MAR92200PE,PE,92200,2026-03-25,210556421,20,BFO,65
SENSEX,SENSEX26MAR92300PE,PE,92300,2026-03-25,210516741,20,BFO,65
SENSEX,SENSEX26MAR92300CE,CE,92300,2026-03-25,210625797,20,BFO,65
SENSEX,SENSEX26MAR92400CE,CE,92400,2026-03-25,210533381,20,BFO,65
SENSEX,SENSEX26MAR92400PE,PE,92400,2026-03-25,210621701,20,BFO,65
SENSEX,SENSEX26MAR92500CE,CE,92500,2026-03-25,210495493,20,BFO,65
SENSEX,SENSEX26MAR92500PE,PE,92500,2026-03-25,210527749,20,BFO,65
SENSEX,SENSEX26MAR92600PE,PE,92600,2026-03-25,210492677,20,BFO,65
SENSEX,SENSEX26MAR92600CE,CE,92600,2026-03-25,210602501,20,BFO,65
SENSEX,SENSEX26MAR92700CE,CE,92700,2026-03-25,210503941,20,BFO,65
SENSEX,SENSEX26MAR92700PE,PE,92700,2026-03-25,210539269,20,BFO,65
SENSEX,SENSEX26MAR92800PE,PE,92800,2026-03-25,210500357,20,BFO,65
SENSEX,SENSEX26MAR92800CE,CE,92800,2026-03-25,210611973,20,BFO,65
SENSEX,SENSEX26MAR92900CE,CE,92900,2026-03-25,210512901,20,BFO,65
SENSEX,SENSEX26MAR92900PE,PE,92900,2026-03-25,210606597,20,BFO,65
SENSEX,SENSEX26MAR93000CE,CE,93000,2026-03-25,210598405,20,BFO,65
SENSEX,SENSEX26MAR93000PE,PE,93000,2026-03-25,210623749,20,BFO,65
SENSEX,SENSEX26MAR93100CE,CE,93100,2026-03-25,210565637,20,BFO,65
SENSEX,SENSEX26MAR93100PE,PE,93100,2026-03-25,210594821,20,BFO,65
SENSEX,SENSEX26MAR93200PE,PE,93200,2026-03-25,210562309,20,BFO,65
SENSEX,SENSEX26MAR93200CE,CE,93200,2026-03-25,210605829,20,BFO,65
SENSEX,SENSEX26MAR93300CE,CE,93300,2026-03-25,210573829,20,BFO,65
SENSEX,SENSEX26MAR93300PE,PE,93300,2026-03-25,210600709,20,BFO,65
SENSEX,SENSEX26JUN78000PE,PE,78000,2026-06-25,215646469,20,BFO,157
SENSEX,SENSEX26JUN78000CE,CE,78000,2026-06-25,215712005,20,BFO,157
SENSEX,SENSEX26JUN79000PE,PE,79000,2026-06-25,215164165,20,BFO,157
SENSEX,SENSEX26JUN79000CE,CE,79000,2026-06-25,215248645,20,BFO,157
SENSEX,SENSEX26JUN80000CE,CE,80000,2026-06-25,225433861,20,BFO,157
SENSEX,SENSEX26JUN80000PE,PE,80000,2026-06-25,225452293,20,BFO,157
SENSEX,SENSEX26JUN81000CE,CE,81000,2026-06-25,215794949,20,BFO,157
SENSEX,SENSEX26JUN81000PE,PE,81000,2026-06-25,215818245,20,BFO,157
SENSEX,SENSEX26JUN82000PE,PE,82000,2026-06-25,215772165,20,BFO,157
SENSEX,SENSEX26JUN82000CE,CE,82000,2026-06-25,215862533,20,BFO,157
SENSEX,SENSEX26JUN83000CE,CE,83000,2026-06-25,216630021,20,BFO,157
SENSEX,SENSEX26JUN83000PE,PE,83000,2026-06-25,216649477,20,BFO,157
SENSEX,SENSEX26JUN84000CE,CE,84000,2026-06-25,216696581,20,BFO,157
SENSEX,SENSEX26JUN84000PE,PE,84000,2026-06-25,216744197,20,BFO,157
SENSEX,SENSEX26JUN85000CE,CE,85000,2026-06-25,215973637,20,BFO,157
SENSEX,SENSEX26JUN85000PE,PE,85000,2026-06-25,215995141,20,BFO,157
SENSEX,SENSEX26JUN86000CE,CE,86000,2026-06-25,292317957,20,BFO,157
SENSEX,SENSEX26JUN86000PE,PE,86000,2026-06-25,292331781,20,BFO,157
SENSEX,SENSEX26JUN87000PE,PE,87000,2026-06-25,209985029,20,BFO,157
SENSEX,SENSEX26JUN87000CE,CE,87000,2026-06-25,210322181,20,BFO,157
SENSEX,SENSEX26JUN88000PE,PE,88000,2026-06-25,215854597,20,BFO,157
SENSEX,SENSEX26JUN88000CE,CE,88000,2026-06-25,215999749,20,BFO,157
SENSEX,SENSEX26JUN89000PE,PE,89000,2026-06-25,216041221,20,BFO,157
SENSEX,SENSEX26JUN89000CE,CE,89000,2026-06-25,216101893,20,BFO,157
SENSEX,SENSEX26JUN90000CE,CE,90000,2026-06-25,290462725,20,BFO,157
SENSEX,SENSEX26JUN90000PE,PE,90000,2026-06-25,290496773,20,BFO,157
SENSEX,SENSEX26JUN91000CE,CE,91000,2026-06-25,214535941,20,BFO,157
SENSEX,SENSEX26JUN91000PE,PE,91000,2026-06-25,214591493,20,BFO,157
SENSEX,SENSEX26SEP78000CE,CE,78000,2026-09-24,215648517,20,BFO,248
SENSEX,SENSEX26SEP78000PE,PE,78000,2026-09-24,215690757,20,BFO,248
SENSEX,SENSEX26SEP79000CE,CE,79000,2026-09-24,215165701,20,BFO,248
SENSEX,SENSEX26SEP79000PE,PE,79000,2026-09-24,215233541,20,BFO,248
SENSEX,SENSEX26SEP80000CE,CE,80000,2026-09-24,283084549,20,BFO,248
SENSEX,SENSEX26SEP80000PE,PE,80000,2026-09-24,284477701,20,BFO,248
SENSEX,SENSEX26SEP81000PE,PE,81000,2026-09-24,282388741,20,BFO,248
SENSEX,SENSEX26SEP81000CE,CE,81000,2026-09-24,285581829,20,BFO,248
SENSEX,SENSEX26SEP82000CE,CE,82000,2026-09-24,284402181,20,BFO,248
SENSEX,SENSEX26SEP82000PE,PE,82000,2026-09-24,285030405,20,BFO,248
SENSEX,SENSEX26SEP83000CE,CE,83000,2026-09-24,282297861,20,BFO,248
SENSEX,SENSEX26SEP83000PE,PE,83000,2026-09-24,283051525,20,BFO,248
SENSEX,SENSEX26SEP84000CE,CE,84000,2026-09-24,284924933,20,BFO,248
SENSEX,SENSEX26SEP84000PE,PE,84000,2026-09-24,285549317,20,BFO,248
SENSEX,SENSEX26SEP85000CE,CE,85000,2026-09-24,282967813,20,BFO,248
SENSEX,SENSEX26SEP85000PE,PE,85000,2026-09-24,285637637,20,BFO,248
SENSEX,SENSEX26SEP86000CE,CE,86000,2026-09-24,283070725,20,BFO,248
SENSEX,SENSEX26SEP86000PE,PE,86000,2026-09-24,284464645,20,BFO,248
SENSEX,SENSEX26SEP87000PE,PE,87000,2026-09-24,289129221,20,BFO,248
SENSEX,SENSEX26SEP87000CE,CE,87000,2026-09-24,289225221,20,BFO,248
SENSEX,SENSEX26SEP88000CE,CE,88000,2026-09-24,289457925,20,BFO,248
SENSEX,SENSEX26SEP88000PE,PE,88000,2026-09-24,289473285,20,BFO,248
SENSEX,SENSEX26SEP89000CE,CE,89000,2026-09-24,290113797,20,BFO,248
SENSEX,SENSEX26SEP89000PE,PE,89000,2026-09-24,290136325,20,BFO,248
SENSEX,SENSEX26SEP90000PE,PE,90000,2026-09-24,290443781,20,BFO,248
SENSEX,SENSEX26SEP90000CE,CE,90000,2026-09-24,290500101,20,BFO,248
SENSEX,SENSEX26SEP91000PE,PE,91000,2026-09-24,214510341,20,BFO,248
SENSEX,SENSEX26SEP91000CE,CE,91000,2026-09-24,214714629,20,BFO,248
SENSEX,SENSEX26DEC78000PE,PE,78000,2026-12-31,215581189,20,BFO,346
SENSEX,SENSEX26DEC78000CE,CE,78000,2026-12-31,215739909,20,BFO,346
SENSEX,SENSEX26DEC79000CE,CE,79000,2026-12-31,215208709,20,BFO,346
SENSEX,SENSEX26DEC79000PE,PE,79000,2026-12-31,215235845,20,BFO,346
SENSEX,SENSEX26DEC80000CE,CE,80000,2026-12-31,225434373,20,BFO,346
SENSEX,SENSEX26DEC80000PE,PE,80000,2026-12-31,225453829,20,BFO,346
SENSEX,SENSEX26DEC81000CE,CE,81000,2026-12-31,215795717,20,BFO,346
SENSEX,SENSEX26DEC81000PE,PE,81000,2026-12-31,215819013,20,BFO,346
SENSEX,SENSEX26DEC82000PE,PE,82000,2026-12-31,215772933,20,BFO,346
SENSEX,SENSEX26DEC82000CE,CE,82000,2026-12-31,215863045,20,BFO,346
SENSEX,SENSEX26DEC83000PE,PE,83000,2026-12-31,216595717,20,BFO,346
SENSEX,SENSEX26DEC83000CE,CE,83000,2026-12-31,216630789,20,BFO,346
SENSEX,SENSEX26DEC84000CE,CE,84000,2026-12-31,216727301,20,BFO,346
SENSEX,SENSEX26DEC84000PE,PE,84000,2026-12-31,216744709,20,BFO,346
SENSEX,SENSEX26DEC85000CE,CE,85000,2026-12-31,215974405,20,BFO,346
SENSEX,SENSEX26DEC85000PE,PE,85000,2026-12-31,215996421,20,BFO,346
SENSEX,SENSEX26DEC86000CE,CE,86000,2026-12-31,292320261,20,BFO,346
SENSEX,SENSEX26DEC86000PE,PE,86000,2026-12-31,292332293,20,BFO,346
SENSEX,SENSEX26DEC87000PE,PE,87000,2026-12-31,209988613,20,BFO,346
SENSEX,SENSEX26DEC87000CE,CE,87000,2026-12-31,210325253,20,BFO,346
SENSEX,SENSEX26DEC88000PE,PE,88000,2026-12-31,215881989,20,BFO,346
SENSEX,SENSEX26DEC88000CE,CE,88000,2026-12-31,215938053,20,BFO,346
SENSEX,SENSEX26DEC89000CE,CE,89000,2026-12-31,216125957,20,BFO,346
SENSEX,SENSEX26DEC89000PE,PE,89000,2026-12-31,216162053,20,BFO,346
SENSEX,SENSEX26DEC90000CE,CE,90000,2026-12-31,290408709,20,BFO,346
SENSEX,SENSEX26DEC90000PE,PE,90000,2026-12-31,290447877,20,BFO,346
SENSEX,SENSEX26DEC91000PE,PE,91000,2026-12-31,214514949,20,BFO,346
SENSEX,SENSEX26DEC91000CE,CE,91000,2026-12-31,214717445,20,BFO,346
SENSEX,SENSEX27JUN78000PE,PE,78000,2027-06-24,215587845,20,BFO,521
SENSEX,SENSEX27JUN78000CE,CE,78000,2027-06-24,215746565,20,BFO,521
SENSEX,SENSEX27JUN79000PE,PE,79000,2027-06-24,215183365,20,BFO,521
SENSEX,SENSEX27JUN79000CE,CE,79000,2027-06-24,215210245,20,BFO,521
SENSEX,SENSEX27JUN80000PE,PE,80000,2027-06-24,225379333,20,BFO,521
SENSEX,SENSEX27JUN80000CE,CE,80000,2027-06-24,225447429,20,BFO,521
SENSEX,SENSEX27JUN81000CE,CE,81000,2027-06-24,215813637,20,BFO,521
SENSEX,SENSEX27JUN81000PE,PE,81000,2027-06-24,215836421,20,BFO,521
SENSEX,SENSEX27JUN82000PE,PE,82000,2027-06-24,215791365,20,BFO,521
SENSEX,SENSEX27JUN82000CE,CE,82000,2027-06-24,215880453,20,BFO,521
SENSEX,SENSEX27JUN83000CE,CE,83000,2027-06-24,216645381,20,BFO,521
SENSEX,SENSEX27JUN83000PE,PE,83000,2027-06-24,216666373,20,BFO,521
SENSEX,SENSEX27JUN84000CE,CE,84000,2027-06-24,216706821,20,BFO,521
SENSEX,SENSEX27JUN84000PE,PE,84000,2027-06-24,216721925,20,BFO,521
SENSEX,SENSEX27JUN85000PE,PE,85000,2027-06-24,215924485,20,BFO,521
SENSEX,SENSEX27JUN85000CE,CE,85000,2027-06-24,215990021,20,BFO,521
SENSEX,SENSEX27JUN86000CE,CE,86000,2027-06-24,292328197,20,BFO,521
SENSEX,SENSEX27JUN86000PE,PE,86000,2027-06-24,292339461,20,BFO,521
SENSEX,SENSEX27JUN87000CE,CE,87000,2027-06-24,209961733,20,BFO,521
SENSEX,SENSEX27JUN87000PE,PE,87000,2027-06-24,210055685,20,BFO,521
SENSEX,SENSEX27JUN88000PE,PE,88000,2027-06-24,215886597,20,BFO,521
SENSEX,SENSEX27JUN88000CE,CE,88000,2027-06-24,216028421,20,BFO,521
SENSEX,SENSEX27JUN89000CE,CE,89000,2027-06-24,216132869,20,BFO,521
SENSEX,SENSEX27JUN89000PE,PE,89000,2027-06-24,216169477,20,BFO,521
SENSEX,SENSEX27JUN90000PE,PE,90000,2027-06-24,290356741,20,BFO,521
SENSEX,SENSEX27JUN90000CE,CE,90000,2027-06-24,290415365,20,BFO,521
SENSEX,SENSEX27JUN91000CE,CE,91000,2027-06-24,214577157,20,BFO,521
SENSEX,SENSEX27JUN91000PE,PE,91000,2027-06-24,214633221,20,BFO,521
SENSEX,SENSEX27DEC78000PE,PE,78000,2027-12-30,215615749,20,BFO,710
SENSEX,SENSEX27DEC78000CE,CE,78000,2027-12-30,215685381,20,BFO,710
SENSEX,SENSEX27DEC79000CE,CE,79000,2027-12-30,215229957,20,BFO,710
SENSEX,SENSEX27DEC79000PE,PE,79000,2027-12-30,215255045,20,BFO,710
SENSEX,SENSEX27DEC80000CE,CE,80000,2027-12-30,225422597,20,BFO,710
SENSEX,SENSEX27DEC80000PE,PE,80000,2027-12-30,225440005,20,BFO,710
SENSEX,SENSEX27DEC81000CE,CE,81000,2027-12-30,215779333,20,BFO,710
SENSEX,SENSEX27DEC81000PE,PE,81000,2027-12-30,215803141,20,BFO,710
SENSEX,SENSEX27DEC82000CE,CE,82000,2027-12-30,215844869,20,BFO,710
SENSEX,SENSEX27DEC82000PE,PE,82000,2027-12-30,215872005,20,BFO,710
SENSEX,SENSEX27DEC83000CE,CE,83000,2027-12-30,216615941,20,BFO,710
SENSEX,SENSEX27DEC83000PE,PE,83000,2027-12-30,216679429,20,BFO,710
SENSEX,SENSEX27DEC84000CE,CE,84000,2027-12-30,216716293,20,BFO,710
SENSEX,SENSEX27DEC84000PE,PE,84000,2027-12-30,216732165,20,BFO,710
SENSEX,SENSEX27DEC85000PE,PE,85000,2027-12-30,215925509,20,BFO,710
SENSEX,SENSEX27DEC85000CE,CE,85000,2027-12-30,215991557,20,BFO,710
SENSEX,SENSEX27DEC86000CE,CE,86000,2027-12-30,292329221,20,BFO,710
SENSEX,SENSEX27DEC86000PE,PE,86000,2027-12-30,292339973,20,BFO,710
SENSEX,SENSEX27DEC87000CE,CE,87000,2027-12-30,209965317,20,BFO,710
SENSEX,SENSEX27DEC87000PE,PE,87000,2027-12-30,210059525,20,BFO,710
SENSEX,SENSEX27DEC88000PE,PE,88000,2027-12-30,215908101,20,BFO,710
SENSEX,SENSEX27DEC88000CE,CE,88000,2027-12-30,215967749,20,BFO,710
SENSEX,SENSEX27DEC89000CE,CE,89000,2027-12-30,216152581,20,BFO,710
SENSEX,SENSEX27DEC89000PE,PE,89000,2027-12-30,216189189,20,BFO,710
SENSEX,SENSEX27DEC90000CE,CE,90000,2027-12-30,290437125,20,BFO,710
SENSEX,SENSEX27DEC90000PE,PE,90000,2027-12-30,290473733,20,BFO,710
SENSEX,SENSEX27DEC91000CE,CE,91000,2027-12-30,214502917,20,BFO,710
SENSEX,SENSEX27DEC91000PE,PE,91000,2027-12-30,214550021,20,BFO,710
SENSEX,SENSEX28JUN78000PE,PE,78000,2028-06-29,215554309,20,BFO,892
SENSEX,SENSEX28JUN78000CE,CE,78000,2028-06-29,215713285,20,BFO,892
SENSEX,SENSEX28JUN79000PE,PE,79000,2028-06-29,215165445,20,BFO,892
SENSEX,SENSEX28JUN79000CE,CE,79000,2028-06-29,215196677,20,BFO,892
SENSEX,SENSEX28JUN80000CE,CE,80000,2028-06-29,225395717,20,BFO,892
SENSEX,SENSEX28JUN80000PE,PE,80000,2028-06-29,225454597,20,BFO,892
SENSEX,SENSEX28JUN81000CE,CE,81000,2028-06-29,215796485,20,BFO,892
SENSEX,SENSEX28JUN81000PE,PE,81000,2028-06-29,215819525,20,BFO,892
SENSEX,SENSEX28JUN82000PE,PE,82000,2028-06-29,215773701,20,BFO,892
SENSEX,SENSEX28JUN82000CE,CE,82000,2028-06-29,215864325,20,BFO,892
SENSEX,SENSEX28JUN83000CE,CE,83000,2028-06-29,216631557,20,BFO,892
SENSEX,SENSEX28JUN83000PE,PE,83000,2028-06-29,216650501,20,BFO,892
SENSEX,SENSEX28JUN84000CE,CE,84000,2028-06-29,216697093,20,BFO,892
SENSEX,SENSEX28JUN84000PE,PE,84000,2028-06-29,216711173,20,BFO,892
SENSEX,SENSEX28JUN85000PE,PE,85000,2028-06-29,215938821,20,BFO,892
SENSEX,SENSEX28JUN85000CE,CE,85000,2028-06-29,215964421,20,BFO,892
SENSEX,SENSEX28JUN86000CE,CE,86000,2028-06-29,292336901,20,BFO,892
SENSEX,SENSEX28JUN86000PE,PE,86000,2028-06-29,292349701,20,BFO,892
SENSEX,SENSEX28JUN87000CE,CE,87000,2028-06-29,210036997,20,BFO,892
SENSEX,SENSEX28JUN87000PE,PE,87000,2028-06-29,210124293,20,BFO,892
SENSEX,SENSEX28JUN88000PE,PE,88000,2028-06-29,215856133,20,BFO,892
SENSEX,SENSEX28JUN88000CE,CE,88000,2028-06-29,216002309,20,BFO,892
SENSEX,SENSEX28JUN89000CE,CE,89000,2028-06-29,216103429,20,BFO,892
SENSEX,SENSEX28JUN89000PE,PE,89000,2028-06-29,216141829,20,BFO,892
SENSEX,SENSEX28JUN90000CE,CE,90000,2028-06-29,290385413,20,BFO,892
SENSEX,SENSEX28JUN90000PE,PE,90000,2028-06-29,290499845,20,BFO,892
SENSEX,SENSEX28JUN91000CE,CE,91000,2028-06-29,214538245,20,BFO,892
SENSEX,SENSEX28JUN91000PE,PE,91000,2028-06-29,214594565,20,BFO,892
SENSEX,SENSEX28DEC78000PE,PE,78000,2028-12-28,215649285,20,BFO,1074
SENSEX,SENSEX28DEC78000CE,CE,78000,2028-12-28,215713797,20,BFO,1074
SENSEX,SENSEX28DEC79000PE,PE,79000,2028-12-28,215166725,20,BFO,1074
SENSEX,SENSEX28DEC79000CE,CE,79000,2028-12-28,215250437,20,BFO,1074
SENSEX,SENSEX28DEC80000CE,CE,80000,2028-12-28,225435653,20,BFO,1074
SENSEX,SENSEX28DEC80000PE,PE,80000,2028-12-28,225454853,20,BFO,1074
SENSEX,SENSEX28DEC81000CE,CE,81000,2028-12-28,215797509,20,BFO,1074
SENSEX,SENSEX28DEC81000PE,PE,81000,2028-12-28,215820805,20,BFO,1074
SENSEX,SENSEX28DEC82000PE,PE,82000,2028-12-28,215774469,20,BFO,1074
SENSEX,SENSEX28DEC82000CE,CE,82000,2028-12-28,215864837,20,BFO,1074
SENSEX,SENSEX28DEC83000CE,CE,83000,2028-12-28,216633093,20,BFO,1074
SENSEX,SENSEX28DEC83000PE,PE,83000,2028-12-28,216651269,20,BFO,1074
SENSEX,SENSEX28DEC84000CE,CE,84000,2028-12-28,216697861,20,BFO,1074
SENSEX,SENSEX28DEC84000PE,PE,84000,2028-12-28,216745221,20,BFO,1074
SENSEX,SENSEX28DEC85000CE,CE,85000,2028-12-28,215920645,20,BFO,1074
SENSEX,SENSEX28DEC85000PE,PE,85000,2028-12-28,215939077,20,BFO,1074
SENSEX,SENSEX28DEC86000CE,CE,86000,2028-12-28,292337669,20,BFO,1074
SENSEX,SENSEX28DEC86000PE,PE,86000,2028-12-28,292350469,20,BFO,1074
SENSEX,SENSEX28DEC87000CE,CE,87000,2028-12-28,210039301,20,BFO,1074
SENSEX,SENSEX28DEC87000PE,PE,87000,2028-12-28,210128133,20,BFO,1074
SENSEX,SENSEX28DEC88000PE,PE,88000,2028-12-28,215857413,20,BFO,1074
SENSEX,SENSEX28DEC88000CE,CE,88000,2028-12-28,216002821,20,BFO,1074
SENSEX,SENSEX28DEC89000PE,PE,89000,2028-12-28,216044037,20,BFO,1074
SENSEX,SENSEX28DEC89000CE,CE,89000,2028-12-28,216105221,20,BFO,1074
SENSEX,SENSEX28DEC90000CE,CE,90000,2028-12-28,290386437,20,BFO,1074
SENSEX,SENSEX28DEC90000PE,PE,90000,2028-12-28,290501381,20,BFO,1074
SENSEX,SENSEX28DEC91000CE,CE,91000,2028-12-28,214539013,20,BFO,1074
SENSEX,SENSEX28DEC91000PE,PE,91000,2028-12-28,214595845,20,BFO,1074
SENSEX,SENSEX29JUN78000PE,PE,78000,2029-06-28,215590661,20,BFO,1256
SENSEX,SENSEX29JUN78000CE,CE,78000,2029-06-28,215747845,20,BFO,1256
SENSEX,SENSEX29JUN79000CE,CE,79000,2029-06-28,215211013,20,BFO,1256
SENSEX,SENSEX29JUN79000PE,PE,79000,2029-06-28,215241989,20,BFO,1256
SENSEX,SENSEX29JUN80000PE,PE,80000,2029-06-28,220156421,20,BFO,1256
SENSEX,SENSEX29JUN80000CE,CE,80000,2029-06-28,220286981,20,BFO,1256
SENSEX,SENSEX29JUN81000CE,CE,81000,2029-06-28,219500037,20,BFO,1256
SENSEX,SENSEX29JUN81000PE,PE,81000,2029-06-28,220879621,20,BFO,1256
SENSEX,SENSEX29JUN82000PE,PE,82000,2029-06-28,218908933,20,BFO,1256
SENSEX,SENSEX29JUN82000CE,CE,82000,2029-06-28,220223237,20,BFO,1256
SENSEX,SENSEX29JUN83000PE,PE,83000,2029-06-28,219610885,20,BFO,1256
SENSEX,SENSEX29JUN83000CE,CE,83000,2029-06-28,220948741,20,BFO,1256
SENSEX,SENSEX29JUN84000CE,CE,84000,2029-06-28,218978565,20,BFO,1256
SENSEX,SENSEX29JUN84000PE,PE,84000,2029-06-28,220349957,20,BFO,1256
SENSEX,SENSEX29JUN85000CE,CE,85000,2029-06-28,215978501,20,BFO,1256
SENSEX,SENSEX29JUN85000PE,PE,85000,2029-06-28,216001285,20,BFO,1256
SENSEX,SENSEX29JUN86000PE,PE,86000,2029-06-28,292298245,20,BFO,1256
SENSEX,SENSEX29JUN86000CE,CE,86000,2029-06-28,292321541,20,BFO,1256
SENSEX,SENSEX29JUN87000CE,CE,87000,2029-06-28,210106629,20,BFO,1256
SENSEX,SENSEX29JUN87000PE,PE,87000,2029-06-28,210198533,20,BFO,1256
SENSEX,SENSEX29JUN88000PE,PE,88000,2029-06-28,215887877,20,BFO,1256
SENSEX,SENSEX29JUN88000CE,CE,88000,2029-06-28,216029445,20,BFO,1256
SENSEX,SENSEX29JUN89000CE,CE,89000,2029-06-28,216134149,20,BFO,1256
SENSEX,SENSEX29JUN89000PE,PE,89000,2029-06-28,216169989,20,BFO,1256
SENSEX,SENSEX29JUN90000CE,CE,90000,2029-06-28,290416901,20,BFO,1256
SENSEX,SENSEX29JUN90000PE,PE,90000,2029-06-28,290456069,20,BFO,1256
SENSEX,SENSEX29JUN91000PE,PE,91000,2029-06-28,214636805,20,BFO,1256
SENSEX,SENSEX29JUN91000CE,CE,91000,2029-06-28,214725125,20,BFO,1256
SENSEX,SENSEX29DEC78000PE,PE,78000,2029-12-27,215591173,20,BFO,1438
SENSEX,SENSEX29DEC78000CE,CE,78000,2029-12-27,215749637,20,BFO,1438
SENSEX,SENSEX29DEC79000PE,PE,79000,2029-12-27,215185157,20,BFO,1438
SENSEX,SENSEX29DEC79000CE,CE,79000,2029-12-27,215211781,20,BFO,1438
SENSEX,SENSEX29DEC80000PE,PE,80000,2029-12-27,215490821,20,BFO,1438
SENSEX,SENSEX29DEC80000CE,CE,80000,2029-12-27,215526661,20,BFO,1438
SENSEX,SENSEX29DEC81000CE,CE,81000,2029-12-27,215530501,20,BFO,1438
SENSEX,SENSEX29DEC81000PE,PE,81000,2029-12-27,215552261,20,BFO,1438
SENSEX,SENSEX29DEC82000CE,CE,82000,2029-12-27,215488261,20,BFO,1438
SENSEX,SENSEX29DEC82000PE,PE,82000,2029-12-27,215510021,20,BFO,1438
SENSEX,SENSEX29DEC83000CE,CE,83000,2029-12-27,215549445,20,BFO,1438
SENSEX,SENSEX29DEC83000PE,PE,83000,2029-12-27,215569925,20,BFO,1438
SENSEX,SENSEX29DEC84000CE,CE,84000,2029-12-27,215506181,20,BFO,1438
SENSEX,SENSEX29DEC84000PE,PE,84000,2029-12-27,215529477,20,BFO,1438
SENSEX,SENSEX29DEC85000PE,PE,85000,2029-12-27,215952389,20,BFO,1438
SENSEX,SENSEX29DEC85000CE,CE,85000,2029-12-27,215979525,20,BFO,1438
SENSEX,SENSEX29DEC86000PE,PE,86000,2029-12-27,292299013,20,BFO,1438
SENSEX,SENSEX29DEC86000CE,CE,86000,2029-12-27,292345861,20,BFO,1438
SENSEX,SENSEX29DEC87000CE,CE,87000,2029-12-27,210108677,20,BFO,1438
SENSEX,SENSEX29DEC87000PE,PE,87000,2029-12-27,210200837,20,BFO,1438
SENSEX,SENSEX29DEC88000CE,CE,88000,2029-12-27,215848197,20,BFO,1438
SENSEX,SENSEX29DEC88000PE,PE,88000,2029-12-27,215888645,20,BFO,1438
SENSEX,SENSEX29DEC89000CE,CE,89000,2029-12-27,216136197,20,BFO,1438
SENSEX,SENSEX29DEC89000PE,PE,89000,2029-12-27,216171781,20,BFO,1438
SENSEX,SENSEX29DEC90000PE,PE,90000,2029-12-27,290358533,20,BFO,1438
SENSEX,SENSEX29DEC90000CE,CE,90000,2029-12-27,290417925,20,BFO,1438
SENSEX,SENSEX29DEC91000CE,CE,91000,2029-12-27,214582789,20,BFO,1438
SENSEX,SENSEX29DEC91000PE,PE,91000,2029-12-27,214638341,20,BFO,1438
SENSEX,SENSEX30JUN78000PE,PE,78000,2030-06-27,215674373,20,BFO,1620
SENSEX,SENSEX30JUN78000CE,CE,78000,2030-06-27,215740933,20,BFO,1620
SENSEX,SENSEX30JUN79000PE,PE,79000,2030-06-27,215180549,20,BFO,1620
SENSEX,SENSEX30JUN79000CE,CE,79000,2030-06-27,215262981,20,BFO,1620
SENSEX,SENSEX30JUN80000CE,CE,80000,2030-06-27,216166405,20,BFO,1620
SENSEX,SENSEX30JUN80000PE,PE,80000,2030-06-27,216200197,20,BFO,1620
SENSEX,SENSEX30JUN81000CE,CE,81000,2030-06-27,216094469,20,BFO,1620
SENSEX,SENSEX30JUN81000PE,PE,81000,2030-06-27,216133637,20,BFO,1620
SENSEX,SENSEX30JUN82000PE,PE,82000,2030-06-27,216058629,20,BFO,1620
SENSEX,SENSEX30JUN82000CE,CE,82000,2030-06-27,216194565,20,BFO,1620
SENSEX,SENSEX30JUN83000PE,PE,83000,2030-06-27,216066821,20,BFO,1620
SENSEX,SENSEX30JUN83000CE,CE,83000,2030-06-27,216128261,20,BFO,1620
SENSEX,SENSEX30JUN84000CE,CE,84000,2030-06-27,216134661,20,BFO,1620
SENSEX,SENSEX30JUN84000PE,PE,84000,2030-06-27,216170501,20,BFO,1620
SENSEX,SENSEX30JUN85000CE,CE,85000,2030-06-27,216059909,20,BFO,1620
SENSEX,SENSEX30JUN85000PE,PE,85000,2030-06-27,216097797,20,BFO,1620
SENSEX,SENSEX30JUN86000CE,CE,86000,2030-06-27,216164357,20,BFO,1620
SENSEX,SENSEX30JUN86000PE,PE,86000,2030-06-27,216198661,20,BFO,1620
SENSEX,SENSEX30JUN87000CE,CE,87000,2030-06-27,216093701,20,BFO,1620
SENSEX,SENSEX30JUN87000PE,PE,87000,2030-06-27,216132613,20,BFO,1620
SENSEX,SENSEX30JUN88000PE,PE,88000,2030-06-27,216057605,20,BFO,1620
SENSEX,SENSEX30JUN88000CE,CE,88000,2030-06-27,216193029,20,BFO,1620
SENSEX,SENSEX30JUN89000PE,PE,89000,2030-06-27,216065541,20,BFO,1620
SENSEX,SENSEX30JUN89000CE,CE,89000,2030-06-27,216127237,20,BFO,1620
SENSEX,SENSEX30JUN90000PE,PE,90000,2030-06-27,290351621,20,BFO,1620
SENSEX,SENSEX30JUN90000CE,CE,90000,2030-06-27,290486533,20,BFO,1620
SENSEX,SENSEX30JUN91000CE,CE,91000,2030-06-27,214570501,20,BFO,1620
SENSEX,SENSEX30JUN91000PE,PE,91000,2030-06-27,214625029,20,BFO,1620
SENSEX,SENSEX30DEC78000CE,CE,78000,2030-12-26,215604997,20,BFO,1802
SENSEX,SENSEX30DEC78000PE,PE,78000,2030-12-26,215736069,20,BFO,1802
SENSEX,SENSEX30DEC79000CE,CE,79000,2030-12-26,215188741,20,BFO,1802
SENSEX,SENSEX30DEC79000PE,PE,79000,2030-12-26,215207685,20,BFO,1802
SENSEX,SENSEX30DEC80000CE,CE,80000,2030-12-26,211175429,20,BFO,1802
SENSEX,SENSEX30DEC80000PE,PE,80000,2030-12-26,211567621,20,BFO,1802
SENSEX,SENSEX30DEC81000CE,CE,81000,2030-12-26,212260613,20,BFO,1802
SENSEX,SENSEX30DEC81000PE,PE,81000,2030-12-26,212783365,20,BFO,1802
SENSEX,SENSEX30DEC82000CE,CE,82000,2030-12-26,211507973,20,BFO,1802
SENSEX,SENSEX30DEC82000PE,PE,82000,2030-12-26,211896837,20,BFO,1802
SENSEX,SENSEX30DEC83000PE,PE,83000,2030-12-26,211968773,20,BFO,1802
SENSEX,SENSEX30DEC83000CE,CE,83000,2030-12-26,212723205,20,BFO,1802
SENSEX,SENSEX30DEC84000PE,PE,84000,2030-12-26,211221253,20,BFO,1802
SENSEX,SENSEX30DEC84000CE,CE,84000,2030-12-26,212799749,20,BFO,1802
SENSEX,SENSEX30DEC85000CE,CE,85000,2030-12-26,211909637,20,BFO,1802
SENSEX,SENSEX30DEC85000PE,PE,85000,2030-12-26,212305157,20,BFO,1802
SENSEX,SENSEX30DEC86000CE,CE,86000,2030-12-26,211165957,20,BFO,1802
SENSEX,SENSEX30DEC86000PE,PE,86000,2030-12-26,211556869,20,BFO,1802
SENSEX,SENSEX30DEC87000CE,CE,87000,2030-12-26,212248069,20,BFO,1802
SENSEX,SENSEX30DEC87000PE,PE,87000,2030-12-26,212768005,20,BFO,1802
SENSEX,SENSEX30DEC88000CE,CE,88000,2030-12-26,211495429,20,BFO,1802
SENSEX,SENSEX30DEC88000PE,PE,88000,2030-12-26,212847109,20,BFO,1802
SENSEX,SENSEX30DEC89000CE,CE,89000,2030-12-26,211570949,20,BFO,1802
SENSEX,SENSEX30DEC89000PE,PE,89000,2030-12-26,211959045,20,BFO,1802
SENSEX,SENSEX30DEC90000CE,CE,90000,2030-12-26,211193093,20,BFO,1802
SENSEX,SENSEX30DEC90000PE,PE,90000,2030-12-26,211584261,20,BFO,1802
SENSEX,SENSEX30DEC91000CE,CE,91000,2030-12-26,214657029,20,BFO,1802
SENSEX,SENSEX30DEC91000PE,PE,91000,2030-12-26,214715141,20,BFO,1802
