fetch_date,instrument_token,tradingsymbol,name,exchange,instrument_type,expiry,strike,lot_size
2025-12-31,292786437,SENSEX26JANFUT,SENSEX,BFO,FUT,2026-01-29,0,20
2025-12-31,298364421,SENSEX26FEBFUT,SENSEX,BFO,FUT,2026-02-26,0,20
2025-12-31,211344645,SENSEX26MARFUT,SENSEX,BFO,FUT,2026-03-25,0,20
2025-12-31,296435717,SENSEX2610184700PE,SENSEX,BFO,PE,2026-01-01,84700,20
2025-12-31,296497925,SENSEX2610184700CE,SENSEX,BFO,CE,2026-01-01,84700,20
2025-12-31,296440325,SENSEX2610184600CE,SENSEX,BFO,CE,2026-01-01,84600,20
2025-12-31,296477701,SENSEX2610184600PE,SENSEX,BFO,PE,2026-01-01,84600,20
2025-12-31,296452357,SENSEX2610184800CE,SENSEX,BFO,CE,2026-01-01,84800,20
2025-12-31,296492037,SENSEX2610184800PE,SENSEX,BFO,PE,2026-01-01,84800,20
2025-12-31,296483589,SENSEX2610184500CE,SENSEX,BFO,CE,2026-01-01,84500,20
2025-12-31,296526853,SENSEX2610184500PE,SENSEX,BFO,PE,2026-01-01,84500,20
2025-12-31,296446725,SENSEX2610184900PE,SENSEX,BFO,PE,2026-01-01,84900,20
2025-12-31,296593669,SENSEX2610184900CE,SENSEX,BFO,CE,2026-01-01,84900,20
2025-12-31,296429573,SENSEX2610184400CE,SENSEX,BFO,CE,2026-01-01,84400,20
2025-12-31,296467717,SENSEX2610184400PE,SENSEX,BFO,PE,2026-01-01,84400,20
2025-12-31,296515845,SENSEX2610185000CE,SENSEX,BFO,CE,2026-01-01,85000,20
2025-12-31,296558853,SENSEX2610185000PE,SENSEX,BFO,PE,2026-01-01,85000,20
2025-12-31,296472069,SENSEX2610184300CE,SENSEX,BFO,CE,2026-01-01,84300,20
2025-12-31,296514053,SENSEX2610184300PE,SENSEX,BFO,PE,2026-01-01,84300,20
2025-12-31,296427525,SENSEX2610185100PE,SENSEX,BFO,PE,2026-01-01,85100,20
2025-12-31,296575749,SENSEX2610185100CE,SENSEX,BFO,CE,2026-01-01,85100,20
2025-12-31,296456453,SENSEX2610184200PE,SENSEX,BFO,PE,2026-01-01,84200,20
2025-12-31,296522245,SENSEX2610184200CE,SENSEX,BFO,CE,2026-01-01,84200,20
2025-12-31,296528133,SENSEX2610185200CE,SENSEX,BFO,CE,2026-01-01,85200,20
2025-12-31,296571141,SENSEX2610185200PE,SENSEX,BFO,PE,2026-01-01,85200,20
2025-12-31,296461829,SENSEX2610184100CE,SENSEX,BFO,CE,2026-01-01,84100,20
2025-12-31,296500741,SENSEX2610184100PE,SENSEX,BFO,PE,2026-01-01,84100,20
2025-12-31,296437765,SENSEX2610185300PE,SENSEX,BFO,PE,2026-01-01,85300,20
2025-12-31,296584709,SENSEX2610185300CE,SENSEX,BFO,CE,2026-01-01,85300,20
2025-12-31,296444421,SENSEX2610184000PE,SENSEX,BFO,PE,2026-01-01,84000,20
2025-12-31,296506629,SENSEX2610184000CE,SENSEX,BFO,CE,2026-01-01,84000,20
2025-12-31,296540677,SENSEX2610185400CE,SENSEX,BFO,CE,2026-01-01,85400,20
2025-12-31,296580101,SENSEX2610185400PE,SENSEX,BFO,PE,2026-01-01,85400,20
2025-12-31,296596741,SENSEX2610185500CE,SENSEX,BFO,CE,2026-01-01,85500,20
2025-12-31,297399301,SENSEX2610193200CE,SENSEX,BFO,CE,2026-01-01,93200,20
2025-12-31,297813765,SENSEX2610193200PE,SENSEX,BFO,PE,2026-01-01,93200,20
2025-12-31,297027589,SENSEX2610193100CE,SENSEX,BFO,CE,2026-01-01,93100,20
2025-12-31,297057797,SENSEX2610193100PE,SENSEX,BFO,PE,2026-01-01,93100,20
2025-12-31,296951045,SENSEX2610193000PE,SENSEX,BFO,PE,2026-01-01,93000,20
2025-12-31,297063429,SENSEX2610193000CE,SENSEX,BFO,CE,2026-01-01,93000,20
2025-12-31,296980741,SENSEX2610192900CE,SENSEX,BFO,CE,2026-01-01,92900,20
2025-12-31,297009413,SENSEX2610192900PE,SENSEX,BFO,PE,2026-01-01,92900,20
2025-12-31,296967429,SENSEX2610192800PE,SENSEX,BFO,PE,2026-01-01,92800,20
2025-12-31,297014789,SENSEX2610192800CE,SENSEX,BFO,CE,2026-01-01,92800,20
2025-12-31,296876293,SENSEX2610192700CE,SENSEX,BFO,CE,2026-01-01,92700,20
2025-12-31,296890885,SENSEX2610192700PE,SENSEX,BFO,PE,2026-01-01,92700,20
2025-12-31,296869893,SENSEX2610192600PE,SENSEX,BFO,PE,2026-01-01,92600,20
2025-12-31,296894981,SENSEX2610192600CE,SENSEX,BFO,CE,2026-01-01,92600,20
2025-12-31,296752389,SENSEX2610192500CE,SENSEX,BFO,CE,2026-01-01,92500,20
2025-12-31,296767493,SENSEX2610192500PE,SENSEX,BFO,PE,2026-01-01,92500,20
2025-12-31,296770821,SENSEX2610192400CE,SENSEX,BFO,CE,2026-01-01,92400,20
2025-12-31,296784389,SENSEX2610192400PE,SENSEX,BFO,PE,2026-01-01,92400,20
2025-12-31,296748037,SENSEX2610192300CE,SENSEX,BFO,CE,2026-01-01,92300,20
2025-12-31,296762373,SENSEX2610192300PE,SENSEX,BFO,PE,2026-01-01,92300,20
2025-12-31,296764933,SENSEX2610192200CE,SENSEX,BFO,CE,2026-01-01,92200,20
2025-12-31,296779269,SENSEX2610192200PE,SENSEX,BFO,PE,2026-01-01,92200,20
2025-12-31,296626181,SENSEX2610192100PE,SENSEX,BFO,PE,2026-01-01,92100,20
2025-12-31,296660997,SENSEX2610192100CE,SENSEX,BFO,CE,2026-01-01,92100,20
2025-12-31,296474885,SENSEX2610192000CE,SENSEX,BFO,CE,2026-01-01,92000,20
2025-12-31,296517637,SENSEX2610192000PE,SENSEX,BFO,PE,2026-01-01,92000,20
2025-12-31,296557829,SENSEX2610191900CE,SENSEX,BFO,CE,2026-01-01,91900,20
2025-12-31,296594181,SENSEX2610191900PE,SENSEX,BFO,PE,2026-01-01,91900,20
2025-12-31,296413957,SENSEX2610191800CE,SENSEX,BFO,CE,2026-01-01,91800,20
2025-12-31,296453125,SENSEX2610191800PE,SENSEX,BFO,PE,2026-01-01,91800,20
2025-12-31,296545797,SENSEX2610191700CE,SENSEX,BFO,CE,2026-01-01,91700,20
2025-12-31,296581893,SENSEX2610191700PE,SENSEX,BFO,PE,2026-01-01,91700,20
2025-12-31,296440837,SENSEX2610191600PE,SENSEX,BFO,PE,2026-01-01,91600,20
2025-12-31,296587269,SENSEX2610191600CE,SENSEX,BFO,CE,2026-01-01,91600,20
2025-12-31,296530949,SENSEX2610191500CE,SENSEX,BFO,CE,2026-01-01,91500,20
2025-12-31,296574213,SENSEX2610191500PE,SENSEX,BFO,PE,2026-01-01,91500,20
2025-12-31,296431109,SENSEX2610191400PE,SENSEX,BFO,PE,2026-01-01,91400,20
2025-12-31,296578053,SENSEX2610191400CE,SENSEX,BFO,CE,2026-01-01,91400,20
2025-12-31,296436741,SENSEX2610191300CE,SENSEX,BFO,CE,2026-01-01,91300,20
2025-12-31,296562181,SENSEX2610191300PE,SENSEX,BFO,PE,2026-01-01,91300,20
2025-12-31,296418565,SENSEX2610191200PE,SENSEX,BFO,PE,2026-01-01,91200,20
2025-12-31,296568581,SENSEX2610191200CE,SENSEX,BFO,CE,2026-01-01,91200,20
2025-12-31,296424709,SENSEX2610191100CE,SENSEX,BFO,CE,2026-01-01,91100,20
2025-12-31,296463109,SENSEX2610191100PE,SENSEX,BFO,PE,2026-01-01,91100,20
2025-12-31,296556037,SENSEX2610191000CE,SENSEX,BFO,CE,2026-01-01,91000,20
2025-12-31,296592901,SENSEX2610191000PE,SENSEX,BFO,PE,2026-01-01,91000,20
2025-12-31,296442629,SENSEX2610190900CE,SENSEX,BFO,CE,2026-01-01,90900,20
2025-12-31,296481029,SENSEX2610190900PE,SENSEX,BFO,PE,2026-01-01,90900,20
2025-12-31,296487941,SENSEX2610190800CE,SENSEX,BFO,CE,2026-01-01,90800,20
2025-12-31,296529925,SENSEX2610190800PE,SENSEX,BFO,PE,2026-01-01,90800,20
2025-12-31,296433413,SENSEX2610190700CE,SENSEX,BFO,CE,2026-01-01,90700,20
2025-12-31,296470021,SENSEX2610190700PE,SENSEX,BFO,PE,2026-01-01,90700,20
2025-12-31,296475397,SENSEX2610190600CE,SENSEX,BFO,CE,2026-01-01,90600,20
2025-12-31,296518661,SENSEX2610190600PE,SENSEX,BFO,PE,2026-01-01,90600,20
2025-12-31,296459269,SENSEX2610190500PE,SENSEX,BFO,PE,2026-01-01,90500,20
2025-12-31,296524293,SENSEX2610190500CE,SENSEX,BFO,CE,2026-01-01,90500,20
2025-12-31,296464645,SENSEX2610190400CE,SENSEX,BFO,CE,2026-01-01,90400,20
2025-12-31,296504069,SENSEX2610190400PE,SENSEX,BFO,PE,2026-01-01,90400,20
2025-12-31,296510725,SENSEX2610190300CE,SENSEX,BFO,CE,2026-01-01,90300,20
2025-12-31,296554757,SENSEX2610190300PE,SENSEX,BFO,PE,2026-01-01,90300,20
2025-12-31,296454405,SENSEX2610190200CE,SENSEX,BFO,CE,2026-01-01,90200,20
2025-12-31,296492549,SENSEX2610190200PE,SENSEX,BFO,PE,2026-01-01,90200,20
2025-12-31,296498693,SENSEX2610190100CE,SENSEX,BFO,CE,2026-01-01,90100,20
2025-12-31,296541445,SENSEX2610190100PE,SENSEX,BFO,PE,2026-01-01,90100,20
2025-12-31,296480005,SENSEX2610190000PE,SENSEX,BFO,PE,2026-01-01,90000,20
2025-12-31,296549893,SENSEX2610190000CE,SENSEX,BFO,CE,2026-01-01,90000,20
2025-12-31,296479749,SENSEX2610189900CE,SENSEX,BFO,CE,2026-01-01,89900,20
2025-12-31,296522757,SENSEX2610189900PE,SENSEX,BFO,PE,2026-01-01,89900,20
2025-12-31,296528645,SENSEX2610189800CE,SENSEX,BFO,CE,2026-01-01,89800,20
2025-12-31,296571653,SENSEX2610189800PE,SENSEX,BFO,PE,2026-01-01,89800,20
2025-12-31,296507397,SENSEX2610189700PE,SENSEX,BFO,PE,2026-01-01,89700,20
2025-12-31,296576261,SENSEX2610189700CE,SENSEX,BFO,CE,2026-01-01,89700,20
2025-12-31,296516613,SENSEX2610189600CE,SENSEX,BFO,CE,2026-01-01,89600,20
2025-12-31,296559365,SENSEX2610189600PE,SENSEX,BFO,PE,2026-01-01,89600,20
2025-12-31,296414725,SENSEX2610189500PE,SENSEX,BFO,PE,2026-01-01,89500,20
2025-12-31,296566021,SENSEX2610189500CE,SENSEX,BFO,CE,2026-01-01,89500,20
2025-12-31,296502277,SENSEX2610189400CE,SENSEX,BFO,CE,2026-01-01,89400,20
2025-12-31,296546821,SENSEX2610189400PE,SENSEX,BFO,PE,2026-01-01,89400,20
2025-12-31,296552965,SENSEX2610189300CE,SENSEX,BFO,CE,2026-01-01,89300,20
2025-12-31,296588805,SENSEX2610189300PE,SENSEX,BFO,PE,2026-01-01,89300,20
2025-12-31,296532229,SENSEX2610189200PE,SENSEX,BFO,PE,2026-01-01,89200,20
2025-12-31,296595717,SENSEX2610189200CE,SENSEX,BFO,CE,2026-01-01,89200,20
2025-12-31,296539397,SENSEX2610189100CE,SENSEX,BFO,CE,2026-01-01,89100,20
2025-12-31,296578821,SENSEX2610189100PE,SENSEX,BFO,PE,2026-01-01,89100,20
2025-12-31,296436997,SENSEX2610189000PE,SENSEX,BFO,PE,2026-01-01,89000,20
2025-12-31,296583429,SENSEX2610189000CE,SENSEX,BFO,CE,2026-01-01,89000,20
2025-12-31,296412165,SENSEX2610188900PE,SENSEX,BFO,PE,2026-01-01,88900,20
2025-12-31,296472581,SENSEX2610188900CE,SENSEX,BFO,CE,2026-01-01,88900,20
2025-12-31,296418309,SENSEX2610188800CE,SENSEX,BFO,CE,2026-01-01,88800,20
2025-12-31,296457221,SENSEX2610188800PE,SENSEX,BFO,PE,2026-01-01,88800,20
2025-12-31,296462853,SENSEX2610188700CE,SENSEX,BFO,CE,2026-01-01,88700,20
2025-12-31,296501253,SENSEX2610188700PE,SENSEX,BFO,PE,2026-01-01,88700,20
2025-12-31,296445189,SENSEX2610188600PE,SENSEX,BFO,PE,2026-01-01,88600,20
2025-12-31,296592645,SENSEX2610188600CE,SENSEX,BFO,CE,2026-01-01,88600,20
2025-12-31,296450565,SENSEX2610188500CE,SENSEX,BFO,CE,2026-01-01,88500,20
2025-12-31,296489989,SENSEX2610188500PE,SENSEX,BFO,PE,2026-01-01,88500,20
2025-12-31,296435205,SENSEX2610188400PE,SENSEX,BFO,PE,2026-01-01,88400,20
2025-12-31,296495365,SENSEX2610188400CE,SENSEX,BFO,CE,2026-01-01,88400,20
2025-12-31,296438789,SENSEX2610188300CE,SENSEX,BFO,CE,2026-01-01,88300,20
2025-12-31,296476421,SENSEX2610188300PE,SENSEX,BFO,PE,2026-01-01,88300,20
2025-12-31,296482821,SENSEX2610188200CE,SENSEX,BFO,CE,2026-01-01,88200,20
2025-12-31,296525317,SENSEX2610188200PE,SENSEX,BFO,PE,2026-01-01,88200,20
2025-12-31,296428805,SENSEX2610188100CE,SENSEX,BFO,CE,2026-01-01,88100,20
2025-12-31,296466437,SENSEX2610188100PE,SENSEX,BFO,PE,2026-01-01,88100,20
2025-12-31,296471557,SENSEX2610188000CE,SENSEX,BFO,CE,2026-01-01,88000,20
2025-12-31,296512261,SENSEX2610188000PE,SENSEX,BFO,PE,2026-01-01,88000,20
2025-12-31,296554245,SENSEX2610187900CE,SENSEX,BFO,CE,2026-01-01,87900,20
2025-12-31,296591109,SENSEX2610187900PE,SENSEX,BFO,PE,2026-01-01,87900,20
2025-12-31,296492293,SENSEX2610187800CE,SENSEX,BFO,CE,2026-01-01,87800,20
2025-12-31,296534533,SENSEX2610187800PE,SENSEX,BFO,PE,2026-01-01,87800,20
2025-12-31,296540933,SENSEX2610187700CE,SENSEX,BFO,CE,2026-01-01,87700,20
2025-12-31,296580357,SENSEX2610187700PE,SENSEX,BFO,PE,2026-01-01,87700,20
2025-12-31,296522501,SENSEX2610187600PE,SENSEX,BFO,PE,2026-01-01,87600,20
2025-12-31,296584965,SENSEX2610187600CE,SENSEX,BFO,CE,2026-01-01,87600,20
2025-12-31,296528389,SENSEX2610187500CE,SENSEX,BFO,CE,2026-01-01,87500,20
2025-12-31,296571397,SENSEX2610187500PE,SENSEX,BFO,PE,2026-01-01,87500,20
2025-12-31,296427781,SENSEX2610187400PE,SENSEX,BFO,PE,2026-01-01,87400,20
2025-12-31,296576005,SENSEX2610187400CE,SENSEX,BFO,CE,2026-01-01,87400,20
2025-12-31,296516101,SENSEX2610187300CE,SENSEX,BFO,CE,2026-01-01,87300,20
2025-12-31,296559109,SENSEX2610187300PE,SENSEX,BFO,PE,2026-01-01,87300,20
2025-12-31,296414469,SENSEX2610187200PE,SENSEX,BFO,PE,2026-01-01,87200,20
2025-12-31,296565765,SENSEX2610187200CE,SENSEX,BFO,CE,2026-01-01,87200,20
2025-12-31,296422661,SENSEX2610187100CE,SENSEX,BFO,CE,2026-01-01,87100,20
2025-12-31,296546565,SENSEX2610187100PE,SENSEX,BFO,PE,2026-01-01,87100,20
2025-12-31,296552453,SENSEX2610187000CE,SENSEX,BFO,CE,2026-01-01,87000,20
2025-12-31,296588293,SENSEX2610187000PE,SENSEX,BFO,PE,2026-01-01,87000,20
2025-12-31,296440581,SENSEX2610186900CE,SENSEX,BFO,CE,2026-01-01,86900,20
2025-12-31,296477957,SENSEX2610186900PE,SENSEX,BFO,PE,2026-01-01,86900,20
2025-12-31,296423941,SENSEX2610186800PE,SENSEX,BFO,PE,2026-01-01,86800,20
2025-12-31,296483845,SENSEX2610186800CE,SENSEX,BFO,CE,2026-01-01,86800,20
2025-12-31,296430085,SENSEX2610186700CE,SENSEX,BFO,CE,2026-01-01,86700,20
2025-12-31,296468229,SENSEX2610186700PE,SENSEX,BFO,PE,2026-01-01,86700,20
2025-12-31,296472325,SENSEX2610186600CE,SENSEX,BFO,CE,2026-01-01,86600,20
2025-12-31,296514309,SENSEX2610186600PE,SENSEX,BFO,PE,2026-01-01,86600,20
2025-12-31,296417797,SENSEX2610186500CE,SENSEX,BFO,CE,2026-01-01,86500,20
2025-12-31,296456965,SENSEX2610186500PE,SENSEX,BFO,PE,2026-01-01,86500,20
2025-12-31,296462341,SENSEX2610186400CE,SENSEX,BFO,CE,2026-01-01,86400,20
2025-12-31,296500997,SENSEX2610186400PE,SENSEX,BFO,PE,2026-01-01,86400,20
2025-12-31,296444677,SENSEX2610186300PE,SENSEX,BFO,PE,2026-01-01,86300,20
2025-12-31,296507141,SENSEX2610186300CE,SENSEX,BFO,CE,2026-01-01,86300,20
2025-12-31,296450309,SENSEX2610186200CE,SENSEX,BFO,CE,2026-01-01,86200,20
2025-12-31,296489733,SENSEX2610186200PE,SENSEX,BFO,PE,2026-01-01,86200,20
2025-12-31,296495109,SENSEX2610186100CE,SENSEX,BFO,CE,2026-01-01,86100,20
2025-12-31,296537093,SENSEX2610186100PE,SENSEX,BFO,PE,2026-01-01,86100,20
2025-12-31,296438533,SENSEX2610186000CE,SENSEX,BFO,CE,2026-01-01,86000,20
2025-12-31,296475909,SENSEX2610186000PE,SENSEX,BFO,PE,2026-01-01,86000,20
2025-12-31,296518405,SENSEX2610185900CE,SENSEX,BFO,CE,2026-01-01,85900,20
2025-12-31,296561413,SENSEX2610185900PE,SENSEX,BFO,PE,2026-01-01,85900,20
2025-12-31,296416005,SENSEX2610185800PE,SENSEX,BFO,PE,2026-01-01,85800,20
2025-12-31,296567813,SENSEX2610185800CE,SENSEX,BFO,CE,2026-01-01,85800,20
2025-12-31,296503301,SENSEX2610185700CE,SENSEX,BFO,CE,2026-01-01,85700,20
2025-12-31,296548613,SENSEX2610185700PE,SENSEX,BFO,PE,2026-01-01,85700,20
2025-12-31,296553989,SENSEX2610185600CE,SENSEX,BFO,CE,2026-01-01,85600,20
2025-12-31,296590853,SENSEX2610185600PE,SENSEX,BFO,PE,2026-01-01,85600,20
2025-12-31,296534021,SENSEX2610185500PE,SENSEX,BFO,PE,2026-01-01,85500,20
2025-12-31,296523781,SENSEX2610183900PE,SENSEX,BFO,PE,2026-01-01,83900,20
2025-12-31,296585989,SENSEX2610183900CE,SENSEX,BFO,CE,2026-01-01,83900,20
2025-12-31,296529413,SENSEX2610183800CE,SENSEX,BFO,CE,2026-01-01,83800,20
2025-12-31,296572677,SENSEX2610183800PE,SENSEX,BFO,PE,2026-01-01,83800,20
2025-12-31,296428549,SENSEX2610183700PE,SENSEX,BFO,PE,2026-01-01,83700,20
2025-12-31,296576773,SENSEX2610183700CE,SENSEX,BFO,CE,2026-01-01,83700,20
2025-12-31,296518149,SENSEX2610183600CE,SENSEX,BFO,CE,2026-01-01,83600,20
2025-12-31,296561157,SENSEX2610183600PE,SENSEX,BFO,PE,2026-01-01,83600,20
2025-12-31,296415493,SENSEX2610183500PE,SENSEX,BFO,PE,2026-01-01,83500,20
2025-12-31,296567557,SENSEX2610183500CE,SENSEX,BFO,CE,2026-01-01,83500,20
2025-12-31,296423429,SENSEX2610183400CE,SENSEX,BFO,CE,2026-01-01,83400,20
2025-12-31,296548101,SENSEX2610183400PE,SENSEX,BFO,PE,2026-01-01,83400,20
2025-12-31,296553733,SENSEX2610183300CE,SENSEX,BFO,CE,2026-01-01,83300,20
2025-12-31,296590341,SENSEX2610183300PE,SENSEX,BFO,PE,2026-01-01,83300,20
2025-12-31,296533765,SENSEX2610183200PE,SENSEX,BFO,PE,2026-01-01,83200,20
2025-12-31,296596485,SENSEX2610183200CE,SENSEX,BFO,CE,2026-01-01,83200,20
2025-12-31,296539909,SENSEX2610183100CE,SENSEX,BFO,CE,2026-01-01,83100,20
2025-12-31,296579845,SENSEX2610183100PE,SENSEX,BFO,PE,2026-01-01,83100,20
2025-12-31,296437509,SENSEX2610183000PE,SENSEX,BFO,PE,2026-01-01,83000,20
2025-12-31,296584453,SENSEX2610183000CE,SENSEX,BFO,CE,2026-01-01,83000,20
2025-12-31,296474373,SENSEX2610182900CE,SENSEX,BFO,CE,2026-01-01,82900,20
2025-12-31,296515589,SENSEX2610182900PE,SENSEX,BFO,PE,2026-01-01,82900,20
2025-12-31,296419845,SENSEX2610182800CE,SENSEX,BFO,CE,2026-01-01,82800,20
2025-12-31,296457989,SENSEX2610182800PE,SENSEX,BFO,PE,2026-01-01,82800,20
2025-12-31,296463877,SENSEX2610182700CE,SENSEX,BFO,CE,2026-01-01,82700,20
2025-12-31,296502021,SENSEX2610182700PE,SENSEX,BFO,PE,2026-01-01,82700,20
2025-12-31,296446213,SENSEX2610182600PE,SENSEX,BFO,PE,2026-01-01,82600,20
2025-12-31,296508165,SENSEX2610182600CE,SENSEX,BFO,CE,2026-01-01,82600,20
2025-12-31,296451845,SENSEX2610182500CE,SENSEX,BFO,CE,2026-01-01,82500,20
2025-12-31,296491525,SENSEX2610182500PE,SENSEX,BFO,PE,2026-01-01,82500,20
2025-12-31,296497669,SENSEX2610182400CE,SENSEX,BFO,CE,2026-01-01,82400,20
2025-12-31,296538629,SENSEX2610182400PE,SENSEX,BFO,PE,2026-01-01,82400,20
2025-12-31,296439557,SENSEX2610182300CE,SENSEX,BFO,CE,2026-01-01,82300,20
2025-12-31,296477445,SENSEX2610182300PE,SENSEX,BFO,PE,2026-01-01,82300,20
2025-12-31,296483333,SENSEX2610182200CE,SENSEX,BFO,CE,2026-01-01,82200,20
2025-12-31,296526597,SENSEX2610182200PE,SENSEX,BFO,PE,2026-01-01,82200,20
2025-12-31,296429317,SENSEX2610182100CE,SENSEX,BFO,CE,2026-01-01,82100,20
2025-12-31,296467461,SENSEX2610182100PE,SENSEX,BFO,PE,2026-01-01,82100,20
2025-12-31,296471813,SENSEX2610182000CE,SENSEX,BFO,CE,2026-01-01,82000,20
2025-12-31,296513797,SENSEX2610182000PE,SENSEX,BFO,PE,2026-01-01,82000,20
2025-12-31,296555525,SENSEX2610181900CE,SENSEX,BFO,CE,2026-01-01,81900,20
2025-12-31,296592133,SENSEX2610181900PE,SENSEX,BFO,PE,2026-01-01,81900,20
2025-12-31,296412677,SENSEX2610181800CE,SENSEX,BFO,CE,2026-01-01,81800,20
2025-12-31,296535045,SENSEX2610181800PE,SENSEX,BFO,PE,2026-01-01,81800,20
2025-12-31,296542213,SENSEX2610181700CE,SENSEX,BFO,CE,2026-01-01,81700,20
2025-12-31,296581125,SENSEX2610181700PE,SENSEX,BFO,PE,2026-01-01,81700,20
2025-12-31,296438277,SENSEX2610181600PE,SENSEX,BFO,PE,2026-01-01,81600,20
2025-12-31,296585477,SENSEX2610181600CE,SENSEX,BFO,CE,2026-01-01,81600,20
2025-12-31,296529157,SENSEX2610181500CE,SENSEX,BFO,CE,2026-01-01,81500,20
2025-12-31,296572421,SENSEX2610181500PE,SENSEX,BFO,PE,2026-01-01,81500,20
2025-12-31,296428293,SENSEX2610181400PE,SENSEX,BFO,PE,2026-01-01,81400,20
2025-12-31,296576517,SENSEX2610181400CE,SENSEX,BFO,CE,2026-01-01,81400,20
2025-12-31,296517893,SENSEX2610181300CE,SENSEX,BFO,CE,2026-01-01,81300,20
2025-12-31,296560645,SENSEX2610181300PE,SENSEX,BFO,PE,2026-01-01,81300,20
2025-12-31,296415237,SENSEX2610181200PE,SENSEX,BFO,PE,2026-01-01,81200,20
2025-12-31,296567301,SENSEX2610181200CE,SENSEX,BFO,CE,2026-01-01,81200,20
2025-12-31,296423173,SENSEX2610181100CE,SENSEX,BFO,CE,2026-01-01,81100,20
2025-12-31,296547845,SENSEX2610181100PE,SENSEX,BFO,PE,2026-01-01,81100,20
2025-12-31,296553221,SENSEX2610181000CE,SENSEX,BFO,CE,2026-01-01,81000,20
2025-12-31,296590085,SENSEX2610181000PE,SENSEX,BFO,PE,2026-01-01,81000,20
2025-12-31,296441349,SENSEX2610180900CE,SENSEX,BFO,CE,2026-01-01,80900,20
2025-12-31,296478981,SENSEX2610180900PE,SENSEX,BFO,PE,2026-01-01,80900,20
2025-12-31,296486405,SENSEX2610180800CE,SENSEX,BFO,CE,2026-01-01,80800,20
2025-12-31,296527621,SENSEX2610180800PE,SENSEX,BFO,PE,2026-01-01,80800,20
2025-12-31,296431877,SENSEX2610180700CE,SENSEX,BFO,CE,2026-01-01,80700,20
2025-12-31,296468741,SENSEX2610180700PE,SENSEX,BFO,PE,2026-01-01,80700,20
2025-12-31,296473861,SENSEX2610180600CE,SENSEX,BFO,CE,2026-01-01,80600,20
2025-12-31,296514821,SENSEX2610180600PE,SENSEX,BFO,PE,2026-01-01,80600,20
2025-12-31,296419333,SENSEX2610180500CE,SENSEX,BFO,CE,2026-01-01,80500,20
2025-12-31,296457733,SENSEX2610180500PE,SENSEX,BFO,PE,2026-01-01,80500,20
2025-12-31,296463621,SENSEX2610180400CE,SENSEX,BFO,CE,2026-01-01,80400,20
2025-12-31,296501765,SENSEX2610180400PE,SENSEX,BFO,PE,2026-01-01,80400,20
2025-12-31,296445957,SENSEX2610180300PE,SENSEX,BFO,PE,2026-01-01,80300,20
2025-12-31,296507909,SENSEX2610180300CE,SENSEX,BFO,CE,2026-01-01,80300,20
2025-12-31,296451333,SENSEX2610180200CE,SENSEX,BFO,CE,2026-01-01,80200,20
2025-12-31,296491269,SENSEX2610180200PE,SENSEX,BFO,PE,2026-01-01,80200,20
2025-12-31,296497413,SENSEX2610180100CE,SENSEX,BFO,CE,2026-01-01,80100,20
2025-12-31,296538373,SENSEX2610180100PE,SENSEX,BFO,PE,2026-01-01,80100,20
2025-12-31,296439301,SENSEX2610180000CE,SENSEX,BFO,CE,2026-01-01,80000,20
2025-12-31,296477189,SENSEX2610180000PE,SENSEX,BFO,PE,2026-01-01,80000,20
2025-12-31,296476933,SENSEX2610179900CE,SENSEX,BFO,CE,2026-01-01,79900,20
2025-12-31,296521221,SENSEX2610179900PE,SENSEX,BFO,PE,2026-01-01,79900,20
2025-12-31,296526341,SENSEX2610179800CE,SENSEX,BFO,CE,2026-01-01,79800,20
2025-12-31,296569349,SENSEX2610179800PE,SENSEX,BFO,PE,2026-01-01,79800,20
2025-12-31,296467205,SENSEX2610179700CE,SENSEX,BFO,CE,2026-01-01,79700,20
2025-12-31,296506117,SENSEX2610179700PE,SENSEX,BFO,PE,2026-01-01,79700,20
2025-12-31,296513541,SENSEX2610179600CE,SENSEX,BFO,CE,2026-01-01,79600,20
2025-12-31,296557317,SENSEX2610179600PE,SENSEX,BFO,PE,2026-01-01,79600,20
2025-12-31,296494085,SENSEX2610179500PE,SENSEX,BFO,PE,2026-01-01,79500,20
2025-12-31,296564229,SENSEX2610179500CE,SENSEX,BFO,CE,2026-01-01,79500,20
2025-12-31,296499973,SENSEX2610179400CE,SENSEX,BFO,CE,2026-01-01,79400,20
2025-12-31,296545541,SENSEX2610179400PE,SENSEX,BFO,PE,2026-01-01,79400,20
2025-12-31,296551429,SENSEX2610179300CE,SENSEX,BFO,CE,2026-01-01,79300,20
2025-12-31,296587013,SENSEX2610179300PE,SENSEX,BFO,PE,2026-01-01,79300,20
2025-12-31,296489477,SENSEX2610179200CE,SENSEX,BFO,CE,2026-01-01,79200,20
2025-12-31,296530693,SENSEX2610179200PE,SENSEX,BFO,PE,2026-01-01,79200,20
2025-12-31,296536837,SENSEX2610179100CE,SENSEX,BFO,CE,2026-01-01,79100,20
2025-12-31,296577797,SENSEX2610179100PE,SENSEX,BFO,PE,2026-01-01,79100,20
2025-12-31,296519685,SENSEX2610179000PE,SENSEX,BFO,PE,2026-01-01,79000,20
2025-12-31,296582149,SENSEX2610179000CE,SENSEX,BFO,CE,2026-01-01,79000,20
2025-12-31,296559877,SENSEX2610178900CE,SENSEX,BFO,CE,2026-01-01,78900,20
2025-12-31,296595205,SENSEX2610178900PE,SENSEX,BFO,PE,2026-01-01,78900,20
2025-12-31,296414981,SENSEX2610178800CE,SENSEX,BFO,CE,2026-01-01,78800,20
2025-12-31,296455173,SENSEX2610178800PE,SENSEX,BFO,PE,2026-01-01,78800,20
2025-12-31,296460549,SENSEX2610178700CE,SENSEX,BFO,CE,2026-01-01,78700,20
2025-12-31,296582917,SENSEX2610178700PE,SENSEX,BFO,PE,2026-01-01,78700,20
2025-12-31,296442373,SENSEX2610178600PE,SENSEX,BFO,PE,2026-01-01,78600,20
2025-12-31,296589829,SENSEX2610178600CE,SENSEX,BFO,CE,2026-01-01,78600,20
2025-12-31,296448773,SENSEX2610178500CE,SENSEX,BFO,CE,2026-01-01,78500,20
2025-12-31,296487429,SENSEX2610178500PE,SENSEX,BFO,PE,2026-01-01,78500,20
2025-12-31,296433157,SENSEX2610178400PE,SENSEX,BFO,PE,2026-01-01,78400,20
2025-12-31,296579333,SENSEX2610178400CE,SENSEX,BFO,CE,2026-01-01,78400,20
2025-12-31,296437253,SENSEX2610178300CE,SENSEX,BFO,CE,2026-01-01,78300,20
2025-12-31,296475141,SENSEX2610178300PE,SENSEX,BFO,PE,2026-01-01,78300,20
2025-12-31,296421381,SENSEX2610178200PE,SENSEX,BFO,PE,2026-01-01,78200,20
2025-12-31,296481541,SENSEX2610178200CE,SENSEX,BFO,CE,2026-01-01,78200,20
2025-12-31,296426245,SENSEX2610178100CE,SENSEX,BFO,CE,2026-01-01,78100,20
2025-12-31,296464133,SENSEX2610178100PE,SENSEX,BFO,PE,2026-01-01,78100,20
2025-12-31,296470277,SENSEX2610178000CE,SENSEX,BFO,CE,2026-01-01,78000,20
2025-12-31,296510469,SENSEX2610178000PE,SENSEX,BFO,PE,2026-01-01,78000,20
2025-12-31,296482309,SENSEX2610177900PE,SENSEX,BFO,PE,2026-01-01,77900,20
2025-12-31,296552197,SENSEX2610177900CE,SENSEX,BFO,CE,2026-01-01,77900,20
2025-12-31,296490757,SENSEX2610177800CE,SENSEX,BFO,CE,2026-01-01,77800,20
2025-12-31,296531717,SENSEX2610177800PE,SENSEX,BFO,PE,2026-01-01,77800,20
2025-12-31,296537605,SENSEX2610177700CE,SENSEX,BFO,CE,2026-01-01,77700,20
2025-12-31,296578309,SENSEX2610177700PE,SENSEX,BFO,PE,2026-01-01,77700,20
2025-12-31,296476677,SENSEX2610177600CE,SENSEX,BFO,CE,2026-01-01,77600,20
2025-12-31,296520709,SENSEX2610177600PE,SENSEX,BFO,PE,2026-01-01,77600,20
2025-12-31,296525829,SENSEX2610177500CE,SENSEX,BFO,CE,2026-01-01,77500,20
2025-12-31,296569093,SENSEX2610177500PE,SENSEX,BFO,PE,2026-01-01,77500,20
2025-12-31,296505349,SENSEX2610177400PE,SENSEX,BFO,PE,2026-01-01,77400,20
2025-12-31,296574981,SENSEX2610177400CE,SENSEX,BFO,CE,2026-01-01,77400,20
2025-12-31,296513285,SENSEX2610177300CE,SENSEX,BFO,CE,2026-01-01,77300,20
2025-12-31,296557061,SENSEX2610177300PE,SENSEX,BFO,PE,2026-01-01,77300,20
2025-12-31,296413189,SENSEX2610177200PE,SENSEX,BFO,PE,2026-01-01,77200,20
2025-12-31,296563717,SENSEX2610177200CE,SENSEX,BFO,CE,2026-01-01,77200,20
2025-12-31,296499717,SENSEX2610177100CE,SENSEX,BFO,CE,2026-01-01,77100,20
2025-12-31,296545285,SENSEX2610177100PE,SENSEX,BFO,PE,2026-01-01,77100,20
2025-12-31,296550661,SENSEX2610177000CE,SENSEX,BFO,CE,2026-01-01,77000,20
2025-12-31,296586757,SENSEX2610177000PE,SENSEX,BFO,PE,2026-01-01,77000,20
2025-12-31,209971973,SENSEX2610176900CE,SENSEX,BFO,CE,2026-01-01,76900,20
2025-12-31,210125573,SENSEX2610176900PE,SENSEX,BFO,PE,2026-01-01,76900,20
2025-12-31,297013509,SENSEX2610884700CE,SENSEX,BFO,CE,2026-01-08,84700,20
2025-12-31,297043461,SENSEX2610884700PE,SENSEX,BFO,PE,2026-01-08,84700,20
2025-12-31,296935941,SENSEX2610884600PE,SENSEX,BFO,PE,2026-01-08,84600,20
2025-12-31,297047557,SENSEX2610884600CE,SENSEX,BFO,CE,2026-01-08,84600,20
2025-12-31,296946181,SENSEX2610884800PE,SENSEX,BFO,PE,2026-01-08,84800,20
2025-12-31,297056773,SENSEX2610884800CE,SENSEX,BFO,CE,2026-01-08,84800,20
2025-12-31,296941573,SENSEX2610884500CE,SENSEX,BFO,CE,2026-01-08,84500,20
2025-12-31,297033733,SENSEX2610884500PE,SENSEX,BFO,PE,2026-01-08,84500,20
2025-12-31,297022981,SENSEX2610884900CE,SENSEX,BFO,CE,2026-01-08,84900,20
2025-12-31,297053189,SENSEX2610884900PE,SENSEX,BFO,PE,2026-01-08,84900,20
2025-12-31,297037829,SENSEX2610884400CE,SENSEX,BFO,CE,2026-01-08,84400,20
2025-12-31,297069829,SENSEX2610884400PE,SENSEX,BFO,PE,2026-01-08,84400,20
2025-12-31,296963845,SENSEX2610885000CE,SENSEX,BFO,CE,2026-01-08,85000,20
2025-12-31,296993541,SENSEX2610885000PE,SENSEX,BFO,PE,2026-01-08,85000,20
2025-12-31,296931333,SENSEX2610884300CE,SENSEX,BFO,CE,2026-01-08,84300,20
2025-12-31,296963077,SENSEX2610884300PE,SENSEX,BFO,PE,2026-01-08,84300,20
2025-12-31,297005829,SENSEX2610885100CE,SENSEX,BFO,CE,2026-01-08,85100,20
2025-12-31,297036549,SENSEX2610885100PE,SENSEX,BFO,PE,2026-01-08,85100,20
2025-12-31,297029381,SENSEX2610884200CE,SENSEX,BFO,CE,2026-01-08,84200,20
2025-12-31,297059845,SENSEX2610884200PE,SENSEX,BFO,PE,2026-01-08,84200,20
2025-12-31,296972805,SENSEX2610885200CE,SENSEX,BFO,CE,2026-01-08,85200,20
2025-12-31,297001989,SENSEX2610885200PE,SENSEX,BFO,PE,2026-01-08,85200,20
2025-12-31,296952837,SENSEX2610884100PE,SENSEX,BFO,PE,2026-01-08,84100,20
2025-12-31,297064453,SENSEX2610884100CE,SENSEX,BFO,CE,2026-01-08,84100,20
2025-12-31,296968709,SENSEX2610885300PE,SENSEX,BFO,PE,2026-01-08,85300,20
2025-12-31,297016069,SENSEX2610885300CE,SENSEX,BFO,CE,2026-01-08,85300,20
2025-12-31,296957701,SENSEX2610884000CE,SENSEX,BFO,CE,2026-01-08,84000,20
2025-12-31,297051909,SENSEX2610884000PE,SENSEX,BFO,PE,2026-01-08,84000,20
2025-12-31,296982277,SENSEX2610885400CE,SENSEX,BFO,CE,2026-01-08,85400,20
2025-12-31,297010693,SENSEX2610885400PE,SENSEX,BFO,PE,2026-01-08,85400,20
2025-12-31,296977925,SENSEX2610885500PE,SENSEX,BFO,PE,2026-01-08,85500,20
2025-12-31,298712837,SENSEX2610893200CE,SENSEX,BFO,CE,2026-01-08,93200,20
2025-12-31,299104517,SENSEX2610893200PE,SENSEX,BFO,PE,2026-01-08,93200,20
2025-12-31,296983813,SENSEX2610893100CE,SENSEX,BFO,CE,2026-01-08,93100,20
2025-12-31,297012229,SENSEX2610893100PE,SENSEX,BFO,PE,2026-01-08,93100,20
2025-12-31,297017349,SENSEX2610893000CE,SENSEX,BFO,CE,2026-01-08,93000,20
2025-12-31,297046533,SENSEX2610893000PE,SENSEX,BFO,PE,2026-01-08,93000,20
2025-12-31,296933893,SENSEX2610892900CE,SENSEX,BFO,CE,2026-01-08,92900,20
2025-12-31,296966149,SENSEX2610892900PE,SENSEX,BFO,PE,2026-01-08,92900,20
2025-12-31,297032197,SENSEX2610892800CE,SENSEX,BFO,CE,2026-01-08,92800,20
2025-12-31,297063173,SENSEX2610892800PE,SENSEX,BFO,PE,2026-01-08,92800,20
2025-12-31,296956165,SENSEX2610892700PE,SENSEX,BFO,PE,2026-01-08,92700,20
2025-12-31,297067013,SENSEX2610892700CE,SENSEX,BFO,CE,2026-01-08,92700,20
2025-12-31,296960773,SENSEX2610892600CE,SENSEX,BFO,CE,2026-01-08,92600,20
2025-12-31,297054213,SENSEX2610892600PE,SENSEX,BFO,PE,2026-01-08,92600,20
2025-12-31,296947717,SENSEX2610892500PE,SENSEX,BFO,PE,2026-01-08,92500,20
2025-12-31,297058565,SENSEX2610892500CE,SENSEX,BFO,CE,2026-01-08,92500,20
2025-12-31,296951557,SENSEX2610892400CE,SENSEX,BFO,CE,2026-01-08,92400,20
2025-12-31,296983045,SENSEX2610892400PE,SENSEX,BFO,PE,2026-01-08,92400,20
2025-12-31,296938757,SENSEX2610892300PE,SENSEX,BFO,PE,2026-01-08,92300,20
2025-12-31,297050117,SENSEX2610892300CE,SENSEX,BFO,CE,2026-01-08,92300,20
2025-12-31,296942597,SENSEX2610892200CE,SENSEX,BFO,CE,2026-01-08,92200,20
2025-12-31,296973573,SENSEX2610892200PE,SENSEX,BFO,PE,2026-01-08,92200,20
2025-12-31,297039365,SENSEX2610892100CE,SENSEX,BFO,CE,2026-01-08,92100,20
2025-12-31,297071109,SENSEX2610892100PE,SENSEX,BFO,PE,2026-01-08,92100,20
2025-12-31,296932869,SENSEX2610892000CE,SENSEX,BFO,CE,2026-01-08,92000,20
2025-12-31,296964613,SENSEX2610892000PE,SENSEX,BFO,PE,2026-01-08,92000,20
2025-12-31,296992773,SENSEX2610891900CE,SENSEX,BFO,CE,2026-01-08,91900,20
2025-12-31,297023237,SENSEX2610891900PE,SENSEX,BFO,PE,2026-01-08,91900,20
2025-12-31,296979717,SENSEX2610891800PE,SENSEX,BFO,PE,2026-01-08,91800,20
2025-12-31,297027077,SENSEX2610891800CE,SENSEX,BFO,CE,2026-01-08,91800,20
2025-12-31,296984837,SENSEX2610891700CE,SENSEX,BFO,CE,2026-01-08,91700,20
2025-12-31,297013765,SENSEX2610891700PE,SENSEX,BFO,PE,2026-01-08,91700,20
2025-12-31,297018373,SENSEX2610891600CE,SENSEX,BFO,CE,2026-01-08,91600,20
2025-12-31,297048325,SENSEX2610891600PE,SENSEX,BFO,PE,2026-01-08,91600,20
2025-12-31,296975877,SENSEX2610891500CE,SENSEX,BFO,CE,2026-01-08,91500,20
2025-12-31,297004549,SENSEX2610891500PE,SENSEX,BFO,PE,2026-01-08,91500,20
2025-12-31,297008389,SENSEX2610891400CE,SENSEX,BFO,CE,2026-01-08,91400,20
2025-12-31,297038597,SENSEX2610891400PE,SENSEX,BFO,PE,2026-01-08,91400,20
2025-12-31,296996613,SENSEX2610891300PE,SENSEX,BFO,PE,2026-01-08,91300,20
2025-12-31,297044229,SENSEX2610891300CE,SENSEX,BFO,CE,2026-01-08,91300,20
2025-12-31,297000197,SENSEX2610891200CE,SENSEX,BFO,CE,2026-01-08,91200,20
2025-12-31,297030661,SENSEX2610891200PE,SENSEX,BFO,PE,2026-01-08,91200,20
2025-12-31,296987141,SENSEX2610891100PE,SENSEX,BFO,PE,2026-01-08,91100,20
2025-12-31,297034757,SENSEX2610891100CE,SENSEX,BFO,CE,2026-01-08,91100,20
2025-12-31,296992005,SENSEX2610891000CE,SENSEX,BFO,CE,2026-01-08,91000,20
2025-12-31,297022469,SENSEX2610891000PE,SENSEX,BFO,PE,2026-01-08,91000,20
2025-12-31,296940037,SENSEX2610890900PE,SENSEX,BFO,PE,2026-01-08,90900,20
2025-12-31,297050629,SENSEX2610890900CE,SENSEX,BFO,CE,2026-01-08,90900,20
2025-12-31,296943877,SENSEX2610890800CE,SENSEX,BFO,CE,2026-01-08,90800,20
2025-12-31,296975109,SENSEX2610890800PE,SENSEX,BFO,PE,2026-01-08,90800,20
2025-12-31,296929285,SENSEX2610890700PE,SENSEX,BFO,PE,2026-01-08,90700,20
2025-12-31,297040645,SENSEX2610890700CE,SENSEX,BFO,CE,2026-01-08,90700,20
2025-12-31,296933637,SENSEX2610890600CE,SENSEX,BFO,CE,2026-01-08,90600,20
2025-12-31,296965893,SENSEX2610890600PE,SENSEX,BFO,PE,2026-01-08,90600,20
2025-12-31,296970757,SENSEX2610890500CE,SENSEX,BFO,CE,2026-01-08,90500,20
2025-12-31,297062917,SENSEX2610890500PE,SENSEX,BFO,PE,2026-01-08,90500,20
2025-12-31,296955909,SENSEX2610890400PE,SENSEX,BFO,PE,2026-01-08,90400,20
2025-12-31,297066757,SENSEX2610890400CE,SENSEX,BFO,CE,2026-01-08,90400,20
2025-12-31,296960517,SENSEX2610890300CE,SENSEX,BFO,CE,2026-01-08,90300,20
2025-12-31,297053957,SENSEX2610890300PE,SENSEX,BFO,PE,2026-01-08,90300,20
2025-12-31,296947461,SENSEX2610890200PE,SENSEX,BFO,PE,2026-01-08,90200,20
2025-12-31,297058309,SENSEX2610890200CE,SENSEX,BFO,CE,2026-01-08,90200,20
2025-12-31,296951301,SENSEX2610890100CE,SENSEX,BFO,CE,2026-01-08,90100,20
2025-12-31,296982789,SENSEX2610890100PE,SENSEX,BFO,PE,2026-01-08,90100,20
2025-12-31,296938501,SENSEX2610890000PE,SENSEX,BFO,PE,2026-01-08,90000,20
2025-12-31,297049861,SENSEX2610890000CE,SENSEX,BFO,CE,2026-01-08,90000,20
2025-12-31,296937989,SENSEX2610889900CE,SENSEX,BFO,CE,2026-01-08,89900,20
2025-12-31,296969477,SENSEX2610889900PE,SENSEX,BFO,PE,2026-01-08,89900,20
2025-12-31,296973317,SENSEX2610889800CE,SENSEX,BFO,CE,2026-01-08,89800,20
2025-12-31,297002501,SENSEX2610889800PE,SENSEX,BFO,PE,2026-01-08,89800,20
2025-12-31,296958725,SENSEX2610889700PE,SENSEX,BFO,PE,2026-01-08,89700,20
2025-12-31,297070597,SENSEX2610889700CE,SENSEX,BFO,CE,2026-01-08,89700,20
2025-12-31,296964357,SENSEX2610889600CE,SENSEX,BFO,CE,2026-01-08,89600,20
2025-12-31,296994309,SENSEX2610889600PE,SENSEX,BFO,PE,2026-01-08,89600,20
2025-12-31,296949765,SENSEX2610889500PE,SENSEX,BFO,PE,2026-01-08,89500,20
2025-12-31,296998917,SENSEX2610889500CE,SENSEX,BFO,CE,2026-01-08,89500,20
2025-12-31,296954885,SENSEX2610889400CE,SENSEX,BFO,CE,2026-01-08,89400,20
2025-12-31,296985349,SENSEX2610889400PE,SENSEX,BFO,PE,2026-01-08,89400,20
2025-12-31,296989189,SENSEX2610889300CE,SENSEX,BFO,CE,2026-01-08,89300,20
2025-12-31,297019141,SENSEX2610889300PE,SENSEX,BFO,PE,2026-01-08,89300,20
2025-12-31,296946437,SENSEX2610889200CE,SENSEX,BFO,CE,2026-01-08,89200,20
2025-12-31,296976901,SENSEX2610889200PE,SENSEX,BFO,PE,2026-01-08,89200,20
2025-12-31,296981509,SENSEX2610889100CE,SENSEX,BFO,CE,2026-01-08,89100,20
2025-12-31,297009669,SENSEX2610889100PE,SENSEX,BFO,PE,2026-01-08,89100,20
2025-12-31,296968197,SENSEX2610889000PE,SENSEX,BFO,PE,2026-01-08,89000,20
2025-12-31,297015557,SENSEX2610889000CE,SENSEX,BFO,CE,2026-01-08,89000,20
2025-12-31,296931845,SENSEX2610888900CE,SENSEX,BFO,CE,2026-01-08,88900,20
2025-12-31,297026053,SENSEX2610888900PE,SENSEX,BFO,PE,2026-01-08,88900,20
2025-12-31,297029893,SENSEX2610888800CE,SENSEX,BFO,CE,2026-01-08,88800,20
2025-12-31,297060357,SENSEX2610888800PE,SENSEX,BFO,PE,2026-01-08,88800,20
2025-12-31,297016581,SENSEX2610888700PE,SENSEX,BFO,PE,2026-01-08,88700,20
2025-12-31,297064965,SENSEX2610888700CE,SENSEX,BFO,CE,2026-01-08,88700,20
2025-12-31,297022213,SENSEX2610888600CE,SENSEX,BFO,CE,2026-01-08,88600,20
2025-12-31,297052421,SENSEX2610888600PE,SENSEX,BFO,PE,2026-01-08,88600,20
2025-12-31,296945413,SENSEX2610888500PE,SENSEX,BFO,PE,2026-01-08,88500,20
2025-12-31,297055749,SENSEX2610888500CE,SENSEX,BFO,CE,2026-01-08,88500,20
2025-12-31,297011717,SENSEX2610888400CE,SENSEX,BFO,CE,2026-01-08,88400,20
2025-12-31,297041925,SENSEX2610888400PE,SENSEX,BFO,PE,2026-01-08,88400,20
2025-12-31,296934917,SENSEX2610888300PE,SENSEX,BFO,PE,2026-01-08,88300,20
2025-12-31,297046277,SENSEX2610888300CE,SENSEX,BFO,CE,2026-01-08,88300,20
2025-12-31,296940805,SENSEX2610888200CE,SENSEX,BFO,CE,2026-01-08,88200,20
2025-12-31,297033221,SENSEX2610888200PE,SENSEX,BFO,PE,2026-01-08,88200,20
2025-12-31,297037317,SENSEX2610888100CE,SENSEX,BFO,CE,2026-01-08,88100,20
2025-12-31,297068293,SENSEX2610888100PE,SENSEX,BFO,PE,2026-01-08,88100,20
2025-12-31,296930821,SENSEX2610888000CE,SENSEX,BFO,CE,2026-01-08,88000,20
2025-12-31,296961541,SENSEX2610888000PE,SENSEX,BFO,PE,2026-01-08,88000,20
2025-12-31,296990725,SENSEX2610887900CE,SENSEX,BFO,CE,2026-01-08,87900,20
2025-12-31,297020933,SENSEX2610887900PE,SENSEX,BFO,PE,2026-01-08,87900,20
2025-12-31,296946949,SENSEX2610887800CE,SENSEX,BFO,CE,2026-01-08,87800,20
2025-12-31,296978181,SENSEX2610887800PE,SENSEX,BFO,PE,2026-01-08,87800,20
2025-12-31,296982533,SENSEX2610887700CE,SENSEX,BFO,CE,2026-01-08,87700,20
2025-12-31,297010949,SENSEX2610887700PE,SENSEX,BFO,PE,2026-01-08,87700,20
2025-12-31,296937733,SENSEX2610887600CE,SENSEX,BFO,CE,2026-01-08,87600,20
2025-12-31,296969221,SENSEX2610887600PE,SENSEX,BFO,PE,2026-01-08,87600,20
2025-12-31,296973061,SENSEX2610887500CE,SENSEX,BFO,CE,2026-01-08,87500,20
2025-12-31,297002245,SENSEX2610887500PE,SENSEX,BFO,PE,2026-01-08,87500,20
2025-12-31,296958469,SENSEX2610887400PE,SENSEX,BFO,PE,2026-01-08,87400,20
2025-12-31,297006085,SENSEX2610887400CE,SENSEX,BFO,CE,2026-01-08,87400,20
2025-12-31,296964101,SENSEX2610887300CE,SENSEX,BFO,CE,2026-01-08,87300,20
2025-12-31,296994053,SENSEX2610887300PE,SENSEX,BFO,PE,2026-01-08,87300,20
2025-12-31,296998661,SENSEX2610887200CE,SENSEX,BFO,CE,2026-01-08,87200,20
2025-12-31,297027845,SENSEX2610887200PE,SENSEX,BFO,PE,2026-01-08,87200,20
2025-12-31,296954629,SENSEX2610887100CE,SENSEX,BFO,CE,2026-01-08,87100,20
2025-12-31,296985093,SENSEX2610887100PE,SENSEX,BFO,PE,2026-01-08,87100,20
2025-12-31,296988933,SENSEX2610887000CE,SENSEX,BFO,CE,2026-01-08,87000,20
2025-12-31,297018885,SENSEX2610887000PE,SENSEX,BFO,PE,2026-01-08,87000,20
2025-12-31,296936197,SENSEX2610886900PE,SENSEX,BFO,PE,2026-01-08,86900,20
2025-12-31,297048069,SENSEX2610886900CE,SENSEX,BFO,CE,2026-01-08,86900,20
2025-12-31,297004293,SENSEX2610886800CE,SENSEX,BFO,CE,2026-01-08,86800,20
2025-12-31,297033989,SENSEX2610886800PE,SENSEX,BFO,PE,2026-01-08,86800,20
2025-12-31,297038085,SENSEX2610886700CE,SENSEX,BFO,CE,2026-01-08,86700,20
2025-12-31,297070085,SENSEX2610886700PE,SENSEX,BFO,PE,2026-01-08,86700,20
2025-12-31,296931589,SENSEX2610886600CE,SENSEX,BFO,CE,2026-01-08,86600,20
2025-12-31,297025541,SENSEX2610886600PE,SENSEX,BFO,PE,2026-01-08,86600,20
2025-12-31,297029637,SENSEX2610886500CE,SENSEX,BFO,CE,2026-01-08,86500,20
2025-12-31,297060101,SENSEX2610886500PE,SENSEX,BFO,PE,2026-01-08,86500,20
2025-12-31,296953093,SENSEX2610886400PE,SENSEX,BFO,PE,2026-01-08,86400,20
2025-12-31,297064709,SENSEX2610886400CE,SENSEX,BFO,CE,2026-01-08,86400,20
2025-12-31,297021957,SENSEX2610886300CE,SENSEX,BFO,CE,2026-01-08,86300,20
2025-12-31,297052165,SENSEX2610886300PE,SENSEX,BFO,PE,2026-01-08,86300,20
2025-12-31,296945157,SENSEX2610886200PE,SENSEX,BFO,PE,2026-01-08,86200,20
2025-12-31,297055493,SENSEX2610886200CE,SENSEX,BFO,CE,2026-01-08,86200,20
2025-12-31,296949253,SENSEX2610886100CE,SENSEX,BFO,CE,2026-01-08,86100,20
2025-12-31,297041413,SENSEX2610886100PE,SENSEX,BFO,PE,2026-01-08,86100,20
2025-12-31,296934661,SENSEX2610886000PE,SENSEX,BFO,PE,2026-01-08,86000,20
2025-12-31,297046021,SENSEX2610886000CE,SENSEX,BFO,CE,2026-01-08,86000,20
2025-12-31,296965637,SENSEX2610885900CE,SENSEX,BFO,CE,2026-01-08,85900,20
2025-12-31,296995845,SENSEX2610885900PE,SENSEX,BFO,PE,2026-01-08,85900,20
2025-12-31,296950789,SENSEX2610885800PE,SENSEX,BFO,PE,2026-01-08,85800,20
2025-12-31,296999941,SENSEX2610885800CE,SENSEX,BFO,CE,2026-01-08,85800,20
2025-12-31,296955653,SENSEX2610885700CE,SENSEX,BFO,CE,2026-01-08,85700,20
2025-12-31,296986373,SENSEX2610885700PE,SENSEX,BFO,PE,2026-01-08,85700,20
2025-12-31,296990469,SENSEX2610885600CE,SENSEX,BFO,CE,2026-01-08,85600,20
2025-12-31,297020677,SENSEX2610885600PE,SENSEX,BFO,PE,2026-01-08,85600,20
2025-12-31,296946693,SENSEX2610885500CE,SENSEX,BFO,CE,2026-01-08,85500,20
2025-12-31,296939269,SENSEX2610883900CE,SENSEX,BFO,CE,2026-01-08,83900,20
2025-12-31,296970501,SENSEX2610883900PE,SENSEX,BFO,PE,2026-01-08,83900,20
2025-12-31,296974597,SENSEX2610883800CE,SENSEX,BFO,CE,2026-01-08,83800,20
2025-12-31,297004037,SENSEX2610883800PE,SENSEX,BFO,PE,2026-01-08,83800,20
2025-12-31,296959237,SENSEX2610883700PE,SENSEX,BFO,PE,2026-01-08,83700,20
2025-12-31,297006853,SENSEX2610883700CE,SENSEX,BFO,CE,2026-01-08,83700,20
2025-12-31,296965381,SENSEX2610883600CE,SENSEX,BFO,CE,2026-01-08,83600,20
2025-12-31,296995589,SENSEX2610883600PE,SENSEX,BFO,PE,2026-01-08,83600,20
2025-12-31,296999685,SENSEX2610883500CE,SENSEX,BFO,CE,2026-01-08,83500,20
2025-12-31,297029125,SENSEX2610883500PE,SENSEX,BFO,PE,2026-01-08,83500,20
2025-12-31,296955397,SENSEX2610883400CE,SENSEX,BFO,CE,2026-01-08,83400,20
2025-12-31,296986117,SENSEX2610883400PE,SENSEX,BFO,PE,2026-01-08,83400,20
2025-12-31,296990213,SENSEX2610883300CE,SENSEX,BFO,CE,2026-01-08,83300,20
2025-12-31,297020421,SENSEX2610883300PE,SENSEX,BFO,PE,2026-01-08,83300,20
2025-12-31,296977669,SENSEX2610883200PE,SENSEX,BFO,PE,2026-01-08,83200,20
2025-12-31,297025029,SENSEX2610883200CE,SENSEX,BFO,CE,2026-01-08,83200,20
2025-12-31,296982021,SENSEX2610883100CE,SENSEX,BFO,CE,2026-01-08,83100,20
2025-12-31,297010437,SENSEX2610883100PE,SENSEX,BFO,PE,2026-01-08,83100,20
2025-12-31,297015813,SENSEX2610883000CE,SENSEX,BFO,CE,2026-01-08,83000,20
2025-12-31,297044741,SENSEX2610883000PE,SENSEX,BFO,PE,2026-01-08,83000,20
2025-12-31,296932613,SENSEX2610882900CE,SENSEX,BFO,CE,2026-01-08,82900,20
2025-12-31,297026821,SENSEX2610882900PE,SENSEX,BFO,PE,2026-01-08,82900,20
2025-12-31,297031429,SENSEX2610882800CE,SENSEX,BFO,CE,2026-01-08,82800,20
2025-12-31,297061637,SENSEX2610882800PE,SENSEX,BFO,PE,2026-01-08,82800,20
2025-12-31,296954117,SENSEX2610882700PE,SENSEX,BFO,PE,2026-01-08,82700,20
2025-12-31,297065989,SENSEX2610882700CE,SENSEX,BFO,CE,2026-01-08,82700,20
2025-12-31,297022725,SENSEX2610882600CE,SENSEX,BFO,CE,2026-01-08,82600,20
2025-12-31,297052933,SENSEX2610882600PE,SENSEX,BFO,PE,2026-01-08,82600,20
2025-12-31,296945925,SENSEX2610882500PE,SENSEX,BFO,PE,2026-01-08,82500,20
2025-12-31,297056517,SENSEX2610882500CE,SENSEX,BFO,CE,2026-01-08,82500,20
2025-12-31,296950533,SENSEX2610882400CE,SENSEX,BFO,CE,2026-01-08,82400,20
2025-12-31,297043205,SENSEX2610882400PE,SENSEX,BFO,PE,2026-01-08,82400,20
2025-12-31,296935685,SENSEX2610882300PE,SENSEX,BFO,PE,2026-01-08,82300,20
2025-12-31,297047301,SENSEX2610882300CE,SENSEX,BFO,CE,2026-01-08,82300,20
2025-12-31,296941317,SENSEX2610882200CE,SENSEX,BFO,CE,2026-01-08,82200,20
2025-12-31,296972293,SENSEX2610882200PE,SENSEX,BFO,PE,2026-01-08,82200,20
2025-12-31,297037573,SENSEX2610882100CE,SENSEX,BFO,CE,2026-01-08,82100,20
2025-12-31,297069573,SENSEX2610882100PE,SENSEX,BFO,PE,2026-01-08,82100,20
2025-12-31,296931077,SENSEX2610882000CE,SENSEX,BFO,CE,2026-01-08,82000,20
2025-12-31,296962821,SENSEX2610882000PE,SENSEX,BFO,PE,2026-01-08,82000,20
2025-12-31,296991493,SENSEX2610881900CE,SENSEX,BFO,CE,2026-01-08,81900,20
2025-12-31,297021701,SENSEX2610881900PE,SENSEX,BFO,PE,2026-01-08,81900,20
2025-12-31,296948229,SENSEX2610881800CE,SENSEX,BFO,CE,2026-01-08,81800,20
2025-12-31,296978949,SENSEX2610881800PE,SENSEX,BFO,PE,2026-01-08,81800,20
2025-12-31,296983301,SENSEX2610881700CE,SENSEX,BFO,CE,2026-01-08,81700,20
2025-12-31,297011461,SENSEX2610881700PE,SENSEX,BFO,PE,2026-01-08,81700,20
2025-12-31,296970245,SENSEX2610881600PE,SENSEX,BFO,PE,2026-01-08,81600,20
2025-12-31,297016837,SENSEX2610881600CE,SENSEX,BFO,CE,2026-01-08,81600,20
2025-12-31,296974085,SENSEX2610881500CE,SENSEX,BFO,CE,2026-01-08,81500,20
2025-12-31,297003525,SENSEX2610881500PE,SENSEX,BFO,PE,2026-01-08,81500,20
2025-12-31,297006597,SENSEX2610881400CE,SENSEX,BFO,CE,2026-01-08,81400,20
2025-12-31,297037061,SENSEX2610881400PE,SENSEX,BFO,PE,2026-01-08,81400,20
2025-12-31,296965125,SENSEX2610881300CE,SENSEX,BFO,CE,2026-01-08,81300,20
2025-12-31,296995333,SENSEX2610881300PE,SENSEX,BFO,PE,2026-01-08,81300,20
2025-12-31,296999429,SENSEX2610881200CE,SENSEX,BFO,CE,2026-01-08,81200,20
2025-12-31,297028869,SENSEX2610881200PE,SENSEX,BFO,PE,2026-01-08,81200,20
2025-12-31,296985861,SENSEX2610881100PE,SENSEX,BFO,PE,2026-01-08,81100,20
2025-12-31,297033477,SENSEX2610881100CE,SENSEX,BFO,CE,2026-01-08,81100,20
2025-12-31,296989957,SENSEX2610881000CE,SENSEX,BFO,CE,2026-01-08,81000,20
2025-12-31,297020165,SENSEX2610881000PE,SENSEX,BFO,PE,2026-01-08,81000,20
2025-12-31,296937477,SENSEX2610880900PE,SENSEX,BFO,PE,2026-01-08,80900,20
2025-12-31,297049349,SENSEX2610880900CE,SENSEX,BFO,CE,2026-01-08,80900,20
2025-12-31,296942341,SENSEX2610880800CE,SENSEX,BFO,CE,2026-01-08,80800,20
2025-12-31,297034501,SENSEX2610880800PE,SENSEX,BFO,PE,2026-01-08,80800,20
2025-12-31,297038853,SENSEX2610880700CE,SENSEX,BFO,CE,2026-01-08,80700,20
2025-12-31,297070341,SENSEX2610880700PE,SENSEX,BFO,PE,2026-01-08,80700,20
2025-12-31,296932357,SENSEX2610880600CE,SENSEX,BFO,CE,2026-01-08,80600,20
2025-12-31,296963589,SENSEX2610880600PE,SENSEX,BFO,PE,2026-01-08,80600,20
2025-12-31,297030917,SENSEX2610880500CE,SENSEX,BFO,CE,2026-01-08,80500,20
2025-12-31,297061381,SENSEX2610880500PE,SENSEX,BFO,PE,2026-01-08,80500,20
2025-12-31,296953861,SENSEX2610880400PE,SENSEX,BFO,PE,2026-01-08,80400,20
2025-12-31,297065733,SENSEX2610880400CE,SENSEX,BFO,CE,2026-01-08,80400,20
2025-12-31,296958981,SENSEX2610880300CE,SENSEX,BFO,CE,2026-01-08,80300,20
2025-12-31,297052677,SENSEX2610880300PE,SENSEX,BFO,PE,2026-01-08,80300,20
2025-12-31,296945669,SENSEX2610880200PE,SENSEX,BFO,PE,2026-01-08,80200,20
2025-12-31,297056261,SENSEX2610880200CE,SENSEX,BFO,CE,2026-01-08,80200,20
2025-12-31,296950277,SENSEX2610880100CE,SENSEX,BFO,CE,2026-01-08,80100,20
2025-12-31,296981253,SENSEX2610880100PE,SENSEX,BFO,PE,2026-01-08,80100,20
2025-12-31,296935429,SENSEX2610880000PE,SENSEX,BFO,PE,2026-01-08,80000,20
2025-12-31,297047045,SENSEX2610880000CE,SENSEX,BFO,CE,2026-01-08,80000,20
2025-12-31,296935173,SENSEX2610879900CE,SENSEX,BFO,CE,2026-01-08,79900,20
2025-12-31,296967941,SENSEX2610879900PE,SENSEX,BFO,PE,2026-01-08,79900,20
2025-12-31,296972037,SENSEX2610879800CE,SENSEX,BFO,CE,2026-01-08,79800,20
2025-12-31,297000965,SENSEX2610879800PE,SENSEX,BFO,PE,2026-01-08,79800,20
2025-12-31,296956933,SENSEX2610879700PE,SENSEX,BFO,PE,2026-01-08,79700,20
2025-12-31,297069317,SENSEX2610879700CE,SENSEX,BFO,CE,2026-01-08,79700,20
2025-12-31,296962565,SENSEX2610879600CE,SENSEX,BFO,CE,2026-01-08,79600,20
2025-12-31,296992517,SENSEX2610879600PE,SENSEX,BFO,PE,2026-01-08,79600,20
2025-12-31,296948741,SENSEX2610879500PE,SENSEX,BFO,PE,2026-01-08,79500,20
2025-12-31,296997381,SENSEX2610879500CE,SENSEX,BFO,CE,2026-01-08,79500,20
2025-12-31,296952325,SENSEX2610879400CE,SENSEX,BFO,CE,2026-01-08,79400,20
2025-12-31,296984581,SENSEX2610879400PE,SENSEX,BFO,PE,2026-01-08,79400,20
2025-12-31,296940293,SENSEX2610879300PE,SENSEX,BFO,PE,2026-01-08,79300,20
2025-12-31,296988421,SENSEX2610879300CE,SENSEX,BFO,CE,2026-01-08,79300,20
2025-12-31,296944645,SENSEX2610879200CE,SENSEX,BFO,CE,2026-01-08,79200,20
2025-12-31,296975621,SENSEX2610879200PE,SENSEX,BFO,PE,2026-01-08,79200,20
2025-12-31,296980229,SENSEX2610879100CE,SENSEX,BFO,CE,2026-01-08,79100,20
2025-12-31,297007877,SENSEX2610879100PE,SENSEX,BFO,PE,2026-01-08,79100,20
2025-12-31,296934405,SENSEX2610879000CE,SENSEX,BFO,CE,2026-01-08,79000,20
2025-12-31,296966917,SENSEX2610879000PE,SENSEX,BFO,PE,2026-01-08,79000,20
2025-12-31,296995077,SENSEX2610878900CE,SENSEX,BFO,CE,2026-01-08,78900,20
2025-12-31,297024517,SENSEX2610878900PE,SENSEX,BFO,PE,2026-01-08,78900,20
2025-12-31,297028613,SENSEX2610878800CE,SENSEX,BFO,CE,2026-01-08,78800,20
2025-12-31,297059333,SENSEX2610878800PE,SENSEX,BFO,PE,2026-01-08,78800,20
2025-12-31,297015301,SENSEX2610878700PE,SENSEX,BFO,PE,2026-01-08,78700,20
2025-12-31,297063941,SENSEX2610878700CE,SENSEX,BFO,CE,2026-01-08,78700,20
2025-12-31,297019909,SENSEX2610878600CE,SENSEX,BFO,CE,2026-01-08,78600,20
2025-12-31,297050373,SENSEX2610878600PE,SENSEX,BFO,PE,2026-01-08,78600,20
2025-12-31,296943621,SENSEX2610878500PE,SENSEX,BFO,PE,2026-01-08,78500,20
2025-12-31,297054981,SENSEX2610878500CE,SENSEX,BFO,CE,2026-01-08,78500,20
2025-12-31,297010181,SENSEX2610878400CE,SENSEX,BFO,CE,2026-01-08,78400,20
2025-12-31,297040389,SENSEX2610878400PE,SENSEX,BFO,PE,2026-01-08,78400,20
2025-12-31,296933381,SENSEX2610878300PE,SENSEX,BFO,PE,2026-01-08,78300,20
2025-12-31,297044485,SENSEX2610878300CE,SENSEX,BFO,CE,2026-01-08,78300,20
2025-12-31,297001733,SENSEX2610878200CE,SENSEX,BFO,CE,2026-01-08,78200,20
2025-12-31,297031941,SENSEX2610878200PE,SENSEX,BFO,PE,2026-01-08,78200,20
2025-12-31,297036293,SENSEX2610878100CE,SENSEX,BFO,CE,2026-01-08,78100,20
2025-12-31,297066501,SENSEX2610878100PE,SENSEX,BFO,PE,2026-01-08,78100,20
2025-12-31,297075461,SENSEX2610878000CE,SENSEX,BFO,CE,2026-01-08,78000,20
2025-12-31,297108229,SENSEX2610878000PE,SENSEX,BFO,PE,2026-01-08,78000,20
2025-12-31,297079301,SENSEX2610877900PE,SENSEX,BFO,PE,2026-01-08,77900,20
2025-12-31,297096197,SENSEX2610877900CE,SENSEX,BFO,CE,2026-01-08,77900,20
2025-12-31,297081349,SENSEX2610877800CE,SENSEX,BFO,CE,2026-01-08,77800,20
2025-12-31,297092357,SENSEX2610877800PE,SENSEX,BFO,PE,2026-01-08,77800,20
2025-12-31,297093125,SENSEX2610877700CE,SENSEX,BFO,CE,2026-01-08,77700,20
2025-12-31,297102853,SENSEX2610877700PE,SENSEX,BFO,PE,2026-01-08,77700,20
2025-12-31,297128965,SENSEX2610877600CE,SENSEX,BFO,CE,2026-01-08,77600,20
2025-12-31,297148421,SENSEX2610877600PE,SENSEX,BFO,PE,2026-01-08,77600,20
2025-12-31,297151493,SENSEX2610877500CE,SENSEX,BFO,CE,2026-01-08,77500,20
2025-12-31,297166853,SENSEX2610877500PE,SENSEX,BFO,PE,2026-01-08,77500,20
2025-12-31,297142789,SENSEX2610877400PE,SENSEX,BFO,PE,2026-01-08,77400,20
2025-12-31,297193989,SENSEX2610877400CE,SENSEX,BFO,CE,2026-01-08,77400,20
2025-12-31,297253637,SENSEX2610877300CE,SENSEX,BFO,CE,2026-01-08,77300,20
2025-12-31,297263109,SENSEX2610877300PE,SENSEX,BFO,PE,2026-01-08,77300,20
2025-12-31,297249541,SENSEX2610877200PE,SENSEX,BFO,PE,2026-01-08,77200,20
2025-12-31,297264389,SENSEX2610877200CE,SENSEX,BFO,CE,2026-01-08,77200,20
2025-12-31,297251589,SENSEX2610877100CE,SENSEX,BFO,CE,2026-01-08,77100,20
2025-12-31,297260805,SENSEX2610877100PE,SENSEX,BFO,PE,2026-01-08,77100,20
2025-12-31,209990405,SENSEX2610877000PE,SENSEX,BFO,PE,2026-01-08,77000,20
2025-12-31,210142725,SENSEX2610877000CE,SENSEX,BFO,CE,2026-01-08,77000,20
2025-12-31,209945605,SENSEX2610876900PE,SENSEX,BFO,PE,2026-01-08,76900,20
2025-12-31,210096389,SENSEX2610876900CE,SENSEX,BFO,CE,2026-01-08,76900,20
2025-12-31,297921541,SENSEX2611584700CE,SENSEX,BFO,CE,2026-01-15,84700,20
2025-12-31,298333189,SENSEX2611584700PE,SENSEX,BFO,PE,2026-01-15,84700,20
2025-12-31,298403333,SENSEX2611584600CE,SENSEX,BFO,CE,2026-01-15,84600,20
2025-12-31,298807045,SENSEX2611584600PE,SENSEX,BFO,PE,2026-01-15,84600,20
2025-12-31,298516485,SENSEX2611584800CE,SENSEX,BFO,CE,2026-01-15,84800,20
2025-12-31,298916613,SENSEX2611584800PE,SENSEX,BFO,PE,2026-01-15,84800,20
2025-12-31,297795589,SENSEX2611584500CE,SENSEX,BFO,CE,2026-01-15,84500,20
2025-12-31,298201861,SENSEX2611584500PE,SENSEX,BFO,PE,2026-01-15,84500,20
2025-12-31,298048517,SENSEX2611584900CE,SENSEX,BFO,CE,2026-01-15,84900,20
2025-12-31,298459653,SENSEX2611584900PE,SENSEX,BFO,PE,2026-01-15,84900,20
2025-12-31,298273541,SENSEX2611584400CE,SENSEX,BFO,CE,2026-01-15,84400,20
2025-12-31,298677765,SENSEX2611584400PE,SENSEX,BFO,PE,2026-01-15,84400,20
2025-12-31,297643013,SENSEX2611585000PE,SENSEX,BFO,PE,2026-01-15,85000,20
2025-12-31,299147269,SENSEX2611585000CE,SENSEX,BFO,CE,2026-01-15,85000,20
2025-12-31,298088709,SENSEX2611584300PE,SENSEX,BFO,PE,2026-01-15,84300,20
2025-12-31,298743301,SENSEX2611584300CE,SENSEX,BFO,CE,2026-01-15,84300,20
2025-12-31,297838085,SENSEX2611585100CE,SENSEX,BFO,CE,2026-01-15,85100,20
2025-12-31,299080453,SENSEX2611585100PE,SENSEX,BFO,PE,2026-01-15,85100,20
2025-12-31,298145029,SENSEX2611584200CE,SENSEX,BFO,CE,2026-01-15,84200,20
2025-12-31,298559749,SENSEX2611584200PE,SENSEX,BFO,PE,2026-01-15,84200,20
2025-12-31,297766917,SENSEX2611585200PE,SENSEX,BFO,PE,2026-01-15,85200,20
2025-12-31,299266309,SENSEX2611585200CE,SENSEX,BFO,CE,2026-01-15,85200,20
2025-12-31,298618117,SENSEX2611584100CE,SENSEX,BFO,CE,2026-01-15,84100,20
2025-12-31,299019269,SENSEX2611584100PE,SENSEX,BFO,PE,2026-01-15,84100,20
2025-12-31,298820357,SENSEX2611585300CE,SENSEX,BFO,CE,2026-01-15,85300,20
2025-12-31,299202821,SENSEX2611585300PE,SENSEX,BFO,PE,2026-01-15,85300,20
2025-12-31,298032389,SENSEX2611584000CE,SENSEX,BFO,CE,2026-01-15,84000,20
2025-12-31,298447109,SENSEX2611584000PE,SENSEX,BFO,PE,2026-01-15,84000,20
2025-12-31,297472005,SENSEX2611585400CE,SENSEX,BFO,CE,2026-01-15,85400,20
2025-12-31,297895173,SENSEX2611585400PE,SENSEX,BFO,PE,2026-01-15,85400,20
2025-12-31,298929157,SENSEX2611585500CE,SENSEX,BFO,CE,2026-01-15,85500,20
2025-12-31,297425925,SENSEX2611593200PE,SENSEX,BFO,PE,2026-01-15,93200,20
2025-12-31,298101253,SENSEX2611593200CE,SENSEX,BFO,CE,2026-01-15,93200,20
2025-12-31,297489413,SENSEX2611593100CE,SENSEX,BFO,CE,2026-01-15,93100,20
2025-12-31,297912325,SENSEX2611593100PE,SENSEX,BFO,PE,2026-01-15,93100,20
2025-12-31,297977349,SENSEX2611593000CE,SENSEX,BFO,CE,2026-01-15,93000,20
2025-12-31,298395653,SENSEX2611593000PE,SENSEX,BFO,PE,2026-01-15,93000,20
2025-12-31,298115589,SENSEX2611592900PE,SENSEX,BFO,PE,2026-01-15,92900,20
2025-12-31,298775557,SENSEX2611592900CE,SENSEX,BFO,CE,2026-01-15,92900,20
2025-12-31,298174981,SENSEX2611592800CE,SENSEX,BFO,CE,2026-01-15,92800,20
2025-12-31,298588421,SENSEX2611592800PE,SENSEX,BFO,PE,2026-01-15,92800,20
2025-12-31,298647557,SENSEX2611592700CE,SENSEX,BFO,CE,2026-01-15,92700,20
2025-12-31,299044357,SENSEX2611592700PE,SENSEX,BFO,PE,2026-01-15,92700,20
2025-12-31,298065413,SENSEX2611592600CE,SENSEX,BFO,CE,2026-01-15,92600,20
2025-12-31,298473221,SENSEX2611592600PE,SENSEX,BFO,PE,2026-01-15,92600,20
2025-12-31,298530821,SENSEX2611592500CE,SENSEX,BFO,CE,2026-01-15,92500,20
2025-12-31,298934789,SENSEX2611592500PE,SENSEX,BFO,PE,2026-01-15,92500,20
2025-12-31,298352645,SENSEX2611592400PE,SENSEX,BFO,PE,2026-01-15,92400,20
2025-12-31,298993925,SENSEX2611592400CE,SENSEX,BFO,CE,2026-01-15,92400,20
2025-12-31,298422277,SENSEX2611592300CE,SENSEX,BFO,CE,2026-01-15,92300,20
2025-12-31,298826245,SENSEX2611592300PE,SENSEX,BFO,PE,2026-01-15,92300,20
2025-12-31,298884613,SENSEX2611592200CE,SENSEX,BFO,CE,2026-01-15,92200,20
2025-12-31,299273477,SENSEX2611592200PE,SENSEX,BFO,PE,2026-01-15,92200,20
2025-12-31,298291973,SENSEX2611592100CE,SENSEX,BFO,CE,2026-01-15,92100,20
2025-12-31,298695685,SENSEX2611592100PE,SENSEX,BFO,PE,2026-01-15,92100,20
2025-12-31,298761989,SENSEX2611592000CE,SENSEX,BFO,CE,2026-01-15,92000,20
2025-12-31,299153925,SENSEX2611592000PE,SENSEX,BFO,PE,2026-01-15,92000,20
2025-12-31,297628933,SENSEX2611591900CE,SENSEX,BFO,CE,2026-01-15,91900,20
2025-12-31,298053637,SENSEX2611591900PE,SENSEX,BFO,PE,2026-01-15,91900,20
2025-12-31,297439237,SENSEX2611591800PE,SENSEX,BFO,PE,2026-01-15,91800,20
2025-12-31,298958085,SENSEX2611591800CE,SENSEX,BFO,CE,2026-01-15,91800,20
2025-12-31,297500421,SENSEX2611591700CE,SENSEX,BFO,CE,2026-01-15,91700,20
2025-12-31,297926661,SENSEX2611591700PE,SENSEX,BFO,PE,2026-01-15,91700,20
2025-12-31,297992965,SENSEX2611591600CE,SENSEX,BFO,CE,2026-01-15,91600,20
2025-12-31,299233285,SENSEX2611591600PE,SENSEX,BFO,PE,2026-01-15,91600,20
2025-12-31,297388549,SENSEX2611591500CE,SENSEX,BFO,CE,2026-01-15,91500,20
2025-12-31,297799941,SENSEX2611591500PE,SENSEX,BFO,PE,2026-01-15,91500,20
2025-12-31,297867013,SENSEX2611591400CE,SENSEX,BFO,CE,2026-01-15,91400,20
2025-12-31,298279173,SENSEX2611591400PE,SENSEX,BFO,PE,2026-01-15,91400,20
2025-12-31,297672965,SENSEX2611591300PE,SENSEX,BFO,PE,2026-01-15,91300,20
2025-12-31,299177221,SENSEX2611591300CE,SENSEX,BFO,CE,2026-01-15,91300,20
2025-12-31,297735173,SENSEX2611591200CE,SENSEX,BFO,CE,2026-01-15,91200,20
2025-12-31,298149637,SENSEX2611591200PE,SENSEX,BFO,PE,2026-01-15,91200,20
2025-12-31,297547781,SENSEX2611591100PE,SENSEX,BFO,PE,2026-01-15,91100,20
2025-12-31,298214917,SENSEX2611591100CE,SENSEX,BFO,CE,2026-01-15,91100,20
2025-12-31,297613317,SENSEX2611591000CE,SENSEX,BFO,CE,2026-01-15,91000,20
2025-12-31,298037765,SENSEX2611591000PE,SENSEX,BFO,PE,2026-01-15,91000,20
2025-12-31,298433285,SENSEX2611590900CE,SENSEX,BFO,CE,2026-01-15,90900,20
2025-12-31,298839813,SENSEX2611590900PE,SENSEX,BFO,PE,2026-01-15,90900,20
2025-12-31,298237445,SENSEX2611590800PE,SENSEX,BFO,PE,2026-01-15,90800,20
2025-12-31,298894597,SENSEX2611590800CE,SENSEX,BFO,CE,2026-01-15,90800,20
2025-12-31,298304773,SENSEX2611590700CE,SENSEX,BFO,CE,2026-01-15,90700,20
2025-12-31,298706949,SENSEX2611590700PE,SENSEX,BFO,PE,2026-01-15,90700,20
2025-12-31,298775045,SENSEX2611590600CE,SENSEX,BFO,CE,2026-01-15,90600,20
2025-12-31,299166213,SENSEX2611590600PE,SENSEX,BFO,PE,2026-01-15,90600,20
2025-12-31,298173701,SENSEX2611590500CE,SENSEX,BFO,CE,2026-01-15,90500,20
2025-12-31,298588165,SENSEX2611590500PE,SENSEX,BFO,PE,2026-01-15,90500,20
2025-12-31,298647045,SENSEX2611590400CE,SENSEX,BFO,CE,2026-01-15,90400,20
2025-12-31,299043333,SENSEX2611590400PE,SENSEX,BFO,PE,2026-01-15,90400,20
2025-12-31,298472453,SENSEX2611590300PE,SENSEX,BFO,PE,2026-01-15,90300,20
2025-12-31,299107845,SENSEX2611590300CE,SENSEX,BFO,CE,2026-01-15,90300,20
2025-12-31,298529541,SENSEX2611590200CE,SENSEX,BFO,CE,2026-01-15,90200,20
2025-12-31,298933509,SENSEX2611590200PE,SENSEX,BFO,PE,2026-01-15,90200,20
2025-12-31,297475845,SENSEX2611590100PE,SENSEX,BFO,PE,2026-01-15,90100,20
2025-12-31,298992389,SENSEX2611590100CE,SENSEX,BFO,CE,2026-01-15,90100,20
2025-12-31,298421509,SENSEX2611590000CE,SENSEX,BFO,CE,2026-01-15,90000,20
2025-12-31,298824709,SENSEX2611590000PE,SENSEX,BFO,PE,2026-01-15,90000,20
2025-12-31,298823429,SENSEX2611589900CE,SENSEX,BFO,CE,2026-01-15,89900,20
2025-12-31,299205125,SENSEX2611589900PE,SENSEX,BFO,PE,2026-01-15,89900,20
2025-12-31,297769733,SENSEX2611589800PE,SENSEX,BFO,PE,2026-01-15,89800,20
2025-12-31,299269381,SENSEX2611589800CE,SENSEX,BFO,CE,2026-01-15,89800,20
2025-12-31,298692869,SENSEX2611589700CE,SENSEX,BFO,CE,2026-01-15,89700,20
2025-12-31,299083013,SENSEX2611589700PE,SENSEX,BFO,PE,2026-01-15,89700,20
2025-12-31,297646085,SENSEX2611589600PE,SENSEX,BFO,PE,2026-01-15,89600,20
2025-12-31,299150341,SENSEX2611589600CE,SENSEX,BFO,CE,2026-01-15,89600,20
2025-12-31,297707013,SENSEX2611589500CE,SENSEX,BFO,CE,2026-01-15,89500,20
2025-12-31,298972677,SENSEX2611589500PE,SENSEX,BFO,PE,2026-01-15,89500,20
2025-12-31,297516805,SENSEX2611589400PE,SENSEX,BFO,PE,2026-01-15,89400,20
2025-12-31,299030021,SENSEX2611589400CE,SENSEX,BFO,CE,2026-01-15,89400,20
2025-12-31,297585157,SENSEX2611589300CE,SENSEX,BFO,CE,2026-01-15,89300,20
2025-12-31,298009605,SENSEX2611589300PE,SENSEX,BFO,PE,2026-01-15,89300,20
2025-12-31,297402885,SENSEX2611589200PE,SENSEX,BFO,PE,2026-01-15,89200,20
2025-12-31,298918149,SENSEX2611589200CE,SENSEX,BFO,CE,2026-01-15,89200,20
2025-12-31,297463301,SENSEX2611589100CE,SENSEX,BFO,CE,2026-01-15,89100,20
2025-12-31,297882885,SENSEX2611589100PE,SENSEX,BFO,PE,2026-01-15,89100,20
2025-12-31,298808581,SENSEX2611589000CE,SENSEX,BFO,CE,2026-01-15,89000,20
2025-12-31,299192581,SENSEX2611589000PE,SENSEX,BFO,PE,2026-01-15,89000,20
2025-12-31,297669893,SENSEX2611588900CE,SENSEX,BFO,CE,2026-01-15,88900,20
2025-12-31,298089733,SENSEX2611588900PE,SENSEX,BFO,PE,2026-01-15,88900,20
2025-12-31,298147589,SENSEX2611588800CE,SENSEX,BFO,CE,2026-01-15,88800,20
2025-12-31,298561541,SENSEX2611588800PE,SENSEX,BFO,PE,2026-01-15,88800,20
2025-12-31,297965573,SENSEX2611588700PE,SENSEX,BFO,PE,2026-01-15,88700,20
2025-12-31,298621445,SENSEX2611588700CE,SENSEX,BFO,CE,2026-01-15,88700,20
2025-12-31,298035205,SENSEX2611588600CE,SENSEX,BFO,CE,2026-01-15,88600,20
2025-12-31,298449413,SENSEX2611588600PE,SENSEX,BFO,PE,2026-01-15,88600,20
2025-12-31,298507269,SENSEX2611588500CE,SENSEX,BFO,CE,2026-01-15,88500,20
2025-12-31,298909189,SENSEX2611588500PE,SENSEX,BFO,PE,2026-01-15,88500,20
2025-12-31,297909509,SENSEX2611588400CE,SENSEX,BFO,CE,2026-01-15,88400,20
2025-12-31,298322693,SENSEX2611588400PE,SENSEX,BFO,PE,2026-01-15,88400,20
2025-12-31,298392581,SENSEX2611588300CE,SENSEX,BFO,CE,2026-01-15,88300,20
2025-12-31,298792453,SENSEX2611588300PE,SENSEX,BFO,PE,2026-01-15,88300,20
2025-12-31,297783301,SENSEX2611588200CE,SENSEX,BFO,CE,2026-01-15,88200,20
2025-12-31,298189061,SENSEX2611588200PE,SENSEX,BFO,PE,2026-01-15,88200,20
2025-12-31,298262021,SENSEX2611588100CE,SENSEX,BFO,CE,2026-01-15,88100,20
2025-12-31,298665989,SENSEX2611588100PE,SENSEX,BFO,PE,2026-01-15,88100,20
2025-12-31,298077445,SENSEX2611588000PE,SENSEX,BFO,PE,2026-01-15,88000,20
2025-12-31,298732805,SENSEX2611588000CE,SENSEX,BFO,CE,2026-01-15,88000,20
2025-12-31,297600005,SENSEX2611587900CE,SENSEX,BFO,CE,2026-01-15,87900,20
2025-12-31,298876165,SENSEX2611587900PE,SENSEX,BFO,PE,2026-01-15,87900,20
2025-12-31,297414149,SENSEX2611587800PE,SENSEX,BFO,PE,2026-01-15,87800,20
2025-12-31,298930437,SENSEX2611587800CE,SENSEX,BFO,CE,2026-01-15,87800,20
2025-12-31,297473285,SENSEX2611587700CE,SENSEX,BFO,CE,2026-01-15,87700,20
2025-12-31,297895685,SENSEX2611587700PE,SENSEX,BFO,PE,2026-01-15,87700,20
2025-12-31,298821125,SENSEX2611587600CE,SENSEX,BFO,CE,2026-01-15,87600,20
2025-12-31,299203845,SENSEX2611587600PE,SENSEX,BFO,PE,2026-01-15,87600,20
2025-12-31,297768453,SENSEX2611587500PE,SENSEX,BFO,PE,2026-01-15,87500,20
2025-12-31,299267589,SENSEX2611587500CE,SENSEX,BFO,CE,2026-01-15,87500,20
2025-12-31,298691077,SENSEX2611587400CE,SENSEX,BFO,CE,2026-01-15,87400,20
2025-12-31,299081733,SENSEX2611587400PE,SENSEX,BFO,PE,2026-01-15,87400,20
2025-12-31,297644293,SENSEX2611587300PE,SENSEX,BFO,PE,2026-01-15,87300,20
2025-12-31,299148805,SENSEX2611587300CE,SENSEX,BFO,CE,2026-01-15,87300,20
2025-12-31,297705989,SENSEX2611587200CE,SENSEX,BFO,CE,2026-01-15,87200,20
2025-12-31,298971653,SENSEX2611587200PE,SENSEX,BFO,PE,2026-01-15,87200,20
2025-12-31,297515781,SENSEX2611587100PE,SENSEX,BFO,PE,2026-01-15,87100,20
2025-12-31,299029509,SENSEX2611587100CE,SENSEX,BFO,CE,2026-01-15,87100,20
2025-12-31,297583877,SENSEX2611587000CE,SENSEX,BFO,CE,2026-01-15,87000,20
2025-12-31,298008837,SENSEX2611587000PE,SENSEX,BFO,PE,2026-01-15,87000,20
2025-12-31,298405381,SENSEX2611586900CE,SENSEX,BFO,CE,2026-01-15,86900,20
2025-12-31,298808325,SENSEX2611586900PE,SENSEX,BFO,PE,2026-01-15,86900,20
2025-12-31,297797125,SENSEX2611586800CE,SENSEX,BFO,CE,2026-01-15,86800,20
2025-12-31,298203397,SENSEX2611586800PE,SENSEX,BFO,PE,2026-01-15,86800,20
2025-12-31,298275333,SENSEX2611586700CE,SENSEX,BFO,CE,2026-01-15,86700,20
2025-12-31,298679557,SENSEX2611586700PE,SENSEX,BFO,PE,2026-01-15,86700,20
2025-12-31,298089221,SENSEX2611586600PE,SENSEX,BFO,PE,2026-01-15,86600,20
2025-12-31,298744325,SENSEX2611586600CE,SENSEX,BFO,CE,2026-01-15,86600,20
2025-12-31,298146309,SENSEX2611586500CE,SENSEX,BFO,CE,2026-01-15,86500,20
2025-12-31,298560261,SENSEX2611586500PE,SENSEX,BFO,PE,2026-01-15,86500,20
2025-12-31,297964805,SENSEX2611586400PE,SENSEX,BFO,PE,2026-01-15,86400,20
2025-12-31,298619909,SENSEX2611586400CE,SENSEX,BFO,CE,2026-01-15,86400,20
2025-12-31,298033925,SENSEX2611586300CE,SENSEX,BFO,CE,2026-01-15,86300,20
2025-12-31,298448389,SENSEX2611586300PE,SENSEX,BFO,PE,2026-01-15,86300,20
2025-12-31,298506501,SENSEX2611586200CE,SENSEX,BFO,CE,2026-01-15,86200,20
2025-12-31,298908933,SENSEX2611586200PE,SENSEX,BFO,PE,2026-01-15,86200,20
2025-12-31,297908229,SENSEX2611586100CE,SENSEX,BFO,CE,2026-01-15,86100,20
2025-12-31,298321413,SENSEX2611586100PE,SENSEX,BFO,PE,2026-01-15,86100,20
2025-12-31,298391813,SENSEX2611586000CE,SENSEX,BFO,CE,2026-01-15,86000,20
2025-12-31,298791429,SENSEX2611586000PE,SENSEX,BFO,PE,2026-01-15,86000,20
2025-12-31,297656069,SENSEX2611585900PE,SENSEX,BFO,PE,2026-01-15,85900,20
2025-12-31,299161093,SENSEX2611585900CE,SENSEX,BFO,CE,2026-01-15,85900,20
2025-12-31,297721093,SENSEX2611585800CE,SENSEX,BFO,CE,2026-01-15,85800,20
2025-12-31,298982917,SENSEX2611585800PE,SENSEX,BFO,PE,2026-01-15,85800,20
2025-12-31,297530117,SENSEX2611585700PE,SENSEX,BFO,PE,2026-01-15,85700,20
2025-12-31,299040517,SENSEX2611585700CE,SENSEX,BFO,CE,2026-01-15,85700,20
2025-12-31,297598469,SENSEX2611585600CE,SENSEX,BFO,CE,2026-01-15,85600,20
2025-12-31,298020613,SENSEX2611585600PE,SENSEX,BFO,PE,2026-01-15,85600,20
2025-12-31,297412869,SENSEX2611585500PE,SENSEX,BFO,PE,2026-01-15,85500,20
2025-12-31,298836229,SENSEX2611583900CE,SENSEX,BFO,CE,2026-01-15,83900,20
2025-12-31,299215109,SENSEX2611583900PE,SENSEX,BFO,PE,2026-01-15,83900,20
2025-12-31,297782021,SENSEX2611583800PE,SENSEX,BFO,PE,2026-01-15,83800,20
2025-12-31,299282437,SENSEX2611583800CE,SENSEX,BFO,CE,2026-01-15,83800,20
2025-12-31,298702853,SENSEX2611583700CE,SENSEX,BFO,CE,2026-01-15,83700,20
2025-12-31,299093509,SENSEX2611583700PE,SENSEX,BFO,PE,2026-01-15,83700,20
2025-12-31,297655045,SENSEX2611583600PE,SENSEX,BFO,PE,2026-01-15,83600,20
2025-12-31,299159813,SENSEX2611583600CE,SENSEX,BFO,CE,2026-01-15,83600,20
2025-12-31,297719813,SENSEX2611583500CE,SENSEX,BFO,CE,2026-01-15,83500,20
2025-12-31,298981381,SENSEX2611583500PE,SENSEX,BFO,PE,2026-01-15,83500,20
2025-12-31,297528837,SENSEX2611583400PE,SENSEX,BFO,PE,2026-01-15,83400,20
2025-12-31,299039237,SENSEX2611583400CE,SENSEX,BFO,CE,2026-01-15,83400,20
2025-12-31,297597957,SENSEX2611583300CE,SENSEX,BFO,CE,2026-01-15,83300,20
2025-12-31,298020101,SENSEX2611583300PE,SENSEX,BFO,PE,2026-01-15,83300,20
2025-12-31,297411589,SENSEX2611583200PE,SENSEX,BFO,PE,2026-01-15,83200,20
2025-12-31,298928389,SENSEX2611583200CE,SENSEX,BFO,CE,2026-01-15,83200,20
2025-12-31,297471237,SENSEX2611583100CE,SENSEX,BFO,CE,2026-01-15,83100,20
2025-12-31,297893125,SENSEX2611583100PE,SENSEX,BFO,PE,2026-01-15,83100,20
2025-12-31,297960197,SENSEX2611583000CE,SENSEX,BFO,CE,2026-01-15,83000,20
2025-12-31,299201541,SENSEX2611583000PE,SENSEX,BFO,PE,2026-01-15,83000,20
2025-12-31,297682437,SENSEX2611582900CE,SENSEX,BFO,CE,2026-01-15,82900,20
2025-12-31,298100741,SENSEX2611582900PE,SENSEX,BFO,PE,2026-01-15,82900,20
2025-12-31,298158853,SENSEX2611582800CE,SENSEX,BFO,CE,2026-01-15,82800,20
2025-12-31,298570245,SENSEX2611582800PE,SENSEX,BFO,PE,2026-01-15,82800,20
2025-12-31,297977093,SENSEX2611582700PE,SENSEX,BFO,PE,2026-01-15,82700,20
2025-12-31,298632197,SENSEX2611582700CE,SENSEX,BFO,CE,2026-01-15,82700,20
2025-12-31,298046725,SENSEX2611582600CE,SENSEX,BFO,CE,2026-01-15,82600,20
2025-12-31,298458373,SENSEX2611582600PE,SENSEX,BFO,PE,2026-01-15,82600,20
2025-12-31,298515205,SENSEX2611582500CE,SENSEX,BFO,CE,2026-01-15,82500,20
2025-12-31,298915333,SENSEX2611582500PE,SENSEX,BFO,PE,2026-01-15,82500,20
2025-12-31,297920261,SENSEX2611582400CE,SENSEX,BFO,CE,2026-01-15,82400,20
2025-12-31,298332165,SENSEX2611582400PE,SENSEX,BFO,PE,2026-01-15,82400,20
2025-12-31,298402053,SENSEX2611582300CE,SENSEX,BFO,CE,2026-01-15,82300,20
2025-12-31,298805509,SENSEX2611582300PE,SENSEX,BFO,PE,2026-01-15,82300,20
2025-12-31,298200069,SENSEX2611582200PE,SENSEX,BFO,PE,2026-01-15,82200,20
2025-12-31,298869765,SENSEX2611582200CE,SENSEX,BFO,CE,2026-01-15,82200,20
2025-12-31,298272005,SENSEX2611582100CE,SENSEX,BFO,CE,2026-01-15,82100,20
2025-12-31,298676485,SENSEX2611582100PE,SENSEX,BFO,PE,2026-01-15,82100,20
2025-12-31,298742277,SENSEX2611582000CE,SENSEX,BFO,CE,2026-01-15,82000,20
2025-12-31,299134981,SENSEX2611582000PE,SENSEX,BFO,PE,2026-01-15,82000,20
2025-12-31,297607941,SENSEX2611581900CE,SENSEX,BFO,CE,2026-01-15,81900,20
2025-12-31,298884357,SENSEX2611581900PE,SENSEX,BFO,PE,2026-01-15,81900,20
2025-12-31,297421573,SENSEX2611581800PE,SENSEX,BFO,PE,2026-01-15,81800,20
2025-12-31,298941445,SENSEX2611581800CE,SENSEX,BFO,CE,2026-01-15,81800,20
2025-12-31,297483013,SENSEX2611581700CE,SENSEX,BFO,CE,2026-01-15,81700,20
2025-12-31,297906693,SENSEX2611581700PE,SENSEX,BFO,PE,2026-01-15,81700,20
2025-12-31,298835205,SENSEX2611581600CE,SENSEX,BFO,CE,2026-01-15,81600,20
2025-12-31,299213573,SENSEX2611581600PE,SENSEX,BFO,PE,2026-01-15,81600,20
2025-12-31,297780485,SENSEX2611581500PE,SENSEX,BFO,PE,2026-01-15,81500,20
2025-12-31,299280645,SENSEX2611581500CE,SENSEX,BFO,CE,2026-01-15,81500,20
2025-12-31,297850117,SENSEX2611581400CE,SENSEX,BFO,CE,2026-01-15,81400,20
2025-12-31,299092485,SENSEX2611581400PE,SENSEX,BFO,PE,2026-01-15,81400,20
2025-12-31,297654021,SENSEX2611581300PE,SENSEX,BFO,PE,2026-01-15,81300,20
2025-12-31,299158789,SENSEX2611581300CE,SENSEX,BFO,CE,2026-01-15,81300,20
2025-12-31,297718533,SENSEX2611581200CE,SENSEX,BFO,CE,2026-01-15,81200,20
2025-12-31,298133765,SENSEX2611581200PE,SENSEX,BFO,PE,2026-01-15,81200,20
2025-12-31,297527813,SENSEX2611581100PE,SENSEX,BFO,PE,2026-01-15,81100,20
2025-12-31,299036933,SENSEX2611581100CE,SENSEX,BFO,CE,2026-01-15,81100,20
2025-12-31,297596421,SENSEX2611581000CE,SENSEX,BFO,CE,2026-01-15,81000,20
2025-12-31,298017797,SENSEX2611581000PE,SENSEX,BFO,PE,2026-01-15,81000,20
2025-12-31,298417413,SENSEX2611580900CE,SENSEX,BFO,CE,2026-01-15,80900,20
2025-12-31,298819333,SENSEX2611580900PE,SENSEX,BFO,PE,2026-01-15,80900,20
2025-12-31,297807365,SENSEX2611580800CE,SENSEX,BFO,CE,2026-01-15,80800,20
2025-12-31,298214405,SENSEX2611580800PE,SENSEX,BFO,PE,2026-01-15,80800,20
2025-12-31,298286341,SENSEX2611580700CE,SENSEX,BFO,CE,2026-01-15,80700,20
2025-12-31,298689029,SENSEX2611580700PE,SENSEX,BFO,PE,2026-01-15,80700,20
2025-12-31,298098949,SENSEX2611580600PE,SENSEX,BFO,PE,2026-01-15,80600,20
2025-12-31,298757637,SENSEX2611580600CE,SENSEX,BFO,CE,2026-01-15,80600,20
2025-12-31,298158085,SENSEX2611580500CE,SENSEX,BFO,CE,2026-01-15,80500,20
2025-12-31,298568709,SENSEX2611580500PE,SENSEX,BFO,PE,2026-01-15,80500,20
2025-12-31,298631429,SENSEX2611580400CE,SENSEX,BFO,CE,2026-01-15,80400,20
2025-12-31,299026693,SENSEX2611580400PE,SENSEX,BFO,PE,2026-01-15,80400,20
2025-12-31,298045445,SENSEX2611580300CE,SENSEX,BFO,CE,2026-01-15,80300,20
2025-12-31,298456837,SENSEX2611580300PE,SENSEX,BFO,PE,2026-01-15,80300,20
2025-12-31,298514437,SENSEX2611580200CE,SENSEX,BFO,CE,2026-01-15,80200,20
2025-12-31,298914565,SENSEX2611580200PE,SENSEX,BFO,PE,2026-01-15,80200,20
2025-12-31,298331653,SENSEX2611580100PE,SENSEX,BFO,PE,2026-01-15,80100,20
2025-12-31,298976517,SENSEX2611580100CE,SENSEX,BFO,CE,2026-01-15,80100,20
2025-12-31,298400773,SENSEX2611580000CE,SENSEX,BFO,CE,2026-01-15,80000,20
2025-12-31,298803973,SENSEX2611580000PE,SENSEX,BFO,PE,2026-01-15,80000,20
2025-12-31,298802949,SENSEX2611579900CE,SENSEX,BFO,CE,2026-01-15,79900,20
2025-12-31,299188997,SENSEX2611579900PE,SENSEX,BFO,PE,2026-01-15,79900,20
2025-12-31,298608901,SENSEX2611579800PE,SENSEX,BFO,PE,2026-01-15,79800,20
2025-12-31,299255813,SENSEX2611579800CE,SENSEX,BFO,CE,2026-01-15,79800,20
2025-12-31,298674437,SENSEX2611579700CE,SENSEX,BFO,CE,2026-01-15,79700,20
2025-12-31,299065605,SENSEX2611579700PE,SENSEX,BFO,PE,2026-01-15,79700,20
2025-12-31,297627653,SENSEX2611579600PE,SENSEX,BFO,PE,2026-01-15,79600,20
2025-12-31,299132421,SENSEX2611579600CE,SENSEX,BFO,CE,2026-01-15,79600,20
2025-12-31,298555909,SENSEX2611579500CE,SENSEX,BFO,CE,2026-01-15,79500,20
2025-12-31,298957061,SENSEX2611579500PE,SENSEX,BFO,PE,2026-01-15,79500,20
2025-12-31,297499653,SENSEX2611579400PE,SENSEX,BFO,PE,2026-01-15,79400,20
2025-12-31,299015685,SENSEX2611579400CE,SENSEX,BFO,CE,2026-01-15,79400,20
2025-12-31,297568261,SENSEX2611579300CE,SENSEX,BFO,CE,2026-01-15,79300,20
2025-12-31,298852357,SENSEX2611579300PE,SENSEX,BFO,PE,2026-01-15,79300,20
2025-12-31,297388293,SENSEX2611579200PE,SENSEX,BFO,PE,2026-01-15,79200,20
2025-12-31,298906629,SENSEX2611579200CE,SENSEX,BFO,CE,2026-01-15,79200,20
2025-12-31,297447173,SENSEX2611579100CE,SENSEX,BFO,CE,2026-01-15,79100,20
2025-12-31,297866245,SENSEX2611579100PE,SENSEX,BFO,PE,2026-01-15,79100,20
2025-12-31,298788613,SENSEX2611579000CE,SENSEX,BFO,CE,2026-01-15,79000,20
2025-12-31,299176709,SENSEX2611579000PE,SENSEX,BFO,PE,2026-01-15,79000,20
2025-12-31,297652741,SENSEX2611578900CE,SENSEX,BFO,CE,2026-01-15,78900,20
2025-12-31,298074117,SENSEX2611578900PE,SENSEX,BFO,PE,2026-01-15,78900,20
2025-12-31,298132485,SENSEX2611578800CE,SENSEX,BFO,CE,2026-01-15,78800,20
2025-12-31,298543877,SENSEX2611578800PE,SENSEX,BFO,PE,2026-01-15,78800,20
2025-12-31,297526021,SENSEX2611578700CE,SENSEX,BFO,CE,2026-01-15,78700,20
2025-12-31,297949189,SENSEX2611578700PE,SENSEX,BFO,PE,2026-01-15,78700,20
2025-12-31,298016773,SENSEX2611578600CE,SENSEX,BFO,CE,2026-01-15,78600,20
2025-12-31,298432517,SENSEX2611578600PE,SENSEX,BFO,PE,2026-01-15,78600,20
2025-12-31,297828101,SENSEX2611578500PE,SENSEX,BFO,PE,2026-01-15,78500,20
2025-12-31,298489093,SENSEX2611578500CE,SENSEX,BFO,CE,2026-01-15,78500,20
2025-12-31,297888261,SENSEX2611578400CE,SENSEX,BFO,CE,2026-01-15,78400,20
2025-12-31,298302981,SENSEX2611578400PE,SENSEX,BFO,PE,2026-01-15,78400,20
2025-12-31,298375429,SENSEX2611578300CE,SENSEX,BFO,CE,2026-01-15,78300,20
2025-12-31,298774277,SENSEX2611578300PE,SENSEX,BFO,PE,2026-01-15,78300,20
2025-12-31,297761797,SENSEX2611578200CE,SENSEX,BFO,CE,2026-01-15,78200,20
2025-12-31,298173445,SENSEX2611578200PE,SENSEX,BFO,PE,2026-01-15,78200,20
2025-12-31,299555589,SENSEX2611578100PE,SENSEX,BFO,PE,2026-01-15,78100,20
2025-12-31,299607045,SENSEX2611578100CE,SENSEX,BFO,CE,2026-01-15,78100,20
2025-12-31,299669253,SENSEX2611578000PE,SENSEX,BFO,PE,2026-01-15,78000,20
2025-12-31,299712773,SENSEX2611578000CE,SENSEX,BFO,CE,2026-01-15,78000,20
2025-12-31,299653381,SENSEX2611577900PE,SENSEX,BFO,PE,2026-01-15,77900,20
2025-12-31,299699461,SENSEX2611577900CE,SENSEX,BFO,CE,2026-01-15,77900,20
2025-12-31,299671301,SENSEX2611577800CE,SENSEX,BFO,CE,2026-01-15,77800,20
2025-12-31,299720197,SENSEX2611577800PE,SENSEX,BFO,PE,2026-01-15,77800,20
2025-12-31,299634949,SENSEX2611577700PE,SENSEX,BFO,PE,2026-01-15,77700,20
2025-12-31,299638789,SENSEX2611577700CE,SENSEX,BFO,CE,2026-01-15,77700,20
2025-12-31,299649541,SENSEX2611577600CE,SENSEX,BFO,CE,2026-01-15,77600,20
2025-12-31,299698437,SENSEX2611577600PE,SENSEX,BFO,PE,2026-01-15,77600,20
2025-12-31,210035461,SENSEX2611577500PE,SENSEX,BFO,PE,2026-01-15,77500,20
2025-12-31,210186245,SENSEX2611577500CE,SENSEX,BFO,CE,2026-01-15,77500,20
2025-12-31,210071813,SENSEX2611577400PE,SENSEX,BFO,PE,2026-01-15,77400,20
2025-12-31,210226181,SENSEX2611577400CE,SENSEX,BFO,CE,2026-01-15,77400,20
2025-12-31,209973509,SENSEX2611577300PE,SENSEX,BFO,PE,2026-01-15,77300,20
2025-12-31,210121989,SENSEX2611577300CE,SENSEX,BFO,CE,2026-01-15,77300,20
2025-12-31,210012677,SENSEX2611577200PE,SENSEX,BFO,PE,2026-01-15,77200,20
2025-12-31,210024965,SENSEX2611577200CE,SENSEX,BFO,CE,2026-01-15,77200,20
2025-12-31,210061317,SENSEX2611577100CE,SENSEX,BFO,CE,2026-01-15,77100,20
2025-12-31,210220805,SENSEX2611577100PE,SENSEX,BFO,PE,2026-01-15,77100,20
2025-12-31,209942789,SENSEX2611577000PE,SENSEX,BFO,PE,2026-01-15,77000,20
2025-12-31,209958405,SENSEX2611577000CE,SENSEX,BFO,CE,2026-01-15,77000,20
2025-12-31,210218501,SENSEX2611576900PE,SENSEX,BFO,PE,2026-01-15,76900,20
2025-12-31,210231813,SENSEX2611576900CE,SENSEX,BFO,CE,2026-01-15,76900,20
2025-12-31,299922181,SENSEX2612284700PE,SENSEX,BFO,PE,2026-01-22,84700,20
2025-12-31,300013573,SENSEX2612284700CE,SENSEX,BFO,CE,2026-01-22,84700,20
2025-12-31,299951877,SENSEX2612284600CE,SENSEX,BFO,CE,2026-01-22,84600,20
2025-12-31,300053765,SENSEX2612284600PE,SENSEX,BFO,PE,2026-01-22,84600,20
2025-12-31,299980805,SENSEX2612284800PE,SENSEX,BFO,PE,2026-01-22,84800,20
2025-12-31,299988997,SENSEX2612284800CE,SENSEX,BFO,CE,2026-01-22,84800,20
2025-12-31,299973637,SENSEX2612284500CE,SENSEX,BFO,CE,2026-01-22,84500,20
2025-12-31,300075781,SENSEX2612284500PE,SENSEX,BFO,PE,2026-01-22,84500,20
2025-12-31,299959301,SENSEX2612284900PE,SENSEX,BFO,PE,2026-01-22,84900,20
2025-12-31,300056837,SENSEX2612284900CE,SENSEX,BFO,CE,2026-01-22,84900,20
2025-12-31,299912709,SENSEX2612284400CE,SENSEX,BFO,CE,2026-01-22,84400,20
2025-12-31,300011013,SENSEX2612284400PE,SENSEX,BFO,PE,2026-01-22,84400,20
2025-12-31,299982085,SENSEX2612285000PE,SENSEX,BFO,PE,2026-01-22,85000,20
2025-12-31,300082181,SENSEX2612285000CE,SENSEX,BFO,CE,2026-01-22,85000,20
2025-12-31,300037381,SENSEX2612284300PE,SENSEX,BFO,PE,2026-01-22,84300,20
2025-12-31,300046853,SENSEX2612284300CE,SENSEX,BFO,CE,2026-01-22,84300,20
2025-12-31,299947525,SENSEX2612285100CE,SENSEX,BFO,CE,2026-01-22,85100,20
2025-12-31,300048389,SENSEX2612285100PE,SENSEX,BFO,PE,2026-01-22,85100,20
2025-12-31,299972101,SENSEX2612284200PE,SENSEX,BFO,PE,2026-01-22,84200,20
2025-12-31,300067845,SENSEX2612284200CE,SENSEX,BFO,CE,2026-01-22,84200,20
2025-12-31,299927301,SENSEX2612285200CE,SENSEX,BFO,CE,2026-01-22,85200,20
2025-12-31,300024069,SENSEX2612285200PE,SENSEX,BFO,PE,2026-01-22,85200,20
2025-12-31,299992837,SENSEX2612284100PE,SENSEX,BFO,PE,2026-01-22,84100,20
2025-12-31,300003077,SENSEX2612284100CE,SENSEX,BFO,CE,2026-01-22,84100,20
2025-12-31,299984389,SENSEX2612285300CE,SENSEX,BFO,CE,2026-01-22,85300,20
2025-12-31,300088581,SENSEX2612285300PE,SENSEX,BFO,PE,2026-01-22,85300,20
2025-12-31,299933445,SENSEX2612284000PE,SENSEX,BFO,PE,2026-01-22,84000,20
2025-12-31,300028165,SENSEX2612284000CE,SENSEX,BFO,CE,2026-01-22,84000,20
2025-12-31,299964421,SENSEX2612285400CE,SENSEX,BFO,CE,2026-01-22,85400,20
2025-12-31,300064517,SENSEX2612285400PE,SENSEX,BFO,PE,2026-01-22,85400,20
2025-12-31,300027653,SENSEX2612285500CE,SENSEX,BFO,CE,2026-01-22,85500,20
2025-12-31,210003717,SENSEX2612293100CE,SENSEX,BFO,CE,2026-01-22,93100,20
2025-12-31,210157829,SENSEX2612293100PE,SENSEX,BFO,PE,2026-01-22,93100,20
2025-12-31,210195205,SENSEX2612293000PE,SENSEX,BFO,PE,2026-01-22,93000,20
2025-12-31,210210565,SENSEX2612293000CE,SENSEX,BFO,CE,2026-01-22,93000,20
2025-12-31,210155781,SENSEX2612292900PE,SENSEX,BFO,PE,2026-01-22,92900,20
2025-12-31,210170885,SENSEX2612292900CE,SENSEX,BFO,CE,2026-01-22,92900,20
2025-12-31,299975173,SENSEX2612292800PE,SENSEX,BFO,PE,2026-01-22,92800,20
2025-12-31,300072453,SENSEX2612292800CE,SENSEX,BFO,CE,2026-01-22,92800,20
2025-12-31,299913733,SENSEX2612292700PE,SENSEX,BFO,PE,2026-01-22,92700,20
2025-12-31,300008197,SENSEX2612292700CE,SENSEX,BFO,CE,2026-01-22,92700,20
2025-12-31,299936261,SENSEX2612292600PE,SENSEX,BFO,PE,2026-01-22,92600,20
2025-12-31,300034309,SENSEX2612292600CE,SENSEX,BFO,CE,2026-01-22,92600,20
2025-12-31,299969541,SENSEX2612292500CE,SENSEX,BFO,CE,2026-01-22,92500,20
2025-12-31,300068613,SENSEX2612292500PE,SENSEX,BFO,PE,2026-01-22,92500,20
2025-12-31,299899397,SENSEX2612292400PE,SENSEX,BFO,PE,2026-01-22,92400,20
2025-12-31,299990533,SENSEX2612292400CE,SENSEX,BFO,CE,2026-01-22,92400,20
2025-12-31,299931909,SENSEX2612292300CE,SENSEX,BFO,CE,2026-01-22,92300,20
2025-12-31,300029701,SENSEX2612292300PE,SENSEX,BFO,PE,2026-01-22,92300,20
2025-12-31,300055045,SENSEX2612292200PE,SENSEX,BFO,PE,2026-01-22,92200,20
2025-12-31,300062469,SENSEX2612292200CE,SENSEX,BFO,CE,2026-01-22,92200,20
2025-12-31,299985669,SENSEX2612292100PE,SENSEX,BFO,PE,2026-01-22,92100,20
2025-12-31,300087557,SENSEX2612292100CE,SENSEX,BFO,CE,2026-01-22,92100,20
2025-12-31,299928325,SENSEX2612292000PE,SENSEX,BFO,PE,2026-01-22,92000,20
2025-12-31,300021765,SENSEX2612292000CE,SENSEX,BFO,CE,2026-01-22,92000,20
2025-12-31,299902213,SENSEX2612291900PE,SENSEX,BFO,PE,2026-01-22,91900,20
2025-12-31,299995141,SENSEX2612291900CE,SENSEX,BFO,CE,2026-01-22,91900,20
2025-12-31,299927045,SENSEX2612291800PE,SENSEX,BFO,PE,2026-01-22,91800,20
2025-12-31,300019973,SENSEX2612291800CE,SENSEX,BFO,CE,2026-01-22,91800,20
2025-12-31,299956485,SENSEX2612291700CE,SENSEX,BFO,CE,2026-01-22,91700,20
2025-12-31,300057861,SENSEX2612291700PE,SENSEX,BFO,PE,2026-01-22,91700,20
2025-12-31,299980037,SENSEX2612291600CE,SENSEX,BFO,CE,2026-01-22,91600,20
2025-12-31,300081925,SENSEX2612291600PE,SENSEX,BFO,PE,2026-01-22,91600,20
2025-12-31,299918085,SENSEX2612291500CE,SENSEX,BFO,CE,2026-01-22,91500,20
2025-12-31,300014597,SENSEX2612291500PE,SENSEX,BFO,PE,2026-01-22,91500,20
2025-12-31,300043013,SENSEX2612291400PE,SENSEX,BFO,PE,2026-01-22,91400,20
2025-12-31,300050437,SENSEX2612291400CE,SENSEX,BFO,CE,2026-01-22,91400,20
2025-12-31,299975685,SENSEX2612291300PE,SENSEX,BFO,PE,2026-01-22,91300,20
2025-12-31,300073221,SENSEX2612291300CE,SENSEX,BFO,CE,2026-01-22,91300,20
2025-12-31,299913989,SENSEX2612291200PE,SENSEX,BFO,PE,2026-01-22,91200,20
2025-12-31,300008709,SENSEX2612291200CE,SENSEX,BFO,CE,2026-01-22,91200,20
2025-12-31,299936773,SENSEX2612291100PE,SENSEX,BFO,PE,2026-01-22,91100,20
2025-12-31,300034821,SENSEX2612291100CE,SENSEX,BFO,CE,2026-01-22,91100,20
2025-12-31,299970053,SENSEX2612291000CE,SENSEX,BFO,CE,2026-01-22,91000,20
2025-12-31,300069125,SENSEX2612291000PE,SENSEX,BFO,PE,2026-01-22,91000,20
2025-12-31,299944965,SENSEX2612290900CE,SENSEX,BFO,CE,2026-01-22,90900,20
2025-12-31,300046341,SENSEX2612290900PE,SENSEX,BFO,PE,2026-01-22,90900,20
2025-12-31,299968261,SENSEX2612290800CE,SENSEX,BFO,CE,2026-01-22,90800,20
2025-12-31,300067589,SENSEX2612290800PE,SENSEX,BFO,PE,2026-01-22,90800,20
2025-12-31,299906309,SENSEX2612290700CE,SENSEX,BFO,CE,2026-01-22,90700,20
2025-12-31,300002821,SENSEX2612290700PE,SENSEX,BFO,PE,2026-01-22,90700,20
2025-12-31,300027909,SENSEX2612290600PE,SENSEX,BFO,PE,2026-01-22,90600,20
2025-12-31,300039429,SENSEX2612290600CE,SENSEX,BFO,CE,2026-01-22,90600,20
2025-12-31,299964677,SENSEX2612290500PE,SENSEX,BFO,PE,2026-01-22,90500,20
2025-12-31,300060933,SENSEX2612290500CE,SENSEX,BFO,CE,2026-01-22,90500,20
2025-12-31,299903749,SENSEX2612290400PE,SENSEX,BFO,PE,2026-01-22,90400,20
2025-12-31,299995653,SENSEX2612290400CE,SENSEX,BFO,CE,2026-01-22,90400,20
2025-12-31,299927557,SENSEX2612290300PE,SENSEX,BFO,PE,2026-01-22,90300,20
2025-12-31,300020229,SENSEX2612290300CE,SENSEX,BFO,CE,2026-01-22,90300,20
2025-12-31,299957765,SENSEX2612290200CE,SENSEX,BFO,CE,2026-01-22,90200,20
2025-12-31,300058373,SENSEX2612290200PE,SENSEX,BFO,PE,2026-01-22,90200,20
2025-12-31,300082949,SENSEX2612290100PE,SENSEX,BFO,PE,2026-01-22,90100,20
2025-12-31,300091909,SENSEX2612290100CE,SENSEX,BFO,CE,2026-01-22,90100,20
2025-12-31,299918341,SENSEX2612290000CE,SENSEX,BFO,CE,2026-01-22,90000,20
2025-12-31,300015109,SENSEX2612290000PE,SENSEX,BFO,PE,2026-01-22,90000,20
2025-12-31,299916293,SENSEX2612289900PE,SENSEX,BFO,PE,2026-01-22,89900,20
2025-12-31,300011269,SENSEX2612289900CE,SENSEX,BFO,CE,2026-01-22,89900,20
2025-12-31,299940357,SENSEX2612289800PE,SENSEX,BFO,PE,2026-01-22,89800,20
2025-12-31,299948037,SENSEX2612289800CE,SENSEX,BFO,CE,2026-01-22,89800,20
2025-12-31,299972357,SENSEX2612289700CE,SENSEX,BFO,CE,2026-01-22,89700,20
2025-12-31,300071429,SENSEX2612289700PE,SENSEX,BFO,PE,2026-01-22,89700,20
2025-12-31,299909893,SENSEX2612289600CE,SENSEX,BFO,CE,2026-01-22,89600,20
2025-12-31,300006917,SENSEX2612289600PE,SENSEX,BFO,PE,2026-01-22,89600,20
2025-12-31,299933957,SENSEX2612289500CE,SENSEX,BFO,CE,2026-01-22,89500,20
2025-12-31,300032773,SENSEX2612289500PE,SENSEX,BFO,PE,2026-01-22,89500,20
2025-12-31,299968773,SENSEX2612289400PE,SENSEX,BFO,PE,2026-01-22,89400,20
2025-12-31,300065285,SENSEX2612289400CE,SENSEX,BFO,CE,2026-01-22,89400,20
2025-12-31,299990277,SENSEX2612289300PE,SENSEX,BFO,PE,2026-01-22,89300,20
2025-12-31,299999237,SENSEX2612289300CE,SENSEX,BFO,CE,2026-01-22,89300,20
2025-12-31,299930885,SENSEX2612289200PE,SENSEX,BFO,PE,2026-01-22,89200,20
2025-12-31,300024581,SENSEX2612289200CE,SENSEX,BFO,CE,2026-01-22,89200,20
2025-12-31,299961605,SENSEX2612289100CE,SENSEX,BFO,CE,2026-01-22,89100,20
2025-12-31,300061701,SENSEX2612289100PE,SENSEX,BFO,PE,2026-01-22,89100,20
2025-12-31,299982597,SENSEX2612289000CE,SENSEX,BFO,CE,2026-01-22,89000,20
2025-12-31,300087045,SENSEX2612289000PE,SENSEX,BFO,PE,2026-01-22,89000,20
2025-12-31,299960581,SENSEX2612288900CE,SENSEX,BFO,CE,2026-01-22,88900,20
2025-12-31,300059909,SENSEX2612288900PE,SENSEX,BFO,PE,2026-01-22,88900,20
2025-12-31,299898117,SENSEX2612288800CE,SENSEX,BFO,CE,2026-01-22,88800,20
2025-12-31,299993605,SENSEX2612288800PE,SENSEX,BFO,PE,2026-01-22,88800,20
2025-12-31,299923717,SENSEX2612288700CE,SENSEX,BFO,CE,2026-01-22,88700,20
2025-12-31,300018693,SENSEX2612288700PE,SENSEX,BFO,PE,2026-01-22,88700,20
2025-12-31,299955973,SENSEX2612288600PE,SENSEX,BFO,PE,2026-01-22,88600,20
2025-12-31,300054277,SENSEX2612288600CE,SENSEX,BFO,CE,2026-01-22,88600,20
2025-12-31,299979269,SENSEX2612288500PE,SENSEX,BFO,PE,2026-01-22,88500,20
2025-12-31,299984901,SENSEX2612288500CE,SENSEX,BFO,CE,2026-01-22,88500,20
2025-12-31,299916549,SENSEX2612288400PE,SENSEX,BFO,PE,2026-01-22,88400,20
2025-12-31,300011781,SENSEX2612288400CE,SENSEX,BFO,CE,2026-01-22,88400,20
2025-12-31,299948293,SENSEX2612288300CE,SENSEX,BFO,CE,2026-01-22,88300,20
2025-12-31,300049669,SENSEX2612288300PE,SENSEX,BFO,PE,2026-01-22,88300,20
2025-12-31,299972869,SENSEX2612288200CE,SENSEX,BFO,CE,2026-01-22,88200,20
2025-12-31,300072197,SENSEX2612288200PE,SENSEX,BFO,PE,2026-01-22,88200,20
2025-12-31,299910661,SENSEX2612288100CE,SENSEX,BFO,CE,2026-01-22,88100,20
2025-12-31,300007941,SENSEX2612288100PE,SENSEX,BFO,PE,2026-01-22,88100,20
2025-12-31,300033797,SENSEX2612288000PE,SENSEX,BFO,PE,2026-01-22,88000,20
2025-12-31,300043781,SENSEX2612288000CE,SENSEX,BFO,CE,2026-01-22,88000,20
2025-12-31,299908869,SENSEX2612287900CE,SENSEX,BFO,CE,2026-01-22,87900,20
2025-12-31,300004613,SENSEX2612287900PE,SENSEX,BFO,PE,2026-01-22,87900,20
2025-12-31,299943685,SENSEX2612287800PE,SENSEX,BFO,PE,2026-01-22,87800,20
2025-12-31,300041989,SENSEX2612287800CE,SENSEX,BFO,CE,2026-01-22,87800,20
2025-12-31,299967749,SENSEX2612287700PE,SENSEX,BFO,PE,2026-01-22,87700,20
2025-12-31,299974917,SENSEX2612287700CE,SENSEX,BFO,CE,2026-01-22,87700,20
2025-12-31,299905541,SENSEX2612287600PE,SENSEX,BFO,PE,2026-01-22,87600,20
2025-12-31,299997957,SENSEX2612287600CE,SENSEX,BFO,CE,2026-01-22,87600,20
2025-12-31,299936005,SENSEX2612287500CE,SENSEX,BFO,CE,2026-01-22,87500,20
2025-12-31,300038405,SENSEX2612287500PE,SENSEX,BFO,PE,2026-01-22,87500,20
2025-12-31,299961093,SENSEX2612287400CE,SENSEX,BFO,CE,2026-01-22,87400,20
2025-12-31,300060421,SENSEX2612287400PE,SENSEX,BFO,PE,2026-01-22,87400,20
2025-12-31,299899141,SENSEX2612287300CE,SENSEX,BFO,CE,2026-01-22,87300,20
2025-12-31,299994117,SENSEX2612287300PE,SENSEX,BFO,PE,2026-01-22,87300,20
2025-12-31,300019717,SENSEX2612287200PE,SENSEX,BFO,PE,2026-01-22,87200,20
2025-12-31,300029189,SENSEX2612287200CE,SENSEX,BFO,CE,2026-01-22,87200,20
2025-12-31,299956229,SENSEX2612287100PE,SENSEX,BFO,PE,2026-01-22,87100,20
2025-12-31,300054789,SENSEX2612287100CE,SENSEX,BFO,CE,2026-01-22,87100,20
2025-12-31,299985157,SENSEX2612287000CE,SENSEX,BFO,CE,2026-01-22,87000,20
2025-12-31,300089605,SENSEX2612287000PE,SENSEX,BFO,PE,2026-01-22,87000,20
2025-12-31,299955205,SENSEX2612286900PE,SENSEX,BFO,PE,2026-01-22,86900,20
2025-12-31,299963653,SENSEX2612286900CE,SENSEX,BFO,CE,2026-01-22,86900,20
2025-12-31,299984133,SENSEX2612286800CE,SENSEX,BFO,CE,2026-01-22,86800,20
2025-12-31,300088069,SENSEX2612286800PE,SENSEX,BFO,PE,2026-01-22,86800,20
2025-12-31,299926533,SENSEX2612286700CE,SENSEX,BFO,CE,2026-01-22,86700,20
2025-12-31,300023557,SENSEX2612286700PE,SENSEX,BFO,PE,2026-01-22,86700,20
2025-12-31,299947269,SENSEX2612286600CE,SENSEX,BFO,CE,2026-01-22,86600,20
2025-12-31,300048133,SENSEX2612286600PE,SENSEX,BFO,PE,2026-01-22,86600,20
2025-12-31,299981829,SENSEX2612286500PE,SENSEX,BFO,PE,2026-01-22,86500,20
2025-12-31,300081669,SENSEX2612286500CE,SENSEX,BFO,CE,2026-01-22,86500,20
2025-12-31,300005125,SENSEX2612286400PE,SENSEX,BFO,PE,2026-01-22,86400,20
2025-12-31,300014341,SENSEX2612286400CE,SENSEX,BFO,CE,2026-01-22,86400,20
2025-12-31,299944709,SENSEX2612286300PE,SENSEX,BFO,PE,2026-01-22,86300,20
2025-12-31,300042757,SENSEX2612286300CE,SENSEX,BFO,CE,2026-01-22,86300,20
2025-12-31,299975429,SENSEX2612286200CE,SENSEX,BFO,CE,2026-01-22,86200,20
2025-12-31,300078853,SENSEX2612286200PE,SENSEX,BFO,PE,2026-01-22,86200,20
2025-12-31,299905797,SENSEX2612286100PE,SENSEX,BFO,PE,2026-01-22,86100,20
2025-12-31,299998213,SENSEX2612286100CE,SENSEX,BFO,CE,2026-01-22,86100,20
2025-12-31,299936517,SENSEX2612286000CE,SENSEX,BFO,CE,2026-01-22,86000,20
2025-12-31,300038917,SENSEX2612286000PE,SENSEX,BFO,PE,2026-01-22,86000,20
2025-12-31,299912453,SENSEX2612285900CE,SENSEX,BFO,CE,2026-01-22,85900,20
2025-12-31,300010245,SENSEX2612285900PE,SENSEX,BFO,PE,2026-01-22,85900,20
2025-12-31,299935493,SENSEX2612285800CE,SENSEX,BFO,CE,2026-01-22,85800,20
2025-12-31,300036357,SENSEX2612285800PE,SENSEX,BFO,PE,2026-01-22,85800,20
2025-12-31,299971333,SENSEX2612285700PE,SENSEX,BFO,PE,2026-01-22,85700,20
2025-12-31,300067077,SENSEX2612285700CE,SENSEX,BFO,CE,2026-01-22,85700,20
2025-12-31,299992325,SENSEX2612285600PE,SENSEX,BFO,PE,2026-01-22,85600,20
2025-12-31,300002309,SENSEX2612285600CE,SENSEX,BFO,CE,2026-01-22,85600,20
2025-12-31,299932933,SENSEX2612285500PE,SENSEX,BFO,PE,2026-01-22,85500,20
2025-12-31,299907845,SENSEX2612283900PE,SENSEX,BFO,PE,2026-01-22,83900,20
2025-12-31,300000773,SENSEX2612283900CE,SENSEX,BFO,CE,2026-01-22,83900,20
2025-12-31,299939589,SENSEX2612283800CE,SENSEX,BFO,CE,2026-01-22,83800,20
2025-12-31,300041477,SENSEX2612283800PE,SENSEX,BFO,PE,2026-01-22,83800,20
2025-12-31,299962117,SENSEX2612283700CE,SENSEX,BFO,CE,2026-01-22,83700,20
2025-12-31,300063493,SENSEX2612283700PE,SENSEX,BFO,PE,2026-01-22,83700,20
2025-12-31,299901445,SENSEX2612283600CE,SENSEX,BFO,CE,2026-01-22,83600,20
2025-12-31,299997445,SENSEX2612283600PE,SENSEX,BFO,PE,2026-01-22,83600,20
2025-12-31,300022789,SENSEX2612283500PE,SENSEX,BFO,PE,2026-01-22,83500,20
2025-12-31,300032517,SENSEX2612283500CE,SENSEX,BFO,CE,2026-01-22,83500,20
2025-12-31,299960069,SENSEX2612283400PE,SENSEX,BFO,PE,2026-01-22,83400,20
2025-12-31,300057349,SENSEX2612283400CE,SENSEX,BFO,CE,2026-01-22,83400,20
2025-12-31,299897605,SENSEX2612283300PE,SENSEX,BFO,PE,2026-01-22,83300,20
2025-12-31,299989509,SENSEX2612283300CE,SENSEX,BFO,CE,2026-01-22,83300,20
2025-12-31,299923461,SENSEX2612283200PE,SENSEX,BFO,PE,2026-01-22,83200,20
2025-12-31,300013829,SENSEX2612283200CE,SENSEX,BFO,CE,2026-01-22,83200,20
2025-12-31,299952901,SENSEX2612283100CE,SENSEX,BFO,CE,2026-01-22,83100,20
2025-12-31,300054021,SENSEX2612283100PE,SENSEX,BFO,PE,2026-01-22,83100,20
2025-12-31,299973893,SENSEX2612283000CE,SENSEX,BFO,CE,2026-01-22,83000,20
2025-12-31,300076037,SENSEX2612283000PE,SENSEX,BFO,PE,2026-01-22,83000,20
2025-12-31,299950085,SENSEX2612282900CE,SENSEX,BFO,CE,2026-01-22,82900,20
2025-12-31,300051717,SENSEX2612282900PE,SENSEX,BFO,PE,2026-01-22,82900,20
2025-12-31,299983621,SENSEX2612282800PE,SENSEX,BFO,PE,2026-01-22,82800,20
2025-12-31,300084741,SENSEX2612282800CE,SENSEX,BFO,CE,2026-01-22,82800,20
2025-12-31,300009477,SENSEX2612282700PE,SENSEX,BFO,PE,2026-01-22,82700,20
2025-12-31,300018437,SENSEX2612282700CE,SENSEX,BFO,CE,2026-01-22,82700,20
2025-12-31,299946245,SENSEX2612282600PE,SENSEX,BFO,PE,2026-01-22,82600,20
2025-12-31,300045317,SENSEX2612282600CE,SENSEX,BFO,CE,2026-01-22,82600,20
2025-12-31,299978757,SENSEX2612282500CE,SENSEX,BFO,CE,2026-01-22,82500,20
2025-12-31,300080901,SENSEX2612282500PE,SENSEX,BFO,PE,2026-01-22,82500,20
2025-12-31,299908101,SENSEX2612282400PE,SENSEX,BFO,PE,2026-01-22,82400,20
2025-12-31,300001285,SENSEX2612282400CE,SENSEX,BFO,CE,2026-01-22,82400,20
2025-12-31,299940613,SENSEX2612282300CE,SENSEX,BFO,CE,2026-01-22,82300,20
2025-12-31,300041733,SENSEX2612282300PE,SENSEX,BFO,PE,2026-01-22,82300,20
2025-12-31,299962629,SENSEX2612282200CE,SENSEX,BFO,CE,2026-01-22,82200,20
2025-12-31,300063749,SENSEX2612282200PE,SENSEX,BFO,PE,2026-01-22,82200,20
2025-12-31,299901701,SENSEX2612282100CE,SENSEX,BFO,CE,2026-01-22,82100,20
2025-12-31,299997701,SENSEX2612282100PE,SENSEX,BFO,PE,2026-01-22,82100,20
2025-12-31,300023045,SENSEX2612282000PE,SENSEX,BFO,PE,2026-01-22,82000,20
2025-12-31,300033541,SENSEX2612282000CE,SENSEX,BFO,CE,2026-01-22,82000,20
2025-12-31,299995909,SENSEX2612281900PE,SENSEX,BFO,PE,2026-01-22,81900,20
2025-12-31,300004357,SENSEX2612281900CE,SENSEX,BFO,CE,2026-01-22,81900,20
2025-12-31,299934981,SENSEX2612281800PE,SENSEX,BFO,PE,2026-01-22,81800,20
2025-12-31,300030469,SENSEX2612281800CE,SENSEX,BFO,CE,2026-01-22,81800,20
2025-12-31,299967237,SENSEX2612281700CE,SENSEX,BFO,CE,2026-01-22,81700,20
2025-12-31,300066565,SENSEX2612281700PE,SENSEX,BFO,PE,2026-01-22,81700,20
2025-12-31,299896837,SENSEX2612281600PE,SENSEX,BFO,PE,2026-01-22,81600,20
2025-12-31,299987461,SENSEX2612281600CE,SENSEX,BFO,CE,2026-01-22,81600,20
2025-12-31,299930373,SENSEX2612281500CE,SENSEX,BFO,CE,2026-01-22,81500,20
2025-12-31,300026885,SENSEX2612281500PE,SENSEX,BFO,PE,2026-01-22,81500,20
2025-12-31,299950853,SENSEX2612281400CE,SENSEX,BFO,CE,2026-01-22,81400,20
2025-12-31,300052229,SENSEX2612281400PE,SENSEX,BFO,PE,2026-01-22,81400,20
2025-12-31,299983877,SENSEX2612281300PE,SENSEX,BFO,PE,2026-01-22,81300,20
2025-12-31,300085509,SENSEX2612281300CE,SENSEX,BFO,CE,2026-01-22,81300,20
2025-12-31,300009733,SENSEX2612281200PE,SENSEX,BFO,PE,2026-01-22,81200,20
2025-12-31,300018949,SENSEX2612281200CE,SENSEX,BFO,CE,2026-01-22,81200,20
2025-12-31,299947013,SENSEX2612281100PE,SENSEX,BFO,PE,2026-01-22,81100,20
2025-12-31,300045573,SENSEX2612281100CE,SENSEX,BFO,CE,2026-01-22,81100,20
2025-12-31,299979781,SENSEX2612281000CE,SENSEX,BFO,CE,2026-01-22,81000,20
2025-12-31,300081157,SENSEX2612281000PE,SENSEX,BFO,PE,2026-01-22,81000,20
2025-12-31,299954949,SENSEX2612280900CE,SENSEX,BFO,CE,2026-01-22,80900,20
2025-12-31,300056069,SENSEX2612280900PE,SENSEX,BFO,PE,2026-01-22,80900,20
2025-12-31,299977989,SENSEX2612280800CE,SENSEX,BFO,CE,2026-01-22,80800,20
2025-12-31,300080389,SENSEX2612280800PE,SENSEX,BFO,PE,2026-01-22,80800,20
2025-12-31,299915525,SENSEX2612280700CE,SENSEX,BFO,CE,2026-01-22,80700,20
2025-12-31,300013061,SENSEX2612280700PE,SENSEX,BFO,PE,2026-01-22,80700,20
2025-12-31,299938565,SENSEX2612280600CE,SENSEX,BFO,CE,2026-01-22,80600,20
2025-12-31,300040197,SENSEX2612280600PE,SENSEX,BFO,PE,2026-01-22,80600,20
2025-12-31,299973381,SENSEX2612280500PE,SENSEX,BFO,PE,2026-01-22,80500,20
2025-12-31,300071173,SENSEX2612280500CE,SENSEX,BFO,CE,2026-01-22,80500,20
2025-12-31,299996165,SENSEX2612280400PE,SENSEX,BFO,PE,2026-01-22,80400,20
2025-12-31,300004869,SENSEX2612280400CE,SENSEX,BFO,CE,2026-01-22,80400,20
2025-12-31,299935237,SENSEX2612280300PE,SENSEX,BFO,PE,2026-01-22,80300,20
2025-12-31,300031493,SENSEX2612280300CE,SENSEX,BFO,CE,2026-01-22,80300,20
2025-12-31,299968005,SENSEX2612280200CE,SENSEX,BFO,CE,2026-01-22,80200,20
2025-12-31,300066821,SENSEX2612280200PE,SENSEX,BFO,PE,2026-01-22,80200,20
2025-12-31,299897093,SENSEX2612280100PE,SENSEX,BFO,PE,2026-01-22,80100,20
2025-12-31,299988229,SENSEX2612280100CE,SENSEX,BFO,CE,2026-01-22,80100,20
2025-12-31,299930629,SENSEX2612280000CE,SENSEX,BFO,CE,2026-01-22,80000,20
2025-12-31,300027141,SENSEX2612280000PE,SENSEX,BFO,PE,2026-01-22,80000,20
2025-12-31,299928837,SENSEX2612279900PE,SENSEX,BFO,PE,2026-01-22,79900,20
2025-12-31,300022277,SENSEX2612279900CE,SENSEX,BFO,CE,2026-01-22,79900,20
2025-12-31,299949317,SENSEX2612279800PE,SENSEX,BFO,PE,2026-01-22,79800,20
2025-12-31,300047109,SENSEX2612279800CE,SENSEX,BFO,CE,2026-01-22,79800,20
2025-12-31,299980549,SENSEX2612279700CE,SENSEX,BFO,CE,2026-01-22,79700,20
2025-12-31,300083717,SENSEX2612279700PE,SENSEX,BFO,PE,2026-01-22,79700,20
2025-12-31,299911941,SENSEX2612279600PE,SENSEX,BFO,PE,2026-01-22,79600,20
2025-12-31,299921669,SENSEX2612279600CE,SENSEX,BFO,CE,2026-01-22,79600,20
2025-12-31,299942661,SENSEX2612279500CE,SENSEX,BFO,CE,2026-01-22,79500,20
2025-12-31,300044549,SENSEX2612279500PE,SENSEX,BFO,PE,2026-01-22,79500,20
2025-12-31,299978245,SENSEX2612279400PE,SENSEX,BFO,PE,2026-01-22,79400,20
2025-12-31,300075013,SENSEX2612279400CE,SENSEX,BFO,CE,2026-01-22,79400,20
2025-12-31,299905029,SENSEX2612279300CE,SENSEX,BFO,CE,2026-01-22,79300,20
2025-12-31,300000261,SENSEX2612279300PE,SENSEX,BFO,PE,2026-01-22,79300,20
2025-12-31,299938821,SENSEX2612279200PE,SENSEX,BFO,PE,2026-01-22,79200,20
2025-12-31,300037125,SENSEX2612279200CE,SENSEX,BFO,CE,2026-01-22,79200,20
2025-12-31,299961861,SENSEX2612279100PE,SENSEX,BFO,PE,2026-01-22,79100,20
2025-12-31,299971845,SENSEX2612279100CE,SENSEX,BFO,CE,2026-01-22,79100,20
2025-12-31,299900933,SENSEX2612279000PE,SENSEX,BFO,PE,2026-01-22,79000,20
2025-12-31,299992581,SENSEX2612279000CE,SENSEX,BFO,CE,2026-01-22,79000,20
2025-12-31,299970309,SENSEX2612278900CE,SENSEX,BFO,CE,2026-01-22,78900,20
2025-12-31,300069637,SENSEX2612278900PE,SENSEX,BFO,PE,2026-01-22,78900,20
2025-12-31,299899653,SENSEX2612278800PE,SENSEX,BFO,PE,2026-01-22,78800,20
2025-12-31,299907333,SENSEX2612278800CE,SENSEX,BFO,CE,2026-01-22,78800,20
2025-12-31,299932165,SENSEX2612278700CE,SENSEX,BFO,CE,2026-01-22,78700,20
2025-12-31,300029957,SENSEX2612278700PE,SENSEX,BFO,PE,2026-01-22,78700,20
2025-12-31,299966725,SENSEX2612278600PE,SENSEX,BFO,PE,2026-01-22,78600,20
2025-12-31,300063237,SENSEX2612278600CE,SENSEX,BFO,CE,2026-01-22,78600,20
2025-12-31,299986693,SENSEX2612278500PE,SENSEX,BFO,PE,2026-01-22,78500,20
2025-12-31,300087813,SENSEX2612278500CE,SENSEX,BFO,CE,2026-01-22,78500,20
2025-12-31,299929349,SENSEX2612278400PE,SENSEX,BFO,PE,2026-01-22,78400,20
2025-12-31,300022533,SENSEX2612278400CE,SENSEX,BFO,CE,2026-01-22,78400,20
2025-12-31,299949829,SENSEX2612278300PE,SENSEX,BFO,PE,2026-01-22,78300,20
2025-12-31,299959813,SENSEX2612278300CE,SENSEX,BFO,CE,2026-01-22,78300,20
2025-12-31,299981317,SENSEX2612278200CE,SENSEX,BFO,CE,2026-01-22,78200,20
2025-12-31,300084485,SENSEX2612278200PE,SENSEX,BFO,PE,2026-01-22,78200,20
2025-12-31,299922437,SENSEX2612278100CE,SENSEX,BFO,CE,2026-01-22,78100,20
2025-12-31,300016901,SENSEX2612278100PE,SENSEX,BFO,PE,2026-01-22,78100,20
2025-12-31,299942917,SENSEX2612278000CE,SENSEX,BFO,CE,2026-01-22,78000,20
2025-12-31,300044805,SENSEX2612278000PE,SENSEX,BFO,PE,2026-01-22,78000,20
2025-12-31,299919621,SENSEX2612277900CE,SENSEX,BFO,CE,2026-01-22,77900,20
2025-12-31,300015365,SENSEX2612277900PE,SENSEX,BFO,PE,2026-01-22,77900,20
2025-12-31,299954181,SENSEX2612277800PE,SENSEX,BFO,PE,2026-01-22,77800,20
2025-12-31,300051461,SENSEX2612277800CE,SENSEX,BFO,CE,2026-01-22,77800,20
2025-12-31,210054661,SENSEX2612277700PE,SENSEX,BFO,PE,2026-01-22,77700,20
2025-12-31,210209797,SENSEX2612277700CE,SENSEX,BFO,CE,2026-01-22,77700,20
2025-12-31,209954821,SENSEX2612277600PE,SENSEX,BFO,PE,2026-01-22,77600,20
2025-12-31,210103813,SENSEX2612277600CE,SENSEX,BFO,CE,2026-01-22,77600,20
2025-12-31,209996293,SENSEX2612277500PE,SENSEX,BFO,PE,2026-01-22,77500,20
2025-12-31,210010629,SENSEX2612277500CE,SENSEX,BFO,CE,2026-01-22,77500,20
2025-12-31,210044421,SENSEX2612277400CE,SENSEX,BFO,CE,2026-01-22,77400,20
2025-12-31,210202885,SENSEX2612277400PE,SENSEX,BFO,PE,2026-01-22,77400,20
2025-12-31,209941509,SENSEX2612277300CE,SENSEX,BFO,CE,2026-01-22,77300,20
2025-12-31,210097925,SENSEX2612277300PE,SENSEX,BFO,PE,2026-01-22,77300,20
2025-12-31,209983493,SENSEX2612277200CE,SENSEX,BFO,CE,2026-01-22,77200,20
2025-12-31,210141701,SENSEX2612277200PE,SENSEX,BFO,PE,2026-01-22,77200,20
2025-12-31,210040325,SENSEX2612277100PE,SENSEX,BFO,PE,2026-01-22,77100,20
2025-12-31,210190341,SENSEX2612277100CE,SENSEX,BFO,CE,2026-01-22,77100,20
2025-12-31,210077445,SENSEX2612277000PE,SENSEX,BFO,PE,2026-01-22,77000,20
2025-12-31,210090501,SENSEX2612277000CE,SENSEX,BFO,CE,2026-01-22,77000,20
2025-12-31,210036741,SENSEX2612276900PE,SENSEX,BFO,PE,2026-01-22,76900,20
2025-12-31,210187781,SENSEX2612276900CE,SENSEX,BFO,CE,2026-01-22,76900,20
2025-12-31,293618949,SENSEX26JAN84700CE,SENSEX,BFO,CE,2026-01-29,84700,20
2025-12-31,294364165,SENSEX26JAN84700PE,SENSEX,BFO,PE,2026-01-29,84700,20
2025-12-31,293258245,SENSEX26JAN84600PE,SENSEX,BFO,PE,2026-01-29,84600,20
2025-12-31,294494725,SENSEX26JAN84600CE,SENSEX,BFO,CE,2026-01-29,84600,20
2025-12-31,292717829,SENSEX26JAN84800CE,SENSEX,BFO,CE,2026-01-29,84800,20
2025-12-31,293493765,SENSEX26JAN84800PE,SENSEX,BFO,PE,2026-01-29,84800,20
2025-12-31,293394693,SENSEX26JAN84500CE,SENSEX,BFO,CE,2026-01-29,84500,20
2025-12-31,294110981,SENSEX26JAN84500PE,SENSEX,BFO,PE,2026-01-29,84500,20
2025-12-31,293796357,SENSEX26JAN84900CE,SENSEX,BFO,CE,2026-01-29,84900,20
2025-12-31,294613765,SENSEX26JAN84900PE,SENSEX,BFO,PE,2026-01-29,84900,20
2025-12-31,291232261,SENSEX26JAN84400PE,SENSEX,BFO,PE,2026-01-29,84400,20
2025-12-31,294247685,SENSEX26JAN84400CE,SENSEX,BFO,CE,2026-01-29,84400,20
2025-12-31,292361733,SENSEX26JAN85000CE,SENSEX,BFO,CE,2026-01-29,85000,20
2025-12-31,293076485,SENSEX26JAN85000PE,SENSEX,BFO,PE,2026-01-29,85000,20
2025-12-31,293134085,SENSEX26JAN84300CE,SENSEX,BFO,CE,2026-01-29,84300,20
2025-12-31,293862917,SENSEX26JAN84300PE,SENSEX,BFO,PE,2026-01-29,84300,20
2025-12-31,291247621,SENSEX26JAN85100CE,SENSEX,BFO,CE,2026-01-29,85100,20
2025-12-31,292216581,SENSEX26JAN85100PE,SENSEX,BFO,PE,2026-01-29,85100,20
2025-12-31,293983237,SENSEX26JAN84200CE,SENSEX,BFO,CE,2026-01-29,84200,20
2025-12-31,294810885,SENSEX26JAN84200PE,SENSEX,BFO,PE,2026-01-29,84200,20
2025-12-31,292598021,SENSEX26JAN85200CE,SENSEX,BFO,CE,2026-01-29,85200,20
2025-12-31,293335301,SENSEX26JAN85200PE,SENSEX,BFO,PE,2026-01-29,85200,20
2025-12-31,291107589,SENSEX26JAN84100CE,SENSEX,BFO,CE,2026-01-29,84100,20
2025-12-31,293688581,SENSEX26JAN84100PE,SENSEX,BFO,PE,2026-01-29,84100,20
2025-12-31,291467269,SENSEX26JAN85300CE,SENSEX,BFO,CE,2026-01-29,85300,20
2025-12-31,292497413,SENSEX26JAN85300PE,SENSEX,BFO,PE,2026-01-29,85300,20
2025-12-31,293775621,SENSEX26JAN84000CE,SENSEX,BFO,CE,2026-01-29,84000,20
2025-12-31,294577157,SENSEX26JAN84000PE,SENSEX,BFO,PE,2026-01-29,84000,20
2025-12-31,291344389,SENSEX26JAN85400PE,SENSEX,BFO,PE,2026-01-29,85400,20
2025-12-31,292787461,SENSEX26JAN85400CE,SENSEX,BFO,CE,2026-01-29,85400,20
2025-12-31,292675845,SENSEX26JAN85500PE,SENSEX,BFO,PE,2026-01-29,85500,20
2025-12-31,297710341,SENSEX26JAN93200CE,SENSEX,BFO,CE,2026-01-29,93200,20
2025-12-31,298126853,SENSEX26JAN93200PE,SENSEX,BFO,PE,2026-01-29,93200,20
2025-12-31,296988165,SENSEX26JAN93100CE,SENSEX,BFO,CE,2026-01-29,93100,20
2025-12-31,297018117,SENSEX26JAN93100PE,SENSEX,BFO,PE,2026-01-29,93100,20
2025-12-31,296944389,SENSEX26JAN93000CE,SENSEX,BFO,CE,2026-01-29,93000,20
2025-12-31,296975365,SENSEX26JAN93000PE,SENSEX,BFO,PE,2026-01-29,93000,20
2025-12-31,297003013,SENSEX26JAN92900CE,SENSEX,BFO,CE,2026-01-29,92900,20
2025-12-31,297032709,SENSEX26JAN92900PE,SENSEX,BFO,PE,2026-01-29,92900,20
2025-12-31,297036805,SENSEX26JAN92800CE,SENSEX,BFO,CE,2026-01-29,92800,20
2025-12-31,297067781,SENSEX26JAN92800PE,SENSEX,BFO,PE,2026-01-29,92800,20
2025-12-31,296856069,SENSEX26JAN92700CE,SENSEX,BFO,CE,2026-01-29,92700,20
2025-12-31,296903685,SENSEX26JAN92700PE,SENSEX,BFO,PE,2026-01-29,92700,20
2025-12-31,296906245,SENSEX26JAN92600CE,SENSEX,BFO,CE,2026-01-29,92600,20
2025-12-31,296921349,SENSEX26JAN92600PE,SENSEX,BFO,PE,2026-01-29,92600,20
2025-12-31,296747269,SENSEX26JAN92500PE,SENSEX,BFO,PE,2026-01-29,92500,20
2025-12-31,296802309,SENSEX26JAN92500CE,SENSEX,BFO,CE,2026-01-29,92500,20
2025-12-31,296780549,SENSEX26JAN92400CE,SENSEX,BFO,CE,2026-01-29,92400,20
2025-12-31,296795909,SENSEX26JAN92400PE,SENSEX,BFO,PE,2026-01-29,92400,20
2025-12-31,296739077,SENSEX26JAN92300PE,SENSEX,BFO,PE,2026-01-29,92300,20
2025-12-31,296798213,SENSEX26JAN92300CE,SENSEX,BFO,CE,2026-01-29,92300,20
2025-12-31,296775429,SENSEX26JAN92200CE,SENSEX,BFO,CE,2026-01-29,92200,20
2025-12-31,296791045,SENSEX26JAN92200PE,SENSEX,BFO,PE,2026-01-29,92200,20
2025-12-31,296600581,SENSEX26JAN92100PE,SENSEX,BFO,PE,2026-01-29,92100,20
2025-12-31,296686597,SENSEX26JAN92100CE,SENSEX,BFO,CE,2026-01-29,92100,20
2025-12-31,296303621,SENSEX26JAN92000CE,SENSEX,BFO,CE,2026-01-29,92000,20
2025-12-31,296373509,SENSEX26JAN92000PE,SENSEX,BFO,PE,2026-01-29,92000,20
2025-12-31,291609093,SENSEX26JAN91900PE,SENSEX,BFO,PE,2026-01-29,91900,20
2025-12-31,293050373,SENSEX26JAN91900CE,SENSEX,BFO,CE,2026-01-29,91900,20
2025-12-31,291756549,SENSEX26JAN91800CE,SENSEX,BFO,CE,2026-01-29,91800,20
2025-12-31,292727045,SENSEX26JAN91800PE,SENSEX,BFO,PE,2026-01-29,91800,20
2025-12-31,292833029,SENSEX26JAN91700CE,SENSEX,BFO,CE,2026-01-29,91700,20
2025-12-31,293623045,SENSEX26JAN91700PE,SENSEX,BFO,PE,2026-01-29,91700,20
2025-12-31,291509509,SENSEX26JAN91600CE,SENSEX,BFO,CE,2026-01-29,91600,20
2025-12-31,292548869,SENSEX26JAN91600PE,SENSEX,BFO,PE,2026-01-29,91600,20
2025-12-31,292638213,SENSEX26JAN91500CE,SENSEX,BFO,CE,2026-01-29,91500,20
2025-12-31,293401093,SENSEX26JAN91500PE,SENSEX,BFO,PE,2026-01-29,91500,20
2025-12-31,292283141,SENSEX26JAN91400PE,SENSEX,BFO,PE,2026-01-29,91400,20
2025-12-31,293517317,SENSEX26JAN91400CE,SENSEX,BFO,CE,2026-01-29,91400,20
2025-12-31,292425733,SENSEX26JAN91300CE,SENSEX,BFO,CE,2026-01-29,91300,20
2025-12-31,293140485,SENSEX26JAN91300PE,SENSEX,BFO,PE,2026-01-29,91300,20
2025-12-31,291867397,SENSEX26JAN91200PE,SENSEX,BFO,PE,2026-01-29,91200,20
2025-12-31,293284613,SENSEX26JAN91200CE,SENSEX,BFO,CE,2026-01-29,91200,20
2025-12-31,292122117,SENSEX26JAN91100CE,SENSEX,BFO,CE,2026-01-29,91100,20
2025-12-31,292896517,SENSEX26JAN91100PE,SENSEX,BFO,PE,2026-01-29,91100,20
2025-12-31,293013765,SENSEX26JAN91000CE,SENSEX,BFO,CE,2026-01-29,91000,20
2025-12-31,293780741,SENSEX26JAN91000PE,SENSEX,BFO,PE,2026-01-29,91000,20
2025-12-31,291492357,SENSEX26JAN90900PE,SENSEX,BFO,PE,2026-01-29,90900,20
2025-12-31,294550789,SENSEX26JAN90900CE,SENSEX,BFO,CE,2026-01-29,90900,20
2025-12-31,293448965,SENSEX26JAN90800CE,SENSEX,BFO,CE,2026-01-29,90800,20
2025-12-31,294178309,SENSEX26JAN90800PE,SENSEX,BFO,PE,2026-01-29,90800,20
2025-12-31,291276805,SENSEX26JAN90700PE,SENSEX,BFO,PE,2026-01-29,90700,20
2025-12-31,294294277,SENSEX26JAN90700CE,SENSEX,BFO,CE,2026-01-29,90700,20
2025-12-31,291391237,SENSEX26JAN90600CE,SENSEX,BFO,CE,2026-01-29,90600,20
2025-12-31,293907973,SENSEX26JAN90600PE,SENSEX,BFO,PE,2026-01-29,90600,20
2025-12-31,294045445,SENSEX26JAN90500CE,SENSEX,BFO,CE,2026-01-29,90500,20
2025-12-31,294851845,SENSEX26JAN90500PE,SENSEX,BFO,PE,2026-01-29,90500,20
2025-12-31,291181061,SENSEX26JAN90400CE,SENSEX,BFO,CE,2026-01-29,90400,20
2025-12-31,292073733,SENSEX26JAN90400PE,SENSEX,BFO,PE,2026-01-29,90400,20
2025-12-31,293815557,SENSEX26JAN90300CE,SENSEX,BFO,CE,2026-01-29,90300,20
2025-12-31,294649349,SENSEX26JAN90300PE,SENSEX,BFO,PE,2026-01-29,90300,20
2025-12-31,291699461,SENSEX26JAN90200PE,SENSEX,BFO,PE,2026-01-29,90200,20
2025-12-31,294768133,SENSEX26JAN90200CE,SENSEX,BFO,CE,2026-01-29,90200,20
2025-12-31,293642501,SENSEX26JAN90100CE,SENSEX,BFO,CE,2026-01-29,90100,20
2025-12-31,294390789,SENSEX26JAN90100PE,SENSEX,BFO,PE,2026-01-29,90100,20
2025-12-31,291473669,SENSEX26JAN90000PE,SENSEX,BFO,PE,2026-01-29,90000,20
2025-12-31,294521093,SENSEX26JAN90000CE,SENSEX,BFO,CE,2026-01-29,90000,20
2025-12-31,291472645,SENSEX26JAN89900CE,SENSEX,BFO,CE,2026-01-29,89900,20
2025-12-31,292503813,SENSEX26JAN89900PE,SENSEX,BFO,PE,2026-01-29,89900,20
2025-12-31,291124485,SENSEX26JAN89800PE,SENSEX,BFO,PE,2026-01-29,89800,20
2025-12-31,294142213,SENSEX26JAN89800CE,SENSEX,BFO,CE,2026-01-29,89800,20
2025-12-31,291252485,SENSEX26JAN89700CE,SENSEX,BFO,CE,2026-01-29,89700,20
2025-12-31,292227077,SENSEX26JAN89700PE,SENSEX,BFO,PE,2026-01-29,89700,20
2025-12-31,292365829,SENSEX26JAN89600CE,SENSEX,BFO,CE,2026-01-29,89600,20
2025-12-31,294733317,SENSEX26JAN89600PE,SENSEX,BFO,PE,2026-01-29,89600,20
2025-12-31,291792133,SENSEX26JAN89500PE,SENSEX,BFO,PE,2026-01-29,89500,20
2025-12-31,294831365,SENSEX26JAN89500CE,SENSEX,BFO,CE,2026-01-29,89500,20
2025-12-31,292008197,SENSEX26JAN89400CE,SENSEX,BFO,CE,2026-01-29,89400,20
2025-12-31,292853509,SENSEX26JAN89400PE,SENSEX,BFO,PE,2026-01-29,89400,20
2025-12-31,291541765,SENSEX26JAN89300PE,SENSEX,BFO,PE,2026-01-29,89300,20
2025-12-31,294618629,SENSEX26JAN89300CE,SENSEX,BFO,CE,2026-01-29,89300,20
2025-12-31,291665413,SENSEX26JAN89200CE,SENSEX,BFO,CE,2026-01-29,89200,20
2025-12-31,292659461,SENSEX26JAN89200PE,SENSEX,BFO,PE,2026-01-29,89200,20
2025-12-31,291326213,SENSEX26JAN89100PE,SENSEX,BFO,PE,2026-01-29,89100,20
2025-12-31,292766213,SENSEX26JAN89100CE,SENSEX,BFO,CE,2026-01-29,89100,20
2025-12-31,291445509,SENSEX26JAN89000CE,SENSEX,BFO,CE,2026-01-29,89000,20
2025-12-31,292474885,SENSEX26JAN89000PE,SENSEX,BFO,PE,2026-01-29,89000,20
2025-12-31,293137925,SENSEX26JAN88900CE,SENSEX,BFO,CE,2026-01-29,88900,20
2025-12-31,293868037,SENSEX26JAN88900PE,SENSEX,BFO,PE,2026-01-29,88900,20
2025-12-31,292801541,SENSEX26JAN88800PE,SENSEX,BFO,PE,2026-01-29,88800,20
2025-12-31,293985285,SENSEX26JAN88800CE,SENSEX,BFO,CE,2026-01-29,88800,20
2025-12-31,292893445,SENSEX26JAN88700CE,SENSEX,BFO,CE,2026-01-29,88700,20
2025-12-31,293692421,SENSEX26JAN88700PE,SENSEX,BFO,PE,2026-01-29,88700,20
2025-12-31,293778181,SENSEX26JAN88600CE,SENSEX,BFO,CE,2026-01-29,88600,20
2025-12-31,294584069,SENSEX26JAN88600PE,SENSEX,BFO,PE,2026-01-29,88600,20
2025-12-31,292698885,SENSEX26JAN88500CE,SENSEX,BFO,CE,2026-01-29,88500,20
2025-12-31,293472261,SENSEX26JAN88500PE,SENSEX,BFO,PE,2026-01-29,88500,20
2025-12-31,293594373,SENSEX26JAN88400CE,SENSEX,BFO,CE,2026-01-29,88400,20
2025-12-31,294337797,SENSEX26JAN88400PE,SENSEX,BFO,PE,2026-01-29,88400,20
2025-12-31,293231109,SENSEX26JAN88300PE,SENSEX,BFO,PE,2026-01-29,88300,20
2025-12-31,294466565,SENSEX26JAN88300CE,SENSEX,BFO,CE,2026-01-29,88300,20
2025-12-31,293373701,SENSEX26JAN88200CE,SENSEX,BFO,CE,2026-01-29,88200,20
2025-12-31,294083333,SENSEX26JAN88200PE,SENSEX,BFO,PE,2026-01-29,88200,20
2025-12-31,291208197,SENSEX26JAN88100PE,SENSEX,BFO,PE,2026-01-29,88100,20
2025-12-31,294219781,SENSEX26JAN88100CE,SENSEX,BFO,CE,2026-01-29,88100,20
2025-12-31,293111045,SENSEX26JAN88000CE,SENSEX,BFO,CE,2026-01-29,88000,20
2025-12-31,293842181,SENSEX26JAN88000PE,SENSEX,BFO,PE,2026-01-29,88000,20
2025-12-31,291555589,SENSEX26JAN87900PE,SENSEX,BFO,PE,2026-01-29,87900,20
2025-12-31,294645509,SENSEX26JAN87900CE,SENSEX,BFO,CE,2026-01-29,87900,20
2025-12-31,291691013,SENSEX26JAN87800CE,SENSEX,BFO,CE,2026-01-29,87800,20
2025-12-31,292677381,SENSEX26JAN87800PE,SENSEX,BFO,PE,2026-01-29,87800,20
2025-12-31,291347717,SENSEX26JAN87700PE,SENSEX,BFO,PE,2026-01-29,87700,20
2025-12-31,294388741,SENSEX26JAN87700CE,SENSEX,BFO,CE,2026-01-29,87700,20
2025-12-31,291470597,SENSEX26JAN87600CE,SENSEX,BFO,CE,2026-01-29,87600,20
2025-12-31,292501765,SENSEX26JAN87600PE,SENSEX,BFO,PE,2026-01-29,87600,20
2025-12-31,291123973,SENSEX26JAN87500PE,SENSEX,BFO,PE,2026-01-29,87500,20
2025-12-31,292600325,SENSEX26JAN87500CE,SENSEX,BFO,CE,2026-01-29,87500,20
2025-12-31,291250181,SENSEX26JAN87400CE,SENSEX,BFO,CE,2026-01-29,87400,20
2025-12-31,292222469,SENSEX26JAN87400PE,SENSEX,BFO,PE,2026-01-29,87400,20
2025-12-31,292364549,SENSEX26JAN87300CE,SENSEX,BFO,CE,2026-01-29,87300,20
2025-12-31,293078533,SENSEX26JAN87300PE,SENSEX,BFO,PE,2026-01-29,87300,20
2025-12-31,291790085,SENSEX26JAN87200PE,SENSEX,BFO,PE,2026-01-29,87200,20
2025-12-31,294828037,SENSEX26JAN87200CE,SENSEX,BFO,CE,2026-01-29,87200,20
2025-12-31,292002565,SENSEX26JAN87100CE,SENSEX,BFO,CE,2026-01-29,87100,20
2025-12-31,292852485,SENSEX26JAN87100PE,SENSEX,BFO,PE,2026-01-29,87100,20
2025-12-31,291538693,SENSEX26JAN87000PE,SENSEX,BFO,PE,2026-01-29,87000,20
2025-12-31,292962053,SENSEX26JAN87000CE,SENSEX,BFO,CE,2026-01-29,87000,20
2025-12-31,292546565,SENSEX26JAN86900CE,SENSEX,BFO,CE,2026-01-29,86900,20
2025-12-31,293260549,SENSEX26JAN86900PE,SENSEX,BFO,PE,2026-01-29,86900,20
2025-12-31,293396997,SENSEX26JAN86800CE,SENSEX,BFO,CE,2026-01-29,86800,20
2025-12-31,294114309,SENSEX26JAN86800PE,SENSEX,BFO,PE,2026-01-29,86800,20
2025-12-31,292995077,SENSEX26JAN86700PE,SENSEX,BFO,PE,2026-01-29,86700,20
2025-12-31,294249733,SENSEX26JAN86700CE,SENSEX,BFO,CE,2026-01-29,86700,20
2025-12-31,293135365,SENSEX26JAN86600CE,SENSEX,BFO,CE,2026-01-29,86600,20
2025-12-31,293864197,SENSEX26JAN86600PE,SENSEX,BFO,PE,2026-01-29,86600,20
2025-12-31,293984005,SENSEX26JAN86500CE,SENSEX,BFO,CE,2026-01-29,86500,20
2025-12-31,294811909,SENSEX26JAN86500PE,SENSEX,BFO,PE,2026-01-29,86500,20
2025-12-31,292890117,SENSEX26JAN86400CE,SENSEX,BFO,CE,2026-01-29,86400,20
2025-12-31,293690629,SENSEX26JAN86400PE,SENSEX,BFO,PE,2026-01-29,86400,20
2025-12-31,293776133,SENSEX26JAN86300CE,SENSEX,BFO,CE,2026-01-29,86300,20
2025-12-31,294581509,SENSEX26JAN86300PE,SENSEX,BFO,PE,2026-01-29,86300,20
2025-12-31,293471237,SENSEX26JAN86200PE,SENSEX,BFO,PE,2026-01-29,86200,20
2025-12-31,294725893,SENSEX26JAN86200CE,SENSEX,BFO,CE,2026-01-29,86200,20
2025-12-31,293593605,SENSEX26JAN86100CE,SENSEX,BFO,CE,2026-01-29,86100,20
2025-12-31,294336261,SENSEX26JAN86100PE,SENSEX,BFO,PE,2026-01-29,86100,20
2025-12-31,291413765,SENSEX26JAN86000PE,SENSEX,BFO,PE,2026-01-29,86000,20
2025-12-31,294466053,SENSEX26JAN86000CE,SENSEX,BFO,CE,2026-01-29,86000,20
2025-12-31,292400133,SENSEX26JAN85900CE,SENSEX,BFO,CE,2026-01-29,85900,20
2025-12-31,294753797,SENSEX26JAN85900PE,SENSEX,BFO,PE,2026-01-29,85900,20
2025-12-31,291823365,SENSEX26JAN85800PE,SENSEX,BFO,PE,2026-01-29,85800,20
2025-12-31,294847493,SENSEX26JAN85800CE,SENSEX,BFO,CE,2026-01-29,85800,20
2025-12-31,292064773,SENSEX26JAN85700CE,SENSEX,BFO,CE,2026-01-29,85700,20
2025-12-31,292873477,SENSEX26JAN85700PE,SENSEX,BFO,PE,2026-01-29,85700,20
2025-12-31,291553029,SENSEX26JAN85600PE,SENSEX,BFO,PE,2026-01-29,85600,20
2025-12-31,294641157,SENSEX26JAN85600CE,SENSEX,BFO,CE,2026-01-29,85600,20
2025-12-31,291688709,SENSEX26JAN85500CE,SENSEX,BFO,CE,2026-01-29,85500,20
2025-12-31,291486725,SENSEX26JAN83900CE,SENSEX,BFO,CE,2026-01-29,83900,20
2025-12-31,292524549,SENSEX26JAN83900PE,SENSEX,BFO,PE,2026-01-29,83900,20
2025-12-31,291145989,SENSEX26JAN83800PE,SENSEX,BFO,PE,2026-01-29,83800,20
2025-12-31,292615685,SENSEX26JAN83800CE,SENSEX,BFO,CE,2026-01-29,83800,20
2025-12-31,291269637,SENSEX26JAN83700CE,SENSEX,BFO,CE,2026-01-29,83700,20
2025-12-31,292248581,SENSEX26JAN83700PE,SENSEX,BFO,PE,2026-01-29,83700,20
2025-12-31,292396805,SENSEX26JAN83600CE,SENSEX,BFO,CE,2026-01-29,83600,20
2025-12-31,293107717,SENSEX26JAN83600PE,SENSEX,BFO,PE,2026-01-29,83600,20
2025-12-31,291821317,SENSEX26JAN83500PE,SENSEX,BFO,PE,2026-01-29,83500,20
2025-12-31,294845701,SENSEX26JAN83500CE,SENSEX,BFO,CE,2026-01-29,83500,20
2025-12-31,292056069,SENSEX26JAN83400CE,SENSEX,BFO,CE,2026-01-29,83400,20
2025-12-31,292873221,SENSEX26JAN83400PE,SENSEX,BFO,PE,2026-01-29,83400,20
2025-12-31,291550981,SENSEX26JAN83300PE,SENSEX,BFO,PE,2026-01-29,83300,20
2025-12-31,292984325,SENSEX26JAN83300CE,SENSEX,BFO,CE,2026-01-29,83300,20
2025-12-31,291686405,SENSEX26JAN83200CE,SENSEX,BFO,CE,2026-01-29,83200,20
2025-12-31,292673797,SENSEX26JAN83200PE,SENSEX,BFO,PE,2026-01-29,83200,20
2025-12-31,292782085,SENSEX26JAN83100CE,SENSEX,BFO,CE,2026-01-29,83100,20
2025-12-31,293566213,SENSEX26JAN83100PE,SENSEX,BFO,PE,2026-01-29,83100,20
2025-12-31,291465221,SENSEX26JAN83000CE,SENSEX,BFO,CE,2026-01-29,83000,20
2025-12-31,292495621,SENSEX26JAN83000PE,SENSEX,BFO,PE,2026-01-29,83000,20
2025-12-31,293162501,SENSEX26JAN82900CE,SENSEX,BFO,CE,2026-01-29,82900,20
2025-12-31,293882117,SENSEX26JAN82900PE,SENSEX,BFO,PE,2026-01-29,82900,20
2025-12-31,294011141,SENSEX26JAN82800CE,SENSEX,BFO,CE,2026-01-29,82800,20
2025-12-31,294826245,SENSEX26JAN82800PE,SENSEX,BFO,PE,2026-01-29,82800,20
2025-12-31,292911621,SENSEX26JAN82700CE,SENSEX,BFO,CE,2026-01-29,82700,20
2025-12-31,293703685,SENSEX26JAN82700PE,SENSEX,BFO,PE,2026-01-29,82700,20
2025-12-31,293795589,SENSEX26JAN82600CE,SENSEX,BFO,CE,2026-01-29,82600,20
2025-12-31,294610693,SENSEX26JAN82600PE,SENSEX,BFO,PE,2026-01-29,82600,20
2025-12-31,293490949,SENSEX26JAN82500PE,SENSEX,BFO,PE,2026-01-29,82500,20
2025-12-31,294744837,SENSEX26JAN82500CE,SENSEX,BFO,CE,2026-01-29,82500,20
2025-12-31,293617669,SENSEX26JAN82400CE,SENSEX,BFO,CE,2026-01-29,82400,20
2025-12-31,294363653,SENSEX26JAN82400PE,SENSEX,BFO,PE,2026-01-29,82400,20
2025-12-31,291441669,SENSEX26JAN82300PE,SENSEX,BFO,PE,2026-01-29,82300,20
2025-12-31,294493957,SENSEX26JAN82300CE,SENSEX,BFO,CE,2026-01-29,82300,20
2025-12-31,293392901,SENSEX26JAN82200CE,SENSEX,BFO,CE,2026-01-29,82200,20
2025-12-31,294108933,SENSEX26JAN82200PE,SENSEX,BFO,PE,2026-01-29,82200,20
2025-12-31,291230981,SENSEX26JAN82100PE,SENSEX,BFO,PE,2026-01-29,82100,20
2025-12-31,294244101,SENSEX26JAN82100CE,SENSEX,BFO,CE,2026-01-29,82100,20
2025-12-31,291334661,SENSEX26JAN82000CE,SENSEX,BFO,CE,2026-01-29,82000,20
2025-12-31,293861637,SENSEX26JAN82000PE,SENSEX,BFO,PE,2026-01-29,82000,20
2025-12-31,291572997,SENSEX26JAN81900PE,SENSEX,BFO,PE,2026-01-29,81900,20
2025-12-31,294665221,SENSEX26JAN81900CE,SENSEX,BFO,CE,2026-01-29,81900,20
2025-12-31,291724805,SENSEX26JAN81800CE,SENSEX,BFO,CE,2026-01-29,81800,20
2025-12-31,292695557,SENSEX26JAN81800PE,SENSEX,BFO,PE,2026-01-29,81800,20
2025-12-31,291360773,SENSEX26JAN81700PE,SENSEX,BFO,PE,2026-01-29,81700,20
2025-12-31,292807429,SENSEX26JAN81700CE,SENSEX,BFO,CE,2026-01-29,81700,20
2025-12-31,291485445,SENSEX26JAN81600CE,SENSEX,BFO,CE,2026-01-29,81600,20
2025-12-31,292521477,SENSEX26JAN81600PE,SENSEX,BFO,PE,2026-01-29,81600,20
2025-12-31,292613125,SENSEX26JAN81500CE,SENSEX,BFO,CE,2026-01-29,81500,20
2025-12-31,293370885,SENSEX26JAN81500PE,SENSEX,BFO,PE,2026-01-29,81500,20
2025-12-31,291266053,SENSEX26JAN81400CE,SENSEX,BFO,CE,2026-01-29,81400,20
2025-12-31,292244997,SENSEX26JAN81400PE,SENSEX,BFO,PE,2026-01-29,81400,20
2025-12-31,292392709,SENSEX26JAN81300CE,SENSEX,BFO,CE,2026-01-29,81300,20
2025-12-31,293106181,SENSEX26JAN81300PE,SENSEX,BFO,PE,2026-01-29,81300,20
2025-12-31,291819013,SENSEX26JAN81200PE,SENSEX,BFO,PE,2026-01-29,81200,20
2025-12-31,293245445,SENSEX26JAN81200CE,SENSEX,BFO,CE,2026-01-29,81200,20
2025-12-31,292050949,SENSEX26JAN81100CE,SENSEX,BFO,CE,2026-01-29,81100,20
2025-12-31,292872453,SENSEX26JAN81100PE,SENSEX,BFO,PE,2026-01-29,81100,20
2025-12-31,292982021,SENSEX26JAN81000CE,SENSEX,BFO,CE,2026-01-29,81000,20
2025-12-31,293754373,SENSEX26JAN81000PE,SENSEX,BFO,PE,2026-01-29,81000,20
2025-12-31,293283589,SENSEX26JAN80900PE,SENSEX,BFO,PE,2026-01-29,80900,20
2025-12-31,294513157,SENSEX26JAN80900CE,SENSEX,BFO,CE,2026-01-29,80900,20
2025-12-31,293422597,SENSEX26JAN80800CE,SENSEX,BFO,CE,2026-01-29,80800,20
2025-12-31,294136581,SENSEX26JAN80800PE,SENSEX,BFO,PE,2026-01-29,80800,20
2025-12-31,291245829,SENSEX26JAN80700PE,SENSEX,BFO,PE,2026-01-29,80700,20
2025-12-31,294264325,SENSEX26JAN80700CE,SENSEX,BFO,CE,2026-01-29,80700,20
2025-12-31,293161477,SENSEX26JAN80600CE,SENSEX,BFO,CE,2026-01-29,80600,20
2025-12-31,293880837,SENSEX26JAN80600PE,SENSEX,BFO,PE,2026-01-29,80600,20
2025-12-31,294009605,SENSEX26JAN80500CE,SENSEX,BFO,CE,2026-01-29,80500,20
2025-12-31,294824965,SENSEX26JAN80500PE,SENSEX,BFO,PE,2026-01-29,80500,20
2025-12-31,291134213,SENSEX26JAN80400CE,SENSEX,BFO,CE,2026-01-29,80400,20
2025-12-31,293702661,SENSEX26JAN80400PE,SENSEX,BFO,PE,2026-01-29,80400,20
2025-12-31,293792773,SENSEX26JAN80300CE,SENSEX,BFO,CE,2026-01-29,80300,20
2025-12-31,294604549,SENSEX26JAN80300PE,SENSEX,BFO,PE,2026-01-29,80300,20
2025-12-31,291652101,SENSEX26JAN80200PE,SENSEX,BFO,PE,2026-01-29,80200,20
2025-12-31,294741509,SENSEX26JAN80200CE,SENSEX,BFO,CE,2026-01-29,80200,20
2025-12-31,293615365,SENSEX26JAN80100CE,SENSEX,BFO,CE,2026-01-29,80100,20
2025-12-31,294360069,SENSEX26JAN80100PE,SENSEX,BFO,PE,2026-01-29,80100,20
2025-12-31,291439621,SENSEX26JAN80000PE,SENSEX,BFO,PE,2026-01-29,80000,20
2025-12-31,294491397,SENSEX26JAN80000CE,SENSEX,BFO,CE,2026-01-29,80000,20
2025-12-31,291437573,SENSEX26JAN79900CE,SENSEX,BFO,CE,2026-01-29,79900,20
2025-12-31,292464645,SENSEX26JAN79900PE,SENSEX,BFO,PE,2026-01-29,79900,20
2025-12-31,294103557,SENSEX26JAN79800CE,SENSEX,BFO,CE,2026-01-29,79800,20
2025-12-31,294887429,SENSEX26JAN79800PE,SENSEX,BFO,PE,2026-01-29,79800,20
2025-12-31,291223557,SENSEX26JAN79700CE,SENSEX,BFO,CE,2026-01-29,79700,20
2025-12-31,292174341,SENSEX26JAN79700PE,SENSEX,BFO,PE,2026-01-29,79700,20
2025-12-31,292326405,SENSEX26JAN79600CE,SENSEX,BFO,CE,2026-01-29,79600,20
2025-12-31,294703877,SENSEX26JAN79600PE,SENSEX,BFO,PE,2026-01-29,79600,20
2025-12-31,291755525,SENSEX26JAN79500PE,SENSEX,BFO,PE,2026-01-29,79500,20
2025-12-31,294806533,SENSEX26JAN79500CE,SENSEX,BFO,CE,2026-01-29,79500,20
2025-12-31,291937797,SENSEX26JAN79400CE,SENSEX,BFO,CE,2026-01-29,79400,20
2025-12-31,294444805,SENSEX26JAN79400PE,SENSEX,BFO,PE,2026-01-29,79400,20
2025-12-31,291507717,SENSEX26JAN79300PE,SENSEX,BFO,PE,2026-01-29,79300,20
2025-12-31,294571269,SENSEX26JAN79300CE,SENSEX,BFO,CE,2026-01-29,79300,20
2025-12-31,291621893,SENSEX26JAN79200CE,SENSEX,BFO,CE,2026-01-29,79200,20
2025-12-31,292636933,SENSEX26JAN79200PE,SENSEX,BFO,PE,2026-01-29,79200,20
2025-12-31,291299845,SENSEX26JAN79100PE,SENSEX,BFO,PE,2026-01-29,79100,20
2025-12-31,294319109,SENSEX26JAN79100CE,SENSEX,BFO,CE,2026-01-29,79100,20
2025-12-31,291409669,SENSEX26JAN79000CE,SENSEX,BFO,CE,2026-01-29,79000,20
2025-12-31,292424709,SENSEX26JAN79000PE,SENSEX,BFO,PE,2026-01-29,79000,20
2025-12-31,293102085,SENSEX26JAN78900CE,SENSEX,BFO,CE,2026-01-29,78900,20
2025-12-31,293833733,SENSEX26JAN78900PE,SENSEX,BFO,PE,2026-01-29,78900,20
2025-12-31,292764421,SENSEX26JAN78800PE,SENSEX,BFO,PE,2026-01-29,78800,20
2025-12-31,293947397,SENSEX26JAN78800CE,SENSEX,BFO,CE,2026-01-29,78800,20
2025-12-31,292867077,SENSEX26JAN78700CE,SENSEX,BFO,CE,2026-01-29,78700,20
2025-12-31,293663749,SENSEX26JAN78700PE,SENSEX,BFO,PE,2026-01-29,78700,20
2025-12-31,293751813,SENSEX26JAN78600CE,SENSEX,BFO,CE,2026-01-29,78600,20
2025-12-31,294549765,SENSEX26JAN78600PE,SENSEX,BFO,PE,2026-01-29,78600,20
2025-12-31,292669445,SENSEX26JAN78500CE,SENSEX,BFO,CE,2026-01-29,78500,20
2025-12-31,293447941,SENSEX26JAN78500PE,SENSEX,BFO,PE,2026-01-29,78500,20
2025-12-31,293557765,SENSEX26JAN78400CE,SENSEX,BFO,CE,2026-01-29,78400,20
2025-12-31,294292997,SENSEX26JAN78400PE,SENSEX,BFO,PE,2026-01-29,78400,20
2025-12-31,292487941,SENSEX26JAN78300CE,SENSEX,BFO,CE,2026-01-29,78300,20
2025-12-31,293195013,SENSEX26JAN78300PE,SENSEX,BFO,PE,2026-01-29,78300,20
2025-12-31,293328645,SENSEX26JAN78200CE,SENSEX,BFO,CE,2026-01-29,78200,20
2025-12-31,294044677,SENSEX26JAN78200PE,SENSEX,BFO,PE,2026-01-29,78200,20
2025-12-31,292936709,SENSEX26JAN78100PE,SENSEX,BFO,PE,2026-01-29,78100,20
2025-12-31,294189829,SENSEX26JAN78100CE,SENSEX,BFO,CE,2026-01-29,78100,20
2025-12-31,293070085,SENSEX26JAN78000CE,SENSEX,BFO,CE,2026-01-29,78000,20
2025-12-31,293814277,SENSEX26JAN78000PE,SENSEX,BFO,PE,2026-01-29,78000,20
2025-12-31,291531525,SENSEX26JAN77900PE,SENSEX,BFO,PE,2026-01-29,77900,20
2025-12-31,294597381,SENSEX26JAN77900CE,SENSEX,BFO,CE,2026-01-29,77900,20
2025-12-31,291645701,SENSEX26JAN77800CE,SENSEX,BFO,CE,2026-01-29,77800,20
2025-12-31,292654085,SENSEX26JAN77800PE,SENSEX,BFO,PE,2026-01-29,77800,20
2025-12-31,291319813,SENSEX26JAN77700PE,SENSEX,BFO,PE,2026-01-29,77700,20
2025-12-31,294355973,SENSEX26JAN77700CE,SENSEX,BFO,CE,2026-01-29,77700,20
2025-12-31,291433733,SENSEX26JAN77600CE,SENSEX,BFO,CE,2026-01-29,77600,20
2025-12-31,292459781,SENSEX26JAN77600PE,SENSEX,BFO,PE,2026-01-29,77600,20
2025-12-31,294099973,SENSEX26JAN77500CE,SENSEX,BFO,CE,2026-01-29,77500,20
2025-12-31,294884613,SENSEX26JAN77500PE,SENSEX,BFO,PE,2026-01-29,77500,20
2025-12-31,291221253,SENSEX26JAN77400CE,SENSEX,BFO,CE,2026-01-29,77400,20
2025-12-31,292169221,SENSEX26JAN77400PE,SENSEX,BFO,PE,2026-01-29,77400,20
2025-12-31,292323589,SENSEX26JAN77300CE,SENSEX,BFO,CE,2026-01-29,77300,20
2025-12-31,294700037,SENSEX26JAN77300PE,SENSEX,BFO,PE,2026-01-29,77300,20
2025-12-31,291751685,SENSEX26JAN77200PE,SENSEX,BFO,PE,2026-01-29,77200,20
2025-12-31,294804485,SENSEX26JAN77200CE,SENSEX,BFO,CE,2026-01-29,77200,20
2025-12-31,291932677,SENSEX26JAN77100CE,SENSEX,BFO,CE,2026-01-29,77100,20
2025-12-31,292829957,SENSEX26JAN77100PE,SENSEX,BFO,PE,2026-01-29,77100,20
2025-12-31,291505669,SENSEX26JAN77000PE,SENSEX,BFO,PE,2026-01-29,77000,20
2025-12-31,294569477,SENSEX26JAN77000CE,SENSEX,BFO,CE,2026-01-29,77000,20
2025-12-31,292516869,SENSEX26JAN76900CE,SENSEX,BFO,CE,2026-01-29,76900,20
2025-12-31,293217797,SENSEX26JAN76900PE,SENSEX,BFO,PE,2026-01-29,76900,20
2025-12-31,295284997,SENSEX26JAN76800PE,SENSEX,BFO,PE,2026-01-29,76800,20
2025-12-31,295428101,SENSEX26JAN76800CE,SENSEX,BFO,CE,2026-01-29,76800,20
2025-12-31,295169029,SENSEX26JAN76700CE,SENSEX,BFO,CE,2026-01-29,76700,20
2025-12-31,295317253,SENSEX26JAN76700PE,SENSEX,BFO,PE,2026-01-29,76700,20
2025-12-31,295220741,SENSEX26JAN76600PE,SENSEX,BFO,PE,2026-01-29,76600,20
2025-12-31,295354629,SENSEX26JAN76600CE,SENSEX,BFO,CE,2026-01-29,76600,20
2025-12-31,295256837,SENSEX26JAN76500PE,SENSEX,BFO,PE,2026-01-29,76500,20
2025-12-31,295272453,SENSEX26JAN76500CE,SENSEX,BFO,CE,2026-01-29,76500,20
2025-12-31,295164933,SENSEX26JAN76400PE,SENSEX,BFO,PE,2026-01-29,76400,20
2025-12-31,295307525,SENSEX26JAN76400CE,SENSEX,BFO,CE,2026-01-29,76400,20
2025-12-31,295709957,SENSEX26JAN76300CE,SENSEX,BFO,CE,2026-01-29,76300,20
2025-12-31,295776261,SENSEX26JAN76300PE,SENSEX,BFO,PE,2026-01-29,76300,20
2025-12-31,295727365,SENSEX26JAN76200CE,SENSEX,BFO,CE,2026-01-29,76200,20
2025-12-31,295791877,SENSEX26JAN76200PE,SENSEX,BFO,PE,2026-01-29,76200,20
2025-12-31,295686149,SENSEX26JAN76100CE,SENSEX,BFO,CE,2026-01-29,76100,20
2025-12-31,295750405,SENSEX26JAN76100PE,SENSEX,BFO,PE,2026-01-29,76100,20
2025-12-31,295762949,SENSEX26JAN76000PE,SENSEX,BFO,PE,2026-01-29,76000,20
2025-12-31,295769861,SENSEX26JAN76000CE,SENSEX,BFO,CE,2026-01-29,76000,20
2025-12-31,295948549,SENSEX26JAN75900CE,SENSEX,BFO,CE,2026-01-29,75900,20
2025-12-31,295987973,SENSEX26JAN75900PE,SENSEX,BFO,PE,2026-01-29,75900,20
2025-12-31,295852037,SENSEX26JAN75800PE,SENSEX,BFO,PE,2026-01-29,75800,20
2025-12-31,295996421,SENSEX26JAN75800CE,SENSEX,BFO,CE,2026-01-29,75800,20
2025-12-31,296026885,SENSEX26JAN75700CE,SENSEX,BFO,CE,2026-01-29,75700,20
2025-12-31,296109573,SENSEX26JAN75700PE,SENSEX,BFO,PE,2026-01-29,75700,20
2025-12-31,210672645,SENSEX2620578400PE,SENSEX,BFO,PE,2026-02-05,78400,20
2025-12-31,210673157,SENSEX2620585000CE,SENSEX,BFO,CE,2026-02-05,85000,20
2025-12-31,210673413,SENSEX2620588400PE,SENSEX,BFO,PE,2026-02-05,88400,20
2025-12-31,210673669,SENSEX2620581300CE,SENSEX,BFO,CE,2026-02-05,81300,20
2025-12-31,210674181,SENSEX2620584700PE,SENSEX,BFO,PE,2026-02-05,84700,20
2025-12-31,210675205,SENSEX2620591300CE,SENSEX,BFO,CE,2026-02-05,91300,20
2025-12-31,210675973,SENSEX2620589000PE,SENSEX,BFO,PE,2026-02-05,89000,20
2025-12-31,210676485,SENSEX2620578300CE,SENSEX,BFO,CE,2026-02-05,78300,20
2025-12-31,210676741,SENSEX2620583000PE,SENSEX,BFO,PE,2026-02-05,83000,20
2025-12-31,210676997,SENSEX2620585300PE,SENSEX,BFO,PE,2026-02-05,85300,20
2025-12-31,210677765,SENSEX2620581600PE,SENSEX,BFO,PE,2026-02-05,81600,20
2025-12-31,210678021,SENSEX2620586000CE,SENSEX,BFO,CE,2026-02-05,86000,20
2025-12-31,210678277,SENSEX2620588300CE,SENSEX,BFO,CE,2026-02-05,88300,20
2025-12-31,210678533,SENSEX2620593000PE,SENSEX,BFO,PE,2026-02-05,93000,20
2025-12-31,210679301,SENSEX2620580000CE,SENSEX,BFO,CE,2026-02-05,80000,20
2025-12-31,210679557,SENSEX2620582300CE,SENSEX,BFO,CE,2026-02-05,82300,20
2025-12-31,210679813,SENSEX2620584600CE,SENSEX,BFO,CE,2026-02-05,84600,20
2025-12-31,210680069,SENSEX2620586900CE,SENSEX,BFO,CE,2026-02-05,86900,20
2025-12-31,210680581,SENSEX2620591600PE,SENSEX,BFO,PE,2026-02-05,91600,20
2025-12-31,210681349,SENSEX2620580900CE,SENSEX,BFO,CE,2026-02-05,80900,20
2025-12-31,210682373,SENSEX2620578600PE,SENSEX,BFO,PE,2026-02-05,78600,20
2025-12-31,210682629,SENSEX2620590900CE,SENSEX,BFO,CE,2026-02-05,90900,20
2025-12-31,210682885,SENSEX2620586300PE,SENSEX,BFO,PE,2026-02-05,86300,20
2025-12-31,210683397,SENSEX2620588600PE,SENSEX,BFO,PE,2026-02-05,88600,20
2025-12-31,210684165,SENSEX2620582600PE,SENSEX,BFO,PE,2026-02-05,82600,20
2025-12-31,210684421,SENSEX2620584900PE,SENSEX,BFO,PE,2026-02-05,84900,20
2025-12-31,210684933,SENSEX2620591500CE,SENSEX,BFO,CE,2026-02-05,91500,20
2025-12-31,210685701,SENSEX2620578500CE,SENSEX,BFO,CE,2026-02-05,78500,20
2025-12-31,210685957,SENSEX2620583200PE,SENSEX,BFO,PE,2026-02-05,83200,20
2025-12-31,210686213,SENSEX2620586200CE,SENSEX,BFO,CE,2026-02-05,86200,20
2025-12-31,210686981,SENSEX2620588500CE,SENSEX,BFO,CE,2026-02-05,88500,20
2025-12-31,210688005,SENSEX2620580200CE,SENSEX,BFO,CE,2026-02-05,80200,20
2025-12-31,210688261,SENSEX2620582500CE,SENSEX,BFO,CE,2026-02-05,82500,20
2025-12-31,210688517,SENSEX2620584800CE,SENSEX,BFO,CE,2026-02-05,84800,20
2025-12-31,210688773,SENSEX2620591800PE,SENSEX,BFO,PE,2026-02-05,91800,20
2025-12-31,210689285,SENSEX2620590200CE,SENSEX,BFO,CE,2026-02-05,90200,20
2025-12-31,210689541,SENSEX2620592500CE,SENSEX,BFO,CE,2026-02-05,92500,20
2025-12-31,210690053,SENSEX2620578800PE,SENSEX,BFO,PE,2026-02-05,78800,20
2025-12-31,210691077,SENSEX2620584200PE,SENSEX,BFO,PE,2026-02-05,84200,20
2025-12-31,210691333,SENSEX2620586500PE,SENSEX,BFO,PE,2026-02-05,86500,20
2025-12-31,210691589,SENSEX2620588800PE,SENSEX,BFO,PE,2026-02-05,88800,20
2025-12-31,210691845,SENSEX2620580500PE,SENSEX,BFO,PE,2026-02-05,80500,20
2025-12-31,210692357,SENSEX2620582800PE,SENSEX,BFO,PE,2026-02-05,82800,20
2025-12-31,210692613,SENSEX2620592800PE,SENSEX,BFO,PE,2026-02-05,92800,20
2025-12-31,210694149,SENSEX2620578700CE,SENSEX,BFO,CE,2026-02-05,78700,20
2025-12-31,210694405,SENSEX2620581100PE,SENSEX,BFO,PE,2026-02-05,81100,20
2025-12-31,210695173,SENSEX2620584100CE,SENSEX,BFO,CE,2026-02-05,84100,20
2025-12-31,210695429,SENSEX2620586400CE,SENSEX,BFO,CE,2026-02-05,86400,20
2025-12-31,210695685,SENSEX2620588700CE,SENSEX,BFO,CE,2026-02-05,88700,20
2025-12-31,210695941,SENSEX2620591100PE,SENSEX,BFO,PE,2026-02-05,91100,20
2025-12-31,210696453,SENSEX2620580400CE,SENSEX,BFO,CE,2026-02-05,80400,20
2025-12-31,210696709,SENSEX2620582700CE,SENSEX,BFO,CE,2026-02-05,82700,20
2025-12-31,210697733,SENSEX2620578100PE,SENSEX,BFO,PE,2026-02-05,78100,20
2025-12-31,210697989,SENSEX2620590400CE,SENSEX,BFO,CE,2026-02-05,90400,20
2025-12-31,210698245,SENSEX2620592700CE,SENSEX,BFO,CE,2026-02-05,92700,20
2025-12-31,210699269,SENSEX2620588100PE,SENSEX,BFO,PE,2026-02-05,88100,20
2025-12-31,210699781,SENSEX2620582100PE,SENSEX,BFO,PE,2026-02-05,82100,20
2025-12-31,210700037,SENSEX2620584400PE,SENSEX,BFO,PE,2026-02-05,84400,20
2025-12-31,210700293,SENSEX2620586700PE,SENSEX,BFO,PE,2026-02-05,86700,20
2025-12-31,210701061,SENSEX2620580700PE,SENSEX,BFO,PE,2026-02-05,80700,20
2025-12-31,210701317,SENSEX2620592100PE,SENSEX,BFO,PE,2026-02-05,92100,20
2025-12-31,210701573,SENSEX2620590700PE,SENSEX,BFO,PE,2026-02-05,90700,20
2025-12-31,210701829,SENSEX2620578000CE,SENSEX,BFO,CE,2026-02-05,78000,20
2025-12-31,210702341,SENSEX2620578900CE,SENSEX,BFO,CE,2026-02-05,78900,20
2025-12-31,210702597,SENSEX2620588000CE,SENSEX,BFO,CE,2026-02-05,88000,20
2025-12-31,210703109,SENSEX2620582000CE,SENSEX,BFO,CE,2026-02-05,82000,20
2025-12-31,210703365,SENSEX2620584300CE,SENSEX,BFO,CE,2026-02-05,84300,20
2025-12-31,210703621,SENSEX2620586600CE,SENSEX,BFO,CE,2026-02-05,86600,20
2025-12-31,210704133,SENSEX2620588900CE,SENSEX,BFO,CE,2026-02-05,88900,20
2025-12-31,210704389,SENSEX2620591300PE,SENSEX,BFO,PE,2026-02-05,91300,20
2025-12-31,210704645,SENSEX2620580600CE,SENSEX,BFO,CE,2026-02-05,80600,20
2025-12-31,210704901,SENSEX2620582900CE,SENSEX,BFO,CE,2026-02-05,82900,20
2025-12-31,210705157,SENSEX2620592000CE,SENSEX,BFO,CE,2026-02-05,92000,20
2025-12-31,210705925,SENSEX2620578300PE,SENSEX,BFO,PE,2026-02-05,78300,20
2025-12-31,210706437,SENSEX2620590600CE,SENSEX,BFO,CE,2026-02-05,90600,20
2025-12-31,210706693,SENSEX2620592900CE,SENSEX,BFO,CE,2026-02-05,92900,20
2025-12-31,210707205,SENSEX2620586000PE,SENSEX,BFO,PE,2026-02-05,86000,20
2025-12-31,210707461,SENSEX2620588300PE,SENSEX,BFO,PE,2026-02-05,88300,20
2025-12-31,210707973,SENSEX2620577600CE,SENSEX,BFO,CE,2026-02-05,77600,20
2025-12-31,210708229,SENSEX2620579900CE,SENSEX,BFO,CE,2026-02-05,79900,20
2025-12-31,210708485,SENSEX2620580000PE,SENSEX,BFO,PE,2026-02-05,80000,20
2025-12-31,210708741,SENSEX2620582300PE,SENSEX,BFO,PE,2026-02-05,82300,20
2025-12-31,210708997,SENSEX2620584600PE,SENSEX,BFO,PE,2026-02-05,84600,20
2025-12-31,210709253,SENSEX2620586900PE,SENSEX,BFO,PE,2026-02-05,86900,20
2025-12-31,210709509,SENSEX2620580900PE,SENSEX,BFO,PE,2026-02-05,80900,20
2025-12-31,210709765,SENSEX2620590000PE,SENSEX,BFO,PE,2026-02-05,90000,20
2025-12-31,210710021,SENSEX2620592300PE,SENSEX,BFO,PE,2026-02-05,92300,20
2025-12-31,210710277,SENSEX2620590900PE,SENSEX,BFO,PE,2026-02-05,90900,20
2025-12-31,210710533,SENSEX2620578200CE,SENSEX,BFO,CE,2026-02-05,78200,20
2025-12-31,210711045,SENSEX2620588200CE,SENSEX,BFO,CE,2026-02-05,88200,20
2025-12-31,210711301,SENSEX2620582200CE,SENSEX,BFO,CE,2026-02-05,82200,20
2025-12-31,210711557,SENSEX2620584500CE,SENSEX,BFO,CE,2026-02-05,84500,20
2025-12-31,210711813,SENSEX2620586800CE,SENSEX,BFO,CE,2026-02-05,86800,20
2025-12-31,210712069,SENSEX2620580800CE,SENSEX,BFO,CE,2026-02-05,80800,20
2025-12-31,210712325,SENSEX2620592200CE,SENSEX,BFO,CE,2026-02-05,92200,20
2025-12-31,210712837,SENSEX2620578500PE,SENSEX,BFO,PE,2026-02-05,78500,20
2025-12-31,210713093,SENSEX2620590800CE,SENSEX,BFO,CE,2026-02-05,90800,20
2025-12-31,210713349,SENSEX2620579200CE,SENSEX,BFO,CE,2026-02-05,79200,20
2025-12-31,210713605,SENSEX2620586200PE,SENSEX,BFO,PE,2026-02-05,86200,20
2025-12-31,210713861,SENSEX2620588500PE,SENSEX,BFO,PE,2026-02-05,88500,20
2025-12-31,210714373,SENSEX2620577800CE,SENSEX,BFO,CE,2026-02-05,77800,20
2025-12-31,210714629,SENSEX2620580200PE,SENSEX,BFO,PE,2026-02-05,80200,20
2025-12-31,210714885,SENSEX2620582500PE,SENSEX,BFO,PE,2026-02-05,82500,20
2025-12-31,210715141,SENSEX2620584800PE,SENSEX,BFO,PE,2026-02-05,84800,20
2025-12-31,210715653,SENSEX2620587800CE,SENSEX,BFO,CE,2026-02-05,87800,20
2025-12-31,210715909,SENSEX2620590200PE,SENSEX,BFO,PE,2026-02-05,90200,20
2025-12-31,210716165,SENSEX2620592500PE,SENSEX,BFO,PE,2026-02-05,92500,20
2025-12-31,210718213,SENSEX2620586100CE,SENSEX,BFO,CE,2026-02-05,86100,20
2025-12-31,210718469,SENSEX2620588400CE,SENSEX,BFO,CE,2026-02-05,88400,20
2025-12-31,210718725,SENSEX2620580100CE,SENSEX,BFO,CE,2026-02-05,80100,20
2025-12-31,210718981,SENSEX2620582400CE,SENSEX,BFO,CE,2026-02-05,82400,20
2025-12-31,210719237,SENSEX2620584700CE,SENSEX,BFO,CE,2026-02-05,84700,20
2025-12-31,210720261,SENSEX2620590100CE,SENSEX,BFO,CE,2026-02-05,90100,20
2025-12-31,210720517,SENSEX2620592400CE,SENSEX,BFO,CE,2026-02-05,92400,20
2025-12-31,210721029,SENSEX2620578700PE,SENSEX,BFO,PE,2026-02-05,78700,20
2025-12-31,210721285,SENSEX2620577100CE,SENSEX,BFO,CE,2026-02-05,77100,20
2025-12-31,210721541,SENSEX2620579400CE,SENSEX,BFO,CE,2026-02-05,79400,20
2025-12-31,210721797,SENSEX2620584100PE,SENSEX,BFO,PE,2026-02-05,84100,20
2025-12-31,210722053,SENSEX2620586400PE,SENSEX,BFO,PE,2026-02-05,86400,20
2025-12-31,210722309,SENSEX2620588700PE,SENSEX,BFO,PE,2026-02-05,88700,20
2025-12-31,210723077,SENSEX2620580400PE,SENSEX,BFO,PE,2026-02-05,80400,20
2025-12-31,210723589,SENSEX2620582700PE,SENSEX,BFO,PE,2026-02-05,82700,20
2025-12-31,210723845,SENSEX2620589400CE,SENSEX,BFO,CE,2026-02-05,89400,20
2025-12-31,210724357,SENSEX2620585700CE,SENSEX,BFO,CE,2026-02-05,85700,20
2025-12-31,210724613,SENSEX2620590400PE,SENSEX,BFO,PE,2026-02-05,90400,20
2025-12-31,210724869,SENSEX2620592700PE,SENSEX,BFO,PE,2026-02-05,92700,20
2025-12-31,210725125,SENSEX2620577400PE,SENSEX,BFO,PE,2026-02-05,77400,20
2025-12-31,210725381,SENSEX2620579700PE,SENSEX,BFO,PE,2026-02-05,79700,20
2025-12-31,210725637,SENSEX2620584000CE,SENSEX,BFO,CE,2026-02-05,84000,20
2025-12-31,210725893,SENSEX2620586300CE,SENSEX,BFO,CE,2026-02-05,86300,20
2025-12-31,210726149,SENSEX2620589700PE,SENSEX,BFO,PE,2026-02-05,89700,20
2025-12-31,210726405,SENSEX2620580300CE,SENSEX,BFO,CE,2026-02-05,80300,20
2025-12-31,210726661,SENSEX2620582600CE,SENSEX,BFO,CE,2026-02-05,82600,20
2025-12-31,210727173,SENSEX2620578000PE,SENSEX,BFO,PE,2026-02-05,78000,20
2025-12-31,210727429,SENSEX2620590300CE,SENSEX,BFO,CE,2026-02-05,90300,20
2025-12-31,210727685,SENSEX2620592600CE,SENSEX,BFO,CE,2026-02-05,92600,20
2025-12-31,210728197,SENSEX2620588000PE,SENSEX,BFO,PE,2026-02-05,88000,20
2025-12-31,210728709,SENSEX2620577300CE,SENSEX,BFO,CE,2026-02-05,77300,20
2025-12-31,210729221,SENSEX2620579600CE,SENSEX,BFO,CE,2026-02-05,79600,20
2025-12-31,210729477,SENSEX2620582000PE,SENSEX,BFO,PE,2026-02-05,82000,20
2025-12-31,210729733,SENSEX2620584300PE,SENSEX,BFO,PE,2026-02-05,84300,20
2025-12-31,210729989,SENSEX2620586600PE,SENSEX,BFO,PE,2026-02-05,86600,20
2025-12-31,210730245,SENSEX2620588900PE,SENSEX,BFO,PE,2026-02-05,88900,20
2025-12-31,210730757,SENSEX2620580600PE,SENSEX,BFO,PE,2026-02-05,80600,20
2025-12-31,210731013,SENSEX2620582900PE,SENSEX,BFO,PE,2026-02-05,82900,20
2025-12-31,210731269,SENSEX2620587300CE,SENSEX,BFO,CE,2026-02-05,87300,20
2025-12-31,210731525,SENSEX2620589600CE,SENSEX,BFO,CE,2026-02-05,89600,20
2025-12-31,210731781,SENSEX2620592000PE,SENSEX,BFO,PE,2026-02-05,92000,20
2025-12-31,210732293,SENSEX2620583600CE,SENSEX,BFO,CE,2026-02-05,83600,20
2025-12-31,210732549,SENSEX2620585900CE,SENSEX,BFO,CE,2026-02-05,85900,20
2025-12-31,210732805,SENSEX2620590600PE,SENSEX,BFO,PE,2026-02-05,90600,20
2025-12-31,210733061,SENSEX2620592900PE,SENSEX,BFO,PE,2026-02-05,92900,20
2025-12-31,210733317,SENSEX2620579000PE,SENSEX,BFO,PE,2026-02-05,79000,20
2025-12-31,210734341,SENSEX2620577600PE,SENSEX,BFO,PE,2026-02-05,77600,20
2025-12-31,210734597,SENSEX2620579900PE,SENSEX,BFO,PE,2026-02-05,79900,20
2025-12-31,210735109,SENSEX2620584200CE,SENSEX,BFO,CE,2026-02-05,84200,20
2025-12-31,210735621,SENSEX2620587600PE,SENSEX,BFO,PE,2026-02-05,87600,20
2025-12-31,210735877,SENSEX2620589900PE,SENSEX,BFO,PE,2026-02-05,89900,20
2025-12-31,210736133,SENSEX2620580500CE,SENSEX,BFO,CE,2026-02-05,80500,20
2025-12-31,210736389,SENSEX2620583900PE,SENSEX,BFO,PE,2026-02-05,83900,20
2025-12-31,210736645,SENSEX2620590500CE,SENSEX,BFO,CE,2026-02-05,90500,20
2025-12-31,210737157,SENSEX2620592800CE,SENSEX,BFO,CE,2026-02-05,92800,20
2025-12-31,210738437,SENSEX2620588200PE,SENSEX,BFO,PE,2026-02-05,88200,20
2025-12-31,210738949,SENSEX2620577500CE,SENSEX,BFO,CE,2026-02-05,77500,20
2025-12-31,210739205,SENSEX2620579800CE,SENSEX,BFO,CE,2026-02-05,79800,20
2025-12-31,210739461,SENSEX2620582200PE,SENSEX,BFO,PE,2026-02-05,82200,20
2025-12-31,210739717,SENSEX2620584500PE,SENSEX,BFO,PE,2026-02-05,84500,20
2025-12-31,210740229,SENSEX2620580800PE,SENSEX,BFO,PE,2026-02-05,80800,20
2025-12-31,210740485,SENSEX2620585200CE,SENSEX,BFO,CE,2026-02-05,85200,20
2025-12-31,210740741,SENSEX2620587500CE,SENSEX,BFO,CE,2026-02-05,87500,20
2025-12-31,210740997,SENSEX2620589800CE,SENSEX,BFO,CE,2026-02-05,89800,20
2025-12-31,210741253,SENSEX2620592200PE,SENSEX,BFO,PE,2026-02-05,92200,20
2025-12-31,210741509,SENSEX2620581500CE,SENSEX,BFO,CE,2026-02-05,81500,20
2025-12-31,210741765,SENSEX2620583800CE,SENSEX,BFO,CE,2026-02-05,83800,20
2025-12-31,210742021,SENSEX2620590800PE,SENSEX,BFO,PE,2026-02-05,90800,20
2025-12-31,210742533,SENSEX2620579200PE,SENSEX,BFO,PE,2026-02-05,79200,20
2025-12-31,210743301,SENSEX2620577800PE,SENSEX,BFO,PE,2026-02-05,77800,20
2025-12-31,210743813,SENSEX2620589200PE,SENSEX,BFO,PE,2026-02-05,89200,20
2025-12-31,210744325,SENSEX2620582100CE,SENSEX,BFO,CE,2026-02-05,82100,20
2025-12-31,210744837,SENSEX2620585500PE,SENSEX,BFO,PE,2026-02-05,85500,20
2025-12-31,210745093,SENSEX2620587800PE,SENSEX,BFO,PE,2026-02-05,87800,20
2025-12-31,210745861,SENSEX2620581800PE,SENSEX,BFO,PE,2026-02-05,81800,20
2025-12-31,210746117,SENSEX2620592100CE,SENSEX,BFO,CE,2026-02-05,92100,20
2025-12-31,210746373,SENSEX2620590700CE,SENSEX,BFO,CE,2026-02-05,90700,20
2025-12-31,210746629,SENSEX2620579100CE,SENSEX,BFO,CE,2026-02-05,79100,20
2025-12-31,210747141,SENSEX2620586100PE,SENSEX,BFO,PE,2026-02-05,86100,20
2025-12-31,210747653,SENSEX2620577700CE,SENSEX,BFO,CE,2026-02-05,77700,20
2025-12-31,210747909,SENSEX2620580100PE,SENSEX,BFO,PE,2026-02-05,80100,20
2025-12-31,210748165,SENSEX2620582400PE,SENSEX,BFO,PE,2026-02-05,82400,20
2025-12-31,210748677,SENSEX2620589100CE,SENSEX,BFO,CE,2026-02-05,89100,20
2025-12-31,210748933,SENSEX2620583100CE,SENSEX,BFO,CE,2026-02-05,83100,20
2025-12-31,210749189,SENSEX2620585400CE,SENSEX,BFO,CE,2026-02-05,85400,20
2025-12-31,210749445,SENSEX2620587700CE,SENSEX,BFO,CE,2026-02-05,87700,20
2025-12-31,210749701,SENSEX2620590100PE,SENSEX,BFO,PE,2026-02-05,90100,20
2025-12-31,210749957,SENSEX2620592400PE,SENSEX,BFO,PE,2026-02-05,92400,20
2025-12-31,210750469,SENSEX2620581700CE,SENSEX,BFO,CE,2026-02-05,81700,20
2025-12-31,210750725,SENSEX2620593100CE,SENSEX,BFO,CE,2026-02-05,93100,20
2025-12-31,210750981,SENSEX2620577100PE,SENSEX,BFO,PE,2026-02-05,77100,20
2025-12-31,210751237,SENSEX2620579400PE,SENSEX,BFO,PE,2026-02-05,79400,20
2025-12-31,210751493,SENSEX2620591700CE,SENSEX,BFO,CE,2026-02-05,91700,20
2025-12-31,210752261,SENSEX2620587100PE,SENSEX,BFO,PE,2026-02-05,87100,20
2025-12-31,210752773,SENSEX2620589400PE,SENSEX,BFO,PE,2026-02-05,89400,20
2025-12-31,210753285,SENSEX2620583400PE,SENSEX,BFO,PE,2026-02-05,83400,20
2025-12-31,210753541,SENSEX2620585700PE,SENSEX,BFO,PE,2026-02-05,85700,20
2025-12-31,210753797,SENSEX2620590000CE,SENSEX,BFO,CE,2026-02-05,90000,20
2025-12-31,210754053,SENSEX2620592300CE,SENSEX,BFO,CE,2026-02-05,92300,20
2025-12-31,210755333,SENSEX2620577000CE,SENSEX,BFO,CE,2026-02-05,77000,20
2025-12-31,210755589,SENSEX2620579300CE,SENSEX,BFO,CE,2026-02-05,79300,20
2025-12-31,210755845,SENSEX2620584000PE,SENSEX,BFO,PE,2026-02-05,84000,20
2025-12-31,210756613,SENSEX2620577900CE,SENSEX,BFO,CE,2026-02-05,77900,20
2025-12-31,210756869,SENSEX2620580300PE,SENSEX,BFO,PE,2026-02-05,80300,20
2025-12-31,210757125,SENSEX2620587000CE,SENSEX,BFO,CE,2026-02-05,87000,20
2025-12-31,210757381,SENSEX2620589300CE,SENSEX,BFO,CE,2026-02-05,89300,20
2025-12-31,210758149,SENSEX2620581000CE,SENSEX,BFO,CE,2026-02-05,81000,20
2025-12-31,210758405,SENSEX2620583300CE,SENSEX,BFO,CE,2026-02-05,83300,20
2025-12-31,210758661,SENSEX2620585600CE,SENSEX,BFO,CE,2026-02-05,85600,20
2025-12-31,210758917,SENSEX2620587900CE,SENSEX,BFO,CE,2026-02-05,87900,20
2025-12-31,210759173,SENSEX2620590300PE,SENSEX,BFO,PE,2026-02-05,90300,20
2025-12-31,210759429,SENSEX2620592600PE,SENSEX,BFO,PE,2026-02-05,92600,20
2025-12-31,210759685,SENSEX2620581900CE,SENSEX,BFO,CE,2026-02-05,81900,20
2025-12-31,210759941,SENSEX2620591000CE,SENSEX,BFO,CE,2026-02-05,91000,20
2025-12-31,210761221,SENSEX2620577300PE,SENSEX,BFO,PE,2026-02-05,77300,20
2025-12-31,210761477,SENSEX2620579600PE,SENSEX,BFO,PE,2026-02-05,79600,20
2025-12-31,210761733,SENSEX2620591900CE,SENSEX,BFO,CE,2026-02-05,91900,20
2025-12-31,210763013,SENSEX2620585000PE,SENSEX,BFO,PE,2026-02-05,85000,20
2025-12-31,210763269,SENSEX2620587300PE,SENSEX,BFO,PE,2026-02-05,87300,20
2025-12-31,210763525,SENSEX2620589600PE,SENSEX,BFO,PE,2026-02-05,89600,20
2025-12-31,210763781,SENSEX2620581300PE,SENSEX,BFO,PE,2026-02-05,81300,20
2025-12-31,210764037,SENSEX2620583600PE,SENSEX,BFO,PE,2026-02-05,83600,20
2025-12-31,210764293,SENSEX2620585900PE,SENSEX,BFO,PE,2026-02-05,85900,20
2025-12-31,210766085,SENSEX2620577200CE,SENSEX,BFO,CE,2026-02-05,77200,20
2025-12-31,210766341,SENSEX2620579500CE,SENSEX,BFO,CE,2026-02-05,79500,20
2025-12-31,210767109,SENSEX2620587200CE,SENSEX,BFO,CE,2026-02-05,87200,20
2025-12-31,210767365,SENSEX2620589500CE,SENSEX,BFO,CE,2026-02-05,89500,20
2025-12-31,210767621,SENSEX2620581200CE,SENSEX,BFO,CE,2026-02-05,81200,20
2025-12-31,210767877,SENSEX2620583500CE,SENSEX,BFO,CE,2026-02-05,83500,20
2025-12-31,210768133,SENSEX2620585800CE,SENSEX,BFO,CE,2026-02-05,85800,20
2025-12-31,210768389,SENSEX2620590500PE,SENSEX,BFO,PE,2026-02-05,90500,20
2025-12-31,210769157,SENSEX2620591200CE,SENSEX,BFO,CE,2026-02-05,91200,20
2025-12-31,210769925,SENSEX2620577500PE,SENSEX,BFO,PE,2026-02-05,77500,20
2025-12-31,210770181,SENSEX2620579800PE,SENSEX,BFO,PE,2026-02-05,79800,20
2025-12-31,210770693,SENSEX2620585200PE,SENSEX,BFO,PE,2026-02-05,85200,20
2025-12-31,210770949,SENSEX2620587500PE,SENSEX,BFO,PE,2026-02-05,87500,20
2025-12-31,210771205,SENSEX2620589800PE,SENSEX,BFO,PE,2026-02-05,89800,20
2025-12-31,210771717,SENSEX2620581500PE,SENSEX,BFO,PE,2026-02-05,81500,20
2025-12-31,210771973,SENSEX2620583800PE,SENSEX,BFO,PE,2026-02-05,83800,20
2025-12-31,210772741,SENSEX2620591500PE,SENSEX,BFO,PE,2026-02-05,91500,20
2025-12-31,210774277,SENSEX2620577400CE,SENSEX,BFO,CE,2026-02-05,77400,20
2025-12-31,210774533,SENSEX2620579700CE,SENSEX,BFO,CE,2026-02-05,79700,20
2025-12-31,210775557,SENSEX2620585100CE,SENSEX,BFO,CE,2026-02-05,85100,20
2025-12-31,210775813,SENSEX2620587400CE,SENSEX,BFO,CE,2026-02-05,87400,20
2025-12-31,210776069,SENSEX2620589700CE,SENSEX,BFO,CE,2026-02-05,89700,20
2025-12-31,210776581,SENSEX2620581400CE,SENSEX,BFO,CE,2026-02-05,81400,20
2025-12-31,210776837,SENSEX2620583700CE,SENSEX,BFO,CE,2026-02-05,83700,20
2025-12-31,210777349,SENSEX2620579100PE,SENSEX,BFO,PE,2026-02-05,79100,20
2025-12-31,210777605,SENSEX2620591400CE,SENSEX,BFO,CE,2026-02-05,91400,20
2025-12-31,210778629,SENSEX2620577700PE,SENSEX,BFO,PE,2026-02-05,77700,20
2025-12-31,210778885,SENSEX2620589100PE,SENSEX,BFO,PE,2026-02-05,89100,20
2025-12-31,210779141,SENSEX2620578400CE,SENSEX,BFO,CE,2026-02-05,78400,20
2025-12-31,210779397,SENSEX2620583100PE,SENSEX,BFO,PE,2026-02-05,83100,20
2025-12-31,210779653,SENSEX2620585400PE,SENSEX,BFO,PE,2026-02-05,85400,20
2025-12-31,210779909,SENSEX2620587700PE,SENSEX,BFO,PE,2026-02-05,87700,20
2025-12-31,210780421,SENSEX2620581700PE,SENSEX,BFO,PE,2026-02-05,81700,20
2025-12-31,210780677,SENSEX2620593100PE,SENSEX,BFO,PE,2026-02-05,93100,20
2025-12-31,210780933,SENSEX2620591700PE,SENSEX,BFO,PE,2026-02-05,91700,20
2025-12-31,210781445,SENSEX2620579000CE,SENSEX,BFO,CE,2026-02-05,79000,20
2025-12-31,210782469,SENSEX2620589000CE,SENSEX,BFO,CE,2026-02-05,89000,20
2025-12-31,210782725,SENSEX2620583000CE,SENSEX,BFO,CE,2026-02-05,83000,20
2025-12-31,210782981,SENSEX2620585300CE,SENSEX,BFO,CE,2026-02-05,85300,20
2025-12-31,210783237,SENSEX2620587600CE,SENSEX,BFO,CE,2026-02-05,87600,20
2025-12-31,210783493,SENSEX2620589900CE,SENSEX,BFO,CE,2026-02-05,89900,20
2025-12-31,210784005,SENSEX2620581600CE,SENSEX,BFO,CE,2026-02-05,81600,20
2025-12-31,210784261,SENSEX2620583900CE,SENSEX,BFO,CE,2026-02-05,83900,20
2025-12-31,210784517,SENSEX2620593000CE,SENSEX,BFO,CE,2026-02-05,93000,20
2025-12-31,210785541,SENSEX2620577000PE,SENSEX,BFO,PE,2026-02-05,77000,20
2025-12-31,210785797,SENSEX2620579300PE,SENSEX,BFO,PE,2026-02-05,79300,20
2025-12-31,210786053,SENSEX2620591600CE,SENSEX,BFO,CE,2026-02-05,91600,20
2025-12-31,210787077,SENSEX2620577900PE,SENSEX,BFO,PE,2026-02-05,77900,20
2025-12-31,210787333,SENSEX2620587000PE,SENSEX,BFO,PE,2026-02-05,87000,20
2025-12-31,210787589,SENSEX2620589300PE,SENSEX,BFO,PE,2026-02-05,89300,20
2025-12-31,210788101,SENSEX2620578600CE,SENSEX,BFO,CE,2026-02-05,78600,20
2025-12-31,210788613,SENSEX2620581000PE,SENSEX,BFO,PE,2026-02-05,81000,20
2025-12-31,210788869,SENSEX2620583300PE,SENSEX,BFO,PE,2026-02-05,83300,20
2025-12-31,210789125,SENSEX2620585600PE,SENSEX,BFO,PE,2026-02-05,85600,20
2025-12-31,210789381,SENSEX2620587900PE,SENSEX,BFO,PE,2026-02-05,87900,20
2025-12-31,210789893,SENSEX2620581900PE,SENSEX,BFO,PE,2026-02-05,81900,20
2025-12-31,210790149,SENSEX2620588600CE,SENSEX,BFO,CE,2026-02-05,88600,20
2025-12-31,210790661,SENSEX2620591000PE,SENSEX,BFO,PE,2026-02-05,91000,20
2025-12-31,210791429,SENSEX2620584900CE,SENSEX,BFO,CE,2026-02-05,84900,20
2025-12-31,210791685,SENSEX2620591900PE,SENSEX,BFO,PE,2026-02-05,91900,20
2025-12-31,210792965,SENSEX2620578900PE,SENSEX,BFO,PE,2026-02-05,78900,20
2025-12-31,210793221,SENSEX2620589200CE,SENSEX,BFO,CE,2026-02-05,89200,20
2025-12-31,210793733,SENSEX2620583200CE,SENSEX,BFO,CE,2026-02-05,83200,20
2025-12-31,210793989,SENSEX2620585500CE,SENSEX,BFO,CE,2026-02-05,85500,20
2025-12-31,210794757,SENSEX2620581800CE,SENSEX,BFO,CE,2026-02-05,81800,20
2025-12-31,210795269,SENSEX2620577200PE,SENSEX,BFO,PE,2026-02-05,77200,20
2025-12-31,210795525,SENSEX2620579500PE,SENSEX,BFO,PE,2026-02-05,79500,20
2025-12-31,210795781,SENSEX2620591800CE,SENSEX,BFO,CE,2026-02-05,91800,20
2025-12-31,210796293,SENSEX2620587200PE,SENSEX,BFO,PE,2026-02-05,87200,20
2025-12-31,210796549,SENSEX2620589500PE,SENSEX,BFO,PE,2026-02-05,89500,20
2025-12-31,210797829,SENSEX2620578800CE,SENSEX,BFO,CE,2026-02-05,78800,20
2025-12-31,210798597,SENSEX2620581200PE,SENSEX,BFO,PE,2026-02-05,81200,20
2025-12-31,210798853,SENSEX2620583500PE,SENSEX,BFO,PE,2026-02-05,83500,20
2025-12-31,210799109,SENSEX2620585800PE,SENSEX,BFO,PE,2026-02-05,85800,20
2025-12-31,210799877,SENSEX2620586500CE,SENSEX,BFO,CE,2026-02-05,86500,20
2025-12-31,210800133,SENSEX2620588800CE,SENSEX,BFO,CE,2026-02-05,88800,20
2025-12-31,210800389,SENSEX2620591200PE,SENSEX,BFO,PE,2026-02-05,91200,20
2025-12-31,210801413,SENSEX2620582800CE,SENSEX,BFO,CE,2026-02-05,82800,20
2025-12-31,210801925,SENSEX2620578200PE,SENSEX,BFO,PE,2026-02-05,78200,20
2025-12-31,210802949,SENSEX2620587100CE,SENSEX,BFO,CE,2026-02-05,87100,20
2025-12-31,210803205,SENSEX2620581100CE,SENSEX,BFO,CE,2026-02-05,81100,20
2025-12-31,210803461,SENSEX2620583400CE,SENSEX,BFO,CE,2026-02-05,83400,20
2025-12-31,210803717,SENSEX2620586800PE,SENSEX,BFO,PE,2026-02-05,86800,20
2025-12-31,210804229,SENSEX2620591100CE,SENSEX,BFO,CE,2026-02-05,91100,20
2025-12-31,210806789,SENSEX2620578100CE,SENSEX,BFO,CE,2026-02-05,78100,20
2025-12-31,210807301,SENSEX2620585100PE,SENSEX,BFO,PE,2026-02-05,85100,20
2025-12-31,210807557,SENSEX2620587400PE,SENSEX,BFO,PE,2026-02-05,87400,20
2025-12-31,210808325,SENSEX2620581400PE,SENSEX,BFO,PE,2026-02-05,81400,20
2025-12-31,210808581,SENSEX2620583700PE,SENSEX,BFO,PE,2026-02-05,83700,20
2025-12-31,210808837,SENSEX2620588100CE,SENSEX,BFO,CE,2026-02-05,88100,20
2025-12-31,210809093,SENSEX2620584400CE,SENSEX,BFO,CE,2026-02-05,84400,20
2025-12-31,210809349,SENSEX2620586700CE,SENSEX,BFO,CE,2026-02-05,86700,20
2025-12-31,210809605,SENSEX2620591400PE,SENSEX,BFO,PE,2026-02-05,91400,20
2025-12-31,210810373,SENSEX2620580700CE,SENSEX,BFO,CE,2026-02-05,80700,20
2025-12-31,210972165,SENSEX2621288500PE,SENSEX,BFO,PE,2026-02-12,88500,20
2025-12-31,210978309,SENSEX2621277800CE,SENSEX,BFO,CE,2026-02-12,77800,20
2025-12-31,210980613,SENSEX2621280200PE,SENSEX,BFO,PE,2026-02-12,80200,20
2025-12-31,210981637,SENSEX2621282500PE,SENSEX,BFO,PE,2026-02-12,82500,20
2025-12-31,210982917,SENSEX2621284800PE,SENSEX,BFO,PE,2026-02-12,84800,20
2025-12-31,210983685,SENSEX2621289200CE,SENSEX,BFO,CE,2026-02-12,89200,20
2025-12-31,210992901,SENSEX2621285500CE,SENSEX,BFO,CE,2026-02-12,85500,20
2025-12-31,210993925,SENSEX2621287800CE,SENSEX,BFO,CE,2026-02-12,87800,20
2025-12-31,210995461,SENSEX2621290200PE,SENSEX,BFO,PE,2026-02-12,90200,20
2025-12-31,210996485,SENSEX2621292500PE,SENSEX,BFO,PE,2026-02-12,92500,20
2025-12-31,211004677,SENSEX2621281800CE,SENSEX,BFO,CE,2026-02-12,81800,20
2025-12-31,211021061,SENSEX2621279500PE,SENSEX,BFO,PE,2026-02-12,79500,20
2025-12-31,211033605,SENSEX2621286100CE,SENSEX,BFO,CE,2026-02-12,86100,20
2025-12-31,211043077,SENSEX2621280100CE,SENSEX,BFO,CE,2026-02-12,80100,20
2025-12-31,211044101,SENSEX2621282400CE,SENSEX,BFO,CE,2026-02-12,82400,20
2025-12-31,211059461,SENSEX2621290100CE,SENSEX,BFO,CE,2026-02-12,90100,20
2025-12-31,211060485,SENSEX2621292400CE,SENSEX,BFO,CE,2026-02-12,92400,20
2025-12-31,211083781,SENSEX2621279400CE,SENSEX,BFO,CE,2026-02-12,79400,20
2025-12-31,211088133,SENSEX2621284100PE,SENSEX,BFO,PE,2026-02-12,84100,20
2025-12-31,211089413,SENSEX2621286400PE,SENSEX,BFO,PE,2026-02-12,86400,20
2025-12-31,211091461,SENSEX2621288700PE,SENSEX,BFO,PE,2026-02-12,88700,20
2025-12-31,211099397,SENSEX2621280400PE,SENSEX,BFO,PE,2026-02-12,80400,20
2025-12-31,211100933,SENSEX2621282700PE,SENSEX,BFO,PE,2026-02-12,82700,20
2025-12-31,211102469,SENSEX2621287100CE,SENSEX,BFO,CE,2026-02-12,87100,20
2025-12-31,211103493,SENSEX2621289400CE,SENSEX,BFO,CE,2026-02-12,89400,20
2025-12-31,211112197,SENSEX2621283400CE,SENSEX,BFO,CE,2026-02-12,83400,20
2025-12-31,211114245,SENSEX2621285700CE,SENSEX,BFO,CE,2026-02-12,85700,20
2025-12-31,211117061,SENSEX2621290400PE,SENSEX,BFO,PE,2026-02-12,90400,20
2025-12-31,211118085,SENSEX2621292700PE,SENSEX,BFO,PE,2026-02-12,92700,20
2025-12-31,211140869,SENSEX2621277400PE,SENSEX,BFO,PE,2026-02-12,77400,20
2025-12-31,211142405,SENSEX2621279700PE,SENSEX,BFO,PE,2026-02-12,79700,20
2025-12-31,211154949,SENSEX2621284000CE,SENSEX,BFO,CE,2026-02-12,84000,20
2025-12-31,211161093,SENSEX2621287400PE,SENSEX,BFO,PE,2026-02-12,87400,20
2025-12-31,211161349,SENSEX2621289700PE,SENSEX,BFO,PE,2026-02-12,89700,20
2025-12-31,211165445,SENSEX2621280300CE,SENSEX,BFO,CE,2026-02-12,80300,20
2025-12-31,211170821,SENSEX2621283700PE,SENSEX,BFO,PE,2026-02-12,83700,20
2025-12-31,211182341,SENSEX2621290300CE,SENSEX,BFO,CE,2026-02-12,90300,20
2025-12-31,211183109,SENSEX2621292600CE,SENSEX,BFO,CE,2026-02-12,92600,20
2025-12-31,211198469,SENSEX2621288000PE,SENSEX,BFO,PE,2026-02-12,88000,20
2025-12-31,211203333,SENSEX2621277300CE,SENSEX,BFO,CE,2026-02-12,77300,20
2025-12-31,211204869,SENSEX2621279600CE,SENSEX,BFO,CE,2026-02-12,79600,20
2025-12-31,211207429,SENSEX2621282000PE,SENSEX,BFO,PE,2026-02-12,82000,20
2025-12-31,211208709,SENSEX2621284300PE,SENSEX,BFO,PE,2026-02-12,84300,20
2025-12-31,211209733,SENSEX2621286600PE,SENSEX,BFO,PE,2026-02-12,86600,20
2025-12-31,211222021,SENSEX2621280600PE,SENSEX,BFO,PE,2026-02-12,80600,20
2025-12-31,211223045,SENSEX2621282900PE,SENSEX,BFO,PE,2026-02-12,82900,20
2025-12-31,211223301,SENSEX2621285000CE,SENSEX,BFO,CE,2026-02-12,85000,20
2025-12-31,211224325,SENSEX2621287300CE,SENSEX,BFO,CE,2026-02-12,87300,20
2025-12-31,211226117,SENSEX2621289600CE,SENSEX,BFO,CE,2026-02-12,89600,20
2025-12-31,211228421,SENSEX2621292000PE,SENSEX,BFO,PE,2026-02-12,92000,20
2025-12-31,211236101,SENSEX2621281300CE,SENSEX,BFO,CE,2026-02-12,81300,20
2025-12-31,211236869,SENSEX2621283600CE,SENSEX,BFO,CE,2026-02-12,83600,20
2025-12-31,211239685,SENSEX2621285900CE,SENSEX,BFO,CE,2026-02-12,85900,20
2025-12-31,211244037,SENSEX2621290600PE,SENSEX,BFO,PE,2026-02-12,90600,20
2025-12-31,211245317,SENSEX2621292900PE,SENSEX,BFO,PE,2026-02-12,92900,20
2025-12-31,211254277,SENSEX2621279000PE,SENSEX,BFO,PE,2026-02-12,79000,20
2025-12-31,211264005,SENSEX2621277600PE,SENSEX,BFO,PE,2026-02-12,77600,20
2025-12-31,211264261,SENSEX2621279900PE,SENSEX,BFO,PE,2026-02-12,79900,20
2025-12-31,211267077,SENSEX2621289000PE,SENSEX,BFO,PE,2026-02-12,89000,20
2025-12-31,211277829,SENSEX2621285300PE,SENSEX,BFO,PE,2026-02-12,85300,20
2025-12-31,211279365,SENSEX2621287600PE,SENSEX,BFO,PE,2026-02-12,87600,20
2025-12-31,211279621,SENSEX2621289900PE,SENSEX,BFO,PE,2026-02-12,89900,20
2025-12-31,211289605,SENSEX2621281600PE,SENSEX,BFO,PE,2026-02-12,81600,20
2025-12-31,211291397,SENSEX2621283900PE,SENSEX,BFO,PE,2026-02-12,83900,20
2025-12-31,211302661,SENSEX2621290500CE,SENSEX,BFO,CE,2026-02-12,90500,20
2025-12-31,211321861,SENSEX2621277500CE,SENSEX,BFO,CE,2026-02-12,77500,20
2025-12-31,211323141,SENSEX2621279800CE,SENSEX,BFO,CE,2026-02-12,79800,20
2025-12-31,211325189,SENSEX2621282200PE,SENSEX,BFO,PE,2026-02-12,82200,20
2025-12-31,211337989,SENSEX2621285200CE,SENSEX,BFO,CE,2026-02-12,85200,20
2025-12-31,211339525,SENSEX2621287500CE,SENSEX,BFO,CE,2026-02-12,87500,20
2025-12-31,211340549,SENSEX2621289800CE,SENSEX,BFO,CE,2026-02-12,89800,20
2025-12-31,211343621,SENSEX2621292200PE,SENSEX,BFO,PE,2026-02-12,92200,20
2025-12-31,211350789,SENSEX2621281500CE,SENSEX,BFO,CE,2026-02-12,81500,20
2025-12-31,211351557,SENSEX2621283800CE,SENSEX,BFO,CE,2026-02-12,83800,20
2025-12-31,211356933,SENSEX2621290800PE,SENSEX,BFO,PE,2026-02-12,90800,20
2025-12-31,211366149,SENSEX2621279200PE,SENSEX,BFO,PE,2026-02-12,79200,20
2025-12-31,211367173,SENSEX2621291500CE,SENSEX,BFO,CE,2026-02-12,91500,20
2025-12-31,211376389,SENSEX2621277800PE,SENSEX,BFO,PE,2026-02-12,77800,20
2025-12-31,211380741,SENSEX2621289200PE,SENSEX,BFO,PE,2026-02-12,89200,20
2025-12-31,211390981,SENSEX2621283200PE,SENSEX,BFO,PE,2026-02-12,83200,20
2025-12-31,211392005,SENSEX2621285500PE,SENSEX,BFO,PE,2026-02-12,85500,20
2025-12-31,211392773,SENSEX2621287800PE,SENSEX,BFO,PE,2026-02-12,87800,20
2025-12-31,211403013,SENSEX2621281800PE,SENSEX,BFO,PE,2026-02-12,81800,20
2025-12-31,211403525,SENSEX2621292100CE,SENSEX,BFO,CE,2026-02-12,92100,20
2025-12-31,211417349,SENSEX2621291800PE,SENSEX,BFO,PE,2026-02-12,91800,20
2025-12-31,211422469,SENSEX2621279100CE,SENSEX,BFO,CE,2026-02-12,79100,20
2025-12-31,211432709,SENSEX2621277700CE,SENSEX,BFO,CE,2026-02-12,77700,20
2025-12-31,211433477,SENSEX2621280100PE,SENSEX,BFO,PE,2026-02-12,80100,20
2025-12-31,211436805,SENSEX2621289100CE,SENSEX,BFO,CE,2026-02-12,89100,20
2025-12-31,211444997,SENSEX2621283100CE,SENSEX,BFO,CE,2026-02-12,83100,20
2025-12-31,211446277,SENSEX2621285400CE,SENSEX,BFO,CE,2026-02-12,85400,20
2025-12-31,211447301,SENSEX2621287700CE,SENSEX,BFO,CE,2026-02-12,87700,20
2025-12-31,211450629,SENSEX2621290100PE,SENSEX,BFO,PE,2026-02-12,90100,20
2025-12-31,211452165,SENSEX2621292400PE,SENSEX,BFO,PE,2026-02-12,92400,20
2025-12-31,211458821,SENSEX2621281700CE,SENSEX,BFO,CE,2026-02-12,81700,20
2025-12-31,211473413,SENSEX2621279400PE,SENSEX,BFO,PE,2026-02-12,79400,20
2025-12-31,211474437,SENSEX2621291700CE,SENSEX,BFO,CE,2026-02-12,91700,20
2025-12-31,211489029,SENSEX2621287100PE,SENSEX,BFO,PE,2026-02-12,87100,20
2025-12-31,211490053,SENSEX2621289400PE,SENSEX,BFO,PE,2026-02-12,89400,20
2025-12-31,211498245,SENSEX2621281100PE,SENSEX,BFO,PE,2026-02-12,81100,20
2025-12-31,211499781,SENSEX2621283400PE,SENSEX,BFO,PE,2026-02-12,83400,20
2025-12-31,211501317,SENSEX2621285700PE,SENSEX,BFO,PE,2026-02-12,85700,20
2025-12-31,211514629,SENSEX2621290000CE,SENSEX,BFO,CE,2026-02-12,90000,20
2025-12-31,211539973,SENSEX2621279300CE,SENSEX,BFO,CE,2026-02-12,79300,20
2025-12-31,211553285,SENSEX2621277900CE,SENSEX,BFO,CE,2026-02-12,77900,20
2025-12-31,211558405,SENSEX2621287000CE,SENSEX,BFO,CE,2026-02-12,87000,20
2025-12-31,211558661,SENSEX2621289300CE,SENSEX,BFO,CE,2026-02-12,89300,20
2025-12-31,211569413,SENSEX2621281000CE,SENSEX,BFO,CE,2026-02-12,81000,20
2025-12-31,211569925,SENSEX2621283300CE,SENSEX,BFO,CE,2026-02-12,83300,20
2025-12-31,211571717,SENSEX2621285600CE,SENSEX,BFO,CE,2026-02-12,85600,20
2025-12-31,211572741,SENSEX2621287900CE,SENSEX,BFO,CE,2026-02-12,87900,20
2025-12-31,211575813,SENSEX2621290300PE,SENSEX,BFO,PE,2026-02-12,90300,20
2025-12-31,211581957,SENSEX2621281900CE,SENSEX,BFO,CE,2026-02-12,81900,20
2025-12-31,211585541,SENSEX2621291000CE,SENSEX,BFO,CE,2026-02-12,91000,20
2025-12-31,211595013,SENSEX2621277300PE,SENSEX,BFO,PE,2026-02-12,77300,20
2025-12-31,211595269,SENSEX2621279600PE,SENSEX,BFO,PE,2026-02-12,79600,20
2025-12-31,211596549,SENSEX2621291900CE,SENSEX,BFO,CE,2026-02-12,91900,20
2025-12-31,211609605,SENSEX2621285000PE,SENSEX,BFO,PE,2026-02-12,85000,20
2025-12-31,211610885,SENSEX2621287300PE,SENSEX,BFO,PE,2026-02-12,87300,20
2025-12-31,211611909,SENSEX2621289600PE,SENSEX,BFO,PE,2026-02-12,89600,20
2025-12-31,211620101,SENSEX2621278900CE,SENSEX,BFO,CE,2026-02-12,78900,20
2025-12-31,211621893,SENSEX2621281300PE,SENSEX,BFO,PE,2026-02-12,81300,20
2025-12-31,211622661,SENSEX2621283600PE,SENSEX,BFO,PE,2026-02-12,83600,20
2025-12-31,211623173,SENSEX2621285900PE,SENSEX,BFO,PE,2026-02-12,85900,20
2025-12-31,211639045,SENSEX2621291300PE,SENSEX,BFO,PE,2026-02-12,91300,20
2025-12-31,211658245,SENSEX2621277200CE,SENSEX,BFO,CE,2026-02-12,77200,20
2025-12-31,211659013,SENSEX2621279500CE,SENSEX,BFO,CE,2026-02-12,79500,20
2025-12-31,211675653,SENSEX2621287200CE,SENSEX,BFO,CE,2026-02-12,87200,20
2025-12-31,211676421,SENSEX2621289500CE,SENSEX,BFO,CE,2026-02-12,89500,20
2025-12-31,211683589,SENSEX2621281200CE,SENSEX,BFO,CE,2026-02-12,81200,20
2025-12-31,211685125,SENSEX2621283500CE,SENSEX,BFO,CE,2026-02-12,83500,20
2025-12-31,211686917,SENSEX2621285800CE,SENSEX,BFO,CE,2026-02-12,85800,20
2025-12-31,211700485,SENSEX2621291200CE,SENSEX,BFO,CE,2026-02-12,91200,20
2025-12-31,211709957,SENSEX2621277500PE,SENSEX,BFO,PE,2026-02-12,77500,20
2025-12-31,211710213,SENSEX2621279800PE,SENSEX,BFO,PE,2026-02-12,79800,20
2025-12-31,211728645,SENSEX2621285200PE,SENSEX,BFO,PE,2026-02-12,85200,20
2025-12-31,211730181,SENSEX2621287500PE,SENSEX,BFO,PE,2026-02-12,87500,20
2025-12-31,211731461,SENSEX2621289800PE,SENSEX,BFO,PE,2026-02-12,89800,20
2025-12-31,211737605,SENSEX2621281500PE,SENSEX,BFO,PE,2026-02-12,81500,20
2025-12-31,211738629,SENSEX2621283800PE,SENSEX,BFO,PE,2026-02-12,83800,20
2025-12-31,211752197,SENSEX2621291500PE,SENSEX,BFO,PE,2026-02-12,91500,20
2025-12-31,211769349,SENSEX2621277400CE,SENSEX,BFO,CE,2026-02-12,77400,20
2025-12-31,211784965,SENSEX2621285100CE,SENSEX,BFO,CE,2026-02-12,85100,20
2025-12-31,211786501,SENSEX2621287400CE,SENSEX,BFO,CE,2026-02-12,87400,20
2025-12-31,211787781,SENSEX2621289700CE,SENSEX,BFO,CE,2026-02-12,89700,20
2025-12-31,211796229,SENSEX2621281400CE,SENSEX,BFO,CE,2026-02-12,81400,20
2025-12-31,211796741,SENSEX2621283700CE,SENSEX,BFO,CE,2026-02-12,83700,20
2025-12-31,211811333,SENSEX2621279100PE,SENSEX,BFO,PE,2026-02-12,79100,20
2025-12-31,211812101,SENSEX2621291400CE,SENSEX,BFO,CE,2026-02-12,91400,20
2025-12-31,211821317,SENSEX2621277700PE,SENSEX,BFO,PE,2026-02-12,77700,20
2025-12-31,211826181,SENSEX2621289100PE,SENSEX,BFO,PE,2026-02-12,89100,20
2025-12-31,211833861,SENSEX2621278400CE,SENSEX,BFO,CE,2026-02-12,78400,20
2025-12-31,211836165,SENSEX2621283100PE,SENSEX,BFO,PE,2026-02-12,83100,20
2025-12-31,211837445,SENSEX2621285400PE,SENSEX,BFO,PE,2026-02-12,85400,20
2025-12-31,211838981,SENSEX2621287700PE,SENSEX,BFO,PE,2026-02-12,87700,20
2025-12-31,211846405,SENSEX2621281700PE,SENSEX,BFO,PE,2026-02-12,81700,20
2025-12-31,211847685,SENSEX2621288400CE,SENSEX,BFO,CE,2026-02-12,88400,20
2025-12-31,211857669,SENSEX2621284700CE,SENSEX,BFO,CE,2026-02-12,84700,20
2025-12-31,211860485,SENSEX2621291700PE,SENSEX,BFO,PE,2026-02-12,91700,20
2025-12-31,211887109,SENSEX2621278700PE,SENSEX,BFO,PE,2026-02-12,78700,20
2025-12-31,211888133,SENSEX2621289000CE,SENSEX,BFO,CE,2026-02-12,89000,20
2025-12-31,211899141,SENSEX2621283000CE,SENSEX,BFO,CE,2026-02-12,83000,20
2025-12-31,211899653,SENSEX2621285300CE,SENSEX,BFO,CE,2026-02-12,85300,20
2025-12-31,211900677,SENSEX2621287600CE,SENSEX,BFO,CE,2026-02-12,87600,20
2025-12-31,211910149,SENSEX2621281600CE,SENSEX,BFO,CE,2026-02-12,81600,20
2025-12-31,211911173,SENSEX2621283900CE,SENSEX,BFO,CE,2026-02-12,83900,20
2025-12-31,211926533,SENSEX2621279300PE,SENSEX,BFO,PE,2026-02-12,79300,20
2025-12-31,211927813,SENSEX2621291600CE,SENSEX,BFO,CE,2026-02-12,91600,20
2025-12-31,211944709,SENSEX2621287000PE,SENSEX,BFO,PE,2026-02-12,87000,20
2025-12-31,211945221,SENSEX2621289300PE,SENSEX,BFO,PE,2026-02-12,89300,20
2025-12-31,211955973,SENSEX2621278600CE,SENSEX,BFO,CE,2026-02-12,78600,20
2025-12-31,211957253,SENSEX2621281000PE,SENSEX,BFO,PE,2026-02-12,81000,20
2025-12-31,211958533,SENSEX2621283300PE,SENSEX,BFO,PE,2026-02-12,83300,20
2025-12-31,211959557,SENSEX2621285600PE,SENSEX,BFO,PE,2026-02-12,85600,20
2025-12-31,211960581,SENSEX2621287900PE,SENSEX,BFO,PE,2026-02-12,87900,20
2025-12-31,211969797,SENSEX2621281900PE,SENSEX,BFO,PE,2026-02-12,81900,20
2025-12-31,211971589,SENSEX2621286300CE,SENSEX,BFO,CE,2026-02-12,86300,20
2025-12-31,211972357,SENSEX2621288600CE,SENSEX,BFO,CE,2026-02-12,88600,20
2025-12-31,211974661,SENSEX2621291000PE,SENSEX,BFO,PE,2026-02-12,91000,20
2025-12-31,211980293,SENSEX2621282600CE,SENSEX,BFO,CE,2026-02-12,82600,20
2025-12-31,211982085,SENSEX2621284900CE,SENSEX,BFO,CE,2026-02-12,84900,20
2025-12-31,211986181,SENSEX2621291900PE,SENSEX,BFO,PE,2026-02-12,91900,20
2025-12-31,211995397,SENSEX2621278000PE,SENSEX,BFO,PE,2026-02-12,78000,20
2025-12-31,212010757,SENSEX2621278900PE,SENSEX,BFO,PE,2026-02-12,78900,20
2025-12-31,212018693,SENSEX2621283200CE,SENSEX,BFO,CE,2026-02-12,83200,20
2025-12-31,212024837,SENSEX2621288900PE,SENSEX,BFO,PE,2026-02-12,88900,20
2025-12-31,212045317,SENSEX2621277200PE,SENSEX,BFO,PE,2026-02-12,77200,20
2025-12-31,212046085,SENSEX2621291800CE,SENSEX,BFO,CE,2026-02-12,91800,20
2025-12-31,212061701,SENSEX2621287200PE,SENSEX,BFO,PE,2026-02-12,87200,20
2025-12-31,212062725,SENSEX2621289500PE,SENSEX,BFO,PE,2026-02-12,89500,20
2025-12-31,212068869,SENSEX2621278800CE,SENSEX,BFO,CE,2026-02-12,78800,20
2025-12-31,212071941,SENSEX2621281200PE,SENSEX,BFO,PE,2026-02-12,81200,20
2025-12-31,212073989,SENSEX2621283500PE,SENSEX,BFO,PE,2026-02-12,83500,20
2025-12-31,212075781,SENSEX2621285800PE,SENSEX,BFO,PE,2026-02-12,85800,20
2025-12-31,212086021,SENSEX2621284200CE,SENSEX,BFO,CE,2026-02-12,84200,20
2025-12-31,212087557,SENSEX2621286500CE,SENSEX,BFO,CE,2026-02-12,86500,20
2025-12-31,212088581,SENSEX2621288800CE,SENSEX,BFO,CE,2026-02-12,88800,20
2025-12-31,212090629,SENSEX2621291200PE,SENSEX,BFO,PE,2026-02-12,91200,20
2025-12-31,212098309,SENSEX2621280500CE,SENSEX,BFO,CE,2026-02-12,80500,20
2025-12-31,212099077,SENSEX2621282800CE,SENSEX,BFO,CE,2026-02-12,82800,20
2025-12-31,212110853,SENSEX2621278200PE,SENSEX,BFO,PE,2026-02-12,78200,20
2025-12-31,212112645,SENSEX2621292800CE,SENSEX,BFO,CE,2026-02-12,92800,20
2025-12-31,212125957,SENSEX2621288200PE,SENSEX,BFO,PE,2026-02-12,88200,20
2025-12-31,212132613,SENSEX2621281100CE,SENSEX,BFO,CE,2026-02-12,81100,20
2025-12-31,212139269,SENSEX2621284500PE,SENSEX,BFO,PE,2026-02-12,84500,20
2025-12-31,212140037,SENSEX2621286800PE,SENSEX,BFO,PE,2026-02-12,86800,20
2025-12-31,212151045,SENSEX2621280800PE,SENSEX,BFO,PE,2026-02-12,80800,20
2025-12-31,212151557,SENSEX2621291100CE,SENSEX,BFO,CE,2026-02-12,91100,20
2025-12-31,212171269,SENSEX2621278100CE,SENSEX,BFO,CE,2026-02-12,78100,20
2025-12-31,212174597,SENSEX2621285100PE,SENSEX,BFO,PE,2026-02-12,85100,20
2025-12-31,212186373,SENSEX2621281400PE,SENSEX,BFO,PE,2026-02-12,81400,20
2025-12-31,212188165,SENSEX2621288100CE,SENSEX,BFO,CE,2026-02-12,88100,20
2025-12-31,212198661,SENSEX2621282100CE,SENSEX,BFO,CE,2026-02-12,82100,20
2025-12-31,212200709,SENSEX2621284400CE,SENSEX,BFO,CE,2026-02-12,84400,20
2025-12-31,212202757,SENSEX2621286700CE,SENSEX,BFO,CE,2026-02-12,86700,20
2025-12-31,212205061,SENSEX2621291400PE,SENSEX,BFO,PE,2026-02-12,91400,20
2025-12-31,212212485,SENSEX2621280700CE,SENSEX,BFO,CE,2026-02-12,80700,20
2025-12-31,212227589,SENSEX2621278400PE,SENSEX,BFO,PE,2026-02-12,78400,20
2025-12-31,212228357,SENSEX2621290700CE,SENSEX,BFO,CE,2026-02-12,90700,20
2025-12-31,212241669,SENSEX2621286100PE,SENSEX,BFO,PE,2026-02-12,86100,20
2025-12-31,212242437,SENSEX2621288400PE,SENSEX,BFO,PE,2026-02-12,88400,20
2025-12-31,212254213,SENSEX2621282400PE,SENSEX,BFO,PE,2026-02-12,82400,20
2025-12-31,212256005,SENSEX2621284700PE,SENSEX,BFO,PE,2026-02-12,84700,20
2025-12-31,212268293,SENSEX2621291300CE,SENSEX,BFO,CE,2026-02-12,91300,20
2025-12-31,212291077,SENSEX2621278300CE,SENSEX,BFO,CE,2026-02-12,78300,20
2025-12-31,212294661,SENSEX2621283000PE,SENSEX,BFO,PE,2026-02-12,83000,20
2025-12-31,212307717,SENSEX2621286000CE,SENSEX,BFO,CE,2026-02-12,86000,20
2025-12-31,212309253,SENSEX2621288300CE,SENSEX,BFO,CE,2026-02-12,88300,20
2025-12-31,212320005,SENSEX2621280000CE,SENSEX,BFO,CE,2026-02-12,80000,20
2025-12-31,212320773,SENSEX2621282300CE,SENSEX,BFO,CE,2026-02-12,82300,20
2025-12-31,212323077,SENSEX2621284600CE,SENSEX,BFO,CE,2026-02-12,84600,20
2025-12-31,212323589,SENSEX2621286900CE,SENSEX,BFO,CE,2026-02-12,86900,20
2025-12-31,212326917,SENSEX2621291600PE,SENSEX,BFO,PE,2026-02-12,91600,20
2025-12-31,212332805,SENSEX2621280900CE,SENSEX,BFO,CE,2026-02-12,80900,20
2025-12-31,212336645,SENSEX2621292300CE,SENSEX,BFO,CE,2026-02-12,92300,20
2025-12-31,212346373,SENSEX2621278600PE,SENSEX,BFO,PE,2026-02-12,78600,20
2025-12-31,212347397,SENSEX2621290900CE,SENSEX,BFO,CE,2026-02-12,90900,20
2025-12-31,212487685,SENSEX2621284000PE,SENSEX,BFO,PE,2026-02-12,84000,20
2025-12-31,212489221,SENSEX2621286300PE,SENSEX,BFO,PE,2026-02-12,86300,20
2025-12-31,212490245,SENSEX2621288600PE,SENSEX,BFO,PE,2026-02-12,88600,20
2025-12-31,212499973,SENSEX2621280300PE,SENSEX,BFO,PE,2026-02-12,80300,20
2025-12-31,212501253,SENSEX2621282600PE,SENSEX,BFO,PE,2026-02-12,82600,20
2025-12-31,212503045,SENSEX2621284900PE,SENSEX,BFO,PE,2026-02-12,84900,20
2025-12-31,212519173,SENSEX2621292600PE,SENSEX,BFO,PE,2026-02-12,92600,20
2025-12-31,212535557,SENSEX2621278500CE,SENSEX,BFO,CE,2026-02-12,78500,20
2025-12-31,212553477,SENSEX2621286200CE,SENSEX,BFO,CE,2026-02-12,86200,20
2025-12-31,212555269,SENSEX2621288500CE,SENSEX,BFO,CE,2026-02-12,88500,20
2025-12-31,212564997,SENSEX2621280200CE,SENSEX,BFO,CE,2026-02-12,80200,20
2025-12-31,212565509,SENSEX2621282500CE,SENSEX,BFO,CE,2026-02-12,82500,20
2025-12-31,212567557,SENSEX2621284800CE,SENSEX,BFO,CE,2026-02-12,84800,20
2025-12-31,212581381,SENSEX2621290200CE,SENSEX,BFO,CE,2026-02-12,90200,20
2025-12-31,212582149,SENSEX2621292500CE,SENSEX,BFO,CE,2026-02-12,92500,20
2025-12-31,212593157,SENSEX2621278800PE,SENSEX,BFO,PE,2026-02-12,78800,20
2025-12-31,212607493,SENSEX2621284200PE,SENSEX,BFO,PE,2026-02-12,84200,20
2025-12-31,212608261,SENSEX2621286500PE,SENSEX,BFO,PE,2026-02-12,86500,20
2025-12-31,212609029,SENSEX2621288800PE,SENSEX,BFO,PE,2026-02-12,88800,20
2025-12-31,212618501,SENSEX2621280500PE,SENSEX,BFO,PE,2026-02-12,80500,20
2025-12-31,212619525,SENSEX2621282800PE,SENSEX,BFO,PE,2026-02-12,82800,20
2025-12-31,212635141,SENSEX2621290500PE,SENSEX,BFO,PE,2026-02-12,90500,20
2025-12-31,212636677,SENSEX2621292800PE,SENSEX,BFO,PE,2026-02-12,92800,20
2025-12-31,212653061,SENSEX2621278700CE,SENSEX,BFO,CE,2026-02-12,78700,20
2025-12-31,212667397,SENSEX2621284100CE,SENSEX,BFO,CE,2026-02-12,84100,20
2025-12-31,212668165,SENSEX2621286400CE,SENSEX,BFO,CE,2026-02-12,86400,20
2025-12-31,212669445,SENSEX2621288700CE,SENSEX,BFO,CE,2026-02-12,88700,20
2025-12-31,212670981,SENSEX2621291100PE,SENSEX,BFO,PE,2026-02-12,91100,20
2025-12-31,212677125,SENSEX2621280400CE,SENSEX,BFO,CE,2026-02-12,80400,20
2025-12-31,212677893,SENSEX2621282700CE,SENSEX,BFO,CE,2026-02-12,82700,20
2025-12-31,212690693,SENSEX2621278100PE,SENSEX,BFO,PE,2026-02-12,78100,20
2025-12-31,212691461,SENSEX2621290400CE,SENSEX,BFO,CE,2026-02-12,90400,20
2025-12-31,212692229,SENSEX2621292700CE,SENSEX,BFO,CE,2026-02-12,92700,20
2025-12-31,212707333,SENSEX2621288100PE,SENSEX,BFO,PE,2026-02-12,88100,20
2025-12-31,212714757,SENSEX2621279700CE,SENSEX,BFO,CE,2026-02-12,79700,20
2025-12-31,212716549,SENSEX2621282100PE,SENSEX,BFO,PE,2026-02-12,82100,20
2025-12-31,212717317,SENSEX2621284400PE,SENSEX,BFO,PE,2026-02-12,84400,20
2025-12-31,212718341,SENSEX2621286700PE,SENSEX,BFO,PE,2026-02-12,86700,20
2025-12-31,212728837,SENSEX2621280700PE,SENSEX,BFO,PE,2026-02-12,80700,20
2025-12-31,212733189,SENSEX2621292100PE,SENSEX,BFO,PE,2026-02-12,92100,20
2025-12-31,212744197,SENSEX2621290700PE,SENSEX,BFO,PE,2026-02-12,90700,20
2025-12-31,212752645,SENSEX2621278000CE,SENSEX,BFO,CE,2026-02-12,78000,20
2025-12-31,212772101,SENSEX2621288000CE,SENSEX,BFO,CE,2026-02-12,88000,20
2025-12-31,212785669,SENSEX2621282000CE,SENSEX,BFO,CE,2026-02-12,82000,20
2025-12-31,212786949,SENSEX2621284300CE,SENSEX,BFO,CE,2026-02-12,84300,20
2025-12-31,212788485,SENSEX2621286600CE,SENSEX,BFO,CE,2026-02-12,86600,20
2025-12-31,212789765,SENSEX2621288900CE,SENSEX,BFO,CE,2026-02-12,88900,20
2025-12-31,212800517,SENSEX2621280600CE,SENSEX,BFO,CE,2026-02-12,80600,20
2025-12-31,212801029,SENSEX2621282900CE,SENSEX,BFO,CE,2026-02-12,82900,20
2025-12-31,212804101,SENSEX2621292000CE,SENSEX,BFO,CE,2026-02-12,92000,20
2025-12-31,212815621,SENSEX2621278300PE,SENSEX,BFO,PE,2026-02-12,78300,20
2025-12-31,212816389,SENSEX2621290600CE,SENSEX,BFO,CE,2026-02-12,90600,20
2025-12-31,212817157,SENSEX2621292900CE,SENSEX,BFO,CE,2026-02-12,92900,20
2025-12-31,212830213,SENSEX2621279000CE,SENSEX,BFO,CE,2026-02-12,79000,20
2025-12-31,212834565,SENSEX2621286000PE,SENSEX,BFO,PE,2026-02-12,86000,20
2025-12-31,212835845,SENSEX2621288300PE,SENSEX,BFO,PE,2026-02-12,88300,20
2025-12-31,212843013,SENSEX2621277600CE,SENSEX,BFO,CE,2026-02-12,77600,20
2025-12-31,212844805,SENSEX2621279900CE,SENSEX,BFO,CE,2026-02-12,79900,20
2025-12-31,212845829,SENSEX2621280000PE,SENSEX,BFO,PE,2026-02-12,80000,20
2025-12-31,212846597,SENSEX2621282300PE,SENSEX,BFO,PE,2026-02-12,82300,20
2025-12-31,212847365,SENSEX2621284600PE,SENSEX,BFO,PE,2026-02-12,84600,20
2025-12-31,212847621,SENSEX2621286900PE,SENSEX,BFO,PE,2026-02-12,86900,20
2025-12-31,212854277,SENSEX2621280900PE,SENSEX,BFO,PE,2026-02-12,80900,20
2025-12-31,212859141,SENSEX2621289900CE,SENSEX,BFO,CE,2026-02-12,89900,20
2025-12-31,212860165,SENSEX2621290000PE,SENSEX,BFO,PE,2026-02-12,90000,20
2025-12-31,212861445,SENSEX2621292300PE,SENSEX,BFO,PE,2026-02-12,92300,20
2025-12-31,212873221,SENSEX2621290900PE,SENSEX,BFO,PE,2026-02-12,90900,20
2025-12-31,212879109,SENSEX2621278200CE,SENSEX,BFO,CE,2026-02-12,78200,20
2025-12-31,212896005,SENSEX2621277900PE,SENSEX,BFO,PE,2026-02-12,77900,20
2025-12-31,212896261,SENSEX2621288200CE,SENSEX,BFO,CE,2026-02-12,88200,20
2025-12-31,212905221,SENSEX2621282200CE,SENSEX,BFO,CE,2026-02-12,82200,20
2025-12-31,212907269,SENSEX2621284500CE,SENSEX,BFO,CE,2026-02-12,84500,20
2025-12-31,212908549,SENSEX2621286800CE,SENSEX,BFO,CE,2026-02-12,86800,20
2025-12-31,212918533,SENSEX2621280800CE,SENSEX,BFO,CE,2026-02-12,80800,20
2025-12-31,212923653,SENSEX2621292200CE,SENSEX,BFO,CE,2026-02-12,92200,20
2025-12-31,212936965,SENSEX2621278500PE,SENSEX,BFO,PE,2026-02-12,78500,20
2025-12-31,212937221,SENSEX2621290800CE,SENSEX,BFO,CE,2026-02-12,90800,20
2025-12-31,212946181,SENSEX2621279200CE,SENSEX,BFO,CE,2026-02-12,79200,20
2025-12-31,212951813,SENSEX2621286200PE,SENSEX,BFO,PE,2026-02-12,86200,20
2025-12-31,297389573,SENSEX26FEB92200PE,SENSEX,BFO,PE,2026-02-26,92200,20
2025-12-31,297400581,SENSEX26FEB90800PE,SENSEX,BFO,PE,2026-02-26,90800,20
2025-12-31,297420549,SENSEX26FEB88100CE,SENSEX,BFO,CE,2026-02-26,88100,20
2025-12-31,297430277,SENSEX26FEB82100CE,SENSEX,BFO,CE,2026-02-26,82100,20
2025-12-31,297431301,SENSEX26FEB84400CE,SENSEX,BFO,CE,2026-02-26,84400,20
2025-12-31,297433093,SENSEX26FEB86700CE,SENSEX,BFO,CE,2026-02-26,86700,20
2025-12-31,297436165,SENSEX26FEB91400PE,SENSEX,BFO,PE,2026-02-26,91400,20
2025-12-31,297444357,SENSEX26FEB80700CE,SENSEX,BFO,CE,2026-02-26,80700,20
2025-12-31,297449989,SENSEX26FEB92100CE,SENSEX,BFO,CE,2026-02-26,92100,20
2025-12-31,297459205,SENSEX26FEB78400PE,SENSEX,BFO,PE,2026-02-26,78400,20
2025-12-31,297459973,SENSEX26FEB90700CE,SENSEX,BFO,CE,2026-02-26,90700,20
2025-12-31,297473797,SENSEX26FEB86100PE,SENSEX,BFO,PE,2026-02-26,86100,20
2025-12-31,297474821,SENSEX26FEB88400PE,SENSEX,BFO,PE,2026-02-26,88400,20
2025-12-31,297483269,SENSEX26FEB80100PE,SENSEX,BFO,PE,2026-02-26,80100,20
2025-12-31,297484805,SENSEX26FEB82400PE,SENSEX,BFO,PE,2026-02-26,82400,20
2025-12-31,297485829,SENSEX26FEB84700PE,SENSEX,BFO,PE,2026-02-26,84700,20
2025-12-31,297500677,SENSEX26FEB90100PE,SENSEX,BFO,PE,2026-02-26,90100,20
2025-12-31,297501701,SENSEX26FEB92400PE,SENSEX,BFO,PE,2026-02-26,92400,20
2025-12-31,297521413,SENSEX26FEB78300CE,SENSEX,BFO,CE,2026-02-26,78300,20
2025-12-31,297541893,SENSEX26FEB86000CE,SENSEX,BFO,CE,2026-02-26,86000,20
2025-12-31,297543685,SENSEX26FEB88300CE,SENSEX,BFO,CE,2026-02-26,88300,20
2025-12-31,297552389,SENSEX26FEB80000CE,SENSEX,BFO,CE,2026-02-26,80000,20
2025-12-31,297553669,SENSEX26FEB82300CE,SENSEX,BFO,CE,2026-02-26,82300,20
2025-12-31,297554181,SENSEX26FEB84600CE,SENSEX,BFO,CE,2026-02-26,84600,20
2025-12-31,297554949,SENSEX26FEB86900CE,SENSEX,BFO,CE,2026-02-26,86900,20
2025-12-31,297563653,SENSEX26FEB80900CE,SENSEX,BFO,CE,2026-02-26,80900,20
2025-12-31,297569797,SENSEX26FEB90000CE,SENSEX,BFO,CE,2026-02-26,90000,20
2025-12-31,297570565,SENSEX26FEB92300CE,SENSEX,BFO,CE,2026-02-26,92300,20
2025-12-31,297580549,SENSEX26FEB78600PE,SENSEX,BFO,PE,2026-02-26,78600,20
2025-12-31,297580805,SENSEX26FEB90900CE,SENSEX,BFO,CE,2026-02-26,90900,20
2025-12-31,297595909,SENSEX26FEB79300CE,SENSEX,BFO,CE,2026-02-26,79300,20
2025-12-31,297598725,SENSEX26FEB84000PE,SENSEX,BFO,PE,2026-02-26,84000,20
2025-12-31,297600261,SENSEX26FEB86300PE,SENSEX,BFO,PE,2026-02-26,86300,20
2025-12-31,297601541,SENSEX26FEB88600PE,SENSEX,BFO,PE,2026-02-26,88600,20
2025-12-31,297608197,SENSEX26FEB80300PE,SENSEX,BFO,PE,2026-02-26,80300,20
2025-12-31,297609221,SENSEX26FEB82600PE,SENSEX,BFO,PE,2026-02-26,82600,20
2025-12-31,297611013,SENSEX26FEB84900PE,SENSEX,BFO,PE,2026-02-26,84900,20
2025-12-31,297625861,SENSEX26FEB87900CE,SENSEX,BFO,CE,2026-02-26,87900,20
2025-12-31,297629189,SENSEX26FEB90300PE,SENSEX,BFO,PE,2026-02-26,90300,20
2025-12-31,297630469,SENSEX26FEB92600PE,SENSEX,BFO,PE,2026-02-26,92600,20
2025-12-31,297665029,SENSEX26FEB86200CE,SENSEX,BFO,CE,2026-02-26,86200,20
2025-12-31,297665797,SENSEX26FEB88500CE,SENSEX,BFO,CE,2026-02-26,88500,20
2025-12-31,297678085,SENSEX26FEB80200CE,SENSEX,BFO,CE,2026-02-26,80200,20
2025-12-31,297679877,SENSEX26FEB82500CE,SENSEX,BFO,CE,2026-02-26,82500,20
2025-12-31,297680645,SENSEX26FEB84800CE,SENSEX,BFO,CE,2026-02-26,84800,20
2025-12-31,297691141,SENSEX26FEB90200CE,SENSEX,BFO,CE,2026-02-26,90200,20
2025-12-31,297691909,SENSEX26FEB92500CE,SENSEX,BFO,CE,2026-02-26,92500,20
2025-12-31,297702405,SENSEX26FEB78800PE,SENSEX,BFO,PE,2026-02-26,78800,20
2025-12-31,297717509,SENSEX26FEB79500CE,SENSEX,BFO,CE,2026-02-26,79500,20
2025-12-31,297721605,SENSEX26FEB84200PE,SENSEX,BFO,PE,2026-02-26,84200,20
2025-12-31,297722373,SENSEX26FEB86500PE,SENSEX,BFO,PE,2026-02-26,86500,20
2025-12-31,297723141,SENSEX26FEB88800PE,SENSEX,BFO,PE,2026-02-26,88800,20
2025-12-31,297731333,SENSEX26FEB80500PE,SENSEX,BFO,PE,2026-02-26,80500,20
2025-12-31,297732613,SENSEX26FEB82800PE,SENSEX,BFO,PE,2026-02-26,82800,20
2025-12-31,297734661,SENSEX26FEB89500CE,SENSEX,BFO,CE,2026-02-26,89500,20
2025-12-31,297742597,SENSEX26FEB85800CE,SENSEX,BFO,CE,2026-02-26,85800,20
2025-12-31,297747205,SENSEX26FEB90500PE,SENSEX,BFO,PE,2026-02-26,90500,20
2025-12-31,297748741,SENSEX26FEB92800PE,SENSEX,BFO,PE,2026-02-26,92800,20
2025-12-31,297779973,SENSEX26FEB79800PE,SENSEX,BFO,PE,2026-02-26,79800,20
2025-12-31,297790725,SENSEX26FEB84100CE,SENSEX,BFO,CE,2026-02-26,84100,20
2025-12-31,297792261,SENSEX26FEB86400CE,SENSEX,BFO,CE,2026-02-26,86400,20
2025-12-31,297799173,SENSEX26FEB89800PE,SENSEX,BFO,PE,2026-02-26,89800,20
2025-12-31,297803013,SENSEX26FEB80400CE,SENSEX,BFO,CE,2026-02-26,80400,20
2025-12-31,297804037,SENSEX26FEB82700CE,SENSEX,BFO,CE,2026-02-26,82700,20
2025-12-31,297825541,SENSEX26FEB90400CE,SENSEX,BFO,CE,2026-02-26,90400,20
2025-12-31,297826053,SENSEX26FEB92700CE,SENSEX,BFO,CE,2026-02-26,92700,20
2025-12-31,297839877,SENSEX26FEB88100PE,SENSEX,BFO,PE,2026-02-26,88100,20
2025-12-31,297849349,SENSEX26FEB79700CE,SENSEX,BFO,CE,2026-02-26,79700,20
2025-12-31,297851141,SENSEX26FEB82100PE,SENSEX,BFO,PE,2026-02-26,82100,20
2025-12-31,297852677,SENSEX26FEB84400PE,SENSEX,BFO,PE,2026-02-26,84400,20
2025-12-31,297853445,SENSEX26FEB86700PE,SENSEX,BFO,PE,2026-02-26,86700,20
2025-12-31,297862149,SENSEX26FEB80700PE,SENSEX,BFO,PE,2026-02-26,80700,20
2025-12-31,297864709,SENSEX26FEB87400CE,SENSEX,BFO,CE,2026-02-26,87400,20
2025-12-31,297865733,SENSEX26FEB89700CE,SENSEX,BFO,CE,2026-02-26,89700,20
2025-12-31,297868037,SENSEX26FEB92100PE,SENSEX,BFO,PE,2026-02-26,92100,20
2025-12-31,297875205,SENSEX26FEB83700CE,SENSEX,BFO,CE,2026-02-26,83700,20
2025-12-31,297878789,SENSEX26FEB90700PE,SENSEX,BFO,PE,2026-02-26,90700,20
2025-12-31,297889797,SENSEX26FEB79100PE,SENSEX,BFO,PE,2026-02-26,79100,20
2025-12-31,297905669,SENSEX26FEB88000CE,SENSEX,BFO,CE,2026-02-26,88000,20
2025-12-31,297917445,SENSEX26FEB82000CE,SENSEX,BFO,CE,2026-02-26,82000,20
2025-12-31,297917701,SENSEX26FEB84300CE,SENSEX,BFO,CE,2026-02-26,84300,20
2025-12-31,297924869,SENSEX26FEB87700PE,SENSEX,BFO,PE,2026-02-26,87700,20
2025-12-31,297930245,SENSEX26FEB80600CE,SENSEX,BFO,CE,2026-02-26,80600,20
2025-12-31,297933573,SENSEX26FEB92000CE,SENSEX,BFO,CE,2026-02-26,92000,20
2025-12-31,297946373,SENSEX26FEB90600CE,SENSEX,BFO,CE,2026-02-26,90600,20
2025-12-31,297947653,SENSEX26FEB92900CE,SENSEX,BFO,CE,2026-02-26,92900,20
2025-12-31,297958405,SENSEX26FEB79000CE,SENSEX,BFO,CE,2026-02-26,79000,20
2025-12-31,297961989,SENSEX26FEB86000PE,SENSEX,BFO,PE,2026-02-26,86000,20
2025-12-31,297962501,SENSEX26FEB88300PE,SENSEX,BFO,PE,2026-02-26,88300,20
2025-12-31,297969925,SENSEX26FEB79900CE,SENSEX,BFO,CE,2026-02-26,79900,20
2025-12-31,297971461,SENSEX26FEB80000PE,SENSEX,BFO,PE,2026-02-26,80000,20
2025-12-31,297972485,SENSEX26FEB82300PE,SENSEX,BFO,PE,2026-02-26,82300,20
2025-12-31,297974021,SENSEX26FEB84600PE,SENSEX,BFO,PE,2026-02-26,84600,20
2025-12-31,297975557,SENSEX26FEB89000CE,SENSEX,BFO,CE,2026-02-26,89000,20
2025-12-31,297987077,SENSEX26FEB80900PE,SENSEX,BFO,PE,2026-02-26,80900,20
2025-12-31,297988613,SENSEX26FEB85300CE,SENSEX,BFO,CE,2026-02-26,85300,20
2025-12-31,297991173,SENSEX26FEB87600CE,SENSEX,BFO,CE,2026-02-26,87600,20
2025-12-31,297991429,SENSEX26FEB89900CE,SENSEX,BFO,CE,2026-02-26,89900,20
2025-12-31,297993221,SENSEX26FEB90000PE,SENSEX,BFO,PE,2026-02-26,90000,20
2025-12-31,297993989,SENSEX26FEB92300PE,SENSEX,BFO,PE,2026-02-26,92300,20
2025-12-31,298001413,SENSEX26FEB81600CE,SENSEX,BFO,CE,2026-02-26,81600,20
2025-12-31,298001925,SENSEX26FEB83900CE,SENSEX,BFO,CE,2026-02-26,83900,20
2025-12-31,298006021,SENSEX26FEB90900PE,SENSEX,BFO,PE,2026-02-26,90900,20
2025-12-31,298017285,SENSEX26FEB79300PE,SENSEX,BFO,PE,2026-02-26,79300,20
2025-12-31,298036741,SENSEX26FEB89300PE,SENSEX,BFO,PE,2026-02-26,89300,20
2025-12-31,298043397,SENSEX26FEB82200CE,SENSEX,BFO,CE,2026-02-26,82200,20
2025-12-31,298050821,SENSEX26FEB85600PE,SENSEX,BFO,PE,2026-02-26,85600,20
2025-12-31,298051589,SENSEX26FEB87900PE,SENSEX,BFO,PE,2026-02-26,87900,20
2025-12-31,298062853,SENSEX26FEB81900PE,SENSEX,BFO,PE,2026-02-26,81900,20
2025-12-31,298063365,SENSEX26FEB92200CE,SENSEX,BFO,CE,2026-02-26,92200,20
2025-12-31,298073093,SENSEX26FEB90800CE,SENSEX,BFO,CE,2026-02-26,90800,20
2025-12-31,298081797,SENSEX26FEB79200CE,SENSEX,BFO,CE,2026-02-26,79200,20
2025-12-31,298085893,SENSEX26FEB86200PE,SENSEX,BFO,PE,2026-02-26,86200,20
2025-12-31,298093573,SENSEX26FEB80200PE,SENSEX,BFO,PE,2026-02-26,80200,20
2025-12-31,298094853,SENSEX26FEB82500PE,SENSEX,BFO,PE,2026-02-26,82500,20
2025-12-31,298097925,SENSEX26FEB89200CE,SENSEX,BFO,CE,2026-02-26,89200,20
2025-12-31,298107397,SENSEX26FEB83200CE,SENSEX,BFO,CE,2026-02-26,83200,20
2025-12-31,298109445,SENSEX26FEB85500CE,SENSEX,BFO,CE,2026-02-26,85500,20
2025-12-31,298110213,SENSEX26FEB87800CE,SENSEX,BFO,CE,2026-02-26,87800,20
2025-12-31,298112261,SENSEX26FEB90200PE,SENSEX,BFO,PE,2026-02-26,90200,20
2025-12-31,298112517,SENSEX26FEB92500PE,SENSEX,BFO,PE,2026-02-26,92500,20
2025-12-31,298118917,SENSEX26FEB81800CE,SENSEX,BFO,CE,2026-02-26,81800,20
2025-12-31,298123013,SENSEX26FEB93200CE,SENSEX,BFO,CE,2026-02-26,93200,20
2025-12-31,298133253,SENSEX26FEB79500PE,SENSEX,BFO,PE,2026-02-26,79500,20
2025-12-31,298133509,SENSEX26FEB91800CE,SENSEX,BFO,CE,2026-02-26,91800,20
2025-12-31,298148357,SENSEX26FEB87200PE,SENSEX,BFO,PE,2026-02-26,87200,20
2025-12-31,298148869,SENSEX26FEB89500PE,SENSEX,BFO,PE,2026-02-26,89500,20
2025-12-31,298159877,SENSEX26FEB83500PE,SENSEX,BFO,PE,2026-02-26,83500,20
2025-12-31,298160901,SENSEX26FEB85800PE,SENSEX,BFO,PE,2026-02-26,85800,20
2025-12-31,298171141,SENSEX26FEB90100CE,SENSEX,BFO,CE,2026-02-26,90100,20
2025-12-31,298171909,SENSEX26FEB92400CE,SENSEX,BFO,CE,2026-02-26,92400,20
2025-12-31,298194437,SENSEX26FEB79400CE,SENSEX,BFO,CE,2026-02-26,79400,20
2025-12-31,298196997,SENSEX26FEB84100PE,SENSEX,BFO,PE,2026-02-26,84100,20
2025-12-31,298209285,SENSEX26FEB80400PE,SENSEX,BFO,PE,2026-02-26,80400,20
2025-12-31,298212357,SENSEX26FEB87100CE,SENSEX,BFO,CE,2026-02-26,87100,20
2025-12-31,298213381,SENSEX26FEB89400CE,SENSEX,BFO,CE,2026-02-26,89400,20
2025-12-31,298224901,SENSEX26FEB81100CE,SENSEX,BFO,CE,2026-02-26,81100,20
2025-12-31,298226693,SENSEX26FEB83400CE,SENSEX,BFO,CE,2026-02-26,83400,20
2025-12-31,298228997,SENSEX26FEB85700CE,SENSEX,BFO,CE,2026-02-26,85700,20
2025-12-31,298233093,SENSEX26FEB90400PE,SENSEX,BFO,PE,2026-02-26,90400,20
2025-12-31,298234629,SENSEX26FEB92700PE,SENSEX,BFO,PE,2026-02-26,92700,20
2025-12-31,298248197,SENSEX26FEB91100CE,SENSEX,BFO,CE,2026-02-26,91100,20
2025-12-31,298259461,SENSEX26FEB79700PE,SENSEX,BFO,PE,2026-02-26,79700,20
2025-12-31,298275589,SENSEX26FEB85100PE,SENSEX,BFO,PE,2026-02-26,85100,20
2025-12-31,298276869,SENSEX26FEB87400PE,SENSEX,BFO,PE,2026-02-26,87400,20
2025-12-31,298277637,SENSEX26FEB89700PE,SENSEX,BFO,PE,2026-02-26,89700,20
2025-12-31,298287877,SENSEX26FEB81400PE,SENSEX,BFO,PE,2026-02-26,81400,20
2025-12-31,298289157,SENSEX26FEB83700PE,SENSEX,BFO,PE,2026-02-26,83700,20
2025-12-31,298327813,SENSEX26FEB79600CE,SENSEX,BFO,CE,2026-02-26,79600,20
2025-12-31,298329861,SENSEX26FEB82000PE,SENSEX,BFO,PE,2026-02-26,82000,20
2025-12-31,298342661,SENSEX26FEB85000CE,SENSEX,BFO,CE,2026-02-26,85000,20
2025-12-31,298344197,SENSEX26FEB87300CE,SENSEX,BFO,CE,2026-02-26,87300,20
2025-12-31,298344965,SENSEX26FEB89600CE,SENSEX,BFO,CE,2026-02-26,89600,20
2025-12-31,298347525,SENSEX26FEB92000PE,SENSEX,BFO,PE,2026-02-26,92000,20
2025-12-31,298357765,SENSEX26FEB81300CE,SENSEX,BFO,CE,2026-02-26,81300,20
2025-12-31,298358277,SENSEX26FEB83600CE,SENSEX,BFO,CE,2026-02-26,83600,20
2025-12-31,298359045,SENSEX26FEB85900CE,SENSEX,BFO,CE,2026-02-26,85900,20
2025-12-31,298363653,SENSEX26FEB90600PE,SENSEX,BFO,PE,2026-02-26,90600,20
2025-12-31,298376965,SENSEX26FEB79000PE,SENSEX,BFO,PE,2026-02-26,79000,20
2025-12-31,298378245,SENSEX26FEB91300CE,SENSEX,BFO,CE,2026-02-26,91300,20
2025-12-31,298390021,SENSEX26FEB79900PE,SENSEX,BFO,PE,2026-02-26,79900,20
2025-12-31,298393605,SENSEX26FEB89000PE,SENSEX,BFO,PE,2026-02-26,89000,20
2025-12-31,298404101,SENSEX26FEB83000PE,SENSEX,BFO,PE,2026-02-26,83000,20
2025-12-31,298406149,SENSEX26FEB85300PE,SENSEX,BFO,PE,2026-02-26,85300,20
2025-12-31,298408197,SENSEX26FEB87600PE,SENSEX,BFO,PE,2026-02-26,87600,20
2025-12-31,298408965,SENSEX26FEB89900PE,SENSEX,BFO,PE,2026-02-26,89900,20
2025-12-31,298418181,SENSEX26FEB81600PE,SENSEX,BFO,PE,2026-02-26,81600,20
2025-12-31,298419461,SENSEX26FEB83900PE,SENSEX,BFO,PE,2026-02-26,83900,20
2025-12-31,298424069,SENSEX26FEB93000PE,SENSEX,BFO,PE,2026-02-26,93000,20
2025-12-31,298435077,SENSEX26FEB91600PE,SENSEX,BFO,PE,2026-02-26,91600,20
2025-12-31,298454021,SENSEX26FEB79800CE,SENSEX,BFO,CE,2026-02-26,79800,20
2025-12-31,298467589,SENSEX26FEB85200CE,SENSEX,BFO,CE,2026-02-26,85200,20
2025-12-31,298468613,SENSEX26FEB87500CE,SENSEX,BFO,CE,2026-02-26,87500,20
2025-12-31,298469637,SENSEX26FEB89800CE,SENSEX,BFO,CE,2026-02-26,89800,20
2025-12-31,298476037,SENSEX26FEB81500CE,SENSEX,BFO,CE,2026-02-26,81500,20
2025-12-31,298476549,SENSEX26FEB83800CE,SENSEX,BFO,CE,2026-02-26,83800,20
2025-12-31,298490373,SENSEX26FEB79200PE,SENSEX,BFO,PE,2026-02-26,79200,20
2025-12-31,298491909,SENSEX26FEB91500CE,SENSEX,BFO,CE,2026-02-26,91500,20
2025-12-31,298508293,SENSEX26FEB89200PE,SENSEX,BFO,PE,2026-02-26,89200,20
2025-12-31,298513413,SENSEX26FEB78500CE,SENSEX,BFO,CE,2026-02-26,78500,20
2025-12-31,298516997,SENSEX26FEB83200PE,SENSEX,BFO,PE,2026-02-26,83200,20
2025-12-31,298518021,SENSEX26FEB85500PE,SENSEX,BFO,PE,2026-02-26,85500,20
2025-12-31,298518277,SENSEX26FEB87800PE,SENSEX,BFO,PE,2026-02-26,87800,20
2025-12-31,298526469,SENSEX26FEB81800PE,SENSEX,BFO,PE,2026-02-26,81800,20
2025-12-31,298532357,SENSEX26FEB93200PE,SENSEX,BFO,PE,2026-02-26,93200,20
2025-12-31,298545925,SENSEX26FEB91800PE,SENSEX,BFO,PE,2026-02-26,91800,20
2025-12-31,298553093,SENSEX26FEB79100CE,SENSEX,BFO,CE,2026-02-26,79100,20
2025-12-31,298568453,SENSEX26FEB89100CE,SENSEX,BFO,CE,2026-02-26,89100,20
2025-12-31,298579973,SENSEX26FEB83100CE,SENSEX,BFO,CE,2026-02-26,83100,20
2025-12-31,298582021,SENSEX26FEB85400CE,SENSEX,BFO,CE,2026-02-26,85400,20
2025-12-31,298582789,SENSEX26FEB87700CE,SENSEX,BFO,CE,2026-02-26,87700,20
2025-12-31,298591749,SENSEX26FEB81700CE,SENSEX,BFO,CE,2026-02-26,81700,20
2025-12-31,298595845,SENSEX26FEB93100CE,SENSEX,BFO,CE,2026-02-26,93100,20
2025-12-31,298605061,SENSEX26FEB79400PE,SENSEX,BFO,PE,2026-02-26,79400,20
2025-12-31,298605573,SENSEX26FEB91700CE,SENSEX,BFO,CE,2026-02-26,91700,20
2025-12-31,298622213,SENSEX26FEB87100PE,SENSEX,BFO,PE,2026-02-26,87100,20
2025-12-31,298623237,SENSEX26FEB89400PE,SENSEX,BFO,PE,2026-02-26,89400,20
2025-12-31,298630149,SENSEX26FEB78700CE,SENSEX,BFO,CE,2026-02-26,78700,20
2025-12-31,298632709,SENSEX26FEB81100PE,SENSEX,BFO,PE,2026-02-26,81100,20
2025-12-31,298633221,SENSEX26FEB83400PE,SENSEX,BFO,PE,2026-02-26,83400,20
2025-12-31,298634501,SENSEX26FEB85700PE,SENSEX,BFO,PE,2026-02-26,85700,20
2025-12-31,298646277,SENSEX26FEB88700CE,SENSEX,BFO,CE,2026-02-26,88700,20
2025-12-31,298647813,SENSEX26FEB91100PE,SENSEX,BFO,PE,2026-02-26,91100,20
2025-12-31,298686981,SENSEX26FEB87000CE,SENSEX,BFO,CE,2026-02-26,87000,20
2025-12-31,298688517,SENSEX26FEB89300CE,SENSEX,BFO,CE,2026-02-26,89300,20
2025-12-31,298698757,SENSEX26FEB81000CE,SENSEX,BFO,CE,2026-02-26,81000,20
2025-12-31,298699525,SENSEX26FEB83300CE,SENSEX,BFO,CE,2026-02-26,83300,20
2025-12-31,298700293,SENSEX26FEB85600CE,SENSEX,BFO,CE,2026-02-26,85600,20
2025-12-31,298713605,SENSEX26FEB81900CE,SENSEX,BFO,CE,2026-02-26,81900,20
2025-12-31,298717189,SENSEX26FEB91000CE,SENSEX,BFO,CE,2026-02-26,91000,20
2025-12-31,298728453,SENSEX26FEB79600PE,SENSEX,BFO,PE,2026-02-26,79600,20
2025-12-31,298729989,SENSEX26FEB91900CE,SENSEX,BFO,CE,2026-02-26,91900,20
2025-12-31,298745605,SENSEX26FEB85000PE,SENSEX,BFO,PE,2026-02-26,85000,20
2025-12-31,298747397,SENSEX26FEB87300PE,SENSEX,BFO,PE,2026-02-26,87300,20
2025-12-31,298748421,SENSEX26FEB89600PE,SENSEX,BFO,PE,2026-02-26,89600,20
2025-12-31,298756869,SENSEX26FEB78900CE,SENSEX,BFO,CE,2026-02-26,78900,20
2025-12-31,298758661,SENSEX26FEB81300PE,SENSEX,BFO,PE,2026-02-26,81300,20
2025-12-31,298759173,SENSEX26FEB83600PE,SENSEX,BFO,PE,2026-02-26,83600,20
2025-12-31,298759941,SENSEX26FEB85900PE,SENSEX,BFO,PE,2026-02-26,85900,20
2025-12-31,298772485,SENSEX26FEB86600CE,SENSEX,BFO,CE,2026-02-26,86600,20
2025-12-31,298773765,SENSEX26FEB88900CE,SENSEX,BFO,CE,2026-02-26,88900,20
2025-12-31,298775813,SENSEX26FEB91300PE,SENSEX,BFO,PE,2026-02-26,91300,20
2025-12-31,298786565,SENSEX26FEB82900CE,SENSEX,BFO,CE,2026-02-26,82900,20
2025-12-31,298803205,SENSEX26FEB78300PE,SENSEX,BFO,PE,2026-02-26,78300,20
2025-12-31,298818053,SENSEX26FEB87200CE,SENSEX,BFO,CE,2026-02-26,87200,20
2025-12-31,298830853,SENSEX26FEB81200CE,SENSEX,BFO,CE,2026-02-26,81200,20
2025-12-31,298832645,SENSEX26FEB83500CE,SENSEX,BFO,CE,2026-02-26,83500,20
2025-12-31,298838277,SENSEX26FEB86900PE,SENSEX,BFO,PE,2026-02-26,86900,20
2025-12-31,298849029,SENSEX26FEB91200CE,SENSEX,BFO,CE,2026-02-26,91200,20
2025-12-31,298868485,SENSEX26FEB78200CE,SENSEX,BFO,CE,2026-02-26,78200,20
2025-12-31,298871301,SENSEX26FEB85200PE,SENSEX,BFO,PE,2026-02-26,85200,20
2025-12-31,298872581,SENSEX26FEB87500PE,SENSEX,BFO,PE,2026-02-26,87500,20
2025-12-31,298881797,SENSEX26FEB81500PE,SENSEX,BFO,PE,2026-02-26,81500,20
2025-12-31,298882565,SENSEX26FEB83800PE,SENSEX,BFO,PE,2026-02-26,83800,20
2025-12-31,298883589,SENSEX26FEB88200CE,SENSEX,BFO,CE,2026-02-26,88200,20
2025-12-31,298892805,SENSEX26FEB84500CE,SENSEX,BFO,CE,2026-02-26,84500,20
2025-12-31,298893317,SENSEX26FEB86800CE,SENSEX,BFO,CE,2026-02-26,86800,20
2025-12-31,298895621,SENSEX26FEB91500PE,SENSEX,BFO,PE,2026-02-26,91500,20
2025-12-31,298903301,SENSEX26FEB80800CE,SENSEX,BFO,CE,2026-02-26,80800,20
2025-12-31,298914053,SENSEX26FEB78500PE,SENSEX,BFO,PE,2026-02-26,78500,20
2025-12-31,298926085,SENSEX26FEB85100CE,SENSEX,BFO,CE,2026-02-26,85100,20
2025-12-31,298932229,SENSEX26FEB88500PE,SENSEX,BFO,PE,2026-02-26,88500,20
2025-12-31,298938373,SENSEX26FEB81400CE,SENSEX,BFO,CE,2026-02-26,81400,20
2025-12-31,298944773,SENSEX26FEB84800PE,SENSEX,BFO,PE,2026-02-26,84800,20
2025-12-31,298952965,SENSEX26FEB91400CE,SENSEX,BFO,CE,2026-02-26,91400,20
2025-12-31,298968837,SENSEX26FEB89100PE,SENSEX,BFO,PE,2026-02-26,89100,20
2025-12-31,298976005,SENSEX26FEB78400CE,SENSEX,BFO,CE,2026-02-26,78400,20
2025-12-31,298978565,SENSEX26FEB83100PE,SENSEX,BFO,PE,2026-02-26,83100,20
2025-12-31,298979333,SENSEX26FEB85400PE,SENSEX,BFO,PE,2026-02-26,85400,20
2025-12-31,298989573,SENSEX26FEB81700PE,SENSEX,BFO,PE,2026-02-26,81700,20
2025-12-31,298990853,SENSEX26FEB86100CE,SENSEX,BFO,CE,2026-02-26,86100,20
2025-12-31,298991877,SENSEX26FEB88400CE,SENSEX,BFO,CE,2026-02-26,88400,20
2025-12-31,298995461,SENSEX26FEB93100PE,SENSEX,BFO,PE,2026-02-26,93100,20
2025-12-31,299002373,SENSEX26FEB80100CE,SENSEX,BFO,CE,2026-02-26,80100,20
2025-12-31,299003397,SENSEX26FEB82400CE,SENSEX,BFO,CE,2026-02-26,82400,20
2025-12-31,299003909,SENSEX26FEB84700CE,SENSEX,BFO,CE,2026-02-26,84700,20
2025-12-31,299007749,SENSEX26FEB91700PE,SENSEX,BFO,PE,2026-02-26,91700,20
2025-12-31,299026181,SENSEX26FEB78700PE,SENSEX,BFO,PE,2026-02-26,78700,20
2025-12-31,299035397,SENSEX26FEB83000CE,SENSEX,BFO,CE,2026-02-26,83000,20
2025-12-31,299041541,SENSEX26FEB86400PE,SENSEX,BFO,PE,2026-02-26,86400,20
2025-12-31,299042565,SENSEX26FEB88700PE,SENSEX,BFO,PE,2026-02-26,88700,20
2025-12-31,299050245,SENSEX26FEB82700PE,SENSEX,BFO,PE,2026-02-26,82700,20
2025-12-31,299050501,SENSEX26FEB93000CE,SENSEX,BFO,CE,2026-02-26,93000,20
2025-12-31,299062277,SENSEX26FEB91600CE,SENSEX,BFO,CE,2026-02-26,91600,20
2025-12-31,299077893,SENSEX26FEB87000PE,SENSEX,BFO,PE,2026-02-26,87000,20
2025-12-31,299087877,SENSEX26FEB78600CE,SENSEX,BFO,CE,2026-02-26,78600,20
2025-12-31,299089669,SENSEX26FEB81000PE,SENSEX,BFO,PE,2026-02-26,81000,20
2025-12-31,299090181,SENSEX26FEB83300PE,SENSEX,BFO,PE,2026-02-26,83300,20
2025-12-31,299105285,SENSEX26FEB84000CE,SENSEX,BFO,CE,2026-02-26,84000,20
2025-12-31,299106309,SENSEX26FEB86300CE,SENSEX,BFO,CE,2026-02-26,86300,20
2025-12-31,299107589,SENSEX26FEB88600CE,SENSEX,BFO,CE,2026-02-26,88600,20
2025-12-31,299109125,SENSEX26FEB91000PE,SENSEX,BFO,PE,2026-02-26,91000,20
2025-12-31,299117829,SENSEX26FEB80300CE,SENSEX,BFO,CE,2026-02-26,80300,20
2025-12-31,299118853,SENSEX26FEB82600CE,SENSEX,BFO,CE,2026-02-26,82600,20
2025-12-31,299120133,SENSEX26FEB84900CE,SENSEX,BFO,CE,2026-02-26,84900,20
2025-12-31,299123205,SENSEX26FEB91900PE,SENSEX,BFO,PE,2026-02-26,91900,20
2025-12-31,299133445,SENSEX26FEB90300CE,SENSEX,BFO,CE,2026-02-26,90300,20
2025-12-31,299134469,SENSEX26FEB92600CE,SENSEX,BFO,CE,2026-02-26,92600,20
2025-12-31,299145733,SENSEX26FEB78900PE,SENSEX,BFO,PE,2026-02-26,78900,20
2025-12-31,299150597,SENSEX26FEB88000PE,SENSEX,BFO,PE,2026-02-26,88000,20
2025-12-31,299161861,SENSEX26FEB84300PE,SENSEX,BFO,PE,2026-02-26,84300,20
2025-12-31,299162885,SENSEX26FEB86600PE,SENSEX,BFO,PE,2026-02-26,86600,20
2025-12-31,299164677,SENSEX26FEB88900PE,SENSEX,BFO,PE,2026-02-26,88900,20
2025-12-31,299172869,SENSEX26FEB80600PE,SENSEX,BFO,PE,2026-02-26,80600,20
2025-12-31,299173893,SENSEX26FEB82900PE,SENSEX,BFO,PE,2026-02-26,82900,20
2025-12-31,299190533,SENSEX26FEB92900PE,SENSEX,BFO,PE,2026-02-26,92900,20
2025-12-31,299208453,SENSEX26FEB78800CE,SENSEX,BFO,CE,2026-02-26,78800,20
2025-12-31,299209733,SENSEX26FEB81200PE,SENSEX,BFO,PE,2026-02-26,81200,20
2025-12-31,299223813,SENSEX26FEB84200CE,SENSEX,BFO,CE,2026-02-26,84200,20
2025-12-31,299225093,SENSEX26FEB86500CE,SENSEX,BFO,CE,2026-02-26,86500,20
2025-12-31,299226373,SENSEX26FEB88800CE,SENSEX,BFO,CE,2026-02-26,88800,20
2025-12-31,299229189,SENSEX26FEB91200PE,SENSEX,BFO,PE,2026-02-26,91200,20
2025-12-31,299237125,SENSEX26FEB80500CE,SENSEX,BFO,CE,2026-02-26,80500,20
2025-12-31,299238661,SENSEX26FEB82800CE,SENSEX,BFO,CE,2026-02-26,82800,20
2025-12-31,299256325,SENSEX26FEB78200PE,SENSEX,BFO,PE,2026-02-26,78200,20
2025-12-31,299256837,SENSEX26FEB90500CE,SENSEX,BFO,CE,2026-02-26,90500,20
2025-12-31,299257605,SENSEX26FEB92800CE,SENSEX,BFO,CE,2026-02-26,92800,20
2025-12-31,299269637,SENSEX26FEB88200PE,SENSEX,BFO,PE,2026-02-26,88200,20
2025-12-31,299282949,SENSEX26FEB82200PE,SENSEX,BFO,PE,2026-02-26,82200,20
2025-12-31,299283973,SENSEX26FEB84500PE,SENSEX,BFO,PE,2026-02-26,84500,20
2025-12-31,299284485,SENSEX26FEB86800PE,SENSEX,BFO,PE,2026-02-26,86800,20
2025-12-31,299294469,SENSEX26FEB80800PE,SENSEX,BFO,PE,2026-02-26,80800,20
2025-12-31,299576325,SENSEX26FEB78100PE,SENSEX,BFO,PE,2026-02-26,78100,20
2025-12-31,299622661,SENSEX26FEB78100CE,SENSEX,BFO,CE,2026-02-26,78100,20
2025-12-31,299634693,SENSEX26FEB78000CE,SENSEX,BFO,CE,2026-02-26,78000,20
2025-12-31,299639557,SENSEX26FEB77800PE,SENSEX,BFO,PE,2026-02-26,77800,20
2025-12-31,299650053,SENSEX26FEB77700PE,SENSEX,BFO,PE,2026-02-26,77700,20
2025-12-31,299669765,SENSEX26FEB77600CE,SENSEX,BFO,CE,2026-02-26,77600,20
2025-12-31,299672325,SENSEX26FEB77900PE,SENSEX,BFO,PE,2026-02-26,77900,20
2025-12-31,299682053,SENSEX26FEB78000PE,SENSEX,BFO,PE,2026-02-26,78000,20
2025-12-31,299684613,SENSEX26FEB77800CE,SENSEX,BFO,CE,2026-02-26,77800,20
2025-12-31,299696901,SENSEX26FEB77700CE,SENSEX,BFO,CE,2026-02-26,77700,20
2025-12-31,299715333,SENSEX26FEB77600PE,SENSEX,BFO,PE,2026-02-26,77600,20
2025-12-31,299718405,SENSEX26FEB77900CE,SENSEX,BFO,CE,2026-02-26,77900,20
2025-12-31,300458757,SENSEX26FEB77500CE,SENSEX,BFO,CE,2026-02-26,77500,20
2025-12-31,300475141,SENSEX26FEB76900PE,SENSEX,BFO,PE,2026-02-26,76900,20
2025-12-31,300476421,SENSEX26FEB77100PE,SENSEX,BFO,PE,2026-02-26,77100,20
2025-12-31,300478213,SENSEX26FEB77400CE,SENSEX,BFO,CE,2026-02-26,77400,20
2025-12-31,300482309,SENSEX26FEB76900CE,SENSEX,BFO,CE,2026-02-26,76900,20
2025-12-31,300495877,SENSEX26FEB77000PE,SENSEX,BFO,PE,2026-02-26,77000,20
2025-12-31,300501253,SENSEX26FEB77000CE,SENSEX,BFO,CE,2026-02-26,77000,20
2025-12-31,300507909,SENSEX26FEB77300PE,SENSEX,BFO,PE,2026-02-26,77300,20
2025-12-31,300527621,SENSEX26FEB77200PE,SENSEX,BFO,PE,2026-02-26,77200,20
2025-12-31,300555269,SENSEX26FEB77100CE,SENSEX,BFO,CE,2026-02-26,77100,20
2025-12-31,300559621,SENSEX26FEB77400PE,SENSEX,BFO,PE,2026-02-26,77400,20
2025-12-31,300582917,SENSEX26FEB77300CE,SENSEX,BFO,CE,2026-02-26,77300,20
2025-12-31,300602117,SENSEX26FEB77200CE,SENSEX,BFO,CE,2026-02-26,77200,20
2025-12-31,300607237,SENSEX26FEB77500PE,SENSEX,BFO,PE,2026-02-26,77500,20
2025-12-31,210038277,SENSEX26MAR87000CE,SENSEX,BFO,CE,2026-03-25,87000,20
2025-12-31,210317829,SENSEX26MAR87000PE,SENSEX,BFO,PE,2026-03-25,87000,20
2025-12-31,210490373,SENSEX26MAR86300PE,SENSEX,BFO,PE,2026-03-25,86300,20
2025-12-31,210490629,SENSEX26MAR88600PE,SENSEX,BFO,PE,2026-03-25,88600,20
2025-12-31,210490885,SENSEX26MAR77900CE,SENSEX,BFO,CE,2026-03-25,77900,20
2025-12-31,210491141,SENSEX26MAR80300PE,SENSEX,BFO,PE,2026-03-25,80300,20
2025-12-31,210491397,SENSEX26MAR82600PE,SENSEX,BFO,PE,2026-03-25,82600,20
2025-12-31,210491653,SENSEX26MAR84900PE,SENSEX,BFO,PE,2026-03-25,84900,20
2025-12-31,210492421,SENSEX26MAR90300PE,SENSEX,BFO,PE,2026-03-25,90300,20
2025-12-31,210492677,SENSEX26MAR92600PE,SENSEX,BFO,PE,2026-03-25,92600,20
2025-12-31,210493189,SENSEX26MAR78500CE,SENSEX,BFO,CE,2026-03-25,78500,20
2025-12-31,210493957,SENSEX26MAR86200CE,SENSEX,BFO,CE,2026-03-25,86200,20
2025-12-31,210494213,SENSEX26MAR88500CE,SENSEX,BFO,CE,2026-03-25,88500,20
2025-12-31,210494469,SENSEX26MAR80200CE,SENSEX,BFO,CE,2026-03-25,80200,20
2025-12-31,210494725,SENSEX26MAR82500CE,SENSEX,BFO,CE,2026-03-25,82500,20
2025-12-31,210494981,SENSEX26MAR84800CE,SENSEX,BFO,CE,2026-03-25,84800,20
2025-12-31,210495237,SENSEX26MAR90200CE,SENSEX,BFO,CE,2026-03-25,90200,20
2025-12-31,210495493,SENSEX26MAR92500CE,SENSEX,BFO,CE,2026-03-25,92500,20
2025-12-31,210496261,SENSEX26MAR78800PE,SENSEX,BFO,PE,2026-03-25,78800,20
2025-12-31,210497029,SENSEX26MAR77200CE,SENSEX,BFO,CE,2026-03-25,77200,20
2025-12-31,210497541,SENSEX26MAR79500CE,SENSEX,BFO,CE,2026-03-25,79500,20
2025-12-31,210497797,SENSEX26MAR84200PE,SENSEX,BFO,PE,2026-03-25,84200,20
2025-12-31,210498053,SENSEX26MAR86500PE,SENSEX,BFO,PE,2026-03-25,86500,20
2025-12-31,210498565,SENSEX26MAR88800PE,SENSEX,BFO,PE,2026-03-25,88800,20
2025-12-31,210499077,SENSEX26MAR80500PE,SENSEX,BFO,PE,2026-03-25,80500,20
2025-12-31,210499333,SENSEX26MAR82800PE,SENSEX,BFO,PE,2026-03-25,82800,20
2025-12-31,210500101,SENSEX26MAR90500PE,SENSEX,BFO,PE,2026-03-25,90500,20
2025-12-31,210500357,SENSEX26MAR92800PE,SENSEX,BFO,PE,2026-03-25,92800,20
2025-12-31,210501381,SENSEX26MAR79800PE,SENSEX,BFO,PE,2026-03-25,79800,20
2025-12-31,210501637,SENSEX26MAR84100CE,SENSEX,BFO,CE,2026-03-25,84100,20
2025-12-31,210501893,SENSEX26MAR86400CE,SENSEX,BFO,CE,2026-03-25,86400,20
2025-12-31,210502149,SENSEX26MAR88700CE,SENSEX,BFO,CE,2026-03-25,88700,20
2025-12-31,210502661,SENSEX26MAR80400CE,SENSEX,BFO,CE,2026-03-25,80400,20
2025-12-31,210502917,SENSEX26MAR82700CE,SENSEX,BFO,CE,2026-03-25,82700,20
2025-12-31,210503429,SENSEX26MAR78100PE,SENSEX,BFO,PE,2026-03-25,78100,20
2025-12-31,210503685,SENSEX26MAR90400CE,SENSEX,BFO,CE,2026-03-25,90400,20
2025-12-31,210503941,SENSEX26MAR92700CE,SENSEX,BFO,CE,2026-03-25,92700,20
2025-12-31,210504965,SENSEX26MAR88100PE,SENSEX,BFO,PE,2026-03-25,88100,20
2025-12-31,210505221,SENSEX26MAR77400CE,SENSEX,BFO,CE,2026-03-25,77400,20
2025-12-31,210505477,SENSEX26MAR79700CE,SENSEX,BFO,CE,2026-03-25,79700,20
2025-12-31,210505733,SENSEX26MAR82100PE,SENSEX,BFO,PE,2026-03-25,82100,20
2025-12-31,210505989,SENSEX26MAR84400PE,SENSEX,BFO,PE,2026-03-25,84400,20
2025-12-31,210506501,SENSEX26MAR86700PE,SENSEX,BFO,PE,2026-03-25,86700,20
2025-12-31,210507269,SENSEX26MAR80700PE,SENSEX,BFO,PE,2026-03-25,80700,20
2025-12-31,210507525,SENSEX26MAR87400CE,SENSEX,BFO,CE,2026-03-25,87400,20
2025-12-31,210507781,SENSEX26MAR89700CE,SENSEX,BFO,CE,2026-03-25,89700,20
2025-12-31,210508037,SENSEX26MAR92100PE,SENSEX,BFO,PE,2026-03-25,92100,20
2025-12-31,210508549,SENSEX26MAR83700CE,SENSEX,BFO,CE,2026-03-25,83700,20
2025-12-31,210508805,SENSEX26MAR90700PE,SENSEX,BFO,PE,2026-03-25,90700,20
2025-12-31,210509317,SENSEX26MAR77700PE,SENSEX,BFO,PE,2026-03-25,77700,20
2025-12-31,210510853,SENSEX26MAR84300CE,SENSEX,BFO,CE,2026-03-25,84300,20
2025-12-31,210511365,SENSEX26MAR80600CE,SENSEX,BFO,CE,2026-03-25,80600,20
2025-12-31,210511621,SENSEX26MAR92000CE,SENSEX,BFO,CE,2026-03-25,92000,20
2025-12-31,210512389,SENSEX26MAR78300PE,SENSEX,BFO,PE,2026-03-25,78300,20
2025-12-31,210512645,SENSEX26MAR90600CE,SENSEX,BFO,CE,2026-03-25,90600,20
2025-12-31,210512901,SENSEX26MAR92900CE,SENSEX,BFO,CE,2026-03-25,92900,20
2025-12-31,210513669,SENSEX26MAR88300PE,SENSEX,BFO,PE,2026-03-25,88300,20
2025-12-31,210514437,SENSEX26MAR77600CE,SENSEX,BFO,CE,2026-03-25,77600,20
2025-12-31,210514693,SENSEX26MAR79900CE,SENSEX,BFO,CE,2026-03-25,79900,20
2025-12-31,210514949,SENSEX26MAR82300PE,SENSEX,BFO,PE,2026-03-25,82300,20
2025-12-31,210515205,SENSEX26MAR84600PE,SENSEX,BFO,PE,2026-03-25,84600,20
2025-12-31,210515461,SENSEX26MAR86900PE,SENSEX,BFO,PE,2026-03-25,86900,20
2025-12-31,210515717,SENSEX26MAR80900PE,SENSEX,BFO,PE,2026-03-25,80900,20
2025-12-31,210515973,SENSEX26MAR85300CE,SENSEX,BFO,CE,2026-03-25,85300,20
2025-12-31,210516229,SENSEX26MAR87600CE,SENSEX,BFO,CE,2026-03-25,87600,20
2025-12-31,210516485,SENSEX26MAR89900CE,SENSEX,BFO,CE,2026-03-25,89900,20
2025-12-31,210516741,SENSEX26MAR92300PE,SENSEX,BFO,PE,2026-03-25,92300,20
2025-12-31,210517509,SENSEX26MAR81600CE,SENSEX,BFO,CE,2026-03-25,81600,20
2025-12-31,210517765,SENSEX26MAR83900CE,SENSEX,BFO,CE,2026-03-25,83900,20
2025-12-31,210518021,SENSEX26MAR90900PE,SENSEX,BFO,PE,2026-03-25,90900,20
2025-12-31,210518533,SENSEX26MAR79300PE,SENSEX,BFO,PE,2026-03-25,79300,20
2025-12-31,210519557,SENSEX26MAR77900PE,SENSEX,BFO,PE,2026-03-25,77900,20
2025-12-31,210519813,SENSEX26MAR89300PE,SENSEX,BFO,PE,2026-03-25,89300,20
2025-12-31,210520325,SENSEX26MAR82200CE,SENSEX,BFO,CE,2026-03-25,82200,20
2025-12-31,210520837,SENSEX26MAR85600PE,SENSEX,BFO,PE,2026-03-25,85600,20
2025-12-31,210521349,SENSEX26MAR87900PE,SENSEX,BFO,PE,2026-03-25,87900,20
2025-12-31,210522885,SENSEX26MAR81900PE,SENSEX,BFO,PE,2026-03-25,81900,20
2025-12-31,210523141,SENSEX26MAR92200CE,SENSEX,BFO,CE,2026-03-25,92200,20
2025-12-31,210523653,SENSEX26MAR90800CE,SENSEX,BFO,CE,2026-03-25,90800,20
2025-12-31,210524165,SENSEX26MAR79200CE,SENSEX,BFO,CE,2026-03-25,79200,20
2025-12-31,210524421,SENSEX26MAR86200PE,SENSEX,BFO,PE,2026-03-25,86200,20
2025-12-31,210524677,SENSEX26MAR88500PE,SENSEX,BFO,PE,2026-03-25,88500,20
2025-12-31,210525189,SENSEX26MAR77800CE,SENSEX,BFO,CE,2026-03-25,77800,20
2025-12-31,210525445,SENSEX26MAR80200PE,SENSEX,BFO,PE,2026-03-25,80200,20
2025-12-31,210525701,SENSEX26MAR82500PE,SENSEX,BFO,PE,2026-03-25,82500,20
2025-12-31,210525957,SENSEX26MAR84800PE,SENSEX,BFO,PE,2026-03-25,84800,20
2025-12-31,210526213,SENSEX26MAR89200CE,SENSEX,BFO,CE,2026-03-25,89200,20
2025-12-31,210526725,SENSEX26MAR83200CE,SENSEX,BFO,CE,2026-03-25,83200,20
2025-12-31,210526981,SENSEX26MAR85500CE,SENSEX,BFO,CE,2026-03-25,85500,20
2025-12-31,210527237,SENSEX26MAR87800CE,SENSEX,BFO,CE,2026-03-25,87800,20
2025-12-31,210527493,SENSEX26MAR90200PE,SENSEX,BFO,PE,2026-03-25,90200,20
2025-12-31,210527749,SENSEX26MAR92500PE,SENSEX,BFO,PE,2026-03-25,92500,20
2025-12-31,210528517,SENSEX26MAR81800CE,SENSEX,BFO,CE,2026-03-25,81800,20
2025-12-31,210528773,SENSEX26MAR77200PE,SENSEX,BFO,PE,2026-03-25,77200,20
2025-12-31,210529029,SENSEX26MAR79500PE,SENSEX,BFO,PE,2026-03-25,79500,20
2025-12-31,210529285,SENSEX26MAR91800CE,SENSEX,BFO,CE,2026-03-25,91800,20
2025-12-31,210530565,SENSEX26MAR87200PE,SENSEX,BFO,PE,2026-03-25,87200,20
2025-12-31,210531077,SENSEX26MAR89500PE,SENSEX,BFO,PE,2026-03-25,89500,20
2025-12-31,210531589,SENSEX26MAR80100CE,SENSEX,BFO,CE,2026-03-25,80100,20
2025-12-31,210531845,SENSEX26MAR83500PE,SENSEX,BFO,PE,2026-03-25,83500,20
2025-12-31,210532101,SENSEX26MAR85800PE,SENSEX,BFO,PE,2026-03-25,85800,20
2025-12-31,210533125,SENSEX26MAR90100CE,SENSEX,BFO,CE,2026-03-25,90100,20
2025-12-31,210533381,SENSEX26MAR92400CE,SENSEX,BFO,CE,2026-03-25,92400,20
2025-12-31,210533893,SENSEX26MAR77100CE,SENSEX,BFO,CE,2026-03-25,77100,20
2025-12-31,210534149,SENSEX26MAR79400CE,SENSEX,BFO,CE,2026-03-25,79400,20
2025-12-31,210534917,SENSEX26MAR84100PE,SENSEX,BFO,PE,2026-03-25,84100,20
2025-12-31,210536453,SENSEX26MAR80400PE,SENSEX,BFO,PE,2026-03-25,80400,20
2025-12-31,210536709,SENSEX26MAR87100CE,SENSEX,BFO,CE,2026-03-25,87100,20
2025-12-31,210537221,SENSEX26MAR89400CE,SENSEX,BFO,CE,2026-03-25,89400,20
2025-12-31,210538245,SENSEX26MAR81100CE,SENSEX,BFO,CE,2026-03-25,81100,20
2025-12-31,210538501,SENSEX26MAR83400CE,SENSEX,BFO,CE,2026-03-25,83400,20
2025-12-31,210538757,SENSEX26MAR85700CE,SENSEX,BFO,CE,2026-03-25,85700,20
2025-12-31,210539013,SENSEX26MAR90400PE,SENSEX,BFO,PE,2026-03-25,90400,20
2025-12-31,210539269,SENSEX26MAR92700PE,SENSEX,BFO,PE,2026-03-25,92700,20
2025-12-31,210540549,SENSEX26MAR77400PE,SENSEX,BFO,PE,2026-03-25,77400,20
2025-12-31,210540805,SENSEX26MAR79700PE,SENSEX,BFO,PE,2026-03-25,79700,20
2025-12-31,210541573,SENSEX26MAR85100PE,SENSEX,BFO,PE,2026-03-25,85100,20
2025-12-31,210541829,SENSEX26MAR87400PE,SENSEX,BFO,PE,2026-03-25,87400,20
2025-12-31,210542341,SENSEX26MAR89700PE,SENSEX,BFO,PE,2026-03-25,89700,20
2025-12-31,210542597,SENSEX26MAR81400PE,SENSEX,BFO,PE,2026-03-25,81400,20
2025-12-31,210542853,SENSEX26MAR83700PE,SENSEX,BFO,PE,2026-03-25,83700,20
2025-12-31,210543365,SENSEX26MAR90300CE,SENSEX,BFO,CE,2026-03-25,90300,20
2025-12-31,210544645,SENSEX26MAR77300CE,SENSEX,BFO,CE,2026-03-25,77300,20
2025-12-31,210544901,SENSEX26MAR79600CE,SENSEX,BFO,CE,2026-03-25,79600,20
2025-12-31,210545413,SENSEX26MAR87300CE,SENSEX,BFO,CE,2026-03-25,87300,20
2025-12-31,210545925,SENSEX26MAR89600CE,SENSEX,BFO,CE,2026-03-25,89600,20
2025-12-31,210546181,SENSEX26MAR92000PE,SENSEX,BFO,PE,2026-03-25,92000,20
2025-12-31,210546949,SENSEX26MAR81300CE,SENSEX,BFO,CE,2026-03-25,81300,20
2025-12-31,210547205,SENSEX26MAR83600CE,SENSEX,BFO,CE,2026-03-25,83600,20
2025-12-31,210547461,SENSEX26MAR85900CE,SENSEX,BFO,CE,2026-03-25,85900,20
2025-12-31,210547717,SENSEX26MAR90600PE,SENSEX,BFO,PE,2026-03-25,90600,20
2025-12-31,210548997,SENSEX26MAR91300CE,SENSEX,BFO,CE,2026-03-25,91300,20
2025-12-31,210550277,SENSEX26MAR77600PE,SENSEX,BFO,PE,2026-03-25,77600,20
2025-12-31,210550789,SENSEX26MAR79900PE,SENSEX,BFO,PE,2026-03-25,79900,20
2025-12-31,210551301,SENSEX26MAR85300PE,SENSEX,BFO,PE,2026-03-25,85300,20
2025-12-31,210551557,SENSEX26MAR87600PE,SENSEX,BFO,PE,2026-03-25,87600,20
2025-12-31,210551813,SENSEX26MAR89900PE,SENSEX,BFO,PE,2026-03-25,89900,20
2025-12-31,210552069,SENSEX26MAR81600PE,SENSEX,BFO,PE,2026-03-25,81600,20
2025-12-31,210552325,SENSEX26MAR83900PE,SENSEX,BFO,PE,2026-03-25,83900,20
2025-12-31,210553093,SENSEX26MAR91600PE,SENSEX,BFO,PE,2026-03-25,91600,20
2025-12-31,210554629,SENSEX26MAR77500CE,SENSEX,BFO,CE,2026-03-25,77500,20
2025-12-31,210554885,SENSEX26MAR79800CE,SENSEX,BFO,CE,2026-03-25,79800,20
2025-12-31,210555653,SENSEX26MAR85200CE,SENSEX,BFO,CE,2026-03-25,85200,20
2025-12-31,210555909,SENSEX26MAR87500CE,SENSEX,BFO,CE,2026-03-25,87500,20
2025-12-31,210556165,SENSEX26MAR89800CE,SENSEX,BFO,CE,2026-03-25,89800,20
2025-12-31,210556421,SENSEX26MAR92200PE,SENSEX,BFO,PE,2026-03-25,92200,20
2025-12-31,210556933,SENSEX26MAR81500CE,SENSEX,BFO,CE,2026-03-25,81500,20
2025-12-31,210557189,SENSEX26MAR83800CE,SENSEX,BFO,CE,2026-03-25,83800,20
2025-12-31,210558213,SENSEX26MAR79200PE,SENSEX,BFO,PE,2026-03-25,79200,20
2025-12-31,210558469,SENSEX26MAR91500CE,SENSEX,BFO,CE,2026-03-25,91500,20
2025-12-31,210560261,SENSEX26MAR77800PE,SENSEX,BFO,PE,2026-03-25,77800,20
2025-12-31,210561029,SENSEX26MAR89200PE,SENSEX,BFO,PE,2026-03-25,89200,20
2025-12-31,210561285,SENSEX26MAR83200PE,SENSEX,BFO,PE,2026-03-25,83200,20
2025-12-31,210561541,SENSEX26MAR85500PE,SENSEX,BFO,PE,2026-03-25,85500,20
2025-12-31,210561797,SENSEX26MAR87800PE,SENSEX,BFO,PE,2026-03-25,87800,20
2025-12-31,210562053,SENSEX26MAR81800PE,SENSEX,BFO,PE,2026-03-25,81800,20
2025-12-31,210562565,SENSEX26MAR91800PE,SENSEX,BFO,PE,2026-03-25,91800,20
2025-12-31,210562821,SENSEX26MAR79100CE,SENSEX,BFO,CE,2026-03-25,79100,20
2025-12-31,210563589,SENSEX26MAR77700CE,SENSEX,BFO,CE,2026-03-25,77700,20
2025-12-31,210563845,SENSEX26MAR89100CE,SENSEX,BFO,CE,2026-03-25,89100,20
2025-12-31,210564101,SENSEX26MAR83100CE,SENSEX,BFO,CE,2026-03-25,83100,20
2025-12-31,210564357,SENSEX26MAR85400CE,SENSEX,BFO,CE,2026-03-25,85400,20
2025-12-31,210564613,SENSEX26MAR87700CE,SENSEX,BFO,CE,2026-03-25,87700,20
2025-12-31,210564869,SENSEX26MAR90100PE,SENSEX,BFO,PE,2026-03-25,90100,20
2025-12-31,210565381,SENSEX26MAR81700CE,SENSEX,BFO,CE,2026-03-25,81700,20
2025-12-31,210565637,SENSEX26MAR93100CE,SENSEX,BFO,CE,2026-03-25,93100,20
2025-12-31,210565893,SENSEX26MAR77100PE,SENSEX,BFO,PE,2026-03-25,77100,20
2025-12-31,210566149,SENSEX26MAR79400PE,SENSEX,BFO,PE,2026-03-25,79400,20
2025-12-31,210566661,SENSEX26MAR91700CE,SENSEX,BFO,CE,2026-03-25,91700,20
2025-12-31,210567173,SENSEX26MAR87100PE,SENSEX,BFO,PE,2026-03-25,87100,20
2025-12-31,210567429,SENSEX26MAR89400PE,SENSEX,BFO,PE,2026-03-25,89400,20
2025-12-31,210567941,SENSEX26MAR78700CE,SENSEX,BFO,CE,2026-03-25,78700,20
2025-12-31,210568197,SENSEX26MAR81100PE,SENSEX,BFO,PE,2026-03-25,81100,20
2025-12-31,210568453,SENSEX26MAR83400PE,SENSEX,BFO,PE,2026-03-25,83400,20
2025-12-31,210568709,SENSEX26MAR85700PE,SENSEX,BFO,PE,2026-03-25,85700,20
2025-12-31,210569477,SENSEX26MAR91100PE,SENSEX,BFO,PE,2026-03-25,91100,20
2025-12-31,210570757,SENSEX26MAR79300CE,SENSEX,BFO,CE,2026-03-25,79300,20
2025-12-31,210571781,SENSEX26MAR89300CE,SENSEX,BFO,CE,2026-03-25,89300,20
2025-12-31,210572293,SENSEX26MAR83300CE,SENSEX,BFO,CE,2026-03-25,83300,20
2025-12-31,210572549,SENSEX26MAR85600CE,SENSEX,BFO,CE,2026-03-25,85600,20
2025-12-31,210572805,SENSEX26MAR87900CE,SENSEX,BFO,CE,2026-03-25,87900,20
2025-12-31,210573317,SENSEX26MAR81900CE,SENSEX,BFO,CE,2026-03-25,81900,20
2025-12-31,210574085,SENSEX26MAR77300PE,SENSEX,BFO,PE,2026-03-25,77300,20
2025-12-31,210574341,SENSEX26MAR79600PE,SENSEX,BFO,PE,2026-03-25,79600,20
2025-12-31,210574853,SENSEX26MAR91900CE,SENSEX,BFO,CE,2026-03-25,91900,20
2025-12-31,210575621,SENSEX26MAR87300PE,SENSEX,BFO,PE,2026-03-25,87300,20
2025-12-31,210575877,SENSEX26MAR89600PE,SENSEX,BFO,PE,2026-03-25,89600,20
2025-12-31,210577157,SENSEX26MAR78900CE,SENSEX,BFO,CE,2026-03-25,78900,20
2025-12-31,210577413,SENSEX26MAR81300PE,SENSEX,BFO,PE,2026-03-25,81300,20
2025-12-31,210577669,SENSEX26MAR83600PE,SENSEX,BFO,PE,2026-03-25,83600,20
2025-12-31,210577925,SENSEX26MAR85900PE,SENSEX,BFO,PE,2026-03-25,85900,20
2025-12-31,210578437,SENSEX26MAR86600CE,SENSEX,BFO,CE,2026-03-25,86600,20
2025-12-31,210578693,SENSEX26MAR88900CE,SENSEX,BFO,CE,2026-03-25,88900,20
2025-12-31,210578949,SENSEX26MAR91300PE,SENSEX,BFO,PE,2026-03-25,91300,20
2025-12-31,210579461,SENSEX26MAR82900CE,SENSEX,BFO,CE,2026-03-25,82900,20
2025-12-31,210580229,SENSEX26MAR87200CE,SENSEX,BFO,CE,2026-03-25,87200,20
2025-12-31,210580485,SENSEX26MAR89500CE,SENSEX,BFO,CE,2026-03-25,89500,20
2025-12-31,210581253,SENSEX26MAR81200CE,SENSEX,BFO,CE,2026-03-25,81200,20
2025-12-31,210581509,SENSEX26MAR83500CE,SENSEX,BFO,CE,2026-03-25,83500,20
2025-12-31,210582021,SENSEX26MAR85800CE,SENSEX,BFO,CE,2026-03-25,85800,20
2025-12-31,210582533,SENSEX26MAR91200CE,SENSEX,BFO,CE,2026-03-25,91200,20
2025-12-31,210583557,SENSEX26MAR77500PE,SENSEX,BFO,PE,2026-03-25,77500,20
2025-12-31,210584325,SENSEX26MAR78200CE,SENSEX,BFO,CE,2026-03-25,78200,20
2025-12-31,210584837,SENSEX26MAR85200PE,SENSEX,BFO,PE,2026-03-25,85200,20
2025-12-31,210585349,SENSEX26MAR87500PE,SENSEX,BFO,PE,2026-03-25,87500,20
2025-12-31,210585605,SENSEX26MAR89800PE,SENSEX,BFO,PE,2026-03-25,89800,20
2025-12-31,210586117,SENSEX26MAR81500PE,SENSEX,BFO,PE,2026-03-25,81500,20
2025-12-31,210586373,SENSEX26MAR83800PE,SENSEX,BFO,PE,2026-03-25,83800,20
2025-12-31,210586629,SENSEX26MAR88200CE,SENSEX,BFO,CE,2026-03-25,88200,20
2025-12-31,210586885,SENSEX26MAR84500CE,SENSEX,BFO,CE,2026-03-25,84500,20
2025-12-31,210587141,SENSEX26MAR86800CE,SENSEX,BFO,CE,2026-03-25,86800,20
2025-12-31,210587397,SENSEX26MAR91500PE,SENSEX,BFO,PE,2026-03-25,91500,20
2025-12-31,210587909,SENSEX26MAR80800CE,SENSEX,BFO,CE,2026-03-25,80800,20
2025-12-31,210589189,SENSEX26MAR78500PE,SENSEX,BFO,PE,2026-03-25,78500,20
2025-12-31,210589445,SENSEX26MAR85100CE,SENSEX,BFO,CE,2026-03-25,85100,20
2025-12-31,210589957,SENSEX26MAR81400CE,SENSEX,BFO,CE,2026-03-25,81400,20
2025-12-31,210591237,SENSEX26MAR79100PE,SENSEX,BFO,PE,2026-03-25,79100,20
2025-12-31,210591493,SENSEX26MAR91400CE,SENSEX,BFO,CE,2026-03-25,91400,20
2025-12-31,210592261,SENSEX26MAR89100PE,SENSEX,BFO,PE,2026-03-25,89100,20
2025-12-31,210592773,SENSEX26MAR78400CE,SENSEX,BFO,CE,2026-03-25,78400,20
2025-12-31,210593029,SENSEX26MAR83100PE,SENSEX,BFO,PE,2026-03-25,83100,20
2025-12-31,210593285,SENSEX26MAR85400PE,SENSEX,BFO,PE,2026-03-25,85400,20
2025-12-31,210593541,SENSEX26MAR87700PE,SENSEX,BFO,PE,2026-03-25,87700,20
2025-12-31,210594053,SENSEX26MAR81700PE,SENSEX,BFO,PE,2026-03-25,81700,20
2025-12-31,210594309,SENSEX26MAR86100CE,SENSEX,BFO,CE,2026-03-25,86100,20
2025-12-31,210594565,SENSEX26MAR88400CE,SENSEX,BFO,CE,2026-03-25,88400,20
2025-12-31,210594821,SENSEX26MAR93100PE,SENSEX,BFO,PE,2026-03-25,93100,20
2025-12-31,210595845,SENSEX26MAR82400CE,SENSEX,BFO,CE,2026-03-25,82400,20
2025-12-31,210596101,SENSEX26MAR84700CE,SENSEX,BFO,CE,2026-03-25,84700,20
2025-12-31,210596613,SENSEX26MAR91700PE,SENSEX,BFO,PE,2026-03-25,91700,20
2025-12-31,210597125,SENSEX26MAR78700PE,SENSEX,BFO,PE,2026-03-25,78700,20
2025-12-31,210597637,SENSEX26MAR86400PE,SENSEX,BFO,PE,2026-03-25,86400,20
2025-12-31,210597893,SENSEX26MAR88700PE,SENSEX,BFO,PE,2026-03-25,88700,20
2025-12-31,210598149,SENSEX26MAR82700PE,SENSEX,BFO,PE,2026-03-25,82700,20
2025-12-31,210598405,SENSEX26MAR93000CE,SENSEX,BFO,CE,2026-03-25,93000,20
2025-12-31,210598661,SENSEX26MAR91600CE,SENSEX,BFO,CE,2026-03-25,91600,20
2025-12-31,210599429,SENSEX26MAR78600CE,SENSEX,BFO,CE,2026-03-25,78600,20
2025-12-31,210599685,SENSEX26MAR83300PE,SENSEX,BFO,PE,2026-03-25,83300,20
2025-12-31,210599941,SENSEX26MAR86300CE,SENSEX,BFO,CE,2026-03-25,86300,20
2025-12-31,210600197,SENSEX26MAR88600CE,SENSEX,BFO,CE,2026-03-25,88600,20
2025-12-31,210600965,SENSEX26MAR80300CE,SENSEX,BFO,CE,2026-03-25,80300,20
2025-12-31,210601221,SENSEX26MAR82600CE,SENSEX,BFO,CE,2026-03-25,82600,20
2025-12-31,210601477,SENSEX26MAR84900CE,SENSEX,BFO,CE,2026-03-25,84900,20
2025-12-31,210601733,SENSEX26MAR91900PE,SENSEX,BFO,PE,2026-03-25,91900,20
2025-12-31,210602501,SENSEX26MAR92600CE,SENSEX,BFO,CE,2026-03-25,92600,20
2025-12-31,210603525,SENSEX26MAR78900PE,SENSEX,BFO,PE,2026-03-25,78900,20
2025-12-31,210604549,SENSEX26MAR84300PE,SENSEX,BFO,PE,2026-03-25,84300,20
2025-12-31,210604805,SENSEX26MAR86600PE,SENSEX,BFO,PE,2026-03-25,86600,20
2025-12-31,210605061,SENSEX26MAR88900PE,SENSEX,BFO,PE,2026-03-25,88900,20
2025-12-31,210605317,SENSEX26MAR80600PE,SENSEX,BFO,PE,2026-03-25,80600,20
2025-12-31,210605573,SENSEX26MAR82900PE,SENSEX,BFO,PE,2026-03-25,82900,20
2025-12-31,210606597,SENSEX26MAR92900PE,SENSEX,BFO,PE,2026-03-25,92900,20
2025-12-31,210607621,SENSEX26MAR78800CE,SENSEX,BFO,CE,2026-03-25,78800,20
2025-12-31,210608133,SENSEX26MAR81200PE,SENSEX,BFO,PE,2026-03-25,81200,20
2025-12-31,210608645,SENSEX26MAR84200CE,SENSEX,BFO,CE,2026-03-25,84200,20
2025-12-31,210608901,SENSEX26MAR86500CE,SENSEX,BFO,CE,2026-03-25,86500,20
2025-12-31,210609157,SENSEX26MAR88800CE,SENSEX,BFO,CE,2026-03-25,88800,20
2025-12-31,210609413,SENSEX26MAR91200PE,SENSEX,BFO,PE,2026-03-25,91200,20
2025-12-31,210609925,SENSEX26MAR80500CE,SENSEX,BFO,CE,2026-03-25,80500,20
2025-12-31,210610181,SENSEX26MAR82800CE,SENSEX,BFO,CE,2026-03-25,82800,20
2025-12-31,210611205,SENSEX26MAR78200PE,SENSEX,BFO,PE,2026-03-25,78200,20
2025-12-31,210611717,SENSEX26MAR90500CE,SENSEX,BFO,CE,2026-03-25,90500,20
2025-12-31,210611973,SENSEX26MAR92800CE,SENSEX,BFO,CE,2026-03-25,92800,20
2025-12-31,210612997,SENSEX26MAR88200PE,SENSEX,BFO,PE,2026-03-25,88200,20
2025-12-31,210613253,SENSEX26MAR82200PE,SENSEX,BFO,PE,2026-03-25,82200,20
2025-12-31,210613509,SENSEX26MAR84500PE,SENSEX,BFO,PE,2026-03-25,84500,20
2025-12-31,210613765,SENSEX26MAR86800PE,SENSEX,BFO,PE,2026-03-25,86800,20
2025-12-31,210614533,SENSEX26MAR80800PE,SENSEX,BFO,PE,2026-03-25,80800,20
2025-12-31,210614789,SENSEX26MAR91100CE,SENSEX,BFO,CE,2026-03-25,91100,20
2025-12-31,210615301,SENSEX26MAR90800PE,SENSEX,BFO,PE,2026-03-25,90800,20
2025-12-31,210615557,SENSEX26MAR78100CE,SENSEX,BFO,CE,2026-03-25,78100,20
2025-12-31,210616069,SENSEX26MAR88100CE,SENSEX,BFO,CE,2026-03-25,88100,20
2025-12-31,210616325,SENSEX26MAR82100CE,SENSEX,BFO,CE,2026-03-25,82100,20
2025-12-31,210616581,SENSEX26MAR84400CE,SENSEX,BFO,CE,2026-03-25,84400,20
2025-12-31,210616837,SENSEX26MAR86700CE,SENSEX,BFO,CE,2026-03-25,86700,20
2025-12-31,210617093,SENSEX26MAR91400PE,SENSEX,BFO,PE,2026-03-25,91400,20
2025-12-31,210617349,SENSEX26MAR80700CE,SENSEX,BFO,CE,2026-03-25,80700,20
2025-12-31,210617605,SENSEX26MAR92100CE,SENSEX,BFO,CE,2026-03-25,92100,20
2025-12-31,210618629,SENSEX26MAR78400PE,SENSEX,BFO,PE,2026-03-25,78400,20
2025-12-31,210618885,SENSEX26MAR90700CE,SENSEX,BFO,CE,2026-03-25,90700,20
2025-12-31,210619653,SENSEX26MAR86100PE,SENSEX,BFO,PE,2026-03-25,86100,20
2025-12-31,210619909,SENSEX26MAR88400PE,SENSEX,BFO,PE,2026-03-25,88400,20
2025-12-31,210620421,SENSEX26MAR80100PE,SENSEX,BFO,PE,2026-03-25,80100,20
2025-12-31,210620677,SENSEX26MAR82400PE,SENSEX,BFO,PE,2026-03-25,82400,20
2025-12-31,210620933,SENSEX26MAR84700PE,SENSEX,BFO,PE,2026-03-25,84700,20
2025-12-31,210621701,SENSEX26MAR92400PE,SENSEX,BFO,PE,2026-03-25,92400,20
2025-12-31,210622213,SENSEX26MAR78300CE,SENSEX,BFO,CE,2026-03-25,78300,20
2025-12-31,210623493,SENSEX26MAR88300CE,SENSEX,BFO,CE,2026-03-25,88300,20
2025-12-31,210623749,SENSEX26MAR93000PE,SENSEX,BFO,PE,2026-03-25,93000,20
2025-12-31,210624261,SENSEX26MAR82300CE,SENSEX,BFO,CE,2026-03-25,82300,20
2025-12-31,210624517,SENSEX26MAR84600CE,SENSEX,BFO,CE,2026-03-25,84600,20
2025-12-31,210624773,SENSEX26MAR86900CE,SENSEX,BFO,CE,2026-03-25,86900,20
2025-12-31,210625541,SENSEX26MAR80900CE,SENSEX,BFO,CE,2026-03-25,80900,20
2025-12-31,210625797,SENSEX26MAR92300CE,SENSEX,BFO,CE,2026-03-25,92300,20
2025-12-31,210626309,SENSEX26MAR78600PE,SENSEX,BFO,PE,2026-03-25,78600,20
2025-12-31,210626565,SENSEX26MAR90900CE,SENSEX,BFO,CE,2026-03-25,90900,20
2025-12-31,215878661,SENSEX26MAR88000CE,SENSEX,BFO,CE,2026-03-25,88000,20
2025-12-31,215997957,SENSEX26MAR88000PE,SENSEX,BFO,PE,2026-03-25,88000,20
2025-12-31,216061445,SENSEX26MAR89000CE,SENSEX,BFO,CE,2026-03-25,89000,20
2025-12-31,216099333,SENSEX26MAR89000PE,SENSEX,BFO,PE,2026-03-25,89000,20
2025-12-31,220115461,SENSEX26MAR76000PE,SENSEX,BFO,PE,2026-03-25,76000,20
2025-12-31,220218885,SENSEX26MAR76000CE,SENSEX,BFO,CE,2026-03-25,76000,20
2025-12-31,221222149,SENSEX26MAR75000CE,SENSEX,BFO,CE,2026-03-25,75000,20
2025-12-31,221252101,SENSEX26MAR75000PE,SENSEX,BFO,PE,2026-03-25,75000,20
2025-12-31,281801989,SENSEX26MAR79000PE,SENSEX,BFO,PE,2026-03-25,79000,20
2025-12-31,281804293,SENSEX26MAR83000PE,SENSEX,BFO,PE,2026-03-25,83000,20
2025-12-31,281825797,SENSEX26MAR77000CE,SENSEX,BFO,CE,2026-03-25,77000,20
2025-12-31,281828357,SENSEX26MAR81000CE,SENSEX,BFO,CE,2026-03-25,81000,20
2025-12-31,281832453,SENSEX26MAR78000CE,SENSEX,BFO,CE,2026-03-25,78000,20
2025-12-31,281861893,SENSEX26MAR81000PE,SENSEX,BFO,PE,2026-03-25,81000,20
2025-12-31,281865221,SENSEX26MAR78000PE,SENSEX,BFO,PE,2026-03-25,78000,20
2025-12-31,281868037,SENSEX26MAR82000PE,SENSEX,BFO,PE,2026-03-25,82000,20
2025-12-31,281891333,SENSEX26MAR80000CE,SENSEX,BFO,CE,2026-03-25,80000,20
2025-12-31,281916933,SENSEX26MAR82000CE,SENSEX,BFO,CE,2026-03-25,82000,20
2025-12-31,281920005,SENSEX26MAR79000CE,SENSEX,BFO,CE,2026-03-25,79000,20
2025-12-31,281922053,SENSEX26MAR80000PE,SENSEX,BFO,PE,2026-03-25,80000,20
2025-12-31,281923077,SENSEX26MAR83000CE,SENSEX,BFO,CE,2026-03-25,83000,20
2025-12-31,281925637,SENSEX26MAR77000PE,SENSEX,BFO,PE,2026-03-25,77000,20
2025-12-31,288679685,SENSEX26MAR84000CE,SENSEX,BFO,CE,2026-03-25,84000,20
2025-12-31,288762373,SENSEX26MAR84000PE,SENSEX,BFO,PE,2026-03-25,84000,20
2025-12-31,290381061,SENSEX26MAR90000PE,SENSEX,BFO,PE,2026-03-25,90000,20
2025-12-31,290516997,SENSEX26MAR90000CE,SENSEX,BFO,CE,2026-03-25,90000,20
2025-12-31,290853637,SENSEX26MAR85000CE,SENSEX,BFO,CE,2026-03-25,85000,20
2025-12-31,290946309,SENSEX26MAR85000PE,SENSEX,BFO,PE,2026-03-25,85000,20
2025-12-31,292337413,SENSEX26MAR86000CE,SENSEX,BFO,CE,2026-03-25,86000,20
2025-12-31,292350213,SENSEX26MAR86000PE,SENSEX,BFO,PE,2026-03-25,86000,20
2025-12-31,297009925,SENSEX26MAR91000CE,SENSEX,BFO,CE,2026-03-25,91000,20
2025-12-31,297039877,SENSEX26MAR91000PE,SENSEX,BFO,PE,2026-03-25,91000,20
2025-12-31,209985029,SENSEX26JUN87000PE,SENSEX,BFO,PE,2026-06-25,87000,20
2025-12-31,210322181,SENSEX26JUN87000CE,SENSEX,BFO,CE,2026-06-25,87000,20
2025-12-31,215772165,SENSEX26JUN82000PE,SENSEX,BFO,PE,2026-06-25,82000,20
2025-12-31,215794949,SENSEX26JUN81000CE,SENSEX,BFO,CE,2026-06-25,81000,20
2025-12-31,215818245,SENSEX26JUN81000PE,SENSEX,BFO,PE,2026-06-25,81000,20
2025-12-31,215854597,SENSEX26JUN88000PE,SENSEX,BFO,PE,2026-06-25,88000,20
2025-12-31,215862533,SENSEX26JUN82000CE,SENSEX,BFO,CE,2026-06-25,82000,20
2025-12-31,215973637,SENSEX26JUN85000CE,SENSEX,BFO,CE,2026-06-25,85000,20
2025-12-31,215995141,SENSEX26JUN85000PE,SENSEX,BFO,PE,2026-06-25,85000,20
2025-12-31,215999749,SENSEX26JUN88000CE,SENSEX,BFO,CE,2026-06-25,88000,20
2025-12-31,216041221,SENSEX26JUN89000PE,SENSEX,BFO,PE,2026-06-25,89000,20
2025-12-31,216101893,SENSEX26JUN89000CE,SENSEX,BFO,CE,2026-06-25,89000,20
2025-12-31,216630021,SENSEX26JUN83000CE,SENSEX,BFO,CE,2026-06-25,83000,20
2025-12-31,216649477,SENSEX26JUN83000PE,SENSEX,BFO,PE,2026-06-25,83000,20
2025-12-31,216696581,SENSEX26JUN84000CE,SENSEX,BFO,CE,2026-06-25,84000,20
2025-12-31,216744197,SENSEX26JUN84000PE,SENSEX,BFO,PE,2026-06-25,84000,20
2025-12-31,225433861,SENSEX26JUN80000CE,SENSEX,BFO,CE,2026-06-25,80000,20
2025-12-31,225452293,SENSEX26JUN80000PE,SENSEX,BFO,PE,2026-06-25,80000,20
2025-12-31,290462725,SENSEX26JUN90000CE,SENSEX,BFO,CE,2026-06-25,90000,20
2025-12-31,290496773,SENSEX26JUN90000PE,SENSEX,BFO,PE,2026-06-25,90000,20
2025-12-31,292317957,SENSEX26JUN86000CE,SENSEX,BFO,CE,2026-06-25,86000,20
2025-12-31,292331781,SENSEX26JUN86000PE,SENSEX,BFO,PE,2026-06-25,86000,20
2025-12-31,282297861,SENSEX26SEP83000CE,SENSEX,BFO,CE,2026-09-24,83000,20
2025-12-31,282388741,SENSEX26SEP81000PE,SENSEX,BFO,PE,2026-09-24,81000,20
2025-12-31,282967813,SENSEX26SEP85000CE,SENSEX,BFO,CE,2026-09-24,85000,20
2025-12-31,283051525,SENSEX26SEP83000PE,SENSEX,BFO,PE,2026-09-24,83000,20
2025-12-31,283070725,SENSEX26SEP86000CE,SENSEX,BFO,CE,2026-09-24,86000,20
2025-12-31,283084549,SENSEX26SEP80000CE,SENSEX,BFO,CE,2026-09-24,80000,20
2025-12-31,284402181,SENSEX26SEP82000CE,SENSEX,BFO,CE,2026-09-24,82000,20
2025-12-31,284464645,SENSEX26SEP86000PE,SENSEX,BFO,PE,2026-09-24,86000,20
2025-12-31,284477701,SENSEX26SEP80000PE,SENSEX,BFO,PE,2026-09-24,80000,20
2025-12-31,284924933,SENSEX26SEP84000CE,SENSEX,BFO,CE,2026-09-24,84000,20
2025-12-31,285030405,SENSEX26SEP82000PE,SENSEX,BFO,PE,2026-09-24,82000,20
2025-12-31,285549317,SENSEX26SEP84000PE,SENSEX,BFO,PE,2026-09-24,84000,20
2025-12-31,285581829,SENSEX26SEP81000CE,SENSEX,BFO,CE,2026-09-24,81000,20
2025-12-31,285637637,SENSEX26SEP85000PE,SENSEX,BFO,PE,2026-09-24,85000,20
2025-12-31,289129221,SENSEX26SEP87000PE,SENSEX,BFO,PE,2026-09-24,87000,20
2025-12-31,289225221,SENSEX26SEP87000CE,SENSEX,BFO,CE,2026-09-24,87000,20
2025-12-31,289457925,SENSEX26SEP88000CE,SENSEX,BFO,CE,2026-09-24,88000,20
2025-12-31,289473285,SENSEX26SEP88000PE,SENSEX,BFO,PE,2026-09-24,88000,20
2025-12-31,290113797,SENSEX26SEP89000CE,SENSEX,BFO,CE,2026-09-24,89000,20
2025-12-31,290136325,SENSEX26SEP89000PE,SENSEX,BFO,PE,2026-09-24,89000,20
2025-12-31,290443781,SENSEX26SEP90000PE,SENSEX,BFO,PE,2026-09-24,90000,20
2025-12-31,290500101,SENSEX26SEP90000CE,SENSEX,BFO,CE,2026-09-24,90000,20
2025-12-31,209988613,SENSEX26DEC87000PE,SENSEX,BFO,PE,2026-12-31,87000,20
2025-12-31,210325253,SENSEX26DEC87000CE,SENSEX,BFO,CE,2026-12-31,87000,20
2025-12-31,215772933,SENSEX26DEC82000PE,SENSEX,BFO,PE,2026-12-31,82000,20
2025-12-31,215795717,SENSEX26DEC81000CE,SENSEX,BFO,CE,2026-12-31,81000,20
2025-12-31,215819013,SENSEX26DEC81000PE,SENSEX,BFO,PE,2026-12-31,81000,20
2025-12-31,215863045,SENSEX26DEC82000CE,SENSEX,BFO,CE,2026-12-31,82000,20
2025-12-31,215881989,SENSEX26DEC88000PE,SENSEX,BFO,PE,2026-12-31,88000,20
2025-12-31,215938053,SENSEX26DEC88000CE,SENSEX,BFO,CE,2026-12-31,88000,20
2025-12-31,215974405,SENSEX26DEC85000CE,SENSEX,BFO,CE,2026-12-31,85000,20
2025-12-31,215996421,SENSEX26DEC85000PE,SENSEX,BFO,PE,2026-12-31,85000,20
2025-12-31,216125957,SENSEX26DEC89000CE,SENSEX,BFO,CE,2026-12-31,89000,20
2025-12-31,216162053,SENSEX26DEC89000PE,SENSEX,BFO,PE,2026-12-31,89000,20
2025-12-31,216595717,SENSEX26DEC83000PE,SENSEX,BFO,PE,2026-12-31,83000,20
2025-12-31,216630789,SENSEX26DEC83000CE,SENSEX,BFO,CE,2026-12-31,83000,20
2025-12-31,216727301,SENSEX26DEC84000CE,SENSEX,BFO,CE,2026-12-31,84000,20
2025-12-31,216744709,SENSEX26DEC84000PE,SENSEX,BFO,PE,2026-12-31,84000,20
2025-12-31,225434373,SENSEX26DEC80000CE,SENSEX,BFO,CE,2026-12-31,80000,20
2025-12-31,225453829,SENSEX26DEC80000PE,SENSEX,BFO,PE,2026-12-31,80000,20
2025-12-31,290408709,SENSEX26DEC90000CE,SENSEX,BFO,CE,2026-12-31,90000,20
2025-12-31,290447877,SENSEX26DEC90000PE,SENSEX,BFO,PE,2026-12-31,90000,20
2025-12-31,292320261,SENSEX26DEC86000CE,SENSEX,BFO,CE,2026-12-31,86000,20
2025-12-31,292332293,SENSEX26DEC86000PE,SENSEX,BFO,PE,2026-12-31,86000,20
2025-12-31,209961733,SENSEX27JUN87000CE,SENSEX,BFO,CE,2027-06-24,87000,20
2025-12-31,210055685,SENSEX27JUN87000PE,SENSEX,BFO,PE,2027-06-24,87000,20
2025-12-31,215791365,SENSEX27JUN82000PE,SENSEX,BFO,PE,2027-06-24,82000,20
2025-12-31,215813637,SENSEX27JUN81000CE,SENSEX,BFO,CE,2027-06-24,81000,20
2025-12-31,215836421,SENSEX27JUN81000PE,SENSEX,BFO,PE,2027-06-24,81000,20
2025-12-31,215880453,SENSEX27JUN82000CE,SENSEX,BFO,CE,2027-06-24,82000,20
2025-12-31,215886597,SENSEX27JUN88000PE,SENSEX,BFO,PE,2027-06-24,88000,20
2025-12-31,215924485,SENSEX27JUN85000PE,SENSEX,BFO,PE,2027-06-24,85000,20
2025-12-31,215990021,SENSEX27JUN85000CE,SENSEX,BFO,CE,2027-06-24,85000,20
2025-12-31,216028421,SENSEX27JUN88000CE,SENSEX,BFO,CE,2027-06-24,88000,20
2025-12-31,216132869,SENSEX27JUN89000CE,SENSEX,BFO,CE,2027-06-24,89000,20
2025-12-31,216169477,SENSEX27JUN89000PE,SENSEX,BFO,PE,2027-06-24,89000,20
2025-12-31,216645381,SENSEX27JUN83000CE,SENSEX,BFO,CE,2027-06-24,83000,20
2025-12-31,216666373,SENSEX27JUN83000PE,SENSEX,BFO,PE,2027-06-24,83000,20
2025-12-31,216706821,SENSEX27JUN84000CE,SENSEX,BFO,CE,2027-06-24,84000,20
2025-12-31,216721925,SENSEX27JUN84000PE,SENSEX,BFO,PE,2027-06-24,84000,20
2025-12-31,225379333,SENSEX27JUN80000PE,SENSEX,BFO,PE,2027-06-24,80000,20
2025-12-31,225447429,SENSEX27JUN80000CE,SENSEX,BFO,CE,2027-06-24,80000,20
2025-12-31,290356741,SENSEX27JUN90000PE,SENSEX,BFO,PE,2027-06-24,90000,20
2025-12-31,290415365,SENSEX27JUN90000CE,SENSEX,BFO,CE,2027-06-24,90000,20
2025-12-31,292328197,SENSEX27JUN86000CE,SENSEX,BFO,CE,2027-06-24,86000,20
2025-12-31,292339461,SENSEX27JUN86000PE,SENSEX,BFO,PE,2027-06-24,86000,20
2025-12-31,209965317,SENSEX27DEC87000CE,SENSEX,BFO,CE,2027-12-30,87000,20
2025-12-31,210059525,SENSEX27DEC87000PE,SENSEX,BFO,PE,2027-12-30,87000,20
2025-12-31,215779333,SENSEX27DEC81000CE,SENSEX,BFO,CE,2027-12-30,81000,20
2025-12-31,215803141,SENSEX27DEC81000PE,SENSEX,BFO,PE,2027-12-30,81000,20
2025-12-31,215844869,SENSEX27DEC82000CE,SENSEX,BFO,CE,2027-12-30,82000,20
2025-12-31,215872005,SENSEX27DEC82000PE,SENSEX,BFO,PE,2027-12-30,82000,20
2025-12-31,215908101,SENSEX27DEC88000PE,SENSEX,BFO,PE,2027-12-30,88000,20
2025-12-31,215925509,SENSEX27DEC85000PE,SENSEX,BFO,PE,2027-12-30,85000,20
2025-12-31,215967749,SENSEX27DEC88000CE,SENSEX,BFO,CE,2027-12-30,88000,20
2025-12-31,215991557,SENSEX27DEC85000CE,SENSEX,BFO,CE,2027-12-30,85000,20
2025-12-31,216152581,SENSEX27DEC89000CE,SENSEX,BFO,CE,2027-12-30,89000,20
2025-12-31,216189189,SENSEX27DEC89000PE,SENSEX,BFO,PE,2027-12-30,89000,20
2025-12-31,216615941,SENSEX27DEC83000CE,SENSEX,BFO,CE,2027-12-30,83000,20
2025-12-31,216679429,SENSEX27DEC83000PE,SENSEX,BFO,PE,2027-12-30,83000,20
2025-12-31,216716293,SENSEX27DEC84000CE,SENSEX,BFO,CE,2027-12-30,84000,20
2025-12-31,216732165,SENSEX27DEC84000PE,SENSEX,BFO,PE,2027-12-30,84000,20
2025-12-31,225422597,SENSEX27DEC80000CE,SENSEX,BFO,CE,2027-12-30,80000,20
2025-12-31,225440005,SENSEX27DEC80000PE,SENSEX,BFO,PE,2027-12-30,80000,20
2025-12-31,290437125,SENSEX27DEC90000CE,SENSEX,BFO,CE,2027-12-30,90000,20
2025-12-31,290473733,SENSEX27DEC90000PE,SENSEX,BFO,PE,2027-12-30,90000,20
2025-12-31,292329221,SENSEX27DEC86000CE,SENSEX,BFO,CE,2027-12-30,86000,20
2025-12-31,292339973,SENSEX27DEC86000PE,SENSEX,BFO,PE,2027-12-30,86000,20
2025-12-31,210036997,SENSEX28JUN87000CE,SENSEX,BFO,CE,2028-06-29,87000,20
2025-12-31,210124293,SENSEX28JUN87000PE,SENSEX,BFO,PE,2028-06-29,87000,20
2025-12-31,215773701,SENSEX28JUN82000PE,SENSEX,BFO,PE,2028-06-29,82000,20
2025-12-31,215796485,SENSEX28JUN81000CE,SENSEX,BFO,CE,2028-06-29,81000,20
2025-12-31,215819525,SENSEX28JUN81000PE,SENSEX,BFO,PE,2028-06-29,81000,20
2025-12-31,215856133,SENSEX28JUN88000PE,SENSEX,BFO,PE,2028-06-29,88000,20
2025-12-31,215864325,SENSEX28JUN82000CE,SENSEX,BFO,CE,2028-06-29,82000,20
2025-12-31,215938821,SENSEX28JUN85000PE,SENSEX,BFO,PE,2028-06-29,85000,20
2025-12-31,215964421,SENSEX28JUN85000CE,SENSEX,BFO,CE,2028-06-29,85000,20
2025-12-31,216002309,SENSEX28JUN88000CE,SENSEX,BFO,CE,2028-06-29,88000,20
2025-12-31,216103429,SENSEX28JUN89000CE,SENSEX,BFO,CE,2028-06-29,89000,20
2025-12-31,216141829,SENSEX28JUN89000PE,SENSEX,BFO,PE,2028-06-29,89000,20
2025-12-31,216631557,SENSEX28JUN83000CE,SENSEX,BFO,CE,2028-06-29,83000,20
2025-12-31,216650501,SENSEX28JUN83000PE,SENSEX,BFO,PE,2028-06-29,83000,20
2025-12-31,216697093,SENSEX28JUN84000CE,SENSEX,BFO,CE,2028-06-29,84000,20
2025-12-31,216711173,SENSEX28JUN84000PE,SENSEX,BFO,PE,2028-06-29,84000,20
2025-12-31,225395717,SENSEX28JUN80000CE,SENSEX,BFO,CE,2028-06-29,80000,20
2025-12-31,225454597,SENSEX28JUN80000PE,SENSEX,BFO,PE,2028-06-29,80000,20
2025-12-31,290385413,SENSEX28JUN90000CE,SENSEX,BFO,CE,2028-06-29,90000,20
2025-12-31,290499845,SENSEX28JUN90000PE,SENSEX,BFO,PE,2028-06-29,90000,20
2025-12-31,292336901,SENSEX28JUN86000CE,SENSEX,BFO,CE,2028-06-29,86000,20
2025-12-31,292349701,SENSEX28JUN86000PE,SENSEX,BFO,PE,2028-06-29,86000,20
2025-12-31,210039301,SENSEX28DEC87000CE,SENSEX,BFO,CE,2028-12-28,87000,20
2025-12-31,210128133,SENSEX28DEC87000PE,SENSEX,BFO,PE,2028-12-28,87000,20
2025-12-31,215774469,SENSEX28DEC82000PE,SENSEX,BFO,PE,2028-12-28,82000,20
2025-12-31,215797509,SENSEX28DEC81000CE,SENSEX,BFO,CE,2028-12-28,81000,20
2025-12-31,215820805,SENSEX28DEC81000PE,SENSEX,BFO,PE,2028-12-28,81000,20
2025-12-31,215857413,SENSEX28DEC88000PE,SENSEX,BFO,PE,2028-12-28,88000,20
2025-12-31,215864837,SENSEX28DEC82000CE,SENSEX,BFO,CE,2028-12-28,82000,20
2025-12-31,215920645,SENSEX28DEC85000CE,SENSEX,BFO,CE,2028-12-28,85000,20
2025-12-31,215939077,SENSEX28DEC85000PE,SENSEX,BFO,PE,2028-12-28,85000,20
2025-12-31,216002821,SENSEX28DEC88000CE,SENSEX,BFO,CE,2028-12-28,88000,20
2025-12-31,216044037,SENSEX28DEC89000PE,SENSEX,BFO,PE,2028-12-28,89000,20
2025-12-31,216105221,SENSEX28DEC89000CE,SENSEX,BFO,CE,2028-12-28,89000,20
2025-12-31,216633093,SENSEX28DEC83000CE,SENSEX,BFO,CE,2028-12-28,83000,20
2025-12-31,216651269,SENSEX28DEC83000PE,SENSEX,BFO,PE,2028-12-28,83000,20
2025-12-31,216697861,SENSEX28DEC84000CE,SENSEX,BFO,CE,2028-12-28,84000,20
2025-12-31,216745221,SENSEX28DEC84000PE,SENSEX,BFO,PE,2028-12-28,84000,20
2025-12-31,225435653,SENSEX28DEC80000CE,SENSEX,BFO,CE,2028-12-28,80000,20
2025-12-31,225454853,SENSEX28DEC80000PE,SENSEX,BFO,PE,2028-12-28,80000,20
2025-12-31,290386437,SENSEX28DEC90000CE,SENSEX,BFO,CE,2028-12-28,90000,20
2025-12-31,290501381,SENSEX28DEC90000PE,SENSEX,BFO,PE,2028-12-28,90000,20
2025-12-31,292337669,SENSEX28DEC86000CE,SENSEX,BFO,CE,2028-12-28,86000,20
2025-12-31,292350469,SENSEX28DEC86000PE,SENSEX,BFO,PE,2028-12-28,86000,20
2025-12-31,210106629,SENSEX29JUN87000CE,SENSEX,BFO,CE,2029-06-28,87000,20
2025-12-31,210198533,SENSEX29JUN87000PE,SENSEX,BFO,PE,2029-06-28,87000,20
2025-12-31,215887877,SENSEX29JUN88000PE,SENSEX,BFO,PE,2029-06-28,88000,20
2025-12-31,215978501,SENSEX29JUN85000CE,SENSEX,BFO,CE,2029-06-28,85000,20
2025-12-31,216001285,SENSEX29JUN85000PE,SENSEX,BFO,PE,2029-06-28,85000,20
2025-12-31,216029445,SENSEX29JUN88000CE,SENSEX,BFO,CE,2029-06-28,88000,20
2025-12-31,216134149,SENSEX29JUN89000CE,SENSEX,BFO,CE,2029-06-28,89000,20
2025-12-31,216169989,SENSEX29JUN89000PE,SENSEX,BFO,PE,2029-06-28,89000,20
2025-12-31,218908933,SENSEX29JUN82000PE,SENSEX,BFO,PE,2029-06-28,82000,20
2025-12-31,218978565,SENSEX29JUN84000CE,SENSEX,BFO,CE,2029-06-28,84000,20
2025-12-31,219500037,SENSEX29JUN81000CE,SENSEX,BFO,CE,2029-06-28,81000,20
2025-12-31,219610885,SENSEX29JUN83000PE,SENSEX,BFO,PE,2029-06-28,83000,20
2025-12-31,220156421,SENSEX29JUN80000PE,SENSEX,BFO,PE,2029-06-28,80000,20
2025-12-31,220223237,SENSEX29JUN82000CE,SENSEX,BFO,CE,2029-06-28,82000,20
2025-12-31,220286981,SENSEX29JUN80000CE,SENSEX,BFO,CE,2029-06-28,80000,20
2025-12-31,220349957,SENSEX29JUN84000PE,SENSEX,BFO,PE,2029-06-28,84000,20
2025-12-31,220879621,SENSEX29JUN81000PE,SENSEX,BFO,PE,2029-06-28,81000,20
2025-12-31,220948741,SENSEX29JUN83000CE,SENSEX,BFO,CE,2029-06-28,83000,20
2025-12-31,290416901,SENSEX29JUN90000CE,SENSEX,BFO,CE,2029-06-28,90000,20
2025-12-31,290456069,SENSEX29JUN90000PE,SENSEX,BFO,PE,2029-06-28,90000,20
2025-12-31,292298245,SENSEX29JUN86000PE,SENSEX,BFO,PE,2029-06-28,86000,20
2025-12-31,292321541,SENSEX29JUN86000CE,SENSEX,BFO,CE,2029-06-28,86000,20
2025-12-31,210108677,SENSEX29DEC87000CE,SENSEX,BFO,CE,2029-12-27,87000,20
2025-12-31,210200837,SENSEX29DEC87000PE,SENSEX,BFO,PE,2029-12-27,87000,20
2025-12-31,215488261,SENSEX29DEC82000CE,SENSEX,BFO,CE,2029-12-27,82000,20
2025-12-31,215490821,SENSEX29DEC80000PE,SENSEX,BFO,PE,2029-12-27,80000,20
2025-12-31,215506181,SENSEX29DEC84000CE,SENSEX,BFO,CE,2029-12-27,84000,20
2025-12-31,215510021,SENSEX29DEC82000PE,SENSEX,BFO,PE,2029-12-27,82000,20
2025-12-31,215526661,SENSEX29DEC80000CE,SENSEX,BFO,CE,2029-12-27,80000,20
2025-12-31,215529477,SENSEX29DEC84000PE,SENSEX,BFO,PE,2029-12-27,84000,20
2025-12-31,215530501,SENSEX29DEC81000CE,SENSEX,BFO,CE,2029-12-27,81000,20
2025-12-31,215549445,SENSEX29DEC83000CE,SENSEX,BFO,CE,2029-12-27,83000,20
2025-12-31,215552261,SENSEX29DEC81000PE,SENSEX,BFO,PE,2029-12-27,81000,20
2025-12-31,215569925,SENSEX29DEC83000PE,SENSEX,BFO,PE,2029-12-27,83000,20
2025-12-31,215848197,SENSEX29DEC88000CE,SENSEX,BFO,CE,2029-12-27,88000,20
2025-12-31,215888645,SENSEX29DEC88000PE,SENSEX,BFO,PE,2029-12-27,88000,20
2025-12-31,215952389,SENSEX29DEC85000PE,SENSEX,BFO,PE,2029-12-27,85000,20
2025-12-31,215979525,SENSEX29DEC85000CE,SENSEX,BFO,CE,2029-12-27,85000,20
2025-12-31,216136197,SENSEX29DEC89000CE,SENSEX,BFO,CE,2029-12-27,89000,20
2025-12-31,216171781,SENSEX29DEC89000PE,SENSEX,BFO,PE,2029-12-27,89000,20
2025-12-31,290358533,SENSEX29DEC90000PE,SENSEX,BFO,PE,2029-12-27,90000,20
2025-12-31,290417925,SENSEX29DEC90000CE,SENSEX,BFO,CE,2029-12-27,90000,20
2025-12-31,292299013,SENSEX29DEC86000PE,SENSEX,BFO,PE,2029-12-27,86000,20
2025-12-31,292345861,SENSEX29DEC86000CE,SENSEX,BFO,CE,2029-12-27,86000,20
2025-12-31,216057605,SENSEX30JUN88000PE,SENSEX,BFO,PE,2030-06-27,88000,20
2025-12-31,216058629,SENSEX30JUN82000PE,SENSEX,BFO,PE,2030-06-27,82000,20
2025-12-31,216059909,SENSEX30JUN85000CE,SENSEX,BFO,CE,2030-06-27,85000,20
2025-12-31,216065541,SENSEX30JUN89000PE,SENSEX,BFO,PE,2030-06-27,89000,20
2025-12-31,216066821,SENSEX30JUN83000PE,SENSEX,BFO,PE,2030-06-27,83000,20
2025-12-31,216093701,SENSEX30JUN87000CE,SENSEX,BFO,CE,2030-06-27,87000,20
2025-12-31,216094469,SENSEX30JUN81000CE,SENSEX,BFO,CE,2030-06-27,81000,20
2025-12-31,216097797,SENSEX30JUN85000PE,SENSEX,BFO,PE,2030-06-27,85000,20
2025-12-31,216127237,SENSEX30JUN89000CE,SENSEX,BFO,CE,2030-06-27,89000,20
2025-12-31,216128261,SENSEX30JUN83000CE,SENSEX,BFO,CE,2030-06-27,83000,20
2025-12-31,216132613,SENSEX30JUN87000PE,SENSEX,BFO,PE,2030-06-27,87000,20
2025-12-31,216133637,SENSEX30JUN81000PE,SENSEX,BFO,PE,2030-06-27,81000,20
2025-12-31,216134661,SENSEX30JUN84000CE,SENSEX,BFO,CE,2030-06-27,84000,20
2025-12-31,216164357,SENSEX30JUN86000CE,SENSEX,BFO,CE,2030-06-27,86000,20
2025-12-31,216166405,SENSEX30JUN80000CE,SENSEX,BFO,CE,2030-06-27,80000,20
2025-12-31,216170501,SENSEX30JUN84000PE,SENSEX,BFO,PE,2030-06-27,84000,20
2025-12-31,216193029,SENSEX30JUN88000CE,SENSEX,BFO,CE,2030-06-27,88000,20
2025-12-31,216194565,SENSEX30JUN82000CE,SENSEX,BFO,CE,2030-06-27,82000,20
2025-12-31,216198661,SENSEX30JUN86000PE,SENSEX,BFO,PE,2030-06-27,86000,20
2025-12-31,216200197,SENSEX30JUN80000PE,SENSEX,BFO,PE,2030-06-27,80000,20
2025-12-31,290351621,SENSEX30JUN90000PE,SENSEX,BFO,PE,2030-06-27,90000,20
2025-12-31,290486533,SENSEX30JUN90000CE,SENSEX,BFO,CE,2030-06-27,90000,20
2025-12-31,211165957,SENSEX30DEC86000CE,SENSEX,BFO,CE,2030-12-26,86000,20
2025-12-31,211175429,SENSEX30DEC80000CE,SENSEX,BFO,CE,2030-12-26,80000,20
2025-12-31,211193093,SENSEX30DEC90000CE,SENSEX,BFO,CE,2030-12-26,90000,20
2025-12-31,211221253,SENSEX30DEC84000PE,SENSEX,BFO,PE,2030-12-26,84000,20
2025-12-31,211495429,SENSEX30DEC88000CE,SENSEX,BFO,CE,2030-12-26,88000,20
2025-12-31,211507973,SENSEX30DEC82000CE,SENSEX,BFO,CE,2030-12-26,82000,20
2025-12-31,211556869,SENSEX30DEC86000PE,SENSEX,BFO,PE,2030-12-26,86000,20
2025-12-31,211567621,SENSEX30DEC80000PE,SENSEX,BFO,PE,2030-12-26,80000,20
2025-12-31,211570949,SENSEX30DEC89000CE,SENSEX,BFO,CE,2030-12-26,89000,20
2025-12-31,211584261,SENSEX30DEC90000PE,SENSEX,BFO,PE,2030-12-26,90000,20
2025-12-31,211896837,SENSEX30DEC82000PE,SENSEX,BFO,PE,2030-12-26,82000,20
2025-12-31,211909637,SENSEX30DEC85000CE,SENSEX,BFO,CE,2030-12-26,85000,20
2025-12-31,211959045,SENSEX30DEC89000PE,SENSEX,BFO,PE,2030-12-26,89000,20
2025-12-31,211968773,SENSEX30DEC83000PE,SENSEX,BFO,PE,2030-12-26,83000,20
2025-12-31,212248069,SENSEX30DEC87000CE,SENSEX,BFO,CE,2030-12-26,87000,20
2025-12-31,212260613,SENSEX30DEC81000CE,SENSEX,BFO,CE,2030-12-26,81000,20
2025-12-31,212305157,SENSEX30DEC85000PE,SENSEX,BFO,PE,2030-12-26,85000,20
2025-12-31,212723205,SENSEX30DEC83000CE,SENSEX,BFO,CE,2030-12-26,83000,20
2025-12-31,212768005,SENSEX30DEC87000PE,SENSEX,BFO,PE,2030-12-26,87000,20
2025-12-31,212783365,SENSEX30DEC81000PE,SENSEX,BFO,PE,2030-12-26,81000,20
2025-12-31,212799749,SENSEX30DEC84000CE,SENSEX,BFO,CE,2030-12-26,84000,20
2025-12-31,212847109,SENSEX30DEC88000PE,SENSEX,BFO,PE,2030-12-26,88000,20
2025-12-31,265,SENSEX,SENSEX,BSE,INDEX,,,
